{
  "10001": {
    "Id": 10001,
    "Name": "Peak A12",
    "MainType": 2,
    "SubType": 1,
    "Desc": "Reach Lv.10",
    "Show": 0,
    "TimeLimit": 0,
    "Award": [
      [
        10000,
        1
      ]
    ],
    "Icon": "asset/ui/atlas/ui_atlas_main:ui_sprite_skill_hero01_3"
  },
  "10002": {
    "Id": 10002,
    "Name": "Peak 2",
    "MainType": 2,
    "SubType": 1,
    "Desc": "Reach Lv.20",
    "Show": 0,
    "TimeLimit": 0,
    "Award": [
      [
        10001,
        1
      ],
      [
        10011,
        1
      ]
    ],
    "Icon": "asset/ui/atlas/ui_atlas_main:ui_sprite_skill_hitbase"
  },
  "10003": {
    "Id": 10003,
    "Name": "Peak 3",
    "MainType": 2,
    "SubType": 1,
    "Desc": "Reach Lv.30",
    "Show": 0,
    "TimeLimit": 0,
    "Award": [
      [
        10002,
        1
      ]
    ],
    "Icon": "asset/ui/atlas/ui_atlas_main:ui_sprite_skill_hero01_8"
  },
  "10004": {
    "Id": 10004,
    "Name": "Peak 4",
    "MainType": 2,
    "SubType": 1,
    "Desc": "Reach Lv.40",
    "Show": 0,
    "TimeLimit": 0,
    "Award": [
      [
        10003,
        1
      ]
    ],
    "Icon": "asset/ui/atlas/ui_atlas_main:ui_sprite_skill_hero01_6"
  },
  "10005": {
    "Id": 10005,
    "Name": "Peak 5",
    "MainType": 2,
    "SubType": 1,
    "Desc": "Reach Lv.50",
    "Show": 0,
    "TimeLimit": 0,
    "Award": [
      [
        10004,
        1
      ]
    ],
    "Icon": "asset/ui/atlas/ui_atlas_main:ui_sprite_skill_hero01_5"
  },
  "10006": {
    "Id": 10006,
    "Name": "Peak 6",
    "MainType": 2,
    "SubType": 1,
    "Desc": "Reach Lv.60",
    "Show": 0,
    "TimeLimit": 0,
    "Award": [
      [
        10005,
        1
      ]
    ],
    "Icon": "asset/ui/atlas/ui_atlas_main:ui_sprite_skill_hero01_3"
  },
  "10007": {
    "Id": 10007,
    "Name": "Peak 7",
    "MainType": 2,
    "SubType": 1,
    "Desc": "Reach Lv.70",
    "Show": 0,
    "TimeLimit": 0,
    "Award": [
      [
        10006,
        1
      ]
    ],
    "Icon": "asset/ui/atlas/ui_atlas_main:ui_sprite_skill_hero01_4"
  },
  "10008": {
    "Id": 10008,
    "Name": "Peak 8",
    "MainType": 2,
    "SubType": 1,
    "Desc": "Reach Lv.80",
    "Show": 0,
    "TimeLimit": 0,
    "Award": [
      [
        10007,
        1
      ]
    ],
    "Icon": "asset/ui/atlas/ui_atlas_main:ui_sprite_skill_hero01_3"
  },
  "10102": {
    "Id": 10102,
    "Name": "Tycoon",
    "MainType": 4,
    "SubType": 2,
    "Desc": "Earn over 10,000 bound gold coins",
    "Show": 0,
    "TimeLimit": 0,
    "Award": [
      [
        10016,
        1
      ]
    ],
    "Icon": "asset/ui/atlas/ui_atlas_main:ui_sprite_skill_hero01_4"
  },
  "11001": {
    "Id": 11001,
    "Name": "Dabbler",
    "MainType": 2,
    "SubType": 2,
    "Desc": "Kill a monster",
    "Show": 1,
    "TimeLimit": 0,
    "Award": [
      [
        10016,
        1
      ]
    ],
    "Icon": "asset/ui/atlas/ui_atlas_main:ui_sprite_skill_hero01_3"
  },
  "11002": {
    "Id": 11002,
    "Name": "Divine Forest",
    "MainType": 2,
    "SubType": 1,
    "Desc": "Clear the dungeon of Divine Forest",
    "Show": 1,
    "TimeLimit": 0,
    "Award": [
      [
        10016,
        1
      ]
    ],
    "Icon": "asset/ui/atlas/ui_atlas_main:ui_sprite_skill_hero01_3"
  },
  "11003": {
    "Id": 11003,
    "Name": "Good Samaritan",
    "MainType": 2,
    "SubType": 1,
    "Desc": "Complete a main quest",
    "Show": 1,
    "TimeLimit": 0,
    "Award": [
      [
        10016,
        1
      ]
    ],
    "Icon": "asset/ui/atlas/ui_atlas_main:ui_sprite_skill_hero01_3"
  },
  "12001": {
    "Id": 12001,
    "Name": "Competitive",
    "MainType": 3,
    "SubType": 1,
    "Desc": "Defeat a player in any form of PvP",
    "Show": 1,
    "TimeLimit": 0,
    "Award": [
      [
        10016,
        1
      ]
    ],
    "Icon": "asset/ui/atlas/ui_atlas_main:ui_sprite_skill_hero01_3"
  },
  "13001": {
    "Id": 13001,
    "Name": "Earn a Living",
    "MainType": 4,
    "SubType": 1,
    "Desc": "Learn any life skill",
    "Show": 1,
    "TimeLimit": 0,
    "Award": [
      [
        10016,
        1
      ]
    ],
    "Icon": "asset/ui/atlas/ui_atlas_main:ui_sprite_skill_hero01_3"
  },
  "14001": {
    "Id": 14001,
    "Name": "Recovering",
    "MainType": 5,
    "SubType": 1,
    "Desc": "Revive for the first time",
    "Show": 1,
    "TimeLimit": 0,
    "Award": [
      [
        10016,
        1
      ]
    ],
    "Icon": "asset/ui/atlas/ui_atlas_main:ui_sprite_skill_hero01_3"
  },
  "14002": {
    "Id": 14002,
    "Name": "Severely Wounded",
    "MainType": 5,
    "SubType": 1,
    "Desc": "Disappear for the first time",
    "Show": 1,
    "TimeLimit": 0,
    "Award": [
      [
        10016,
        1
      ]
    ],
    "Icon": "asset/ui/atlas/ui_atlas_main:ui_sprite_skill_hero01_3"
  }
}