{
  "1": {
    "Id": 1,
    "OpenDay": 1,
    "AwardId": 70010010,
    "FuncId": 820005,
    "Type": 1
  },
  "2": {
    "Id": 2,
    "OpenDay": 2,
    "AwardId": 70010020,
    "FuncId": 820005,
    "Type": 1
  },
  "3": {
    "Id": 3,
    "OpenDay": 3,
    "AwardId": 70010030,
    "FuncId": 820005,
    "Type": 1
  },
  "4": {
    "Id": 4,
    "OpenDay": 4,
    "AwardId": 70010040,
    "FuncId": 820005,
    "Type": 1
  },
  "5": {
    "Id": 5,
    "OpenDay": 5,
    "AwardId": 70010050,
    "FuncId": 820005,
    "Type": 1
  },
  "6": {
    "Id": 6,
    "OpenDay": 6,
    "AwardId": 70010060,
    "FuncId": 820005,
    "Type": 1
  },
  "7": {
    "Id": 7,
    "OpenDay": 7,
    "AwardId": 70010070,
    "FuncId": 820005,
    "Type": 1
  },
  "8": {
    "Id": 8,
    "OpenDay": 8,
    "AwardId": 70010080,
    "FuncId": 820005,
    "Type": 1
  },
  "9": {
    "Id": 9,
    "OpenDay": 9,
    "AwardId": 70010090,
    "FuncId": 820005,
    "Type": 1
  },
  "10": {
    "Id": 10,
    "OpenDay": 10,
    "AwardId": 70010100,
    "FuncId": 820005,
    "Type": 1
  },
  "11": {
    "Id": 11,
    "OpenDay": 11,
    "AwardId": 70010110,
    "FuncId": 820005,
    "Type": 1
  },
  "12": {
    "Id": 12,
    "OpenDay": 12,
    "AwardId": 70010120,
    "FuncId": 820005,
    "Type": 1
  },
  "13": {
    "Id": 13,
    "OpenDay": 13,
    "AwardId": 70010130,
    "FuncId": 820005,
    "Type": 1
  },
  "14": {
    "Id": 14,
    "OpenDay": 14,
    "AwardId": 70010140,
    "FuncId": 820005,
    "Type": 1
  },
  "15": {
    "Id": 15,
    "OpenDay": 15,
    "AwardId": 70010150,
    "FuncId": 820005,
    "Type": 1
  },
  "16": {
    "Id": 16,
    "OpenDay": 1,
    "AwardId": 70020010,
    "FuncId": 820009,
    "Type": 2
  },
  "17": {
    "Id": 17,
    "OpenDay": 2,
    "AwardId": 70020020,
    "FuncId": 820009,
    "Type": 2
  },
  "18": {
    "Id": 18,
    "OpenDay": 3,
    "AwardId": 70020030,
    "FuncId": 820009,
    "Type": 2
  },
  "19": {
    "Id": 19,
    "OpenDay": 4,
    "AwardId": 70020040,
    "FuncId": 820009,
    "Type": 2
  },
  "20": {
    "Id": 20,
    "OpenDay": 5,
    "AwardId": 70020050,
    "FuncId": 820009,
    "Type": 2
  },
  "21": {
    "Id": 21,
    "OpenDay": 6,
    "AwardId": 70020060,
    "FuncId": 820009,
    "Type": 2
  },
  "22": {
    "Id": 22,
    "OpenDay": 7,
    "AwardId": 70020070,
    "FuncId": 820009,
    "Type": 2
  },
  "23": {
    "Id": 23,
    "OpenDay": 8,
    "AwardId": 70020080,
    "FuncId": 820009,
    "Type": 2
  },
  "24": {
    "Id": 24,
    "OpenDay": 9,
    "AwardId": 70020090,
    "FuncId": 820009,
    "Type": 2
  },
  "25": {
    "Id": 25,
    "OpenDay": 10,
    "AwardId": 70020100,
    "FuncId": 820009,
    "Type": 2
  },
  "26": {
    "Id": 26,
    "OpenDay": 11,
    "AwardId": 70020110,
    "FuncId": 820009,
    "Type": 2
  },
  "27": {
    "Id": 27,
    "OpenDay": 12,
    "AwardId": 70020120,
    "FuncId": 820009,
    "Type": 2
  },
  "28": {
    "Id": 28,
    "OpenDay": 13,
    "AwardId": 70020130,
    "FuncId": 820009,
    "Type": 2
  },
  "29": {
    "Id": 29,
    "OpenDay": 14,
    "AwardId": 70020140,
    "FuncId": 820009,
    "Type": 2
  },
  "30": {
    "Id": 30,
    "OpenDay": 15,
    "AwardId": 70020150,
    "FuncId": 820009,
    "Type": 2
  }
}