{
  "1": {
    "Id": 1,
    "Name": "测试词缀池1",
    "Description": "全部词缀",
    "Affix": [
      [
        5,
        1
      ],
      [
        6,
        1
      ],
      [
        7,
        1
      ]
    ],
    "AffixQuantity": 3,
    "EffectTypeLimit": [],
    "TargetTypeLimit": []
  },
  "2": {
    "Id": 2,
    "Name": "测试词缀池2",
    "Description": "互斥测试",
    "Affix": [
      [
        5,
        1
      ],
      [
        6,
        1
      ],
      [
        7,
        1
      ]
    ],
    "AffixQuantity": 3,
    "EffectTypeLimit": [],
    "TargetTypeLimit": []
  },
  "3": {
    "Id": 3,
    "Name": "测试词缀池",
    "Description": "大秘境17001词缀池",
    "Affix": [
      [
        12,
        1
      ],
      [
        29,
        1
      ]
    ],
    "AffixQuantity": 2,
    "EffectTypeLimit": [],
    "TargetTypeLimit": []
  },
  "4": {
    "Id": 4,
    "Name": "测试词缀池",
    "Description": "大秘境17003词缀池",
    "Affix": [
      [
        8,
        1
      ],
      [
        20,
        1
      ]
    ],
    "AffixQuantity": 2,
    "EffectTypeLimit": [],
    "TargetTypeLimit": []
  },
  "5": {
    "Id": 5,
    "Name": "测试词缀池",
    "Description": "大秘境16502词缀池",
    "Affix": [
      [
        5,
        1
      ],
      [
        22,
        1
      ],
      [
        37,
        1
      ]
    ],
    "AffixQuantity": 3,
    "EffectTypeLimit": [],
    "TargetTypeLimit": []
  },
  "6": {
    "Id": 6,
    "Name": "测试词缀池",
    "Description": "大秘境15008词缀池",
    "Affix": [
      [
        6,
        1
      ],
      [
        41,
        1
      ]
    ],
    "AffixQuantity": 2,
    "EffectTypeLimit": [],
    "TargetTypeLimit": []
  },
  "7": {
    "Id": 7,
    "Name": "测试词缀池",
    "Description": "大秘境15009词缀池",
    "Affix": [
      [
        42,
        1
      ],
      [
        39,
        1
      ],
      [
        20,
        1
      ]
    ],
    "AffixQuantity": 3,
    "EffectTypeLimit": [],
    "TargetTypeLimit": []
  },
  "8": {
    "Id": 8,
    "Name": "测试词缀池",
    "Description": "大秘境15502词缀池",
    "Affix": [
      [
        27,
        1
      ],
      [
        38,
        1
      ]
    ],
    "AffixQuantity": 2,
    "EffectTypeLimit": [],
    "TargetTypeLimit": []
  },
  "9": {
    "Id": 9,
    "Name": "测试词缀池",
    "Description": "大秘境15505词缀池",
    "Affix": [
      [
        9,
        1
      ],
      [
        14,
        1
      ]
    ],
    "AffixQuantity": 2,
    "EffectTypeLimit": [],
    "TargetTypeLimit": []
  },
  "10": {
    "Id": 10,
    "Name": "测试词缀池",
    "Description": "大秘境15506词缀池",
    "Affix": [
      [
        4,
        1
      ],
      [
        23,
        1
      ],
      [
        24,
        1
      ]
    ],
    "AffixQuantity": 3,
    "EffectTypeLimit": [],
    "TargetTypeLimit": []
  },
  "11": {
    "Id": 11,
    "Name": "普通英雄本词缀池",
    "Description": "蒂娜、巨塔普通英雄本（正面）",
    "Affix": [
      [
        82,
        1
      ],
      [
        80,
        1
      ]
    ],
    "AffixQuantity": 2,
    "EffectTypeLimit": [],
    "TargetTypeLimit": []
  },
  "12": {
    "Id": 12,
    "Name": "命运模式普通难度词缀池",
    "Description": "蒂娜、巨塔普通英雄本（正面）",
    "Affix": [
      [
        82,
        1
      ],
      [
        80,
        1
      ],
      [
        83,
        1
      ]
    ],
    "AffixQuantity": 2,
    "EffectTypeLimit": [],
    "TargetTypeLimit": []
  },
  "13": {
    "Id": 13,
    "Name": "命运模式困难难度词缀池",
    "Description": "蒂娜、巨塔普通英雄本（正面）",
    "Affix": [
      [
        82,
        1
      ],
      [
        80,
        1
      ],
      [
        83,
        1
      ]
    ],
    "AffixQuantity": 2,
    "EffectTypeLimit": [],
    "TargetTypeLimit": []
  },
  "14": {
    "Id": 14,
    "Name": "命运模式极难难度词缀池",
    "Description": "蒂娜、巨塔普通英雄本（正面）",
    "Affix": [
      [
        82,
        1
      ],
      [
        80,
        1
      ],
      [
        83,
        1
      ]
    ],
    "AffixQuantity": 2,
    "EffectTypeLimit": [],
    "TargetTypeLimit": []
  },
  "15": {
    "Id": 15,
    "Name": "命运钥匙词缀池",
    "Description": "正面",
    "Affix": [
      [
        45,
        1
      ],
      [
        43,
        1
      ],
      [
        94,
        1
      ],
      [
        95,
        1
      ],
      [
        96,
        1
      ],
      [
        97,
        1
      ],
      [
        98,
        1
      ],
      [
        99,
        1
      ],
      [
        100,
        1
      ]
    ],
    "AffixQuantity": 1,
    "EffectTypeLimit": [],
    "TargetTypeLimit": []
  },
  "16": {
    "Id": 16,
    "Name": "库A",
    "Description": "赛季属性",
    "Affix": [
      [
        80,
        1
      ],
      [
        81,
        1
      ],
      [
        82,
        1
      ],
      [
        101,
        1
      ]
    ],
    "AffixQuantity": 2,
    "EffectTypeLimit": [],
    "TargetTypeLimit": []
  },
  "17": {
    "Id": 17,
    "Name": "库B",
    "Description": "赛季体验",
    "Affix": [
      [
        83,
        1
      ],
      [
        84,
        1
      ]
    ],
    "AffixQuantity": 1,
    "EffectTypeLimit": [],
    "TargetTypeLimit": []
  },
  "18": {
    "Id": 18,
    "Name": "库C",
    "Description": "战前策略",
    "Affix": [
      [
        83,
        1
      ],
      [
        84,
        1
      ],
      [
        85,
        1
      ],
      [
        86,
        1
      ],
      [
        87,
        1
      ]
    ],
    "AffixQuantity": 2,
    "EffectTypeLimit": [],
    "TargetTypeLimit": []
  },
  "19": {
    "Id": 19,
    "Name": "库D",
    "Description": "玩家操作",
    "Affix": [
      [
        88,
        1
      ],
      [
        89,
        1
      ],
      [
        90,
        1
      ]
    ],
    "AffixQuantity": 1,
    "EffectTypeLimit": [],
    "TargetTypeLimit": []
  },
  "20": {
    "Id": 20,
    "Name": "OBT补充库",
    "Description": "补充",
    "Affix": [
      [
        80,
        1
      ]
    ],
    "AffixQuantity": 1,
    "EffectTypeLimit": [],
    "TargetTypeLimit": []
  },
  "21": {
    "Id": 21,
    "Name": "OBT库A",
    "Description": "赛季词缀弱化版",
    "Affix": [
      [
        102,
        1
      ],
      [
        104,
        1
      ],
      [
        106,
        1
      ],
      [
        108,
        1
      ],
      [
        93,
        1
      ]
    ],
    "AffixQuantity": 2,
    "EffectTypeLimit": [],
    "TargetTypeLimit": []
  },
  "22": {
    "Id": 22,
    "Name": "OBT库B",
    "Description": "通用词缀",
    "Affix": [
      [
        83,
        1
      ],
      [
        88,
        1
      ],
      [
        89,
        1
      ],
      [
        90,
        1
      ]
    ],
    "AffixQuantity": 1,
    "EffectTypeLimit": [],
    "TargetTypeLimit": []
  },
  "23": {
    "Id": 23,
    "Name": "OBT库C",
    "Description": "赛季词缀强化版",
    "Affix": [
      [
        103,
        1
      ],
      [
        105,
        1
      ],
      [
        107,
        1
      ],
      [
        109,
        1
      ]
    ],
    "AffixQuantity": 1,
    "EffectTypeLimit": [],
    "TargetTypeLimit": []
  },
  "31": {
    "Id": 31,
    "Name": "协会boss普通",
    "Description": "协会boss普通",
    "Affix": [
      [
        102,
        1
      ],
      [
        104,
        1
      ],
      [
        106,
        1
      ],
      [
        108,
        1
      ]
    ],
    "AffixQuantity": 1,
    "EffectTypeLimit": [],
    "TargetTypeLimit": []
  },
  "32": {
    "Id": 32,
    "Name": "协会boss困难",
    "Description": "协会boss困难",
    "Affix": [
      [
        102,
        1
      ],
      [
        104,
        1
      ],
      [
        106,
        1
      ],
      [
        108,
        1
      ]
    ],
    "AffixQuantity": 2,
    "EffectTypeLimit": [],
    "TargetTypeLimit": []
  }
}