{
  "1": {
    "Id": 1,
    "ContainerId": 1,
    "Type": 1,
    "ItemType": 2,
    "ItemParams": [
      [
        12010014
      ],
      [
        12010016
      ]
    ]
  },
  "2": {
    "Id": 2,
    "ContainerId": 2,
    "Type": 1,
    "ItemType": 2,
    "ItemParams": [
      [
        12010024
      ],
      [
        12010026
      ]
    ]
  },
  "3": {
    "Id": 3,
    "ContainerId": 3,
    "Type": 1,
    "ItemType": 2,
    "ItemParams": [
      [
        12010034
      ],
      [
        12010036
      ]
    ]
  },
  "4": {
    "Id": 4,
    "ContainerId": 4,
    "Type": 1,
    "ItemType": 2,
    "ItemParams": [
      [
        12010044
      ],
      [
        12010046
      ]
    ]
  },
  "5": {
    "Id": 5,
    "ContainerId": 5,
    "Type": 1,
    "ItemType": 2,
    "ItemParams": [
      [
        12010054
      ],
      [
        12010056
      ]
    ]
  },
  "6": {
    "Id": 6,
    "ContainerId": 6,
    "Type": 1,
    "ItemType": 2,
    "ItemParams": [
      [
        12010064
      ],
      [
        12010066
      ]
    ]
  },
  "101": {
    "Id": 101,
    "ContainerId": 101,
    "Type": 2,
    "ItemType": 1,
    "ItemParams": [
      [
        1092008
      ],
      [
        1092009
      ],
      [
        1092010
      ],
      [
        1092025
      ]
    ]
  },
  "1001": {
    "Id": 1001,
    "ContainerId": 1001,
    "Type": 6,
    "ItemType": 1,
    "ItemParams": [
      [
        1022201,
        1
      ],
      [
        1022202,
        1
      ],
      [
        1022203,
        1
      ],
      [
        1022001,
        1
      ],
      [
        1022002,
        1
      ],
      [
        1020151,
        1
      ],
      [
        1020152,
        1
      ],
      [
        1020153,
        1
      ],
      [
        1020154,
        1
      ],
      [
        1020155,
        1
      ],
      [
        1020156,
        1
      ],
      [
        1020157,
        1
      ],
      [
        1020158,
        1
      ],
      [
        1022005,
        1
      ],
      [
        1022006,
        1
      ],
      [
        1052101,
        1
      ],
      [
        1052102,
        1
      ],
      [
        1052103,
        1
      ],
      [
        1052104,
        1
      ],
      [
        1052105,
        1
      ],
      [
        1052106,
        1
      ],
      [
        1052201,
        1
      ],
      [
        1052202,
        1
      ],
      [
        1052203,
        1
      ],
      [
        1052204,
        1
      ],
      [
        1052205,
        1
      ],
      [
        1052206,
        1
      ],
      [
        1020054,
        1
      ],
      [
        1020055,
        1
      ],
      [
        1020056,
        1
      ],
      [
        5160001,
        1
      ],
      [
        5160002,
        1
      ],
      [
        5160003,
        1
      ],
      [
        5160004,
        1
      ],
      [
        5160005,
        1
      ],
      [
        5160006,
        1
      ],
      [
        1070035,
        1
      ],
      [
        1070034,
        1
      ],
      [
        1070036,
        1
      ],
      [
        1040078,
        1
      ],
      [
        1040079,
        1
      ]
    ]
  },
  "1002": {
    "Id": 1002,
    "ContainerId": 1002,
    "Type": 5,
    "ItemType": 2,
    "ItemParams": [
      [
        10710001
      ],
      [
        10710002
      ],
      [
        10710003
      ],
      [
        10710004
      ],
      [
        10710005
      ],
      [
        10710006
      ],
      [
        10710011
      ],
      [
        10710012
      ],
      [
        10710013
      ],
      [
        10710014
      ],
      [
        10710015
      ],
      [
        10710016
      ],
      [
        10710021
      ],
      [
        10710022
      ],
      [
        10710023
      ],
      [
        10710024
      ],
      [
        10710025
      ],
      [
        10710026
      ]
    ]
  },
  "1003": {
    "Id": 1003,
    "ContainerId": 1003,
    "Type": 6,
    "ItemType": 1,
    "ItemParams": [
      [
        3010001
      ],
      [
        3010002
      ],
      [
        3010003
      ],
      [
        3010004
      ],
      [
        3010005
      ],
      [
        3010006
      ],
      [
        3010007
      ],
      [
        3010008
      ],
      [
        3010009
      ],
      [
        3010010
      ],
      [
        3010011
      ],
      [
        3010012
      ],
      [
        3010013
      ],
      [
        3010014
      ],
      [
        3010015
      ],
      [
        3010016
      ],
      [
        3010017
      ],
      [
        3010018
      ],
      [
        3010019
      ],
      [
        3010020
      ],
      [
        3010021
      ],
      [
        3010022
      ],
      [
        3010023
      ],
      [
        3010024
      ],
      [
        3010025
      ],
      [
        3010026
      ],
      [
        3010027
      ],
      [
        3010028
      ],
      [
        3010029
      ],
      [
        3010030
      ],
      [
        3010031
      ],
      [
        3010032
      ],
      [
        3010033
      ],
      [
        3010034
      ],
      [
        3010035
      ],
      [
        3010036
      ],
      [
        3010037
      ],
      [
        3010038
      ],
      [
        3010039
      ],
      [
        3010040
      ],
      [
        3010041
      ],
      [
        3010042
      ],
      [
        3010043
      ],
      [
        3010044
      ],
      [
        3010045
      ],
      [
        3010046
      ],
      [
        3010047
      ],
      [
        3010048
      ],
      [
        3010049
      ],
      [
        3010050
      ]
    ]
  },
  "1004": {
    "Id": 1004,
    "ContainerId": 1004,
    "Type": 6,
    "ItemType": 1,
    "ItemParams": [
      [
        3010001
      ],
      [
        3010002
      ],
      [
        3010003
      ],
      [
        3010004
      ],
      [
        3010005
      ],
      [
        3010006
      ],
      [
        3010007
      ],
      [
        3010008
      ],
      [
        3010009
      ],
      [
        3010010
      ],
      [
        3010011
      ],
      [
        3010012
      ],
      [
        3010013
      ],
      [
        3010014
      ],
      [
        3010015
      ],
      [
        3010016
      ],
      [
        3010017
      ],
      [
        3010018
      ],
      [
        3010019
      ],
      [
        3010020
      ],
      [
        3010021
      ],
      [
        3010022
      ],
      [
        3010023
      ],
      [
        3010024
      ],
      [
        3010025
      ],
      [
        3010026
      ],
      [
        3010027
      ],
      [
        3010028
      ],
      [
        3010029
      ],
      [
        3010030
      ],
      [
        3010031
      ],
      [
        3010032
      ],
      [
        3010033
      ],
      [
        3010034
      ],
      [
        3010035
      ],
      [
        3010036
      ],
      [
        3010037
      ],
      [
        3010038
      ],
      [
        3010039
      ],
      [
        3010040
      ],
      [
        3010041
      ],
      [
        3010042
      ],
      [
        3010043
      ],
      [
        3010044
      ],
      [
        3010045
      ],
      [
        3010046
      ],
      [
        3010047
      ],
      [
        3010048
      ],
      [
        3010049
      ],
      [
        3010050
      ]
    ]
  },
  "1005": {
    "Id": 1005,
    "ContainerId": 1005,
    "Type": 5,
    "ItemType": 2,
    "ItemParams": [
      [
        10600151
      ],
      [
        10600161
      ],
      [
        10600171
      ],
      [
        10600181
      ],
      [
        10600191
      ],
      [
        10600201
      ],
      [
        10600211
      ],
      [
        10600221
      ],
      [
        10600231
      ],
      [
        10600241
      ],
      [
        10600251
      ],
      [
        10600261
      ],
      [
        10600271
      ],
      [
        10600281
      ],
      [
        10600291
      ],
      [
        10600301
      ],
      [
        10600311
      ],
      [
        10600321
      ],
      [
        10600331
      ]
    ]
  },
  "1006": {
    "Id": 1006,
    "ContainerId": 1006,
    "Type": 5,
    "ItemType": 2,
    "ItemParams": [
      [
        10600011
      ],
      [
        10600021
      ],
      [
        10600031
      ],
      [
        10600041
      ],
      [
        10600051
      ],
      [
        10600061
      ],
      [
        10600071
      ],
      [
        10600081
      ],
      [
        10600091
      ],
      [
        10600101
      ],
      [
        10600111
      ],
      [
        10600121
      ],
      [
        10600131
      ],
      [
        10600141
      ]
    ]
  },
  "1101": {
    "Id": 1101,
    "ContainerId": 1101,
    "Type": 1,
    "ItemType": 2,
    "ItemParams": [
      [
        12010016
      ],
      [
        12010018
      ]
    ]
  },
  "1102": {
    "Id": 1102,
    "ContainerId": 1102,
    "Type": 1,
    "ItemType": 2,
    "ItemParams": [
      [
        12010026
      ],
      [
        12010028
      ]
    ]
  },
  "1103": {
    "Id": 1103,
    "ContainerId": 1103,
    "Type": 1,
    "ItemType": 2,
    "ItemParams": [
      [
        12010036
      ],
      [
        12010038
      ]
    ]
  },
  "1104": {
    "Id": 1104,
    "ContainerId": 1104,
    "Type": 1,
    "ItemType": 2,
    "ItemParams": [
      [
        12010046
      ],
      [
        12010048
      ]
    ]
  },
  "1105": {
    "Id": 1105,
    "ContainerId": 1105,
    "Type": 1,
    "ItemType": 2,
    "ItemParams": [
      [
        12010056
      ],
      [
        12010058
      ]
    ]
  },
  "1106": {
    "Id": 1106,
    "ContainerId": 1106,
    "Type": 1,
    "ItemType": 2,
    "ItemParams": [
      [
        12010066
      ],
      [
        12010068
      ]
    ]
  },
  "1201": {
    "Id": 1201,
    "ContainerId": 1201,
    "Type": 1,
    "ItemType": 2,
    "ItemParams": [
      [
        12010016
      ],
      [
        12010018
      ]
    ]
  },
  "1202": {
    "Id": 1202,
    "ContainerId": 1202,
    "Type": 1,
    "ItemType": 2,
    "ItemParams": [
      [
        12010026
      ],
      [
        12010028
      ]
    ]
  },
  "1203": {
    "Id": 1203,
    "ContainerId": 1203,
    "Type": 1,
    "ItemType": 2,
    "ItemParams": [
      [
        12010036
      ],
      [
        12010038
      ]
    ]
  },
  "1204": {
    "Id": 1204,
    "ContainerId": 1204,
    "Type": 1,
    "ItemType": 2,
    "ItemParams": [
      [
        12010046
      ],
      [
        12010048
      ]
    ]
  },
  "1205": {
    "Id": 1205,
    "ContainerId": 1205,
    "Type": 1,
    "ItemType": 2,
    "ItemParams": [
      [
        12010056
      ],
      [
        12010058
      ]
    ]
  },
  "1206": {
    "Id": 1206,
    "ContainerId": 1206,
    "Type": 1,
    "ItemType": 2,
    "ItemParams": [
      [
        12010066
      ],
      [
        12010068
      ]
    ]
  },
  "1301": {
    "Id": 1301,
    "ContainerId": 1301,
    "Type": 1,
    "ItemType": 2,
    "ItemParams": [
      [
        16000096
      ]
    ]
  },
  "2001": {
    "Id": 2001,
    "ContainerId": 2001,
    "Type": 1,
    "ItemType": 2,
    "ItemParams": [
      [
        21000546
      ]
    ]
  },
  "2002": {
    "Id": 2002,
    "ContainerId": 2002,
    "Type": 1,
    "ItemType": 2,
    "ItemParams": [
      [
        21000547
      ]
    ]
  },
  "2003": {
    "Id": 2003,
    "ContainerId": 2003,
    "Type": 1,
    "ItemType": 2,
    "ItemParams": [
      [
        21000548
      ]
    ]
  },
  "2004": {
    "Id": 2004,
    "ContainerId": 2004,
    "Type": 1,
    "ItemType": 2,
    "ItemParams": [
      [
        21000549
      ]
    ]
  },
  "2005": {
    "Id": 2005,
    "ContainerId": 2005,
    "Type": 1,
    "ItemType": 2,
    "ItemParams": [
      [
        21000550
      ]
    ]
  },
  "2006": {
    "Id": 2006,
    "ContainerId": 2006,
    "Type": 1,
    "ItemType": 2,
    "ItemParams": [
      [
        21000551
      ]
    ]
  },
  "2007": {
    "Id": 2007,
    "ContainerId": 2007,
    "Type": 1,
    "ItemType": 2,
    "ItemParams": [
      [
        21000211
      ],
      [
        21000212
      ],
      [
        21000213
      ],
      [
        21000221
      ],
      [
        21000222
      ],
      [
        21000223
      ],
      [
        21000231
      ],
      [
        21000232
      ],
      [
        21000233
      ],
      [
        21000241
      ],
      [
        21000242
      ],
      [
        21000243
      ],
      [
        21000251
      ],
      [
        21000252
      ],
      [
        21000253
      ],
      [
        21000261
      ],
      [
        21000262
      ],
      [
        21000263
      ],
      [
        21000271
      ],
      [
        21000272
      ],
      [
        21000273
      ],
      [
        21000281
      ],
      [
        21000282
      ],
      [
        21000283
      ],
      [
        21000291
      ],
      [
        21000292
      ],
      [
        21000293
      ],
      [
        21000301
      ],
      [
        21000302
      ],
      [
        21000303
      ],
      [
        21000311
      ],
      [
        21000312
      ],
      [
        21000313
      ],
      [
        21000321
      ],
      [
        21000322
      ],
      [
        21000323
      ],
      [
        21000331
      ],
      [
        21000332
      ],
      [
        21000333
      ],
      [
        21000341
      ],
      [
        21000342
      ],
      [
        21000343
      ],
      [
        21000351
      ],
      [
        21000352
      ],
      [
        21000353
      ],
      [
        21000361
      ],
      [
        21000362
      ],
      [
        21000363
      ],
      [
        21000371
      ],
      [
        21000372
      ],
      [
        21000373
      ],
      [
        21000381
      ],
      [
        21000382
      ],
      [
        21000383
      ],
      [
        21000391
      ],
      [
        21000392
      ],
      [
        21000393
      ],
      [
        21000401
      ],
      [
        21000402
      ],
      [
        21000403
      ],
      [
        21000411
      ],
      [
        21000412
      ],
      [
        21000413
      ],
      [
        21000421
      ],
      [
        21000422
      ],
      [
        21000423
      ],
      [
        21000431
      ],
      [
        21000432
      ],
      [
        21000433
      ],
      [
        21000441
      ],
      [
        21000442
      ],
      [
        21000443
      ],
      [
        21000451
      ],
      [
        21000452
      ],
      [
        21000453
      ],
      [
        21000461
      ],
      [
        21000462
      ],
      [
        21000463
      ],
      [
        21000471
      ],
      [
        21000472
      ],
      [
        21000473
      ],
      [
        21000481
      ],
      [
        21000482
      ],
      [
        21000483
      ],
      [
        21000491
      ],
      [
        21000492
      ],
      [
        21000493
      ],
      [
        21000501
      ],
      [
        21000502
      ],
      [
        21000503
      ],
      [
        21000511
      ],
      [
        21000512
      ],
      [
        21000513
      ],
      [
        21000521
      ],
      [
        21000522
      ],
      [
        21000523
      ],
      [
        21000531
      ],
      [
        21000532
      ],
      [
        21000533
      ],
      [
        21000541
      ],
      [
        21000542
      ],
      [
        21000543
      ],
      [
        21100011
      ],
      [
        21100012
      ],
      [
        21100013
      ],
      [
        21100021
      ],
      [
        21100022
      ],
      [
        21100023
      ],
      [
        21100031
      ],
      [
        21100032
      ],
      [
        21100033
      ],
      [
        21100041
      ],
      [
        21100042
      ],
      [
        21100043
      ],
      [
        21100051
      ],
      [
        21100052
      ],
      [
        21100053
      ],
      [
        21100061
      ],
      [
        21100062
      ],
      [
        21100063
      ],
      [
        21100071
      ],
      [
        21100072
      ],
      [
        21100073
      ],
      [
        21100081
      ],
      [
        21100082
      ],
      [
        21100083
      ],
      [
        21100091
      ],
      [
        21100092
      ],
      [
        21100093
      ],
      [
        21100101
      ],
      [
        21100102
      ],
      [
        21100103
      ],
      [
        21100111
      ],
      [
        21100112
      ],
      [
        21100113
      ],
      [
        21100121
      ],
      [
        21100122
      ],
      [
        21100123
      ],
      [
        21100131
      ],
      [
        21100132
      ],
      [
        21100133
      ],
      [
        21100141
      ],
      [
        21100142
      ],
      [
        21100143
      ],
      [
        21100151
      ],
      [
        21100152
      ],
      [
        21100153
      ],
      [
        21100161
      ],
      [
        21100162
      ],
      [
        21100163
      ],
      [
        21100171
      ],
      [
        21100172
      ],
      [
        21100173
      ],
      [
        21100181
      ],
      [
        21100182
      ],
      [
        21100183
      ],
      [
        21100191
      ],
      [
        21100192
      ],
      [
        21100193
      ],
      [
        21100201
      ],
      [
        21100202
      ],
      [
        21100203
      ],
      [
        21100211
      ],
      [
        21100212
      ],
      [
        21100213
      ],
      [
        21100221
      ],
      [
        21100222
      ],
      [
        21100223
      ],
      [
        21100231
      ],
      [
        21100232
      ],
      [
        21100233
      ],
      [
        21100241
      ],
      [
        21100242
      ],
      [
        21100243
      ],
      [
        21100251
      ],
      [
        21100252
      ],
      [
        21100253
      ],
      [
        21100261
      ],
      [
        21100262
      ],
      [
        21100263
      ],
      [
        21100271
      ],
      [
        21100272
      ],
      [
        21100273
      ],
      [
        21100281
      ],
      [
        21100282
      ],
      [
        21100283
      ],
      [
        21100291
      ],
      [
        21100292
      ],
      [
        21100293
      ],
      [
        21100301
      ],
      [
        21100302
      ],
      [
        21100303
      ],
      [
        21100311
      ],
      [
        21100312
      ],
      [
        21100313
      ],
      [
        21100321
      ],
      [
        21100322
      ],
      [
        21100323
      ],
      [
        21100331
      ],
      [
        21100332
      ],
      [
        21100333
      ],
      [
        21100341
      ],
      [
        21100342
      ],
      [
        21100343
      ],
      [
        21100351
      ],
      [
        21100352
      ],
      [
        21100353
      ],
      [
        21100361
      ],
      [
        21100362
      ],
      [
        21100363
      ],
      [
        21100371
      ],
      [
        21100372
      ],
      [
        21100373
      ],
      [
        21200011
      ],
      [
        21200012
      ],
      [
        21200013
      ],
      [
        21200021
      ],
      [
        21200022
      ],
      [
        21200023
      ],
      [
        21200031
      ],
      [
        21200032
      ],
      [
        21200033
      ],
      [
        21200041
      ],
      [
        21200042
      ],
      [
        21200043
      ],
      [
        21200051
      ],
      [
        21200052
      ],
      [
        21200053
      ],
      [
        21200061
      ],
      [
        21200062
      ],
      [
        21200063
      ],
      [
        21200071
      ],
      [
        21200072
      ],
      [
        21200073
      ],
      [
        21200081
      ],
      [
        21200082
      ],
      [
        21200083
      ],
      [
        21200091
      ],
      [
        21200092
      ],
      [
        21200093
      ],
      [
        21200101
      ],
      [
        21200102
      ],
      [
        21200103
      ],
      [
        21200111
      ],
      [
        21200112
      ],
      [
        21200113
      ],
      [
        21200121
      ],
      [
        21200122
      ],
      [
        21200123
      ],
      [
        21200131
      ],
      [
        21200132
      ],
      [
        21200133
      ],
      [
        21200141
      ],
      [
        21200142
      ],
      [
        21200143
      ],
      [
        21200151
      ],
      [
        21200152
      ],
      [
        21200153
      ],
      [
        21200161
      ],
      [
        21200162
      ],
      [
        21200163
      ],
      [
        21200171
      ],
      [
        21200172
      ],
      [
        21200173
      ],
      [
        21200181
      ],
      [
        21200182
      ],
      [
        21200183
      ],
      [
        21200191
      ],
      [
        21200192
      ],
      [
        21200193
      ],
      [
        21200201
      ],
      [
        21200202
      ],
      [
        21200203
      ],
      [
        21200211
      ],
      [
        21200212
      ],
      [
        21200213
      ],
      [
        21200221
      ],
      [
        21200222
      ],
      [
        21200223
      ],
      [
        21200231
      ],
      [
        21200232
      ],
      [
        21200233
      ],
      [
        21200241
      ],
      [
        21200242
      ],
      [
        21200243
      ],
      [
        21200251
      ],
      [
        21200252
      ],
      [
        21200253
      ],
      [
        21200261
      ],
      [
        21200262
      ],
      [
        21200263
      ],
      [
        21200271
      ],
      [
        21200272
      ],
      [
        21200273
      ],
      [
        21200281
      ],
      [
        21200282
      ],
      [
        21200283
      ],
      [
        21200291
      ],
      [
        21200292
      ],
      [
        21200293
      ],
      [
        21200301
      ],
      [
        21200302
      ],
      [
        21200303
      ],
      [
        21200311
      ],
      [
        21200312
      ],
      [
        21200313
      ],
      [
        21200321
      ],
      [
        21200322
      ],
      [
        21200323
      ],
      [
        21200331
      ],
      [
        21200332
      ],
      [
        21200333
      ],
      [
        21200341
      ],
      [
        21200342
      ],
      [
        21200343
      ],
      [
        21200351
      ],
      [
        21200352
      ],
      [
        21200353
      ],
      [
        21200361
      ],
      [
        21200362
      ],
      [
        21200363
      ],
      [
        21200371
      ],
      [
        21200372
      ],
      [
        21200373
      ],
      [
        21200381
      ],
      [
        21200382
      ],
      [
        21200383
      ],
      [
        21200391
      ],
      [
        21200392
      ],
      [
        21200393
      ],
      [
        21200401
      ],
      [
        21200402
      ],
      [
        21200403
      ],
      [
        21200411
      ],
      [
        21200412
      ],
      [
        21200413
      ],
      [
        21200421
      ],
      [
        21200422
      ],
      [
        21200423
      ],
      [
        21200431
      ],
      [
        21200432
      ],
      [
        21200433
      ],
      [
        21200441
      ],
      [
        21200442
      ],
      [
        21200443
      ],
      [
        21200451
      ],
      [
        21200452
      ],
      [
        21200453
      ],
      [
        21200461
      ],
      [
        21200462
      ],
      [
        21200463
      ],
      [
        21200471
      ],
      [
        21200472
      ],
      [
        21200473
      ],
      [
        21200481
      ],
      [
        21200482
      ],
      [
        21200483
      ],
      [
        21200491
      ],
      [
        21200492
      ],
      [
        21200493
      ],
      [
        21200501
      ],
      [
        21200502
      ],
      [
        21200503
      ],
      [
        21200511
      ],
      [
        21200512
      ],
      [
        21200513
      ],
      [
        21200521
      ],
      [
        21200522
      ],
      [
        21200523
      ],
      [
        21200531
      ],
      [
        21200532
      ],
      [
        21200533
      ],
      [
        21200541
      ],
      [
        21200542
      ],
      [
        21200543
      ],
      [
        21200551
      ],
      [
        21200552
      ],
      [
        21200553
      ],
      [
        21200561
      ],
      [
        21200562
      ],
      [
        21200563
      ],
      [
        21200571
      ],
      [
        21200572
      ],
      [
        21200573
      ],
      [
        21200581
      ],
      [
        21200582
      ],
      [
        21200583
      ],
      [
        21200591
      ],
      [
        21200592
      ],
      [
        21200593
      ],
      [
        21200601
      ],
      [
        21200602
      ],
      [
        21200603
      ],
      [
        21200611
      ],
      [
        21200612
      ],
      [
        21200613
      ],
      [
        21200621
      ],
      [
        21200622
      ],
      [
        21200623
      ],
      [
        21200631
      ],
      [
        21200632
      ],
      [
        21200633
      ],
      [
        21200641
      ],
      [
        21200642
      ],
      [
        21200643
      ],
      [
        21200651
      ],
      [
        21200652
      ],
      [
        21200653
      ],
      [
        21200661
      ],
      [
        21200662
      ],
      [
        21200663
      ],
      [
        21200671
      ],
      [
        21200672
      ],
      [
        21200673
      ],
      [
        21200681
      ],
      [
        21200682
      ],
      [
        21200683
      ],
      [
        21300011
      ],
      [
        21300012
      ],
      [
        21300013
      ],
      [
        21300021
      ],
      [
        21300022
      ],
      [
        21300023
      ],
      [
        21300031
      ],
      [
        21300032
      ],
      [
        21300033
      ],
      [
        21300041
      ],
      [
        21300042
      ],
      [
        21300043
      ],
      [
        21300051
      ],
      [
        21300052
      ],
      [
        21300053
      ],
      [
        21300061
      ],
      [
        21300062
      ],
      [
        21300063
      ],
      [
        21300071
      ],
      [
        21300072
      ],
      [
        21300073
      ],
      [
        21300081
      ],
      [
        21300082
      ],
      [
        21300083
      ],
      [
        21300091
      ],
      [
        21300092
      ],
      [
        21300093
      ],
      [
        21300101
      ],
      [
        21300102
      ],
      [
        21300103
      ],
      [
        21300111
      ],
      [
        21300112
      ],
      [
        21300113
      ],
      [
        21300121
      ],
      [
        21300122
      ],
      [
        21300123
      ],
      [
        21300131
      ],
      [
        21300132
      ],
      [
        21300133
      ],
      [
        21300141
      ],
      [
        21300142
      ],
      [
        21300143
      ],
      [
        21300151
      ],
      [
        21300152
      ],
      [
        21300153
      ],
      [
        21300161
      ],
      [
        21300162
      ],
      [
        21300163
      ],
      [
        21300171
      ],
      [
        21300172
      ],
      [
        21300173
      ],
      [
        21300181
      ],
      [
        21300182
      ],
      [
        21300183
      ],
      [
        21300191
      ],
      [
        21300192
      ],
      [
        21300193
      ],
      [
        21300201
      ],
      [
        21300202
      ],
      [
        21300203
      ],
      [
        21300211
      ],
      [
        21300212
      ],
      [
        21300213
      ],
      [
        21300221
      ],
      [
        21300222
      ],
      [
        21300223
      ],
      [
        21300231
      ],
      [
        21300232
      ],
      [
        21300233
      ],
      [
        21300241
      ],
      [
        21300242
      ],
      [
        21300243
      ],
      [
        21300251
      ],
      [
        21300252
      ],
      [
        21300253
      ],
      [
        21300261
      ],
      [
        21300262
      ],
      [
        21300263
      ],
      [
        21300271
      ],
      [
        21300272
      ],
      [
        21300273
      ],
      [
        21300281
      ],
      [
        21300282
      ],
      [
        21300283
      ],
      [
        21300291
      ],
      [
        21300292
      ],
      [
        21300293
      ],
      [
        21300301
      ],
      [
        21300302
      ],
      [
        21300303
      ],
      [
        21400000
      ],
      [
        21400001
      ],
      [
        21400002
      ],
      [
        21400010
      ],
      [
        21400011
      ],
      [
        21400012
      ],
      [
        21400020
      ],
      [
        21400021
      ],
      [
        21400022
      ],
      [
        21400030
      ],
      [
        21400031
      ],
      [
        21400032
      ],
      [
        21400040
      ],
      [
        21400041
      ],
      [
        21400042
      ],
      [
        21400050
      ],
      [
        21400051
      ],
      [
        21400052
      ],
      [
        21400060
      ],
      [
        21400061
      ],
      [
        21400062
      ],
      [
        21400070
      ],
      [
        21400071
      ],
      [
        21400072
      ],
      [
        21400080
      ],
      [
        21400081
      ],
      [
        21400082
      ],
      [
        21400090
      ],
      [
        21400091
      ],
      [
        21400092
      ],
      [
        21400100
      ],
      [
        21400101
      ],
      [
        21400102
      ],
      [
        21400110
      ],
      [
        21400111
      ],
      [
        21400112
      ],
      [
        21400120
      ],
      [
        21400121
      ],
      [
        21400122
      ],
      [
        21400130
      ],
      [
        21400131
      ],
      [
        21400132
      ],
      [
        21400140
      ],
      [
        21400141
      ],
      [
        21400142
      ],
      [
        21400150
      ],
      [
        21400151
      ],
      [
        21400152
      ],
      [
        21400160
      ],
      [
        21400161
      ],
      [
        21400162
      ],
      [
        21400170
      ],
      [
        21400171
      ],
      [
        21400172
      ],
      [
        21400180
      ],
      [
        21400181
      ],
      [
        21400182
      ],
      [
        21400190
      ],
      [
        21400191
      ],
      [
        21400192
      ],
      [
        21400200
      ],
      [
        21400201
      ],
      [
        21400202
      ],
      [
        21400210
      ],
      [
        21400211
      ],
      [
        21400212
      ],
      [
        21400220
      ],
      [
        21400221
      ],
      [
        21400222
      ],
      [
        21400230
      ],
      [
        21400231
      ],
      [
        21400232
      ],
      [
        21400240
      ],
      [
        21400241
      ],
      [
        21400242
      ],
      [
        21400250
      ],
      [
        21400251
      ],
      [
        21400252
      ],
      [
        21400260
      ],
      [
        21400261
      ],
      [
        21400262
      ],
      [
        21400270
      ],
      [
        21400271
      ],
      [
        21400272
      ],
      [
        21400280
      ],
      [
        21400281
      ],
      [
        21400282
      ],
      [
        21400290
      ],
      [
        21400291
      ],
      [
        21400292
      ],
      [
        21400300
      ],
      [
        21400301
      ],
      [
        21400302
      ],
      [
        21400310
      ],
      [
        21400311
      ],
      [
        21400312
      ],
      [
        21400320
      ],
      [
        21400321
      ],
      [
        21400322
      ],
      [
        21400330
      ],
      [
        21400331
      ],
      [
        21400332
      ],
      [
        21400340
      ],
      [
        21400341
      ],
      [
        21400342
      ],
      [
        21400350
      ],
      [
        21400351
      ],
      [
        21400352
      ],
      [
        21500000
      ],
      [
        21500001
      ],
      [
        21500002
      ],
      [
        21500010
      ],
      [
        21500011
      ],
      [
        21500012
      ],
      [
        21500020
      ],
      [
        21500021
      ],
      [
        21500022
      ],
      [
        21500030
      ],
      [
        21500031
      ],
      [
        21500032
      ],
      [
        21500040
      ],
      [
        21500041
      ],
      [
        21500042
      ],
      [
        21500050
      ],
      [
        21500051
      ],
      [
        21500052
      ],
      [
        21500060
      ],
      [
        21500061
      ],
      [
        21500062
      ],
      [
        21500070
      ],
      [
        21500071
      ],
      [
        21500072
      ],
      [
        21500080
      ],
      [
        21500081
      ],
      [
        21500082
      ],
      [
        21500090
      ],
      [
        21500091
      ],
      [
        21500092
      ],
      [
        21500100
      ],
      [
        21500101
      ],
      [
        21500102
      ],
      [
        21500110
      ],
      [
        21500111
      ],
      [
        21500112
      ],
      [
        21500120
      ],
      [
        21500121
      ],
      [
        21500122
      ],
      [
        21500130
      ],
      [
        21500131
      ],
      [
        21500132
      ],
      [
        21500140
      ],
      [
        21500141
      ],
      [
        21500142
      ],
      [
        21500150
      ],
      [
        21500151
      ],
      [
        21500152
      ],
      [
        21500160
      ],
      [
        21500161
      ],
      [
        21500162
      ],
      [
        21500170
      ],
      [
        21500171
      ],
      [
        21500172
      ],
      [
        21500180
      ],
      [
        21500181
      ],
      [
        21500182
      ],
      [
        21500190
      ],
      [
        21500191
      ],
      [
        21500192
      ],
      [
        21500200
      ],
      [
        21500201
      ],
      [
        21500202
      ],
      [
        21500210
      ],
      [
        21500211
      ],
      [
        21500212
      ],
      [
        21500220
      ],
      [
        21500221
      ],
      [
        21500222
      ],
      [
        21500230
      ],
      [
        21500231
      ],
      [
        21500232
      ],
      [
        21500240
      ],
      [
        21500241
      ],
      [
        21500242
      ],
      [
        21500250
      ],
      [
        21500251
      ],
      [
        21500252
      ],
      [
        21500260
      ],
      [
        21500261
      ],
      [
        21500262
      ],
      [
        21500270
      ],
      [
        21500271
      ],
      [
        21500272
      ],
      [
        21500280
      ],
      [
        21500281
      ],
      [
        21500282
      ],
      [
        21500290
      ],
      [
        21500291
      ],
      [
        21500292
      ],
      [
        21500300
      ],
      [
        21500301
      ],
      [
        21500302
      ],
      [
        21500310
      ],
      [
        21500311
      ],
      [
        21500312
      ],
      [
        21500320
      ],
      [
        21500321
      ],
      [
        21500322
      ],
      [
        21500330
      ],
      [
        21500331
      ],
      [
        21500332
      ],
      [
        21500340
      ],
      [
        21500341
      ],
      [
        21500342
      ],
      [
        21500350
      ],
      [
        21500351
      ],
      [
        21500352
      ],
      [
        21500360
      ],
      [
        21500361
      ],
      [
        21500362
      ],
      [
        21500370
      ],
      [
        21500371
      ],
      [
        21500372
      ],
      [
        21500380
      ],
      [
        21500381
      ],
      [
        21500382
      ],
      [
        21500390
      ],
      [
        21500391
      ],
      [
        21500392
      ],
      [
        21500400
      ],
      [
        21500401
      ],
      [
        21500402
      ],
      [
        21500410
      ],
      [
        21500411
      ],
      [
        21500412
      ],
      [
        21500420
      ],
      [
        21500421
      ],
      [
        21500422
      ],
      [
        21500430
      ],
      [
        21500431
      ],
      [
        21500432
      ],
      [
        21500440
      ],
      [
        21500441
      ],
      [
        21500442
      ],
      [
        21500450
      ],
      [
        21500451
      ],
      [
        21500452
      ],
      [
        21500460
      ],
      [
        21500461
      ],
      [
        21500462
      ],
      [
        21500470
      ],
      [
        21500471
      ],
      [
        21500472
      ],
      [
        21500481
      ],
      [
        21500482
      ],
      [
        21500483
      ],
      [
        21500491
      ],
      [
        21500492
      ],
      [
        21500493
      ],
      [
        21500501
      ],
      [
        21500502
      ],
      [
        21500503
      ],
      [
        21500510
      ],
      [
        21500511
      ],
      [
        21500520
      ],
      [
        21500521
      ],
      [
        21500530
      ],
      [
        21500531
      ],
      [
        21500540
      ],
      [
        21500541
      ],
      [
        21500550
      ],
      [
        21500551
      ],
      [
        21500560
      ],
      [
        21500561
      ],
      [
        21500570
      ],
      [
        21500571
      ],
      [
        21700011
      ],
      [
        21700012
      ],
      [
        21700021
      ],
      [
        21700022
      ],
      [
        21700031
      ],
      [
        21700032
      ],
      [
        21700041
      ],
      [
        21700042
      ],
      [
        21700051
      ],
      [
        21700052
      ],
      [
        21700061
      ],
      [
        21700062
      ],
      [
        21700071
      ],
      [
        21700072
      ]
    ]
  },
  "3001": {
    "Id": 3001,
    "ContainerId": 3001,
    "Type": 1,
    "ItemType": 2,
    "ItemParams": [
      [
        50002142
      ]
    ]
  },
  "2008": {
    "Id": 2008,
    "ContainerId": 2008,
    "Type": 5,
    "ItemType": 2,
    "ItemParams": [
      [
        10700148
      ],
      [
        10700149
      ],
      [
        10700150
      ],
      [
        10700151
      ],
      [
        10700152
      ],
      [
        10700153
      ],
      [
        10700154
      ],
      [
        10700155
      ],
      [
        10700156
      ],
      [
        10700157
      ],
      [
        10700158
      ],
      [
        10700159
      ],
      [
        10700160
      ],
      [
        10700161
      ],
      [
        10700162
      ],
      [
        10700163
      ],
      [
        10700164
      ],
      [
        10700165
      ],
      [
        10700166
      ],
      [
        10700167
      ],
      [
        10700168
      ],
      [
        10700169
      ],
      [
        10700170
      ]
    ]
  }
}