{
  "1": {
    "Id": 1,
    "AttrGrowRange": [
      [
        60,
        1
      ]
    ]
  },
  "2": {
    "Id": 2,
    "AttrGrowRange": [
      [
        60,
        1
      ]
    ]
  },
  "3": {
    "Id": 3,
    "AttrGrowRange": [
      [
        60,
        1
      ]
    ]
  },
  "4": {
    "Id": 4,
    "AttrGrowRange": [
      [
        60,
        1
      ]
    ]
  },
  "5": {
    "Id": 5,
    "AttrGrowRange": [
      [
        60,
        1
      ]
    ]
  },
  "6": {
    "Id": 6,
    "AttrGrowRange": [
      [
        60,
        1
      ]
    ]
  },
  "7": {
    "Id": 7,
    "AttrGrowRange": [
      [
        60,
        1
      ]
    ]
  },
  "8": {
    "Id": 8,
    "AttrGrowRange": [
      [
        60,
        1
      ]
    ]
  },
  "9": {
    "Id": 9,
    "AttrGrowRange": [
      [
        60,
        1
      ]
    ]
  },
  "10": {
    "Id": 10,
    "AttrGrowRange": [
      [
        60,
        1
      ]
    ]
  },
  "11": {
    "Id": 11,
    "AttrGrowRange": [
      [
        60,
        1
      ]
    ]
  },
  "12": {
    "Id": 12,
    "AttrGrowRange": [
      [
        60,
        1
      ]
    ]
  },
  "13": {
    "Id": 13,
    "AttrGrowRange": [
      [
        60,
        1
      ]
    ]
  },
  "14": {
    "Id": 14,
    "AttrGrowRange": [
      [
        60,
        1
      ]
    ]
  },
  "15": {
    "Id": 15,
    "AttrGrowRange": [
      [
        60,
        1
      ]
    ]
  },
  "16": {
    "Id": 16,
    "AttrGrowRange": [
      [
        60,
        1
      ]
    ]
  },
  "17": {
    "Id": 17,
    "AttrGrowRange": [
      [
        60,
        1
      ]
    ]
  },
  "18": {
    "Id": 18,
    "AttrGrowRange": [
      [
        60,
        1
      ]
    ]
  },
  "19": {
    "Id": 19,
    "AttrGrowRange": [
      [
        60,
        1
      ]
    ]
  },
  "20": {
    "Id": 20,
    "AttrGrowRange": [
      [
        60,
        1
      ]
    ]
  },
  "21": {
    "Id": 21,
    "AttrGrowRange": [
      [
        60,
        1
      ]
    ]
  },
  "22": {
    "Id": 22,
    "AttrGrowRange": [
      [
        60,
        1
      ]
    ]
  },
  "23": {
    "Id": 23,
    "AttrGrowRange": [
      [
        60,
        1
      ]
    ]
  },
  "24": {
    "Id": 24,
    "AttrGrowRange": [
      [
        60,
        1
      ]
    ]
  },
  "25": {
    "Id": 25,
    "AttrGrowRange": [
      [
        60,
        1
      ]
    ]
  },
  "26": {
    "Id": 26,
    "AttrGrowRange": [
      [
        60,
        1
      ]
    ]
  },
  "27": {
    "Id": 27,
    "AttrGrowRange": [
      [
        60,
        1
      ]
    ]
  },
  "28": {
    "Id": 28,
    "AttrGrowRange": [
      [
        60,
        1
      ]
    ]
  },
  "29": {
    "Id": 29,
    "AttrGrowRange": [
      [
        60,
        1
      ]
    ]
  },
  "30": {
    "Id": 30,
    "AttrGrowRange": [
      [
        60,
        1
      ]
    ]
  },
  "31": {
    "Id": 31,
    "AttrGrowRange": [
      [
        60,
        1
      ]
    ]
  },
  "32": {
    "Id": 32,
    "AttrGrowRange": [
      [
        60,
        1
      ]
    ]
  },
  "33": {
    "Id": 33,
    "AttrGrowRange": [
      [
        60,
        1
      ]
    ]
  },
  "34": {
    "Id": 34,
    "AttrGrowRange": [
      [
        60,
        1
      ]
    ]
  },
  "35": {
    "Id": 35,
    "AttrGrowRange": [
      [
        60,
        1
      ]
    ]
  },
  "36": {
    "Id": 36,
    "AttrGrowRange": [
      [
        60,
        1
      ]
    ]
  },
  "37": {
    "Id": 37,
    "AttrGrowRange": [
      [
        60,
        1
      ]
    ]
  },
  "38": {
    "Id": 38,
    "AttrGrowRange": [
      [
        60,
        1
      ]
    ]
  },
  "39": {
    "Id": 39,
    "AttrGrowRange": [
      [
        60,
        1
      ]
    ]
  },
  "40": {
    "Id": 40,
    "AttrGrowRange": [
      [
        60,
        1
      ]
    ]
  },
  "41": {
    "Id": 41,
    "AttrGrowRange": [
      [
        60,
        1
      ]
    ]
  },
  "42": {
    "Id": 42,
    "AttrGrowRange": [
      [
        60,
        1
      ]
    ]
  },
  "43": {
    "Id": 43,
    "AttrGrowRange": [
      [
        60,
        1
      ]
    ]
  },
  "44": {
    "Id": 44,
    "AttrGrowRange": [
      [
        60,
        1
      ]
    ]
  },
  "45": {
    "Id": 45,
    "AttrGrowRange": [
      [
        60,
        1
      ]
    ]
  },
  "46": {
    "Id": 46,
    "AttrGrowRange": [
      [
        60,
        1
      ]
    ]
  },
  "47": {
    "Id": 47,
    "AttrGrowRange": [
      [
        60,
        1
      ]
    ]
  },
  "48": {
    "Id": 48,
    "AttrGrowRange": [
      [
        60,
        1
      ]
    ]
  },
  "49": {
    "Id": 49,
    "AttrGrowRange": [
      [
        60,
        1
      ]
    ]
  },
  "50": {
    "Id": 50,
    "AttrGrowRange": [
      [
        60,
        1
      ]
    ]
  },
  "51": {
    "Id": 51,
    "AttrGrowRange": [
      [
        60,
        1
      ]
    ]
  },
  "52": {
    "Id": 52,
    "AttrGrowRange": [
      [
        60,
        1
      ]
    ]
  },
  "53": {
    "Id": 53,
    "AttrGrowRange": [
      [
        60,
        1
      ]
    ]
  },
  "54": {
    "Id": 54,
    "AttrGrowRange": [
      [
        60,
        1
      ]
    ]
  },
  "55": {
    "Id": 55,
    "AttrGrowRange": [
      [
        60,
        1
      ]
    ]
  },
  "56": {
    "Id": 56,
    "AttrGrowRange": [
      [
        60,
        1
      ]
    ]
  },
  "57": {
    "Id": 57,
    "AttrGrowRange": [
      [
        60,
        1
      ]
    ]
  },
  "58": {
    "Id": 58,
    "AttrGrowRange": [
      [
        60,
        1
      ]
    ]
  },
  "59": {
    "Id": 59,
    "AttrGrowRange": [
      [
        60,
        1
      ]
    ]
  },
  "60": {
    "Id": 60,
    "AttrGrowRange": [
      [
        60,
        1
      ]
    ]
  },
  "61": {
    "Id": 61,
    "AttrGrowRange": [
      [
        60,
        1
      ]
    ]
  },
  "62": {
    "Id": 62,
    "AttrGrowRange": [
      [
        60,
        1
      ]
    ]
  },
  "63": {
    "Id": 63,
    "AttrGrowRange": [
      [
        60,
        1
      ]
    ]
  },
  "64": {
    "Id": 64,
    "AttrGrowRange": [
      [
        60,
        1
      ]
    ]
  },
  "65": {
    "Id": 65,
    "AttrGrowRange": [
      [
        60,
        1
      ]
    ]
  },
  "66": {
    "Id": 66,
    "AttrGrowRange": [
      [
        60,
        1
      ]
    ]
  },
  "67": {
    "Id": 67,
    "AttrGrowRange": [
      [
        60,
        1
      ]
    ]
  },
  "68": {
    "Id": 68,
    "AttrGrowRange": [
      [
        60,
        1
      ]
    ]
  },
  "69": {
    "Id": 69,
    "AttrGrowRange": [
      [
        60,
        1
      ]
    ]
  },
  "70": {
    "Id": 70,
    "AttrGrowRange": [
      [
        60,
        1
      ]
    ]
  },
  "71": {
    "Id": 71,
    "AttrGrowRange": [
      [
        60,
        1
      ]
    ]
  },
  "72": {
    "Id": 72,
    "AttrGrowRange": [
      [
        60,
        1
      ]
    ]
  },
  "73": {
    "Id": 73,
    "AttrGrowRange": [
      [
        60,
        1
      ]
    ]
  },
  "74": {
    "Id": 74,
    "AttrGrowRange": [
      [
        60,
        1
      ]
    ]
  },
  "75": {
    "Id": 75,
    "AttrGrowRange": [
      [
        60,
        1
      ]
    ]
  },
  "76": {
    "Id": 76,
    "AttrGrowRange": [
      [
        60,
        1
      ]
    ]
  },
  "77": {
    "Id": 77,
    "AttrGrowRange": [
      [
        60,
        1
      ]
    ]
  },
  "78": {
    "Id": 78,
    "AttrGrowRange": [
      [
        60,
        1
      ]
    ]
  },
  "79": {
    "Id": 79,
    "AttrGrowRange": [
      [
        60,
        1
      ]
    ]
  },
  "80": {
    "Id": 80,
    "AttrGrowRange": [
      [
        60,
        1
      ]
    ]
  },
  "81": {
    "Id": 81,
    "AttrGrowRange": [
      [
        60,
        1
      ]
    ]
  },
  "82": {
    "Id": 82,
    "AttrGrowRange": [
      [
        60,
        1
      ]
    ]
  },
  "83": {
    "Id": 83,
    "AttrGrowRange": [
      [
        60,
        1
      ]
    ]
  },
  "84": {
    "Id": 84,
    "AttrGrowRange": [
      [
        60,
        1
      ]
    ]
  },
  "85": {
    "Id": 85,
    "AttrGrowRange": [
      [
        60,
        1
      ]
    ]
  },
  "86": {
    "Id": 86,
    "AttrGrowRange": [
      [
        60,
        1
      ]
    ]
  },
  "87": {
    "Id": 87,
    "AttrGrowRange": [
      [
        60,
        1
      ]
    ]
  },
  "88": {
    "Id": 88,
    "AttrGrowRange": [
      [
        60,
        1
      ]
    ]
  },
  "89": {
    "Id": 89,
    "AttrGrowRange": [
      [
        60,
        1
      ]
    ]
  },
  "90": {
    "Id": 90,
    "AttrGrowRange": [
      [
        60,
        1
      ]
    ]
  },
  "91": {
    "Id": 91,
    "AttrGrowRange": [
      [
        60,
        1
      ]
    ]
  },
  "92": {
    "Id": 92,
    "AttrGrowRange": [
      [
        60,
        1
      ]
    ]
  },
  "93": {
    "Id": 93,
    "AttrGrowRange": [
      [
        60,
        1
      ]
    ]
  },
  "94": {
    "Id": 94,
    "AttrGrowRange": [
      [
        60,
        1
      ]
    ]
  },
  "95": {
    "Id": 95,
    "AttrGrowRange": [
      [
        60,
        1
      ]
    ]
  },
  "96": {
    "Id": 96,
    "AttrGrowRange": [
      [
        60,
        1
      ]
    ]
  },
  "97": {
    "Id": 97,
    "AttrGrowRange": [
      [
        60,
        1
      ]
    ]
  },
  "98": {
    "Id": 98,
    "AttrGrowRange": [
      [
        60,
        1
      ]
    ]
  },
  "99": {
    "Id": 99,
    "AttrGrowRange": [
      [
        60,
        1
      ]
    ]
  },
  "100": {
    "Id": 100,
    "AttrGrowRange": [
      [
        60,
        1
      ]
    ]
  },
  "101": {
    "Id": 101,
    "AttrGrowRange": [
      [
        60,
        1
      ]
    ]
  },
  "102": {
    "Id": 102,
    "AttrGrowRange": [
      [
        60,
        1
      ]
    ]
  },
  "103": {
    "Id": 103,
    "AttrGrowRange": [
      [
        60,
        1
      ]
    ]
  },
  "104": {
    "Id": 104,
    "AttrGrowRange": [
      [
        60,
        1
      ]
    ]
  },
  "105": {
    "Id": 105,
    "AttrGrowRange": [
      [
        60,
        1
      ]
    ]
  },
  "106": {
    "Id": 106,
    "AttrGrowRange": [
      [
        60,
        1
      ]
    ]
  },
  "107": {
    "Id": 107,
    "AttrGrowRange": [
      [
        60,
        1
      ]
    ]
  },
  "108": {
    "Id": 108,
    "AttrGrowRange": [
      [
        60,
        1
      ]
    ]
  },
  "109": {
    "Id": 109,
    "AttrGrowRange": [
      [
        60,
        1
      ]
    ]
  },
  "110": {
    "Id": 110,
    "AttrGrowRange": [
      [
        60,
        1
      ]
    ]
  },
  "111": {
    "Id": 111,
    "AttrGrowRange": [
      [
        60,
        1
      ]
    ]
  },
  "112": {
    "Id": 112,
    "AttrGrowRange": [
      [
        60,
        1
      ]
    ]
  },
  "113": {
    "Id": 113,
    "AttrGrowRange": [
      [
        60,
        1
      ]
    ]
  },
  "114": {
    "Id": 114,
    "AttrGrowRange": [
      [
        60,
        1
      ]
    ]
  },
  "115": {
    "Id": 115,
    "AttrGrowRange": [
      [
        60,
        1
      ]
    ]
  },
  "116": {
    "Id": 116,
    "AttrGrowRange": [
      [
        60,
        1
      ]
    ]
  },
  "117": {
    "Id": 117,
    "AttrGrowRange": [
      [
        60,
        1
      ]
    ]
  },
  "118": {
    "Id": 118,
    "AttrGrowRange": [
      [
        60,
        1
      ]
    ]
  },
  "119": {
    "Id": 119,
    "AttrGrowRange": [
      [
        60,
        1
      ]
    ]
  },
  "120": {
    "Id": 120,
    "AttrGrowRange": [
      [
        60,
        1
      ]
    ]
  },
  "121": {
    "Id": 121,
    "AttrGrowRange": [
      [
        60,
        1
      ]
    ]
  },
  "122": {
    "Id": 122,
    "AttrGrowRange": [
      [
        60,
        1
      ]
    ]
  },
  "123": {
    "Id": 123,
    "AttrGrowRange": [
      [
        60,
        1
      ]
    ]
  },
  "124": {
    "Id": 124,
    "AttrGrowRange": [
      [
        60,
        1
      ]
    ]
  },
  "125": {
    "Id": 125,
    "AttrGrowRange": [
      [
        60,
        1
      ]
    ]
  },
  "126": {
    "Id": 126,
    "AttrGrowRange": [
      [
        60,
        1
      ]
    ]
  },
  "127": {
    "Id": 127,
    "AttrGrowRange": [
      [
        60,
        1
      ]
    ]
  },
  "128": {
    "Id": 128,
    "AttrGrowRange": [
      [
        60,
        1
      ]
    ]
  },
  "129": {
    "Id": 129,
    "AttrGrowRange": [
      [
        60,
        1
      ]
    ]
  },
  "130": {
    "Id": 130,
    "AttrGrowRange": [
      [
        60,
        1
      ]
    ]
  },
  "131": {
    "Id": 131,
    "AttrGrowRange": [
      [
        60,
        1
      ]
    ]
  },
  "132": {
    "Id": 132,
    "AttrGrowRange": [
      [
        60,
        1
      ]
    ]
  },
  "133": {
    "Id": 133,
    "AttrGrowRange": [
      [
        60,
        1
      ]
    ]
  },
  "134": {
    "Id": 134,
    "AttrGrowRange": [
      [
        60,
        1
      ]
    ]
  },
  "135": {
    "Id": 135,
    "AttrGrowRange": [
      [
        60,
        1
      ]
    ]
  },
  "136": {
    "Id": 136,
    "AttrGrowRange": [
      [
        60,
        1
      ]
    ]
  },
  "137": {
    "Id": 137,
    "AttrGrowRange": [
      [
        60,
        1
      ]
    ]
  },
  "138": {
    "Id": 138,
    "AttrGrowRange": [
      [
        60,
        1
      ]
    ]
  },
  "139": {
    "Id": 139,
    "AttrGrowRange": [
      [
        60,
        1
      ]
    ]
  },
  "140": {
    "Id": 140,
    "AttrGrowRange": [
      [
        60,
        1
      ]
    ]
  },
  "141": {
    "Id": 141,
    "AttrGrowRange": [
      [
        60,
        1
      ]
    ]
  },
  "142": {
    "Id": 142,
    "AttrGrowRange": [
      [
        60,
        1
      ]
    ]
  },
  "143": {
    "Id": 143,
    "AttrGrowRange": [
      [
        60,
        1
      ]
    ]
  },
  "144": {
    "Id": 144,
    "AttrGrowRange": [
      [
        60,
        1
      ]
    ]
  },
  "145": {
    "Id": 145,
    "AttrGrowRange": [
      [
        60,
        1
      ]
    ]
  },
  "146": {
    "Id": 146,
    "AttrGrowRange": [
      [
        60,
        1
      ]
    ]
  },
  "147": {
    "Id": 147,
    "AttrGrowRange": [
      [
        60,
        1
      ]
    ]
  },
  "148": {
    "Id": 148,
    "AttrGrowRange": [
      [
        60,
        1
      ]
    ]
  },
  "149": {
    "Id": 149,
    "AttrGrowRange": [
      [
        60,
        1
      ]
    ]
  },
  "150": {
    "Id": 150,
    "AttrGrowRange": [
      [
        60,
        1
      ]
    ]
  },
  "151": {
    "Id": 151,
    "AttrGrowRange": [
      [
        60,
        1
      ]
    ]
  },
  "152": {
    "Id": 152,
    "AttrGrowRange": [
      [
        60,
        1
      ]
    ]
  },
  "153": {
    "Id": 153,
    "AttrGrowRange": [
      [
        60,
        1
      ]
    ]
  },
  "154": {
    "Id": 154,
    "AttrGrowRange": [
      [
        60,
        1
      ]
    ]
  },
  "155": {
    "Id": 155,
    "AttrGrowRange": [
      [
        60,
        1
      ]
    ]
  },
  "156": {
    "Id": 156,
    "AttrGrowRange": [
      [
        60,
        1
      ]
    ]
  },
  "157": {
    "Id": 157,
    "AttrGrowRange": [
      [
        60,
        1
      ]
    ]
  },
  "158": {
    "Id": 158,
    "AttrGrowRange": [
      [
        60,
        1
      ]
    ]
  },
  "159": {
    "Id": 159,
    "AttrGrowRange": [
      [
        60,
        1
      ]
    ]
  },
  "160": {
    "Id": 160,
    "AttrGrowRange": [
      [
        60,
        1
      ]
    ]
  },
  "161": {
    "Id": 161,
    "AttrGrowRange": [
      [
        60,
        1
      ]
    ]
  },
  "162": {
    "Id": 162,
    "AttrGrowRange": [
      [
        60,
        1
      ]
    ]
  },
  "163": {
    "Id": 163,
    "AttrGrowRange": [
      [
        60,
        1
      ]
    ]
  },
  "164": {
    "Id": 164,
    "AttrGrowRange": [
      [
        60,
        1
      ]
    ]
  },
  "165": {
    "Id": 165,
    "AttrGrowRange": [
      [
        60,
        1
      ]
    ]
  },
  "166": {
    "Id": 166,
    "AttrGrowRange": [
      [
        60,
        1
      ]
    ]
  },
  "167": {
    "Id": 167,
    "AttrGrowRange": [
      [
        60,
        1
      ]
    ]
  },
  "168": {
    "Id": 168,
    "AttrGrowRange": [
      [
        60,
        1
      ]
    ]
  },
  "169": {
    "Id": 169,
    "AttrGrowRange": [
      [
        60,
        1
      ]
    ]
  },
  "170": {
    "Id": 170,
    "AttrGrowRange": [
      [
        60,
        1
      ]
    ]
  },
  "171": {
    "Id": 171,
    "AttrGrowRange": [
      [
        60,
        1
      ]
    ]
  },
  "172": {
    "Id": 172,
    "AttrGrowRange": [
      [
        60,
        1
      ]
    ]
  },
  "173": {
    "Id": 173,
    "AttrGrowRange": [
      [
        60,
        1
      ]
    ]
  },
  "174": {
    "Id": 174,
    "AttrGrowRange": [
      [
        60,
        1
      ]
    ]
  },
  "175": {
    "Id": 175,
    "AttrGrowRange": [
      [
        60,
        1
      ]
    ]
  },
  "176": {
    "Id": 176,
    "AttrGrowRange": [
      [
        60,
        1
      ]
    ]
  },
  "177": {
    "Id": 177,
    "AttrGrowRange": [
      [
        60,
        1
      ]
    ]
  },
  "178": {
    "Id": 178,
    "AttrGrowRange": [
      [
        60,
        1
      ]
    ]
  },
  "179": {
    "Id": 179,
    "AttrGrowRange": [
      [
        60,
        1
      ]
    ]
  },
  "180": {
    "Id": 180,
    "AttrGrowRange": [
      [
        60,
        1
      ]
    ]
  },
  "181": {
    "Id": 181,
    "AttrGrowRange": [
      [
        60,
        1
      ]
    ]
  },
  "182": {
    "Id": 182,
    "AttrGrowRange": [
      [
        60,
        1
      ]
    ]
  },
  "183": {
    "Id": 183,
    "AttrGrowRange": [
      [
        60,
        1
      ]
    ]
  },
  "184": {
    "Id": 184,
    "AttrGrowRange": [
      [
        60,
        1
      ]
    ]
  },
  "185": {
    "Id": 185,
    "AttrGrowRange": [
      [
        60,
        1
      ]
    ]
  },
  "186": {
    "Id": 186,
    "AttrGrowRange": [
      [
        60,
        1
      ]
    ]
  },
  "187": {
    "Id": 187,
    "AttrGrowRange": [
      [
        60,
        1
      ]
    ]
  },
  "188": {
    "Id": 188,
    "AttrGrowRange": [
      [
        60,
        1
      ]
    ]
  },
  "189": {
    "Id": 189,
    "AttrGrowRange": [
      [
        60,
        1
      ]
    ]
  },
  "190": {
    "Id": 190,
    "AttrGrowRange": [
      [
        60,
        1
      ]
    ]
  },
  "191": {
    "Id": 191,
    "AttrGrowRange": [
      [
        60,
        1
      ]
    ]
  },
  "192": {
    "Id": 192,
    "AttrGrowRange": [
      [
        60,
        1
      ]
    ]
  },
  "193": {
    "Id": 193,
    "AttrGrowRange": [
      [
        60,
        1
      ]
    ]
  },
  "194": {
    "Id": 194,
    "AttrGrowRange": [
      [
        60,
        1
      ]
    ]
  },
  "195": {
    "Id": 195,
    "AttrGrowRange": [
      [
        60,
        1
      ]
    ]
  },
  "196": {
    "Id": 196,
    "AttrGrowRange": [
      [
        60,
        1
      ]
    ]
  },
  "197": {
    "Id": 197,
    "AttrGrowRange": [
      [
        60,
        1
      ]
    ]
  },
  "198": {
    "Id": 198,
    "AttrGrowRange": [
      [
        60,
        1
      ]
    ]
  },
  "199": {
    "Id": 199,
    "AttrGrowRange": [
      [
        60,
        1
      ]
    ]
  },
  "200": {
    "Id": 200,
    "AttrGrowRange": [
      [
        60,
        1
      ]
    ]
  },
  "201": {
    "Id": 201,
    "AttrGrowRange": [
      [
        60,
        1
      ]
    ]
  },
  "202": {
    "Id": 202,
    "AttrGrowRange": [
      [
        60,
        1
      ]
    ]
  },
  "203": {
    "Id": 203,
    "AttrGrowRange": [
      [
        60,
        1
      ]
    ]
  },
  "204": {
    "Id": 204,
    "AttrGrowRange": [
      [
        60,
        1
      ]
    ]
  },
  "205": {
    "Id": 205,
    "AttrGrowRange": [
      [
        60,
        1
      ]
    ]
  },
  "206": {
    "Id": 206,
    "AttrGrowRange": [
      [
        60,
        1
      ]
    ]
  },
  "207": {
    "Id": 207,
    "AttrGrowRange": [
      [
        60,
        1
      ]
    ]
  },
  "208": {
    "Id": 208,
    "AttrGrowRange": [
      [
        60,
        1
      ]
    ]
  },
  "209": {
    "Id": 209,
    "AttrGrowRange": [
      [
        60,
        1
      ]
    ]
  },
  "210": {
    "Id": 210,
    "AttrGrowRange": [
      [
        60,
        1
      ]
    ]
  },
  "211": {
    "Id": 211,
    "AttrGrowRange": [
      [
        60,
        1
      ]
    ]
  },
  "212": {
    "Id": 212,
    "AttrGrowRange": [
      [
        60,
        1
      ]
    ]
  },
  "213": {
    "Id": 213,
    "AttrGrowRange": [
      [
        60,
        1
      ]
    ]
  },
  "214": {
    "Id": 214,
    "AttrGrowRange": [
      [
        60,
        1
      ]
    ]
  },
  "215": {
    "Id": 215,
    "AttrGrowRange": [
      [
        60,
        1
      ]
    ]
  },
  "216": {
    "Id": 216,
    "AttrGrowRange": [
      [
        60,
        1
      ]
    ]
  },
  "217": {
    "Id": 217,
    "AttrGrowRange": [
      [
        60,
        1
      ]
    ]
  },
  "218": {
    "Id": 218,
    "AttrGrowRange": [
      [
        60,
        1
      ]
    ]
  },
  "219": {
    "Id": 219,
    "AttrGrowRange": [
      [
        60,
        1
      ]
    ]
  },
  "220": {
    "Id": 220,
    "AttrGrowRange": [
      [
        60,
        1
      ]
    ]
  },
  "221": {
    "Id": 221,
    "AttrGrowRange": [
      [
        60,
        1
      ]
    ]
  },
  "222": {
    "Id": 222,
    "AttrGrowRange": [
      [
        60,
        1
      ]
    ]
  },
  "223": {
    "Id": 223,
    "AttrGrowRange": [
      [
        60,
        1
      ]
    ]
  },
  "224": {
    "Id": 224,
    "AttrGrowRange": [
      [
        60,
        1
      ]
    ]
  },
  "225": {
    "Id": 225,
    "AttrGrowRange": [
      [
        60,
        1
      ]
    ]
  },
  "226": {
    "Id": 226,
    "AttrGrowRange": [
      [
        60,
        1
      ]
    ]
  },
  "227": {
    "Id": 227,
    "AttrGrowRange": [
      [
        60,
        1
      ]
    ]
  },
  "228": {
    "Id": 228,
    "AttrGrowRange": [
      [
        60,
        1
      ]
    ]
  },
  "229": {
    "Id": 229,
    "AttrGrowRange": [
      [
        60,
        1
      ]
    ]
  },
  "230": {
    "Id": 230,
    "AttrGrowRange": [
      [
        60,
        1
      ]
    ]
  },
  "231": {
    "Id": 231,
    "AttrGrowRange": [
      [
        60,
        1
      ]
    ]
  },
  "232": {
    "Id": 232,
    "AttrGrowRange": [
      [
        60,
        1
      ]
    ]
  },
  "233": {
    "Id": 233,
    "AttrGrowRange": [
      [
        60,
        1
      ]
    ]
  },
  "234": {
    "Id": 234,
    "AttrGrowRange": [
      [
        60,
        1
      ]
    ]
  },
  "235": {
    "Id": 235,
    "AttrGrowRange": [
      [
        60,
        1
      ]
    ]
  },
  "236": {
    "Id": 236,
    "AttrGrowRange": [
      [
        60,
        1
      ]
    ]
  },
  "237": {
    "Id": 237,
    "AttrGrowRange": [
      [
        60,
        1
      ]
    ]
  },
  "238": {
    "Id": 238,
    "AttrGrowRange": [
      [
        60,
        1
      ]
    ]
  },
  "239": {
    "Id": 239,
    "AttrGrowRange": [
      [
        60,
        1
      ]
    ]
  },
  "240": {
    "Id": 240,
    "AttrGrowRange": [
      [
        60,
        1
      ]
    ]
  },
  "241": {
    "Id": 241,
    "AttrGrowRange": [
      [
        60,
        1
      ]
    ]
  },
  "242": {
    "Id": 242,
    "AttrGrowRange": [
      [
        60,
        1
      ]
    ]
  },
  "243": {
    "Id": 243,
    "AttrGrowRange": [
      [
        60,
        1
      ]
    ]
  },
  "244": {
    "Id": 244,
    "AttrGrowRange": [
      [
        60,
        1
      ]
    ]
  },
  "245": {
    "Id": 245,
    "AttrGrowRange": [
      [
        60,
        1
      ]
    ]
  },
  "246": {
    "Id": 246,
    "AttrGrowRange": [
      [
        60,
        1
      ]
    ]
  },
  "247": {
    "Id": 247,
    "AttrGrowRange": [
      [
        60,
        1
      ]
    ]
  },
  "248": {
    "Id": 248,
    "AttrGrowRange": [
      [
        60,
        1
      ]
    ]
  },
  "249": {
    "Id": 249,
    "AttrGrowRange": [
      [
        60,
        1
      ]
    ]
  },
  "250": {
    "Id": 250,
    "AttrGrowRange": [
      [
        60,
        1
      ]
    ]
  },
  "251": {
    "Id": 251,
    "AttrGrowRange": [
      [
        60,
        1
      ]
    ]
  },
  "252": {
    "Id": 252,
    "AttrGrowRange": [
      [
        60,
        1
      ]
    ]
  },
  "253": {
    "Id": 253,
    "AttrGrowRange": [
      [
        60,
        1
      ]
    ]
  },
  "254": {
    "Id": 254,
    "AttrGrowRange": [
      [
        60,
        1
      ]
    ]
  },
  "255": {
    "Id": 255,
    "AttrGrowRange": [
      [
        60,
        1
      ]
    ]
  },
  "256": {
    "Id": 256,
    "AttrGrowRange": [
      [
        60,
        1
      ]
    ]
  },
  "257": {
    "Id": 257,
    "AttrGrowRange": [
      [
        60,
        1
      ]
    ]
  },
  "258": {
    "Id": 258,
    "AttrGrowRange": [
      [
        60,
        1
      ]
    ]
  },
  "259": {
    "Id": 259,
    "AttrGrowRange": [
      [
        60,
        1
      ]
    ]
  },
  "260": {
    "Id": 260,
    "AttrGrowRange": [
      [
        60,
        1
      ]
    ]
  },
  "261": {
    "Id": 261,
    "AttrGrowRange": [
      [
        60,
        1
      ]
    ]
  },
  "262": {
    "Id": 262,
    "AttrGrowRange": [
      [
        60,
        1
      ]
    ]
  },
  "263": {
    "Id": 263,
    "AttrGrowRange": [
      [
        60,
        1
      ]
    ]
  },
  "264": {
    "Id": 264,
    "AttrGrowRange": [
      [
        60,
        1
      ]
    ]
  },
  "265": {
    "Id": 265,
    "AttrGrowRange": [
      [
        60,
        1
      ]
    ]
  },
  "266": {
    "Id": 266,
    "AttrGrowRange": [
      [
        60,
        1
      ]
    ]
  },
  "267": {
    "Id": 267,
    "AttrGrowRange": [
      [
        60,
        1
      ]
    ]
  },
  "268": {
    "Id": 268,
    "AttrGrowRange": [
      [
        60,
        1
      ]
    ]
  },
  "269": {
    "Id": 269,
    "AttrGrowRange": [
      [
        60,
        1
      ]
    ]
  },
  "270": {
    "Id": 270,
    "AttrGrowRange": [
      [
        60,
        1
      ]
    ]
  },
  "271": {
    "Id": 271,
    "AttrGrowRange": [
      [
        60,
        1
      ]
    ]
  },
  "272": {
    "Id": 272,
    "AttrGrowRange": [
      [
        60,
        1
      ]
    ]
  },
  "273": {
    "Id": 273,
    "AttrGrowRange": [
      [
        60,
        1
      ]
    ]
  },
  "274": {
    "Id": 274,
    "AttrGrowRange": [
      [
        60,
        1
      ]
    ]
  },
  "275": {
    "Id": 275,
    "AttrGrowRange": [
      [
        60,
        1
      ]
    ]
  },
  "276": {
    "Id": 276,
    "AttrGrowRange": [
      [
        60,
        1
      ]
    ]
  },
  "277": {
    "Id": 277,
    "AttrGrowRange": [
      [
        60,
        1
      ]
    ]
  },
  "278": {
    "Id": 278,
    "AttrGrowRange": [
      [
        60,
        1
      ]
    ]
  },
  "279": {
    "Id": 279,
    "AttrGrowRange": [
      [
        60,
        1
      ]
    ]
  },
  "280": {
    "Id": 280,
    "AttrGrowRange": [
      [
        60,
        1
      ]
    ]
  },
  "281": {
    "Id": 281,
    "AttrGrowRange": [
      [
        60,
        1
      ]
    ]
  },
  "282": {
    "Id": 282,
    "AttrGrowRange": [
      [
        60,
        1
      ]
    ]
  },
  "283": {
    "Id": 283,
    "AttrGrowRange": [
      [
        60,
        1
      ]
    ]
  },
  "284": {
    "Id": 284,
    "AttrGrowRange": [
      [
        60,
        1
      ]
    ]
  },
  "285": {
    "Id": 285,
    "AttrGrowRange": [
      [
        60,
        1
      ]
    ]
  },
  "286": {
    "Id": 286,
    "AttrGrowRange": [
      [
        60,
        1
      ]
    ]
  },
  "287": {
    "Id": 287,
    "AttrGrowRange": [
      [
        60,
        1
      ]
    ]
  },
  "288": {
    "Id": 288,
    "AttrGrowRange": [
      [
        60,
        1
      ]
    ]
  },
  "289": {
    "Id": 289,
    "AttrGrowRange": [
      [
        60,
        1
      ]
    ]
  },
  "290": {
    "Id": 290,
    "AttrGrowRange": [
      [
        60,
        1
      ]
    ]
  },
  "291": {
    "Id": 291,
    "AttrGrowRange": [
      [
        60,
        1
      ]
    ]
  },
  "292": {
    "Id": 292,
    "AttrGrowRange": [
      [
        60,
        1
      ]
    ]
  },
  "293": {
    "Id": 293,
    "AttrGrowRange": [
      [
        60,
        1
      ]
    ]
  },
  "294": {
    "Id": 294,
    "AttrGrowRange": [
      [
        60,
        1
      ]
    ]
  },
  "295": {
    "Id": 295,
    "AttrGrowRange": [
      [
        60,
        1
      ]
    ]
  },
  "296": {
    "Id": 296,
    "AttrGrowRange": [
      [
        60,
        1
      ]
    ]
  },
  "297": {
    "Id": 297,
    "AttrGrowRange": [
      [
        60,
        1
      ]
    ]
  },
  "298": {
    "Id": 298,
    "AttrGrowRange": [
      [
        60,
        1
      ]
    ]
  },
  "299": {
    "Id": 299,
    "AttrGrowRange": [
      [
        60,
        1
      ]
    ]
  },
  "300": {
    "Id": 300,
    "AttrGrowRange": [
      [
        60,
        1
      ]
    ]
  },
  "301": {
    "Id": 301,
    "AttrGrowRange": [
      [
        60,
        1
      ]
    ]
  },
  "302": {
    "Id": 302,
    "AttrGrowRange": [
      [
        60,
        1
      ]
    ]
  },
  "303": {
    "Id": 303,
    "AttrGrowRange": [
      [
        60,
        1
      ]
    ]
  },
  "304": {
    "Id": 304,
    "AttrGrowRange": [
      [
        60,
        1
      ]
    ]
  },
  "305": {
    "Id": 305,
    "AttrGrowRange": [
      [
        60,
        1
      ]
    ]
  },
  "306": {
    "Id": 306,
    "AttrGrowRange": [
      [
        60,
        1
      ]
    ]
  },
  "307": {
    "Id": 307,
    "AttrGrowRange": [
      [
        60,
        1
      ]
    ]
  },
  "308": {
    "Id": 308,
    "AttrGrowRange": [
      [
        60,
        1
      ]
    ]
  },
  "309": {
    "Id": 309,
    "AttrGrowRange": [
      [
        60,
        1
      ]
    ]
  },
  "310": {
    "Id": 310,
    "AttrGrowRange": [
      [
        60,
        1
      ]
    ]
  },
  "311": {
    "Id": 311,
    "AttrGrowRange": [
      [
        60,
        1
      ]
    ]
  },
  "312": {
    "Id": 312,
    "AttrGrowRange": [
      [
        60,
        1
      ]
    ]
  },
  "313": {
    "Id": 313,
    "AttrGrowRange": [
      [
        60,
        1
      ]
    ]
  },
  "314": {
    "Id": 314,
    "AttrGrowRange": [
      [
        60,
        1
      ]
    ]
  },
  "315": {
    "Id": 315,
    "AttrGrowRange": [
      [
        60,
        1
      ]
    ]
  },
  "316": {
    "Id": 316,
    "AttrGrowRange": [
      [
        60,
        1
      ]
    ]
  },
  "317": {
    "Id": 317,
    "AttrGrowRange": [
      [
        60,
        1
      ]
    ]
  },
  "318": {
    "Id": 318,
    "AttrGrowRange": [
      [
        60,
        1
      ]
    ]
  },
  "319": {
    "Id": 319,
    "AttrGrowRange": [
      [
        60,
        1
      ]
    ]
  },
  "320": {
    "Id": 320,
    "AttrGrowRange": [
      [
        60,
        1
      ]
    ]
  },
  "321": {
    "Id": 321,
    "AttrGrowRange": [
      [
        60,
        1
      ]
    ]
  },
  "322": {
    "Id": 322,
    "AttrGrowRange": [
      [
        60,
        1
      ]
    ]
  },
  "323": {
    "Id": 323,
    "AttrGrowRange": [
      [
        60,
        1
      ]
    ]
  },
  "324": {
    "Id": 324,
    "AttrGrowRange": [
      [
        60,
        1
      ]
    ]
  },
  "325": {
    "Id": 325,
    "AttrGrowRange": [
      [
        60,
        1
      ]
    ]
  },
  "326": {
    "Id": 326,
    "AttrGrowRange": [
      [
        60,
        1
      ]
    ]
  },
  "327": {
    "Id": 327,
    "AttrGrowRange": [
      [
        60,
        1
      ]
    ]
  },
  "328": {
    "Id": 328,
    "AttrGrowRange": [
      [
        60,
        1
      ]
    ]
  },
  "329": {
    "Id": 329,
    "AttrGrowRange": [
      [
        60,
        1
      ]
    ]
  },
  "330": {
    "Id": 330,
    "AttrGrowRange": [
      [
        60,
        1
      ]
    ]
  }
}