{
  "1": {
    "Id": 1,
    "BattlePassCardId": 1,
    "SeasonLevel": 1,
    "SeasonExp": 500,
    "FreeAward": [],
    "PaidAward": [
      20121010
    ],
    "KeyAward": 0
  },
  "2": {
    "Id": 2,
    "BattlePassCardId": 1,
    "SeasonLevel": 2,
    "SeasonExp": 500,
    "FreeAward": [
      20120020
    ],
    "PaidAward": [
      20121020
    ],
    "KeyAward": 0
  },
  "3": {
    "Id": 3,
    "BattlePassCardId": 1,
    "SeasonLevel": 3,
    "SeasonExp": 500,
    "FreeAward": [
      20120030
    ],
    "PaidAward": [
      20121030
    ],
    "KeyAward": 0
  },
  "4": {
    "Id": 4,
    "BattlePassCardId": 1,
    "SeasonLevel": 4,
    "SeasonExp": 500,
    "FreeAward": [
      20120040
    ],
    "PaidAward": [
      20121040
    ],
    "KeyAward": 0
  },
  "5": {
    "Id": 5,
    "BattlePassCardId": 1,
    "SeasonLevel": 5,
    "SeasonExp": 500,
    "FreeAward": [
      20120050
    ],
    "PaidAward": [
      20121050
    ],
    "KeyAward": 0
  },
  "6": {
    "Id": 6,
    "BattlePassCardId": 1,
    "SeasonLevel": 6,
    "SeasonExp": 500,
    "FreeAward": [
      20120060
    ],
    "PaidAward": [
      20121060
    ],
    "KeyAward": 0
  },
  "7": {
    "Id": 7,
    "BattlePassCardId": 1,
    "SeasonLevel": 7,
    "SeasonExp": 500,
    "FreeAward": [
      20120070
    ],
    "PaidAward": [
      20121070
    ],
    "KeyAward": 0
  },
  "8": {
    "Id": 8,
    "BattlePassCardId": 1,
    "SeasonLevel": 8,
    "SeasonExp": 500,
    "FreeAward": [
      20120080
    ],
    "PaidAward": [
      20121080
    ],
    "KeyAward": 0
  },
  "9": {
    "Id": 9,
    "BattlePassCardId": 1,
    "SeasonLevel": 9,
    "SeasonExp": 500,
    "FreeAward": [
      20120090
    ],
    "PaidAward": [
      20121090
    ],
    "KeyAward": 0
  },
  "10": {
    "Id": 10,
    "BattlePassCardId": 1,
    "SeasonLevel": 10,
    "SeasonExp": 500,
    "FreeAward": [
      20120100
    ],
    "PaidAward": [
      20121100
    ],
    "KeyAward": 1
  },
  "11": {
    "Id": 11,
    "BattlePassCardId": 1,
    "SeasonLevel": 11,
    "SeasonExp": 500,
    "FreeAward": [
      20120110
    ],
    "PaidAward": [
      20121110
    ],
    "KeyAward": 0
  },
  "12": {
    "Id": 12,
    "BattlePassCardId": 1,
    "SeasonLevel": 12,
    "SeasonExp": 500,
    "FreeAward": [
      20120120
    ],
    "PaidAward": [
      20121120
    ],
    "KeyAward": 0
  },
  "13": {
    "Id": 13,
    "BattlePassCardId": 1,
    "SeasonLevel": 13,
    "SeasonExp": 500,
    "FreeAward": [
      20120130
    ],
    "PaidAward": [
      20121130
    ],
    "KeyAward": 0
  },
  "14": {
    "Id": 14,
    "BattlePassCardId": 1,
    "SeasonLevel": 14,
    "SeasonExp": 500,
    "FreeAward": [
      20120140
    ],
    "PaidAward": [
      20121140
    ],
    "KeyAward": 0
  },
  "15": {
    "Id": 15,
    "BattlePassCardId": 1,
    "SeasonLevel": 15,
    "SeasonExp": 500,
    "FreeAward": [
      20120150
    ],
    "PaidAward": [
      20121150
    ],
    "KeyAward": 1
  },
  "16": {
    "Id": 16,
    "BattlePassCardId": 1,
    "SeasonLevel": 16,
    "SeasonExp": 500,
    "FreeAward": [
      20120160
    ],
    "PaidAward": [
      20121160
    ],
    "KeyAward": 0
  },
  "17": {
    "Id": 17,
    "BattlePassCardId": 1,
    "SeasonLevel": 17,
    "SeasonExp": 500,
    "FreeAward": [
      20120170
    ],
    "PaidAward": [
      20121170
    ],
    "KeyAward": 0
  },
  "18": {
    "Id": 18,
    "BattlePassCardId": 1,
    "SeasonLevel": 18,
    "SeasonExp": 500,
    "FreeAward": [
      20120180
    ],
    "PaidAward": [
      20121180
    ],
    "KeyAward": 0
  },
  "19": {
    "Id": 19,
    "BattlePassCardId": 1,
    "SeasonLevel": 19,
    "SeasonExp": 500,
    "FreeAward": [
      20120190
    ],
    "PaidAward": [
      20121190
    ],
    "KeyAward": 0
  },
  "20": {
    "Id": 20,
    "BattlePassCardId": 1,
    "SeasonLevel": 20,
    "SeasonExp": 500,
    "FreeAward": [
      20120200
    ],
    "PaidAward": [
      20121200
    ],
    "KeyAward": 1
  },
  "21": {
    "Id": 21,
    "BattlePassCardId": 1,
    "SeasonLevel": 21,
    "SeasonExp": 500,
    "FreeAward": [
      20120210
    ],
    "PaidAward": [
      20121210
    ],
    "KeyAward": 0
  },
  "22": {
    "Id": 22,
    "BattlePassCardId": 1,
    "SeasonLevel": 22,
    "SeasonExp": 500,
    "FreeAward": [
      20120220
    ],
    "PaidAward": [
      20121220
    ],
    "KeyAward": 0
  },
  "23": {
    "Id": 23,
    "BattlePassCardId": 1,
    "SeasonLevel": 23,
    "SeasonExp": 500,
    "FreeAward": [
      20120230
    ],
    "PaidAward": [
      20121230
    ],
    "KeyAward": 0
  },
  "24": {
    "Id": 24,
    "BattlePassCardId": 1,
    "SeasonLevel": 24,
    "SeasonExp": 500,
    "FreeAward": [
      20120240
    ],
    "PaidAward": [
      20121240
    ],
    "KeyAward": 0
  },
  "25": {
    "Id": 25,
    "BattlePassCardId": 1,
    "SeasonLevel": 25,
    "SeasonExp": 500,
    "FreeAward": [
      20120250
    ],
    "PaidAward": [
      20121250
    ],
    "KeyAward": 1
  },
  "26": {
    "Id": 26,
    "BattlePassCardId": 1,
    "SeasonLevel": 26,
    "SeasonExp": 500,
    "FreeAward": [
      20120260
    ],
    "PaidAward": [
      20121260
    ],
    "KeyAward": 0
  },
  "27": {
    "Id": 27,
    "BattlePassCardId": 1,
    "SeasonLevel": 27,
    "SeasonExp": 500,
    "FreeAward": [
      20120270
    ],
    "PaidAward": [
      20121270
    ],
    "KeyAward": 0
  },
  "28": {
    "Id": 28,
    "BattlePassCardId": 1,
    "SeasonLevel": 28,
    "SeasonExp": 500,
    "FreeAward": [
      20120280
    ],
    "PaidAward": [
      20121280
    ],
    "KeyAward": 0
  },
  "29": {
    "Id": 29,
    "BattlePassCardId": 1,
    "SeasonLevel": 29,
    "SeasonExp": 500,
    "FreeAward": [
      20120290
    ],
    "PaidAward": [
      20121290
    ],
    "KeyAward": 0
  },
  "30": {
    "Id": 30,
    "BattlePassCardId": 1,
    "SeasonLevel": 30,
    "SeasonExp": 500,
    "FreeAward": [
      20120300
    ],
    "PaidAward": [
      20121300,
      40000260
    ],
    "KeyAward": 1
  },
  "31": {
    "Id": 31,
    "BattlePassCardId": 1,
    "SeasonLevel": 31,
    "SeasonExp": 500,
    "FreeAward": [
      20120310
    ],
    "PaidAward": [
      20121310
    ],
    "KeyAward": 0
  },
  "32": {
    "Id": 32,
    "BattlePassCardId": 1,
    "SeasonLevel": 32,
    "SeasonExp": 500,
    "FreeAward": [
      20120320
    ],
    "PaidAward": [
      20121320
    ],
    "KeyAward": 0
  },
  "33": {
    "Id": 33,
    "BattlePassCardId": 1,
    "SeasonLevel": 33,
    "SeasonExp": 500,
    "FreeAward": [
      20120330
    ],
    "PaidAward": [
      20121330
    ],
    "KeyAward": 0
  },
  "34": {
    "Id": 34,
    "BattlePassCardId": 1,
    "SeasonLevel": 34,
    "SeasonExp": 500,
    "FreeAward": [
      20120340
    ],
    "PaidAward": [
      20121340
    ],
    "KeyAward": 0
  },
  "35": {
    "Id": 35,
    "BattlePassCardId": 1,
    "SeasonLevel": 35,
    "SeasonExp": 500,
    "FreeAward": [
      20120350
    ],
    "PaidAward": [
      20121350
    ],
    "KeyAward": 1
  },
  "36": {
    "Id": 36,
    "BattlePassCardId": 1,
    "SeasonLevel": 36,
    "SeasonExp": 500,
    "FreeAward": [
      20120360
    ],
    "PaidAward": [
      20121360
    ],
    "KeyAward": 0
  },
  "37": {
    "Id": 37,
    "BattlePassCardId": 1,
    "SeasonLevel": 37,
    "SeasonExp": 500,
    "FreeAward": [
      20120370
    ],
    "PaidAward": [
      20121370
    ],
    "KeyAward": 0
  },
  "38": {
    "Id": 38,
    "BattlePassCardId": 1,
    "SeasonLevel": 38,
    "SeasonExp": 500,
    "FreeAward": [
      20120380
    ],
    "PaidAward": [
      20121380
    ],
    "KeyAward": 0
  },
  "39": {
    "Id": 39,
    "BattlePassCardId": 1,
    "SeasonLevel": 39,
    "SeasonExp": 500,
    "FreeAward": [
      20120390
    ],
    "PaidAward": [
      20121390
    ],
    "KeyAward": 0
  },
  "40": {
    "Id": 40,
    "BattlePassCardId": 1,
    "SeasonLevel": 40,
    "SeasonExp": 500,
    "FreeAward": [
      20120400
    ],
    "PaidAward": [
      20121400
    ],
    "KeyAward": 1
  },
  "41": {
    "Id": 41,
    "BattlePassCardId": 1,
    "SeasonLevel": 41,
    "SeasonExp": 500,
    "FreeAward": [
      20120410
    ],
    "PaidAward": [
      20121410
    ],
    "KeyAward": 0
  },
  "42": {
    "Id": 42,
    "BattlePassCardId": 1,
    "SeasonLevel": 42,
    "SeasonExp": 500,
    "FreeAward": [
      20120420
    ],
    "PaidAward": [
      20121420
    ],
    "KeyAward": 0
  },
  "43": {
    "Id": 43,
    "BattlePassCardId": 1,
    "SeasonLevel": 43,
    "SeasonExp": 500,
    "FreeAward": [
      20120430
    ],
    "PaidAward": [
      20121430
    ],
    "KeyAward": 0
  },
  "44": {
    "Id": 44,
    "BattlePassCardId": 1,
    "SeasonLevel": 44,
    "SeasonExp": 500,
    "FreeAward": [
      20120440
    ],
    "PaidAward": [
      20121440
    ],
    "KeyAward": 0
  },
  "45": {
    "Id": 45,
    "BattlePassCardId": 1,
    "SeasonLevel": 45,
    "SeasonExp": 500,
    "FreeAward": [
      20120450
    ],
    "PaidAward": [
      20121450
    ],
    "KeyAward": 1
  },
  "46": {
    "Id": 46,
    "BattlePassCardId": 1,
    "SeasonLevel": 46,
    "SeasonExp": 500,
    "FreeAward": [
      20120460
    ],
    "PaidAward": [
      20121460
    ],
    "KeyAward": 0
  },
  "47": {
    "Id": 47,
    "BattlePassCardId": 1,
    "SeasonLevel": 47,
    "SeasonExp": 500,
    "FreeAward": [
      20120470
    ],
    "PaidAward": [
      20121470
    ],
    "KeyAward": 0
  },
  "48": {
    "Id": 48,
    "BattlePassCardId": 1,
    "SeasonLevel": 48,
    "SeasonExp": 500,
    "FreeAward": [
      20120480
    ],
    "PaidAward": [
      20121480
    ],
    "KeyAward": 0
  },
  "49": {
    "Id": 49,
    "BattlePassCardId": 1,
    "SeasonLevel": 49,
    "SeasonExp": 500,
    "FreeAward": [
      20120490
    ],
    "PaidAward": [
      20121490
    ],
    "KeyAward": 0
  },
  "50": {
    "Id": 50,
    "BattlePassCardId": 1,
    "SeasonLevel": 50,
    "SeasonExp": 500,
    "FreeAward": [
      20120500
    ],
    "PaidAward": [
      20121500,
      40001640
    ],
    "KeyAward": 1
  },
  "51": {
    "Id": 51,
    "BattlePassCardId": 1,
    "SeasonLevel": 51,
    "SeasonExp": 500,
    "FreeAward": [
      20120510
    ],
    "PaidAward": [
      20121510
    ],
    "KeyAward": 0
  },
  "52": {
    "Id": 52,
    "BattlePassCardId": 1,
    "SeasonLevel": 52,
    "SeasonExp": 500,
    "FreeAward": [
      20120520
    ],
    "PaidAward": [
      20121520
    ],
    "KeyAward": 0
  },
  "53": {
    "Id": 53,
    "BattlePassCardId": 1,
    "SeasonLevel": 53,
    "SeasonExp": 500,
    "FreeAward": [
      20120530
    ],
    "PaidAward": [
      20121530
    ],
    "KeyAward": 0
  },
  "54": {
    "Id": 54,
    "BattlePassCardId": 1,
    "SeasonLevel": 54,
    "SeasonExp": 500,
    "FreeAward": [
      20120540
    ],
    "PaidAward": [
      20121540
    ],
    "KeyAward": 0
  },
  "55": {
    "Id": 55,
    "BattlePassCardId": 1,
    "SeasonLevel": 55,
    "SeasonExp": 500,
    "FreeAward": [
      20120550
    ],
    "PaidAward": [
      20121550
    ],
    "KeyAward": 1
  },
  "56": {
    "Id": 56,
    "BattlePassCardId": 1,
    "SeasonLevel": 56,
    "SeasonExp": 500,
    "FreeAward": [
      20120560
    ],
    "PaidAward": [
      20121560
    ],
    "KeyAward": 0
  },
  "57": {
    "Id": 57,
    "BattlePassCardId": 1,
    "SeasonLevel": 57,
    "SeasonExp": 500,
    "FreeAward": [
      20120570
    ],
    "PaidAward": [
      20121570
    ],
    "KeyAward": 0
  },
  "58": {
    "Id": 58,
    "BattlePassCardId": 1,
    "SeasonLevel": 58,
    "SeasonExp": 500,
    "FreeAward": [
      20120580
    ],
    "PaidAward": [
      20121580
    ],
    "KeyAward": 0
  },
  "59": {
    "Id": 59,
    "BattlePassCardId": 1,
    "SeasonLevel": 59,
    "SeasonExp": 500,
    "FreeAward": [
      20120590
    ],
    "PaidAward": [
      20121590
    ],
    "KeyAward": 0
  },
  "60": {
    "Id": 60,
    "BattlePassCardId": 1,
    "SeasonLevel": 60,
    "SeasonExp": 500,
    "FreeAward": [
      20120600
    ],
    "PaidAward": [
      20121600
    ],
    "KeyAward": 1
  },
  "61": {
    "Id": 61,
    "BattlePassCardId": 1,
    "SeasonLevel": 61,
    "SeasonExp": 500,
    "FreeAward": [
      20120610
    ],
    "PaidAward": [
      20121610
    ],
    "KeyAward": 0
  },
  "62": {
    "Id": 62,
    "BattlePassCardId": 1,
    "SeasonLevel": 62,
    "SeasonExp": 500,
    "FreeAward": [
      20120620
    ],
    "PaidAward": [
      20121620
    ],
    "KeyAward": 0
  },
  "63": {
    "Id": 63,
    "BattlePassCardId": 1,
    "SeasonLevel": 63,
    "SeasonExp": 500,
    "FreeAward": [
      20120630
    ],
    "PaidAward": [
      20121630
    ],
    "KeyAward": 0
  },
  "64": {
    "Id": 64,
    "BattlePassCardId": 1,
    "SeasonLevel": 64,
    "SeasonExp": 500,
    "FreeAward": [
      20120640
    ],
    "PaidAward": [
      20121640
    ],
    "KeyAward": 0
  },
  "65": {
    "Id": 65,
    "BattlePassCardId": 1,
    "SeasonLevel": 65,
    "SeasonExp": 500,
    "FreeAward": [
      20120650
    ],
    "PaidAward": [
      20121650
    ],
    "KeyAward": 1
  },
  "66": {
    "Id": 66,
    "BattlePassCardId": 1,
    "SeasonLevel": 66,
    "SeasonExp": 500,
    "FreeAward": [
      20120660
    ],
    "PaidAward": [
      20121660
    ],
    "KeyAward": 0
  },
  "67": {
    "Id": 67,
    "BattlePassCardId": 1,
    "SeasonLevel": 67,
    "SeasonExp": 500,
    "FreeAward": [
      20120670
    ],
    "PaidAward": [
      20121670
    ],
    "KeyAward": 0
  },
  "68": {
    "Id": 68,
    "BattlePassCardId": 1,
    "SeasonLevel": 68,
    "SeasonExp": 500,
    "FreeAward": [
      20120680
    ],
    "PaidAward": [
      20121680
    ],
    "KeyAward": 0
  },
  "69": {
    "Id": 69,
    "BattlePassCardId": 1,
    "SeasonLevel": 69,
    "SeasonExp": 500,
    "FreeAward": [
      20120690
    ],
    "PaidAward": [
      20121690
    ],
    "KeyAward": 0
  },
  "70": {
    "Id": 70,
    "BattlePassCardId": 1,
    "SeasonLevel": 70,
    "SeasonExp": 500,
    "FreeAward": [
      20120700
    ],
    "PaidAward": [
      20121700
    ],
    "KeyAward": 1
  },
  "71": {
    "Id": 71,
    "BattlePassCardId": 1,
    "SeasonLevel": 71,
    "SeasonExp": 500,
    "FreeAward": [
      20120710
    ],
    "PaidAward": [
      20121710
    ],
    "KeyAward": 0
  },
  "72": {
    "Id": 72,
    "BattlePassCardId": 1,
    "SeasonLevel": 72,
    "SeasonExp": 500,
    "FreeAward": [
      20120720
    ],
    "PaidAward": [
      20121720
    ],
    "KeyAward": 0
  },
  "73": {
    "Id": 73,
    "BattlePassCardId": 1,
    "SeasonLevel": 73,
    "SeasonExp": 500,
    "FreeAward": [
      20120730
    ],
    "PaidAward": [
      20121730
    ],
    "KeyAward": 0
  },
  "74": {
    "Id": 74,
    "BattlePassCardId": 1,
    "SeasonLevel": 74,
    "SeasonExp": 500,
    "FreeAward": [
      20120740
    ],
    "PaidAward": [
      20121740
    ],
    "KeyAward": 0
  },
  "75": {
    "Id": 75,
    "BattlePassCardId": 1,
    "SeasonLevel": 75,
    "SeasonExp": 500,
    "FreeAward": [
      20120750
    ],
    "PaidAward": [
      20121750
    ],
    "KeyAward": 1
  },
  "76": {
    "Id": 76,
    "BattlePassCardId": 1,
    "SeasonLevel": 76,
    "SeasonExp": 500,
    "FreeAward": [
      20120760
    ],
    "PaidAward": [
      20121760
    ],
    "KeyAward": 0
  },
  "77": {
    "Id": 77,
    "BattlePassCardId": 1,
    "SeasonLevel": 77,
    "SeasonExp": 500,
    "FreeAward": [
      20120770
    ],
    "PaidAward": [
      20121770
    ],
    "KeyAward": 0
  },
  "78": {
    "Id": 78,
    "BattlePassCardId": 1,
    "SeasonLevel": 78,
    "SeasonExp": 500,
    "FreeAward": [
      20120780
    ],
    "PaidAward": [
      20121780
    ],
    "KeyAward": 0
  },
  "79": {
    "Id": 79,
    "BattlePassCardId": 1,
    "SeasonLevel": 79,
    "SeasonExp": 500,
    "FreeAward": [
      20120790
    ],
    "PaidAward": [
      20121790
    ],
    "KeyAward": 0
  },
  "80": {
    "Id": 80,
    "BattlePassCardId": 1,
    "SeasonLevel": 80,
    "SeasonExp": 500,
    "FreeAward": [
      20120800
    ],
    "PaidAward": [
      20121800
    ],
    "KeyAward": 1
  },
  "81": {
    "Id": 81,
    "BattlePassCardId": 1,
    "SeasonLevel": 81,
    "SeasonExp": 500,
    "FreeAward": [
      20120810
    ],
    "PaidAward": [
      20121810
    ],
    "KeyAward": 0
  },
  "82": {
    "Id": 82,
    "BattlePassCardId": 1,
    "SeasonLevel": 82,
    "SeasonExp": 500,
    "FreeAward": [
      20120820
    ],
    "PaidAward": [
      20121820
    ],
    "KeyAward": 0
  },
  "83": {
    "Id": 83,
    "BattlePassCardId": 1,
    "SeasonLevel": 83,
    "SeasonExp": 500,
    "FreeAward": [
      20120830
    ],
    "PaidAward": [
      20121830
    ],
    "KeyAward": 0
  },
  "84": {
    "Id": 84,
    "BattlePassCardId": 1,
    "SeasonLevel": 84,
    "SeasonExp": 500,
    "FreeAward": [
      20120840
    ],
    "PaidAward": [
      20121840
    ],
    "KeyAward": 0
  },
  "85": {
    "Id": 85,
    "BattlePassCardId": 1,
    "SeasonLevel": 85,
    "SeasonExp": 500,
    "FreeAward": [
      20120850
    ],
    "PaidAward": [
      20121850
    ],
    "KeyAward": 0
  },
  "86": {
    "Id": 86,
    "BattlePassCardId": 1,
    "SeasonLevel": 86,
    "SeasonExp": 500,
    "FreeAward": [
      20120860
    ],
    "PaidAward": [
      20121860
    ],
    "KeyAward": 0
  },
  "87": {
    "Id": 87,
    "BattlePassCardId": 1,
    "SeasonLevel": 87,
    "SeasonExp": 500,
    "FreeAward": [
      20120870
    ],
    "PaidAward": [
      20121870
    ],
    "KeyAward": 0
  },
  "88": {
    "Id": 88,
    "BattlePassCardId": 1,
    "SeasonLevel": 88,
    "SeasonExp": 500,
    "FreeAward": [
      20120880
    ],
    "PaidAward": [
      20121880
    ],
    "KeyAward": 0
  },
  "89": {
    "Id": 89,
    "BattlePassCardId": 1,
    "SeasonLevel": 89,
    "SeasonExp": 500,
    "FreeAward": [
      20120890
    ],
    "PaidAward": [
      20121890
    ],
    "KeyAward": 0
  },
  "90": {
    "Id": 90,
    "BattlePassCardId": 1,
    "SeasonLevel": 90,
    "SeasonExp": 500,
    "FreeAward": [
      20120900
    ],
    "PaidAward": [
      20121900
    ],
    "KeyAward": 0
  },
  "91": {
    "Id": 91,
    "BattlePassCardId": 1,
    "SeasonLevel": 91,
    "SeasonExp": 500,
    "FreeAward": [
      20120910
    ],
    "PaidAward": [
      20121910
    ],
    "KeyAward": 0
  },
  "92": {
    "Id": 92,
    "BattlePassCardId": 1,
    "SeasonLevel": 92,
    "SeasonExp": 500,
    "FreeAward": [
      20120920
    ],
    "PaidAward": [
      20121920
    ],
    "KeyAward": 0
  },
  "93": {
    "Id": 93,
    "BattlePassCardId": 1,
    "SeasonLevel": 93,
    "SeasonExp": 500,
    "FreeAward": [
      20120930
    ],
    "PaidAward": [
      20121930
    ],
    "KeyAward": 0
  },
  "94": {
    "Id": 94,
    "BattlePassCardId": 1,
    "SeasonLevel": 94,
    "SeasonExp": 500,
    "FreeAward": [
      20120940
    ],
    "PaidAward": [
      20121940
    ],
    "KeyAward": 0
  },
  "95": {
    "Id": 95,
    "BattlePassCardId": 1,
    "SeasonLevel": 95,
    "SeasonExp": 500,
    "FreeAward": [
      20120950
    ],
    "PaidAward": [
      20121950
    ],
    "KeyAward": 0
  },
  "96": {
    "Id": 96,
    "BattlePassCardId": 1,
    "SeasonLevel": 96,
    "SeasonExp": 500,
    "FreeAward": [
      20120960
    ],
    "PaidAward": [
      20121960
    ],
    "KeyAward": 0
  },
  "97": {
    "Id": 97,
    "BattlePassCardId": 1,
    "SeasonLevel": 97,
    "SeasonExp": 500,
    "FreeAward": [
      20120970
    ],
    "PaidAward": [
      20121970
    ],
    "KeyAward": 0
  },
  "98": {
    "Id": 98,
    "BattlePassCardId": 1,
    "SeasonLevel": 98,
    "SeasonExp": 500,
    "FreeAward": [
      20120980
    ],
    "PaidAward": [
      20121980
    ],
    "KeyAward": 0
  },
  "99": {
    "Id": 99,
    "BattlePassCardId": 1,
    "SeasonLevel": 99,
    "SeasonExp": 500,
    "FreeAward": [
      20120990
    ],
    "PaidAward": [
      20121990
    ],
    "KeyAward": 0
  },
  "100": {
    "Id": 100,
    "BattlePassCardId": 1,
    "SeasonLevel": 100,
    "SeasonExp": 500,
    "FreeAward": [
      20121000
    ],
    "PaidAward": [
      20122000
    ],
    "KeyAward": 0
  },
  "101": {
    "Id": 101,
    "BattlePassCardId": 2,
    "SeasonLevel": 1,
    "SeasonExp": 500,
    "FreeAward": [
      20122001
    ],
    "PaidAward": [
      20122101
    ],
    "KeyAward": 0
  },
  "102": {
    "Id": 102,
    "BattlePassCardId": 2,
    "SeasonLevel": 2,
    "SeasonExp": 500,
    "FreeAward": [
      20122002
    ],
    "PaidAward": [
      20122102
    ],
    "KeyAward": 0
  },
  "103": {
    "Id": 103,
    "BattlePassCardId": 2,
    "SeasonLevel": 3,
    "SeasonExp": 500,
    "FreeAward": [
      20122003
    ],
    "PaidAward": [
      20122103
    ],
    "KeyAward": 0
  },
  "104": {
    "Id": 104,
    "BattlePassCardId": 2,
    "SeasonLevel": 4,
    "SeasonExp": 500,
    "FreeAward": [
      20122004
    ],
    "PaidAward": [
      20122104
    ],
    "KeyAward": 0
  },
  "105": {
    "Id": 105,
    "BattlePassCardId": 2,
    "SeasonLevel": 5,
    "SeasonExp": 500,
    "FreeAward": [
      20122005
    ],
    "PaidAward": [
      20122105
    ],
    "KeyAward": 0
  },
  "106": {
    "Id": 106,
    "BattlePassCardId": 2,
    "SeasonLevel": 6,
    "SeasonExp": 500,
    "FreeAward": [
      20122006
    ],
    "PaidAward": [
      20122106
    ],
    "KeyAward": 0
  },
  "107": {
    "Id": 107,
    "BattlePassCardId": 2,
    "SeasonLevel": 7,
    "SeasonExp": 500,
    "FreeAward": [
      20122007
    ],
    "PaidAward": [
      20122107
    ],
    "KeyAward": 0
  },
  "108": {
    "Id": 108,
    "BattlePassCardId": 2,
    "SeasonLevel": 8,
    "SeasonExp": 500,
    "FreeAward": [
      20122008
    ],
    "PaidAward": [
      20122108
    ],
    "KeyAward": 0
  },
  "109": {
    "Id": 109,
    "BattlePassCardId": 2,
    "SeasonLevel": 9,
    "SeasonExp": 500,
    "FreeAward": [
      20122009
    ],
    "PaidAward": [
      20122109
    ],
    "KeyAward": 0
  },
  "110": {
    "Id": 110,
    "BattlePassCardId": 2,
    "SeasonLevel": 10,
    "SeasonExp": 500,
    "FreeAward": [
      20122010
    ],
    "PaidAward": [
      20122110
    ],
    "KeyAward": 1
  },
  "111": {
    "Id": 111,
    "BattlePassCardId": 2,
    "SeasonLevel": 11,
    "SeasonExp": 500,
    "FreeAward": [
      20122011
    ],
    "PaidAward": [
      20122111
    ],
    "KeyAward": 0
  },
  "112": {
    "Id": 112,
    "BattlePassCardId": 2,
    "SeasonLevel": 12,
    "SeasonExp": 500,
    "FreeAward": [
      20122012
    ],
    "PaidAward": [
      20122112
    ],
    "KeyAward": 0
  },
  "113": {
    "Id": 113,
    "BattlePassCardId": 2,
    "SeasonLevel": 13,
    "SeasonExp": 500,
    "FreeAward": [
      20122013
    ],
    "PaidAward": [
      20122113
    ],
    "KeyAward": 0
  },
  "114": {
    "Id": 114,
    "BattlePassCardId": 2,
    "SeasonLevel": 14,
    "SeasonExp": 500,
    "FreeAward": [
      20122014
    ],
    "PaidAward": [
      20122114
    ],
    "KeyAward": 0
  },
  "115": {
    "Id": 115,
    "BattlePassCardId": 2,
    "SeasonLevel": 15,
    "SeasonExp": 500,
    "FreeAward": [
      20122015
    ],
    "PaidAward": [
      20122115
    ],
    "KeyAward": 1
  },
  "116": {
    "Id": 116,
    "BattlePassCardId": 2,
    "SeasonLevel": 16,
    "SeasonExp": 500,
    "FreeAward": [
      20122016
    ],
    "PaidAward": [
      20122116
    ],
    "KeyAward": 0
  },
  "117": {
    "Id": 117,
    "BattlePassCardId": 2,
    "SeasonLevel": 17,
    "SeasonExp": 500,
    "FreeAward": [
      20122017
    ],
    "PaidAward": [
      20122117
    ],
    "KeyAward": 0
  },
  "118": {
    "Id": 118,
    "BattlePassCardId": 2,
    "SeasonLevel": 18,
    "SeasonExp": 500,
    "FreeAward": [
      20122018
    ],
    "PaidAward": [
      20122118
    ],
    "KeyAward": 0
  },
  "119": {
    "Id": 119,
    "BattlePassCardId": 2,
    "SeasonLevel": 19,
    "SeasonExp": 500,
    "FreeAward": [
      20122019
    ],
    "PaidAward": [
      20122119
    ],
    "KeyAward": 0
  },
  "120": {
    "Id": 120,
    "BattlePassCardId": 2,
    "SeasonLevel": 20,
    "SeasonExp": 500,
    "FreeAward": [
      20122020
    ],
    "PaidAward": [
      20122120
    ],
    "KeyAward": 1
  },
  "121": {
    "Id": 121,
    "BattlePassCardId": 2,
    "SeasonLevel": 21,
    "SeasonExp": 500,
    "FreeAward": [
      20122021
    ],
    "PaidAward": [
      20122121
    ],
    "KeyAward": 0
  },
  "122": {
    "Id": 122,
    "BattlePassCardId": 2,
    "SeasonLevel": 22,
    "SeasonExp": 500,
    "FreeAward": [
      20122022
    ],
    "PaidAward": [
      20122122
    ],
    "KeyAward": 0
  },
  "123": {
    "Id": 123,
    "BattlePassCardId": 2,
    "SeasonLevel": 23,
    "SeasonExp": 500,
    "FreeAward": [
      20122023
    ],
    "PaidAward": [
      20122123
    ],
    "KeyAward": 0
  },
  "124": {
    "Id": 124,
    "BattlePassCardId": 2,
    "SeasonLevel": 24,
    "SeasonExp": 500,
    "FreeAward": [
      20122024
    ],
    "PaidAward": [
      20122124
    ],
    "KeyAward": 0
  },
  "125": {
    "Id": 125,
    "BattlePassCardId": 2,
    "SeasonLevel": 25,
    "SeasonExp": 500,
    "FreeAward": [
      20122025
    ],
    "PaidAward": [
      20122125
    ],
    "KeyAward": 1
  },
  "126": {
    "Id": 126,
    "BattlePassCardId": 2,
    "SeasonLevel": 26,
    "SeasonExp": 500,
    "FreeAward": [
      20122026
    ],
    "PaidAward": [
      20122126
    ],
    "KeyAward": 0
  },
  "127": {
    "Id": 127,
    "BattlePassCardId": 2,
    "SeasonLevel": 27,
    "SeasonExp": 500,
    "FreeAward": [
      20122027
    ],
    "PaidAward": [
      20122127
    ],
    "KeyAward": 0
  },
  "128": {
    "Id": 128,
    "BattlePassCardId": 2,
    "SeasonLevel": 28,
    "SeasonExp": 500,
    "FreeAward": [
      20122028
    ],
    "PaidAward": [
      20122128
    ],
    "KeyAward": 0
  },
  "129": {
    "Id": 129,
    "BattlePassCardId": 2,
    "SeasonLevel": 29,
    "SeasonExp": 500,
    "FreeAward": [
      20122029
    ],
    "PaidAward": [
      20122129
    ],
    "KeyAward": 0
  },
  "130": {
    "Id": 130,
    "BattlePassCardId": 2,
    "SeasonLevel": 30,
    "SeasonExp": 500,
    "FreeAward": [
      20122030
    ],
    "PaidAward": [
      20122130
    ],
    "KeyAward": 1
  },
  "131": {
    "Id": 131,
    "BattlePassCardId": 2,
    "SeasonLevel": 31,
    "SeasonExp": 500,
    "FreeAward": [
      20122031
    ],
    "PaidAward": [
      20122131
    ],
    "KeyAward": 0
  },
  "132": {
    "Id": 132,
    "BattlePassCardId": 2,
    "SeasonLevel": 32,
    "SeasonExp": 500,
    "FreeAward": [
      20122032
    ],
    "PaidAward": [
      20122132
    ],
    "KeyAward": 0
  },
  "133": {
    "Id": 133,
    "BattlePassCardId": 2,
    "SeasonLevel": 33,
    "SeasonExp": 500,
    "FreeAward": [
      20122033
    ],
    "PaidAward": [
      20122133
    ],
    "KeyAward": 0
  },
  "134": {
    "Id": 134,
    "BattlePassCardId": 2,
    "SeasonLevel": 34,
    "SeasonExp": 500,
    "FreeAward": [
      20122034
    ],
    "PaidAward": [
      20122134
    ],
    "KeyAward": 0
  },
  "135": {
    "Id": 135,
    "BattlePassCardId": 2,
    "SeasonLevel": 35,
    "SeasonExp": 500,
    "FreeAward": [
      20122035
    ],
    "PaidAward": [
      20122135
    ],
    "KeyAward": 1
  },
  "136": {
    "Id": 136,
    "BattlePassCardId": 2,
    "SeasonLevel": 36,
    "SeasonExp": 500,
    "FreeAward": [
      20122036
    ],
    "PaidAward": [
      20122136
    ],
    "KeyAward": 0
  },
  "137": {
    "Id": 137,
    "BattlePassCardId": 2,
    "SeasonLevel": 37,
    "SeasonExp": 500,
    "FreeAward": [
      20122037
    ],
    "PaidAward": [
      20122137
    ],
    "KeyAward": 0
  },
  "138": {
    "Id": 138,
    "BattlePassCardId": 2,
    "SeasonLevel": 38,
    "SeasonExp": 500,
    "FreeAward": [
      20122038
    ],
    "PaidAward": [
      20122138
    ],
    "KeyAward": 0
  },
  "139": {
    "Id": 139,
    "BattlePassCardId": 2,
    "SeasonLevel": 39,
    "SeasonExp": 500,
    "FreeAward": [
      20122039
    ],
    "PaidAward": [
      20122139
    ],
    "KeyAward": 0
  },
  "140": {
    "Id": 140,
    "BattlePassCardId": 2,
    "SeasonLevel": 40,
    "SeasonExp": 500,
    "FreeAward": [
      20122040
    ],
    "PaidAward": [
      20122140
    ],
    "KeyAward": 1
  },
  "141": {
    "Id": 141,
    "BattlePassCardId": 2,
    "SeasonLevel": 41,
    "SeasonExp": 500,
    "FreeAward": [
      20122041
    ],
    "PaidAward": [
      20122141
    ],
    "KeyAward": 0
  },
  "142": {
    "Id": 142,
    "BattlePassCardId": 2,
    "SeasonLevel": 42,
    "SeasonExp": 500,
    "FreeAward": [
      20122042
    ],
    "PaidAward": [
      20122142
    ],
    "KeyAward": 0
  },
  "143": {
    "Id": 143,
    "BattlePassCardId": 2,
    "SeasonLevel": 43,
    "SeasonExp": 500,
    "FreeAward": [
      20122043
    ],
    "PaidAward": [
      20122143
    ],
    "KeyAward": 0
  },
  "144": {
    "Id": 144,
    "BattlePassCardId": 2,
    "SeasonLevel": 44,
    "SeasonExp": 500,
    "FreeAward": [
      20122044
    ],
    "PaidAward": [
      20122144
    ],
    "KeyAward": 0
  },
  "145": {
    "Id": 145,
    "BattlePassCardId": 2,
    "SeasonLevel": 45,
    "SeasonExp": 500,
    "FreeAward": [
      20122045
    ],
    "PaidAward": [
      20122145
    ],
    "KeyAward": 1
  },
  "146": {
    "Id": 146,
    "BattlePassCardId": 2,
    "SeasonLevel": 46,
    "SeasonExp": 500,
    "FreeAward": [
      20122046
    ],
    "PaidAward": [
      20122146
    ],
    "KeyAward": 0
  },
  "147": {
    "Id": 147,
    "BattlePassCardId": 2,
    "SeasonLevel": 47,
    "SeasonExp": 500,
    "FreeAward": [
      20122047
    ],
    "PaidAward": [
      20122147
    ],
    "KeyAward": 0
  },
  "148": {
    "Id": 148,
    "BattlePassCardId": 2,
    "SeasonLevel": 48,
    "SeasonExp": 500,
    "FreeAward": [
      20122048
    ],
    "PaidAward": [
      20122148
    ],
    "KeyAward": 0
  },
  "149": {
    "Id": 149,
    "BattlePassCardId": 2,
    "SeasonLevel": 49,
    "SeasonExp": 500,
    "FreeAward": [
      20122049
    ],
    "PaidAward": [
      20122149
    ],
    "KeyAward": 0
  },
  "150": {
    "Id": 150,
    "BattlePassCardId": 2,
    "SeasonLevel": 50,
    "SeasonExp": 500,
    "FreeAward": [
      20122050
    ],
    "PaidAward": [
      20122150,
      40002150
    ],
    "KeyAward": 1
  },
  "151": {
    "Id": 151,
    "BattlePassCardId": 2,
    "SeasonLevel": 51,
    "SeasonExp": 500,
    "FreeAward": [
      20122051
    ],
    "PaidAward": [
      20122151
    ],
    "KeyAward": 0
  },
  "152": {
    "Id": 152,
    "BattlePassCardId": 2,
    "SeasonLevel": 52,
    "SeasonExp": 500,
    "FreeAward": [
      20122052
    ],
    "PaidAward": [
      20122152
    ],
    "KeyAward": 0
  },
  "153": {
    "Id": 153,
    "BattlePassCardId": 2,
    "SeasonLevel": 53,
    "SeasonExp": 500,
    "FreeAward": [
      20122053
    ],
    "PaidAward": [
      20122153
    ],
    "KeyAward": 0
  },
  "154": {
    "Id": 154,
    "BattlePassCardId": 2,
    "SeasonLevel": 54,
    "SeasonExp": 500,
    "FreeAward": [
      20122054
    ],
    "PaidAward": [
      20122154
    ],
    "KeyAward": 0
  },
  "155": {
    "Id": 155,
    "BattlePassCardId": 2,
    "SeasonLevel": 55,
    "SeasonExp": 500,
    "FreeAward": [
      20122055
    ],
    "PaidAward": [
      20122155
    ],
    "KeyAward": 1
  },
  "156": {
    "Id": 156,
    "BattlePassCardId": 2,
    "SeasonLevel": 56,
    "SeasonExp": 500,
    "FreeAward": [
      20122056
    ],
    "PaidAward": [
      20122156
    ],
    "KeyAward": 0
  },
  "157": {
    "Id": 157,
    "BattlePassCardId": 2,
    "SeasonLevel": 57,
    "SeasonExp": 500,
    "FreeAward": [
      20122057
    ],
    "PaidAward": [
      20122157
    ],
    "KeyAward": 0
  },
  "158": {
    "Id": 158,
    "BattlePassCardId": 2,
    "SeasonLevel": 58,
    "SeasonExp": 500,
    "FreeAward": [
      20122058
    ],
    "PaidAward": [
      20122158
    ],
    "KeyAward": 0
  },
  "159": {
    "Id": 159,
    "BattlePassCardId": 2,
    "SeasonLevel": 59,
    "SeasonExp": 500,
    "FreeAward": [
      20122059
    ],
    "PaidAward": [
      20122159
    ],
    "KeyAward": 0
  },
  "160": {
    "Id": 160,
    "BattlePassCardId": 2,
    "SeasonLevel": 60,
    "SeasonExp": 500,
    "FreeAward": [
      20122060
    ],
    "PaidAward": [
      20122160
    ],
    "KeyAward": 1
  },
  "161": {
    "Id": 161,
    "BattlePassCardId": 2,
    "SeasonLevel": 61,
    "SeasonExp": 500,
    "FreeAward": [
      20122061
    ],
    "PaidAward": [
      20122161
    ],
    "KeyAward": 0
  },
  "162": {
    "Id": 162,
    "BattlePassCardId": 2,
    "SeasonLevel": 62,
    "SeasonExp": 500,
    "FreeAward": [
      20122062
    ],
    "PaidAward": [
      20122162
    ],
    "KeyAward": 0
  },
  "163": {
    "Id": 163,
    "BattlePassCardId": 2,
    "SeasonLevel": 63,
    "SeasonExp": 500,
    "FreeAward": [
      20122063
    ],
    "PaidAward": [
      20122163
    ],
    "KeyAward": 0
  },
  "164": {
    "Id": 164,
    "BattlePassCardId": 2,
    "SeasonLevel": 64,
    "SeasonExp": 500,
    "FreeAward": [
      20122064
    ],
    "PaidAward": [
      20122164
    ],
    "KeyAward": 0
  },
  "165": {
    "Id": 165,
    "BattlePassCardId": 2,
    "SeasonLevel": 65,
    "SeasonExp": 500,
    "FreeAward": [
      20122065
    ],
    "PaidAward": [
      20122165
    ],
    "KeyAward": 1
  },
  "166": {
    "Id": 166,
    "BattlePassCardId": 2,
    "SeasonLevel": 66,
    "SeasonExp": 500,
    "FreeAward": [
      20122066
    ],
    "PaidAward": [
      20122166
    ],
    "KeyAward": 0
  },
  "167": {
    "Id": 167,
    "BattlePassCardId": 2,
    "SeasonLevel": 67,
    "SeasonExp": 500,
    "FreeAward": [
      20122067
    ],
    "PaidAward": [
      20122167
    ],
    "KeyAward": 0
  },
  "168": {
    "Id": 168,
    "BattlePassCardId": 2,
    "SeasonLevel": 68,
    "SeasonExp": 500,
    "FreeAward": [
      20122068
    ],
    "PaidAward": [
      20122168
    ],
    "KeyAward": 0
  },
  "169": {
    "Id": 169,
    "BattlePassCardId": 2,
    "SeasonLevel": 69,
    "SeasonExp": 500,
    "FreeAward": [
      20122069
    ],
    "PaidAward": [
      20122169
    ],
    "KeyAward": 0
  },
  "170": {
    "Id": 170,
    "BattlePassCardId": 2,
    "SeasonLevel": 70,
    "SeasonExp": 500,
    "FreeAward": [
      20122070
    ],
    "PaidAward": [
      20122170
    ],
    "KeyAward": 1
  },
  "171": {
    "Id": 171,
    "BattlePassCardId": 2,
    "SeasonLevel": 71,
    "SeasonExp": 500,
    "FreeAward": [
      20122071
    ],
    "PaidAward": [
      20122171
    ],
    "KeyAward": 0
  },
  "172": {
    "Id": 172,
    "BattlePassCardId": 2,
    "SeasonLevel": 72,
    "SeasonExp": 500,
    "FreeAward": [
      20122072
    ],
    "PaidAward": [
      20122172
    ],
    "KeyAward": 0
  },
  "173": {
    "Id": 173,
    "BattlePassCardId": 2,
    "SeasonLevel": 73,
    "SeasonExp": 500,
    "FreeAward": [
      20122073
    ],
    "PaidAward": [
      20122173
    ],
    "KeyAward": 0
  },
  "174": {
    "Id": 174,
    "BattlePassCardId": 2,
    "SeasonLevel": 74,
    "SeasonExp": 500,
    "FreeAward": [
      20122074
    ],
    "PaidAward": [
      20122174
    ],
    "KeyAward": 0
  },
  "175": {
    "Id": 175,
    "BattlePassCardId": 2,
    "SeasonLevel": 75,
    "SeasonExp": 500,
    "FreeAward": [
      20122075
    ],
    "PaidAward": [
      20122175
    ],
    "KeyAward": 1
  },
  "176": {
    "Id": 176,
    "BattlePassCardId": 2,
    "SeasonLevel": 76,
    "SeasonExp": 500,
    "FreeAward": [
      20122076
    ],
    "PaidAward": [
      20122176
    ],
    "KeyAward": 0
  },
  "177": {
    "Id": 177,
    "BattlePassCardId": 2,
    "SeasonLevel": 77,
    "SeasonExp": 500,
    "FreeAward": [
      20122077
    ],
    "PaidAward": [
      20122177
    ],
    "KeyAward": 0
  },
  "178": {
    "Id": 178,
    "BattlePassCardId": 2,
    "SeasonLevel": 78,
    "SeasonExp": 500,
    "FreeAward": [
      20122078
    ],
    "PaidAward": [
      20122178
    ],
    "KeyAward": 0
  },
  "179": {
    "Id": 179,
    "BattlePassCardId": 2,
    "SeasonLevel": 79,
    "SeasonExp": 500,
    "FreeAward": [
      20122079
    ],
    "PaidAward": [
      20122179
    ],
    "KeyAward": 0
  },
  "180": {
    "Id": 180,
    "BattlePassCardId": 2,
    "SeasonLevel": 80,
    "SeasonExp": 500,
    "FreeAward": [
      20122080
    ],
    "PaidAward": [
      20122180
    ],
    "KeyAward": 1
  },
  "181": {
    "Id": 181,
    "BattlePassCardId": 2,
    "SeasonLevel": 81,
    "SeasonExp": 500,
    "FreeAward": [
      20122081
    ],
    "PaidAward": [
      20122181
    ],
    "KeyAward": 0
  },
  "182": {
    "Id": 182,
    "BattlePassCardId": 2,
    "SeasonLevel": 82,
    "SeasonExp": 500,
    "FreeAward": [
      20122082
    ],
    "PaidAward": [
      20122182
    ],
    "KeyAward": 0
  },
  "183": {
    "Id": 183,
    "BattlePassCardId": 2,
    "SeasonLevel": 83,
    "SeasonExp": 500,
    "FreeAward": [
      20122083
    ],
    "PaidAward": [
      20122183
    ],
    "KeyAward": 0
  },
  "184": {
    "Id": 184,
    "BattlePassCardId": 2,
    "SeasonLevel": 84,
    "SeasonExp": 500,
    "FreeAward": [
      20122084
    ],
    "PaidAward": [
      20122184
    ],
    "KeyAward": 0
  },
  "185": {
    "Id": 185,
    "BattlePassCardId": 2,
    "SeasonLevel": 85,
    "SeasonExp": 500,
    "FreeAward": [
      20122085
    ],
    "PaidAward": [
      20122185
    ],
    "KeyAward": 0
  },
  "186": {
    "Id": 186,
    "BattlePassCardId": 2,
    "SeasonLevel": 86,
    "SeasonExp": 500,
    "FreeAward": [
      20122086
    ],
    "PaidAward": [
      20122186
    ],
    "KeyAward": 0
  },
  "187": {
    "Id": 187,
    "BattlePassCardId": 2,
    "SeasonLevel": 87,
    "SeasonExp": 500,
    "FreeAward": [
      20122087
    ],
    "PaidAward": [
      20122187
    ],
    "KeyAward": 0
  },
  "188": {
    "Id": 188,
    "BattlePassCardId": 2,
    "SeasonLevel": 88,
    "SeasonExp": 500,
    "FreeAward": [
      20122088
    ],
    "PaidAward": [
      20122188
    ],
    "KeyAward": 0
  },
  "189": {
    "Id": 189,
    "BattlePassCardId": 2,
    "SeasonLevel": 89,
    "SeasonExp": 500,
    "FreeAward": [
      20122089
    ],
    "PaidAward": [
      20122189
    ],
    "KeyAward": 0
  },
  "190": {
    "Id": 190,
    "BattlePassCardId": 2,
    "SeasonLevel": 90,
    "SeasonExp": 500,
    "FreeAward": [
      20122090
    ],
    "PaidAward": [
      20122190
    ],
    "KeyAward": 0
  },
  "191": {
    "Id": 191,
    "BattlePassCardId": 2,
    "SeasonLevel": 91,
    "SeasonExp": 500,
    "FreeAward": [
      20122091
    ],
    "PaidAward": [
      20122191
    ],
    "KeyAward": 0
  },
  "192": {
    "Id": 192,
    "BattlePassCardId": 2,
    "SeasonLevel": 92,
    "SeasonExp": 500,
    "FreeAward": [
      20122092
    ],
    "PaidAward": [
      20122192
    ],
    "KeyAward": 0
  },
  "193": {
    "Id": 193,
    "BattlePassCardId": 2,
    "SeasonLevel": 93,
    "SeasonExp": 500,
    "FreeAward": [
      20122093
    ],
    "PaidAward": [
      20122193
    ],
    "KeyAward": 0
  },
  "194": {
    "Id": 194,
    "BattlePassCardId": 2,
    "SeasonLevel": 94,
    "SeasonExp": 500,
    "FreeAward": [
      20122094
    ],
    "PaidAward": [
      20122194
    ],
    "KeyAward": 0
  },
  "195": {
    "Id": 195,
    "BattlePassCardId": 2,
    "SeasonLevel": 95,
    "SeasonExp": 500,
    "FreeAward": [
      20122095
    ],
    "PaidAward": [
      20122195
    ],
    "KeyAward": 0
  },
  "196": {
    "Id": 196,
    "BattlePassCardId": 2,
    "SeasonLevel": 96,
    "SeasonExp": 500,
    "FreeAward": [
      20122096
    ],
    "PaidAward": [
      20122196
    ],
    "KeyAward": 0
  },
  "197": {
    "Id": 197,
    "BattlePassCardId": 2,
    "SeasonLevel": 97,
    "SeasonExp": 500,
    "FreeAward": [
      20122097
    ],
    "PaidAward": [
      20122197
    ],
    "KeyAward": 0
  },
  "198": {
    "Id": 198,
    "BattlePassCardId": 2,
    "SeasonLevel": 98,
    "SeasonExp": 500,
    "FreeAward": [
      20122098
    ],
    "PaidAward": [
      20122198
    ],
    "KeyAward": 0
  },
  "199": {
    "Id": 199,
    "BattlePassCardId": 2,
    "SeasonLevel": 99,
    "SeasonExp": 500,
    "FreeAward": [
      20122099
    ],
    "PaidAward": [
      20122199
    ],
    "KeyAward": 0
  },
  "200": {
    "Id": 200,
    "BattlePassCardId": 2,
    "SeasonLevel": 100,
    "SeasonExp": 500,
    "FreeAward": [
      20122100
    ],
    "PaidAward": [
      20122200
    ],
    "KeyAward": 0
  },
  "201": {
    "Id": 201,
    "BattlePassCardId": 3,
    "SeasonLevel": 1,
    "SeasonExp": 500,
    "FreeAward": [],
    "PaidAward": [
      20121010
    ],
    "KeyAward": 0
  },
  "202": {
    "Id": 202,
    "BattlePassCardId": 3,
    "SeasonLevel": 2,
    "SeasonExp": 500,
    "FreeAward": [
      20120020
    ],
    "PaidAward": [
      20121020
    ],
    "KeyAward": 0
  },
  "203": {
    "Id": 203,
    "BattlePassCardId": 3,
    "SeasonLevel": 3,
    "SeasonExp": 500,
    "FreeAward": [
      20120030
    ],
    "PaidAward": [
      20121030
    ],
    "KeyAward": 0
  },
  "204": {
    "Id": 204,
    "BattlePassCardId": 3,
    "SeasonLevel": 4,
    "SeasonExp": 500,
    "FreeAward": [
      20120040
    ],
    "PaidAward": [
      20121040
    ],
    "KeyAward": 0
  },
  "205": {
    "Id": 205,
    "BattlePassCardId": 3,
    "SeasonLevel": 5,
    "SeasonExp": 500,
    "FreeAward": [
      20120050
    ],
    "PaidAward": [
      20121050
    ],
    "KeyAward": 0
  },
  "206": {
    "Id": 206,
    "BattlePassCardId": 3,
    "SeasonLevel": 6,
    "SeasonExp": 500,
    "FreeAward": [
      20120060
    ],
    "PaidAward": [
      20121060
    ],
    "KeyAward": 0
  },
  "207": {
    "Id": 207,
    "BattlePassCardId": 3,
    "SeasonLevel": 7,
    "SeasonExp": 500,
    "FreeAward": [
      20120070
    ],
    "PaidAward": [
      20121070
    ],
    "KeyAward": 0
  },
  "208": {
    "Id": 208,
    "BattlePassCardId": 3,
    "SeasonLevel": 8,
    "SeasonExp": 500,
    "FreeAward": [
      20120080
    ],
    "PaidAward": [
      20121080
    ],
    "KeyAward": 0
  },
  "209": {
    "Id": 209,
    "BattlePassCardId": 3,
    "SeasonLevel": 9,
    "SeasonExp": 500,
    "FreeAward": [
      20120090
    ],
    "PaidAward": [
      20121090
    ],
    "KeyAward": 0
  },
  "210": {
    "Id": 210,
    "BattlePassCardId": 3,
    "SeasonLevel": 10,
    "SeasonExp": 500,
    "FreeAward": [
      20120100
    ],
    "PaidAward": [
      20121100
    ],
    "KeyAward": 1
  },
  "211": {
    "Id": 211,
    "BattlePassCardId": 3,
    "SeasonLevel": 11,
    "SeasonExp": 500,
    "FreeAward": [
      20120110
    ],
    "PaidAward": [
      20121110
    ],
    "KeyAward": 0
  },
  "212": {
    "Id": 212,
    "BattlePassCardId": 3,
    "SeasonLevel": 12,
    "SeasonExp": 500,
    "FreeAward": [
      20120120
    ],
    "PaidAward": [
      20121120
    ],
    "KeyAward": 0
  },
  "213": {
    "Id": 213,
    "BattlePassCardId": 3,
    "SeasonLevel": 13,
    "SeasonExp": 500,
    "FreeAward": [
      20120130
    ],
    "PaidAward": [
      20121130
    ],
    "KeyAward": 0
  },
  "214": {
    "Id": 214,
    "BattlePassCardId": 3,
    "SeasonLevel": 14,
    "SeasonExp": 500,
    "FreeAward": [
      20120140
    ],
    "PaidAward": [
      20121140
    ],
    "KeyAward": 0
  },
  "215": {
    "Id": 215,
    "BattlePassCardId": 3,
    "SeasonLevel": 15,
    "SeasonExp": 500,
    "FreeAward": [
      20120150
    ],
    "PaidAward": [
      20121150
    ],
    "KeyAward": 0
  },
  "216": {
    "Id": 216,
    "BattlePassCardId": 3,
    "SeasonLevel": 16,
    "SeasonExp": 500,
    "FreeAward": [
      20120160
    ],
    "PaidAward": [
      20121160
    ],
    "KeyAward": 0
  },
  "217": {
    "Id": 217,
    "BattlePassCardId": 3,
    "SeasonLevel": 17,
    "SeasonExp": 500,
    "FreeAward": [
      20120170
    ],
    "PaidAward": [
      20121170
    ],
    "KeyAward": 0
  },
  "218": {
    "Id": 218,
    "BattlePassCardId": 3,
    "SeasonLevel": 18,
    "SeasonExp": 500,
    "FreeAward": [
      20120180
    ],
    "PaidAward": [
      20121180
    ],
    "KeyAward": 0
  },
  "219": {
    "Id": 219,
    "BattlePassCardId": 3,
    "SeasonLevel": 19,
    "SeasonExp": 500,
    "FreeAward": [
      20120190
    ],
    "PaidAward": [
      20121190
    ],
    "KeyAward": 0
  },
  "220": {
    "Id": 220,
    "BattlePassCardId": 3,
    "SeasonLevel": 20,
    "SeasonExp": 500,
    "FreeAward": [
      20120200
    ],
    "PaidAward": [
      20121200
    ],
    "KeyAward": 1
  },
  "221": {
    "Id": 221,
    "BattlePassCardId": 3,
    "SeasonLevel": 21,
    "SeasonExp": 500,
    "FreeAward": [
      20120210
    ],
    "PaidAward": [
      20121210
    ],
    "KeyAward": 0
  },
  "222": {
    "Id": 222,
    "BattlePassCardId": 3,
    "SeasonLevel": 22,
    "SeasonExp": 500,
    "FreeAward": [
      20120220
    ],
    "PaidAward": [
      20121220
    ],
    "KeyAward": 0
  },
  "223": {
    "Id": 223,
    "BattlePassCardId": 3,
    "SeasonLevel": 23,
    "SeasonExp": 500,
    "FreeAward": [
      20120230
    ],
    "PaidAward": [
      20121230
    ],
    "KeyAward": 0
  },
  "224": {
    "Id": 224,
    "BattlePassCardId": 3,
    "SeasonLevel": 24,
    "SeasonExp": 500,
    "FreeAward": [
      20120240
    ],
    "PaidAward": [
      20121240
    ],
    "KeyAward": 0
  },
  "225": {
    "Id": 225,
    "BattlePassCardId": 3,
    "SeasonLevel": 25,
    "SeasonExp": 500,
    "FreeAward": [
      20120250
    ],
    "PaidAward": [
      20121250
    ],
    "KeyAward": 0
  },
  "226": {
    "Id": 226,
    "BattlePassCardId": 3,
    "SeasonLevel": 26,
    "SeasonExp": 500,
    "FreeAward": [
      20120260
    ],
    "PaidAward": [
      20121260
    ],
    "KeyAward": 0
  },
  "227": {
    "Id": 227,
    "BattlePassCardId": 3,
    "SeasonLevel": 27,
    "SeasonExp": 500,
    "FreeAward": [
      20120270
    ],
    "PaidAward": [
      20121270
    ],
    "KeyAward": 0
  },
  "228": {
    "Id": 228,
    "BattlePassCardId": 3,
    "SeasonLevel": 28,
    "SeasonExp": 500,
    "FreeAward": [
      20120280
    ],
    "PaidAward": [
      20121280
    ],
    "KeyAward": 0
  },
  "229": {
    "Id": 229,
    "BattlePassCardId": 3,
    "SeasonLevel": 29,
    "SeasonExp": 500,
    "FreeAward": [
      20120290
    ],
    "PaidAward": [
      20121290
    ],
    "KeyAward": 0
  },
  "230": {
    "Id": 230,
    "BattlePassCardId": 3,
    "SeasonLevel": 30,
    "SeasonExp": 500,
    "FreeAward": [
      20120300
    ],
    "PaidAward": [
      20121300,
      40000790
    ],
    "KeyAward": 1
  },
  "231": {
    "Id": 231,
    "BattlePassCardId": 3,
    "SeasonLevel": 31,
    "SeasonExp": 500,
    "FreeAward": [
      20120310
    ],
    "PaidAward": [
      20121310
    ],
    "KeyAward": 0
  },
  "232": {
    "Id": 232,
    "BattlePassCardId": 3,
    "SeasonLevel": 32,
    "SeasonExp": 500,
    "FreeAward": [
      20120320
    ],
    "PaidAward": [
      20121320
    ],
    "KeyAward": 0
  },
  "233": {
    "Id": 233,
    "BattlePassCardId": 3,
    "SeasonLevel": 33,
    "SeasonExp": 500,
    "FreeAward": [
      20120330
    ],
    "PaidAward": [
      20121330
    ],
    "KeyAward": 0
  },
  "234": {
    "Id": 234,
    "BattlePassCardId": 3,
    "SeasonLevel": 34,
    "SeasonExp": 500,
    "FreeAward": [
      20120340
    ],
    "PaidAward": [
      20121340
    ],
    "KeyAward": 0
  },
  "235": {
    "Id": 235,
    "BattlePassCardId": 3,
    "SeasonLevel": 35,
    "SeasonExp": 500,
    "FreeAward": [
      20120350
    ],
    "PaidAward": [
      20121350
    ],
    "KeyAward": 0
  },
  "236": {
    "Id": 236,
    "BattlePassCardId": 3,
    "SeasonLevel": 36,
    "SeasonExp": 500,
    "FreeAward": [
      20120360
    ],
    "PaidAward": [
      20121360
    ],
    "KeyAward": 0
  },
  "237": {
    "Id": 237,
    "BattlePassCardId": 3,
    "SeasonLevel": 37,
    "SeasonExp": 500,
    "FreeAward": [
      20120370
    ],
    "PaidAward": [
      20121370
    ],
    "KeyAward": 0
  },
  "238": {
    "Id": 238,
    "BattlePassCardId": 3,
    "SeasonLevel": 38,
    "SeasonExp": 500,
    "FreeAward": [
      20120380
    ],
    "PaidAward": [
      20121380
    ],
    "KeyAward": 0
  },
  "239": {
    "Id": 239,
    "BattlePassCardId": 3,
    "SeasonLevel": 39,
    "SeasonExp": 500,
    "FreeAward": [
      20120390
    ],
    "PaidAward": [
      20121390
    ],
    "KeyAward": 0
  },
  "240": {
    "Id": 240,
    "BattlePassCardId": 3,
    "SeasonLevel": 40,
    "SeasonExp": 500,
    "FreeAward": [
      20120400
    ],
    "PaidAward": [
      20121400
    ],
    "KeyAward": 1
  },
  "241": {
    "Id": 241,
    "BattlePassCardId": 3,
    "SeasonLevel": 41,
    "SeasonExp": 500,
    "FreeAward": [
      20120410
    ],
    "PaidAward": [
      20121410
    ],
    "KeyAward": 0
  },
  "242": {
    "Id": 242,
    "BattlePassCardId": 3,
    "SeasonLevel": 42,
    "SeasonExp": 500,
    "FreeAward": [
      20120420
    ],
    "PaidAward": [
      20121420
    ],
    "KeyAward": 0
  },
  "243": {
    "Id": 243,
    "BattlePassCardId": 3,
    "SeasonLevel": 43,
    "SeasonExp": 500,
    "FreeAward": [
      20120430
    ],
    "PaidAward": [
      20121430
    ],
    "KeyAward": 0
  },
  "244": {
    "Id": 244,
    "BattlePassCardId": 3,
    "SeasonLevel": 44,
    "SeasonExp": 500,
    "FreeAward": [
      20120440
    ],
    "PaidAward": [
      20121440
    ],
    "KeyAward": 0
  },
  "245": {
    "Id": 245,
    "BattlePassCardId": 3,
    "SeasonLevel": 45,
    "SeasonExp": 500,
    "FreeAward": [
      20120450
    ],
    "PaidAward": [
      20121450
    ],
    "KeyAward": 0
  },
  "246": {
    "Id": 246,
    "BattlePassCardId": 3,
    "SeasonLevel": 46,
    "SeasonExp": 500,
    "FreeAward": [
      20120460
    ],
    "PaidAward": [
      20121460
    ],
    "KeyAward": 0
  },
  "247": {
    "Id": 247,
    "BattlePassCardId": 3,
    "SeasonLevel": 47,
    "SeasonExp": 500,
    "FreeAward": [
      20120470
    ],
    "PaidAward": [
      20121470
    ],
    "KeyAward": 0
  },
  "248": {
    "Id": 248,
    "BattlePassCardId": 3,
    "SeasonLevel": 48,
    "SeasonExp": 500,
    "FreeAward": [
      20120480
    ],
    "PaidAward": [
      20121480
    ],
    "KeyAward": 0
  },
  "249": {
    "Id": 249,
    "BattlePassCardId": 3,
    "SeasonLevel": 49,
    "SeasonExp": 500,
    "FreeAward": [
      20120490
    ],
    "PaidAward": [
      20121490
    ],
    "KeyAward": 0
  },
  "250": {
    "Id": 250,
    "BattlePassCardId": 3,
    "SeasonLevel": 50,
    "SeasonExp": 500,
    "FreeAward": [
      20120500
    ],
    "PaidAward": [
      20121500,
      40000780
    ],
    "KeyAward": 1
  },
  "251": {
    "Id": 251,
    "BattlePassCardId": 3,
    "SeasonLevel": 51,
    "SeasonExp": 500,
    "FreeAward": [
      20120510
    ],
    "PaidAward": [
      20121510
    ],
    "KeyAward": 0
  },
  "252": {
    "Id": 252,
    "BattlePassCardId": 3,
    "SeasonLevel": 52,
    "SeasonExp": 500,
    "FreeAward": [
      20120520
    ],
    "PaidAward": [
      20121520
    ],
    "KeyAward": 0
  },
  "253": {
    "Id": 253,
    "BattlePassCardId": 3,
    "SeasonLevel": 53,
    "SeasonExp": 500,
    "FreeAward": [
      20120530
    ],
    "PaidAward": [
      20121530
    ],
    "KeyAward": 0
  },
  "254": {
    "Id": 254,
    "BattlePassCardId": 3,
    "SeasonLevel": 54,
    "SeasonExp": 500,
    "FreeAward": [
      20120540
    ],
    "PaidAward": [
      20121540
    ],
    "KeyAward": 0
  },
  "255": {
    "Id": 255,
    "BattlePassCardId": 3,
    "SeasonLevel": 55,
    "SeasonExp": 500,
    "FreeAward": [
      20120550
    ],
    "PaidAward": [
      20121550
    ],
    "KeyAward": 0
  },
  "256": {
    "Id": 256,
    "BattlePassCardId": 3,
    "SeasonLevel": 56,
    "SeasonExp": 500,
    "FreeAward": [
      20120560
    ],
    "PaidAward": [
      20121560
    ],
    "KeyAward": 0
  },
  "257": {
    "Id": 257,
    "BattlePassCardId": 3,
    "SeasonLevel": 57,
    "SeasonExp": 500,
    "FreeAward": [
      20120570
    ],
    "PaidAward": [
      20121570
    ],
    "KeyAward": 0
  },
  "258": {
    "Id": 258,
    "BattlePassCardId": 3,
    "SeasonLevel": 58,
    "SeasonExp": 500,
    "FreeAward": [
      20120580
    ],
    "PaidAward": [
      20121580
    ],
    "KeyAward": 0
  },
  "259": {
    "Id": 259,
    "BattlePassCardId": 3,
    "SeasonLevel": 59,
    "SeasonExp": 500,
    "FreeAward": [
      20120590
    ],
    "PaidAward": [
      20121590
    ],
    "KeyAward": 0
  },
  "260": {
    "Id": 260,
    "BattlePassCardId": 3,
    "SeasonLevel": 60,
    "SeasonExp": 500,
    "FreeAward": [
      20120600
    ],
    "PaidAward": [
      20121600
    ],
    "KeyAward": 1
  },
  "261": {
    "Id": 261,
    "BattlePassCardId": 3,
    "SeasonLevel": 61,
    "SeasonExp": 500,
    "FreeAward": [
      20120610
    ],
    "PaidAward": [
      20121610
    ],
    "KeyAward": 0
  },
  "262": {
    "Id": 262,
    "BattlePassCardId": 3,
    "SeasonLevel": 62,
    "SeasonExp": 500,
    "FreeAward": [
      20120620
    ],
    "PaidAward": [
      20121620
    ],
    "KeyAward": 0
  },
  "263": {
    "Id": 263,
    "BattlePassCardId": 3,
    "SeasonLevel": 63,
    "SeasonExp": 500,
    "FreeAward": [
      20120630
    ],
    "PaidAward": [
      20121630
    ],
    "KeyAward": 0
  },
  "264": {
    "Id": 264,
    "BattlePassCardId": 3,
    "SeasonLevel": 64,
    "SeasonExp": 500,
    "FreeAward": [
      20120640
    ],
    "PaidAward": [
      20121640
    ],
    "KeyAward": 0
  },
  "265": {
    "Id": 265,
    "BattlePassCardId": 3,
    "SeasonLevel": 65,
    "SeasonExp": 500,
    "FreeAward": [
      20120650
    ],
    "PaidAward": [
      20121650
    ],
    "KeyAward": 1
  },
  "266": {
    "Id": 266,
    "BattlePassCardId": 3,
    "SeasonLevel": 66,
    "SeasonExp": 500,
    "FreeAward": [
      20120660
    ],
    "PaidAward": [
      20121660
    ],
    "KeyAward": 0
  },
  "267": {
    "Id": 267,
    "BattlePassCardId": 3,
    "SeasonLevel": 67,
    "SeasonExp": 500,
    "FreeAward": [
      20120670
    ],
    "PaidAward": [
      20121670
    ],
    "KeyAward": 0
  },
  "268": {
    "Id": 268,
    "BattlePassCardId": 3,
    "SeasonLevel": 68,
    "SeasonExp": 500,
    "FreeAward": [
      20120680
    ],
    "PaidAward": [
      20121680
    ],
    "KeyAward": 0
  },
  "269": {
    "Id": 269,
    "BattlePassCardId": 3,
    "SeasonLevel": 69,
    "SeasonExp": 500,
    "FreeAward": [
      20120690
    ],
    "PaidAward": [
      20121690
    ],
    "KeyAward": 0
  },
  "270": {
    "Id": 270,
    "BattlePassCardId": 3,
    "SeasonLevel": 70,
    "SeasonExp": 500,
    "FreeAward": [
      20120700
    ],
    "PaidAward": [
      20121700
    ],
    "KeyAward": 1
  },
  "271": {
    "Id": 271,
    "BattlePassCardId": 3,
    "SeasonLevel": 71,
    "SeasonExp": 500,
    "FreeAward": [
      20120710
    ],
    "PaidAward": [
      20121710
    ],
    "KeyAward": 0
  },
  "272": {
    "Id": 272,
    "BattlePassCardId": 3,
    "SeasonLevel": 72,
    "SeasonExp": 500,
    "FreeAward": [
      20120720
    ],
    "PaidAward": [
      20121720
    ],
    "KeyAward": 0
  },
  "273": {
    "Id": 273,
    "BattlePassCardId": 3,
    "SeasonLevel": 73,
    "SeasonExp": 500,
    "FreeAward": [
      20120730
    ],
    "PaidAward": [
      20121730
    ],
    "KeyAward": 0
  },
  "274": {
    "Id": 274,
    "BattlePassCardId": 3,
    "SeasonLevel": 74,
    "SeasonExp": 500,
    "FreeAward": [
      20120740
    ],
    "PaidAward": [
      20121740
    ],
    "KeyAward": 0
  },
  "275": {
    "Id": 275,
    "BattlePassCardId": 3,
    "SeasonLevel": 75,
    "SeasonExp": 500,
    "FreeAward": [
      20120750
    ],
    "PaidAward": [
      20121750
    ],
    "KeyAward": 1
  },
  "276": {
    "Id": 276,
    "BattlePassCardId": 3,
    "SeasonLevel": 76,
    "SeasonExp": 500,
    "FreeAward": [
      20120760
    ],
    "PaidAward": [
      20121760
    ],
    "KeyAward": 0
  },
  "277": {
    "Id": 277,
    "BattlePassCardId": 3,
    "SeasonLevel": 77,
    "SeasonExp": 500,
    "FreeAward": [
      20120770
    ],
    "PaidAward": [
      20121770
    ],
    "KeyAward": 0
  },
  "278": {
    "Id": 278,
    "BattlePassCardId": 3,
    "SeasonLevel": 78,
    "SeasonExp": 500,
    "FreeAward": [
      20120780
    ],
    "PaidAward": [
      20121780
    ],
    "KeyAward": 0
  },
  "279": {
    "Id": 279,
    "BattlePassCardId": 3,
    "SeasonLevel": 79,
    "SeasonExp": 500,
    "FreeAward": [
      20120790
    ],
    "PaidAward": [
      20121790
    ],
    "KeyAward": 0
  },
  "280": {
    "Id": 280,
    "BattlePassCardId": 3,
    "SeasonLevel": 80,
    "SeasonExp": 500,
    "FreeAward": [
      20120800
    ],
    "PaidAward": [
      20121800
    ],
    "KeyAward": 1
  },
  "281": {
    "Id": 281,
    "BattlePassCardId": 3,
    "SeasonLevel": 81,
    "SeasonExp": 500,
    "FreeAward": [
      20120810
    ],
    "PaidAward": [
      20121810
    ],
    "KeyAward": 0
  },
  "282": {
    "Id": 282,
    "BattlePassCardId": 3,
    "SeasonLevel": 82,
    "SeasonExp": 500,
    "FreeAward": [
      20120820
    ],
    "PaidAward": [
      20121820
    ],
    "KeyAward": 0
  },
  "283": {
    "Id": 283,
    "BattlePassCardId": 3,
    "SeasonLevel": 83,
    "SeasonExp": 500,
    "FreeAward": [
      20120830
    ],
    "PaidAward": [
      20121830
    ],
    "KeyAward": 0
  },
  "284": {
    "Id": 284,
    "BattlePassCardId": 3,
    "SeasonLevel": 84,
    "SeasonExp": 500,
    "FreeAward": [
      20120840
    ],
    "PaidAward": [
      20121840
    ],
    "KeyAward": 0
  },
  "285": {
    "Id": 285,
    "BattlePassCardId": 3,
    "SeasonLevel": 85,
    "SeasonExp": 500,
    "FreeAward": [
      20120850
    ],
    "PaidAward": [
      20121850
    ],
    "KeyAward": 0
  },
  "286": {
    "Id": 286,
    "BattlePassCardId": 3,
    "SeasonLevel": 86,
    "SeasonExp": 500,
    "FreeAward": [
      20120860
    ],
    "PaidAward": [
      20121860
    ],
    "KeyAward": 0
  },
  "287": {
    "Id": 287,
    "BattlePassCardId": 3,
    "SeasonLevel": 87,
    "SeasonExp": 500,
    "FreeAward": [
      20120870
    ],
    "PaidAward": [
      20121870
    ],
    "KeyAward": 0
  },
  "288": {
    "Id": 288,
    "BattlePassCardId": 3,
    "SeasonLevel": 88,
    "SeasonExp": 500,
    "FreeAward": [
      20120880
    ],
    "PaidAward": [
      20121880
    ],
    "KeyAward": 0
  },
  "289": {
    "Id": 289,
    "BattlePassCardId": 3,
    "SeasonLevel": 89,
    "SeasonExp": 500,
    "FreeAward": [
      20120890
    ],
    "PaidAward": [
      20121890
    ],
    "KeyAward": 0
  },
  "290": {
    "Id": 290,
    "BattlePassCardId": 3,
    "SeasonLevel": 90,
    "SeasonExp": 500,
    "FreeAward": [
      20120900
    ],
    "PaidAward": [
      20121900
    ],
    "KeyAward": 0
  },
  "291": {
    "Id": 291,
    "BattlePassCardId": 3,
    "SeasonLevel": 91,
    "SeasonExp": 500,
    "FreeAward": [
      20120910
    ],
    "PaidAward": [
      20121910
    ],
    "KeyAward": 0
  },
  "292": {
    "Id": 292,
    "BattlePassCardId": 3,
    "SeasonLevel": 92,
    "SeasonExp": 500,
    "FreeAward": [
      20120920
    ],
    "PaidAward": [
      20121920
    ],
    "KeyAward": 0
  },
  "293": {
    "Id": 293,
    "BattlePassCardId": 3,
    "SeasonLevel": 93,
    "SeasonExp": 500,
    "FreeAward": [
      20120930
    ],
    "PaidAward": [
      20121930
    ],
    "KeyAward": 0
  },
  "294": {
    "Id": 294,
    "BattlePassCardId": 3,
    "SeasonLevel": 94,
    "SeasonExp": 500,
    "FreeAward": [
      20120940
    ],
    "PaidAward": [
      20121940
    ],
    "KeyAward": 0
  },
  "295": {
    "Id": 295,
    "BattlePassCardId": 3,
    "SeasonLevel": 95,
    "SeasonExp": 500,
    "FreeAward": [
      20120950
    ],
    "PaidAward": [
      20121950
    ],
    "KeyAward": 0
  },
  "296": {
    "Id": 296,
    "BattlePassCardId": 3,
    "SeasonLevel": 96,
    "SeasonExp": 500,
    "FreeAward": [
      20120960
    ],
    "PaidAward": [
      20121960
    ],
    "KeyAward": 0
  },
  "297": {
    "Id": 297,
    "BattlePassCardId": 3,
    "SeasonLevel": 97,
    "SeasonExp": 500,
    "FreeAward": [
      20120970
    ],
    "PaidAward": [
      20121970
    ],
    "KeyAward": 0
  },
  "298": {
    "Id": 298,
    "BattlePassCardId": 3,
    "SeasonLevel": 98,
    "SeasonExp": 500,
    "FreeAward": [
      20120980
    ],
    "PaidAward": [
      20121980
    ],
    "KeyAward": 0
  },
  "299": {
    "Id": 299,
    "BattlePassCardId": 3,
    "SeasonLevel": 99,
    "SeasonExp": 500,
    "FreeAward": [
      20120990
    ],
    "PaidAward": [
      20121990
    ],
    "KeyAward": 0
  },
  "300": {
    "Id": 300,
    "BattlePassCardId": 3,
    "SeasonLevel": 100,
    "SeasonExp": 500,
    "FreeAward": [
      20121000
    ],
    "PaidAward": [
      20122000
    ],
    "KeyAward": 0
  },
  "301": {
    "Id": 301,
    "BattlePassCardId": 4,
    "SeasonLevel": 1,
    "SeasonExp": 500,
    "FreeAward": [],
    "PaidAward": [
      20121010
    ],
    "KeyAward": 0
  },
  "302": {
    "Id": 302,
    "BattlePassCardId": 4,
    "SeasonLevel": 2,
    "SeasonExp": 500,
    "FreeAward": [
      20120020
    ],
    "PaidAward": [
      20121020
    ],
    "KeyAward": 0
  },
  "303": {
    "Id": 303,
    "BattlePassCardId": 4,
    "SeasonLevel": 3,
    "SeasonExp": 500,
    "FreeAward": [
      20120030
    ],
    "PaidAward": [
      20121030
    ],
    "KeyAward": 0
  },
  "304": {
    "Id": 304,
    "BattlePassCardId": 4,
    "SeasonLevel": 4,
    "SeasonExp": 500,
    "FreeAward": [
      20120040
    ],
    "PaidAward": [
      20121040
    ],
    "KeyAward": 0
  },
  "305": {
    "Id": 305,
    "BattlePassCardId": 4,
    "SeasonLevel": 5,
    "SeasonExp": 500,
    "FreeAward": [
      20120050
    ],
    "PaidAward": [
      20121050
    ],
    "KeyAward": 0
  },
  "306": {
    "Id": 306,
    "BattlePassCardId": 4,
    "SeasonLevel": 6,
    "SeasonExp": 500,
    "FreeAward": [
      20120060
    ],
    "PaidAward": [
      20121060
    ],
    "KeyAward": 0
  },
  "307": {
    "Id": 307,
    "BattlePassCardId": 4,
    "SeasonLevel": 7,
    "SeasonExp": 500,
    "FreeAward": [
      20120070
    ],
    "PaidAward": [
      20121070
    ],
    "KeyAward": 0
  },
  "308": {
    "Id": 308,
    "BattlePassCardId": 4,
    "SeasonLevel": 8,
    "SeasonExp": 500,
    "FreeAward": [
      20120080
    ],
    "PaidAward": [
      20121080
    ],
    "KeyAward": 0
  },
  "309": {
    "Id": 309,
    "BattlePassCardId": 4,
    "SeasonLevel": 9,
    "SeasonExp": 500,
    "FreeAward": [
      20120090
    ],
    "PaidAward": [
      20121090
    ],
    "KeyAward": 0
  },
  "310": {
    "Id": 310,
    "BattlePassCardId": 4,
    "SeasonLevel": 10,
    "SeasonExp": 500,
    "FreeAward": [
      20120100
    ],
    "PaidAward": [
      20121100
    ],
    "KeyAward": 1
  },
  "311": {
    "Id": 311,
    "BattlePassCardId": 4,
    "SeasonLevel": 11,
    "SeasonExp": 500,
    "FreeAward": [
      20120110
    ],
    "PaidAward": [
      20121110
    ],
    "KeyAward": 0
  },
  "312": {
    "Id": 312,
    "BattlePassCardId": 4,
    "SeasonLevel": 12,
    "SeasonExp": 500,
    "FreeAward": [
      20120120
    ],
    "PaidAward": [
      20121120
    ],
    "KeyAward": 0
  },
  "313": {
    "Id": 313,
    "BattlePassCardId": 4,
    "SeasonLevel": 13,
    "SeasonExp": 500,
    "FreeAward": [
      20120130
    ],
    "PaidAward": [
      20121130
    ],
    "KeyAward": 0
  },
  "314": {
    "Id": 314,
    "BattlePassCardId": 4,
    "SeasonLevel": 14,
    "SeasonExp": 500,
    "FreeAward": [
      20120140
    ],
    "PaidAward": [
      20121140
    ],
    "KeyAward": 0
  },
  "315": {
    "Id": 315,
    "BattlePassCardId": 4,
    "SeasonLevel": 15,
    "SeasonExp": 500,
    "FreeAward": [
      20120150
    ],
    "PaidAward": [
      20121150
    ],
    "KeyAward": 0
  },
  "316": {
    "Id": 316,
    "BattlePassCardId": 4,
    "SeasonLevel": 16,
    "SeasonExp": 500,
    "FreeAward": [
      20120160
    ],
    "PaidAward": [
      20121160
    ],
    "KeyAward": 0
  },
  "317": {
    "Id": 317,
    "BattlePassCardId": 4,
    "SeasonLevel": 17,
    "SeasonExp": 500,
    "FreeAward": [
      20120170
    ],
    "PaidAward": [
      20121170
    ],
    "KeyAward": 0
  },
  "318": {
    "Id": 318,
    "BattlePassCardId": 4,
    "SeasonLevel": 18,
    "SeasonExp": 500,
    "FreeAward": [
      20120180
    ],
    "PaidAward": [
      20121180
    ],
    "KeyAward": 0
  },
  "319": {
    "Id": 319,
    "BattlePassCardId": 4,
    "SeasonLevel": 19,
    "SeasonExp": 500,
    "FreeAward": [
      20120190
    ],
    "PaidAward": [
      20121190
    ],
    "KeyAward": 0
  },
  "320": {
    "Id": 320,
    "BattlePassCardId": 4,
    "SeasonLevel": 20,
    "SeasonExp": 500,
    "FreeAward": [
      20120200
    ],
    "PaidAward": [
      20121200
    ],
    "KeyAward": 1
  },
  "321": {
    "Id": 321,
    "BattlePassCardId": 4,
    "SeasonLevel": 21,
    "SeasonExp": 500,
    "FreeAward": [
      20120210
    ],
    "PaidAward": [
      20121210
    ],
    "KeyAward": 0
  },
  "322": {
    "Id": 322,
    "BattlePassCardId": 4,
    "SeasonLevel": 22,
    "SeasonExp": 500,
    "FreeAward": [
      20120220
    ],
    "PaidAward": [
      20121220
    ],
    "KeyAward": 0
  },
  "323": {
    "Id": 323,
    "BattlePassCardId": 4,
    "SeasonLevel": 23,
    "SeasonExp": 500,
    "FreeAward": [
      20120230
    ],
    "PaidAward": [
      20121230
    ],
    "KeyAward": 0
  },
  "324": {
    "Id": 324,
    "BattlePassCardId": 4,
    "SeasonLevel": 24,
    "SeasonExp": 500,
    "FreeAward": [
      20120240
    ],
    "PaidAward": [
      20121240
    ],
    "KeyAward": 0
  },
  "325": {
    "Id": 325,
    "BattlePassCardId": 4,
    "SeasonLevel": 25,
    "SeasonExp": 500,
    "FreeAward": [
      20120250
    ],
    "PaidAward": [
      20121250
    ],
    "KeyAward": 0
  },
  "326": {
    "Id": 326,
    "BattlePassCardId": 4,
    "SeasonLevel": 26,
    "SeasonExp": 500,
    "FreeAward": [
      20120260
    ],
    "PaidAward": [
      20121260
    ],
    "KeyAward": 0
  },
  "327": {
    "Id": 327,
    "BattlePassCardId": 4,
    "SeasonLevel": 27,
    "SeasonExp": 500,
    "FreeAward": [
      20120270
    ],
    "PaidAward": [
      20121270
    ],
    "KeyAward": 0
  },
  "328": {
    "Id": 328,
    "BattlePassCardId": 4,
    "SeasonLevel": 28,
    "SeasonExp": 500,
    "FreeAward": [
      20120280
    ],
    "PaidAward": [
      20121280
    ],
    "KeyAward": 0
  },
  "329": {
    "Id": 329,
    "BattlePassCardId": 4,
    "SeasonLevel": 29,
    "SeasonExp": 500,
    "FreeAward": [
      20120290
    ],
    "PaidAward": [
      20121290
    ],
    "KeyAward": 0
  },
  "330": {
    "Id": 330,
    "BattlePassCardId": 4,
    "SeasonLevel": 30,
    "SeasonExp": 500,
    "FreeAward": [
      20120300
    ],
    "PaidAward": [
      20121300,
      40000790
    ],
    "KeyAward": 1
  },
  "331": {
    "Id": 331,
    "BattlePassCardId": 4,
    "SeasonLevel": 31,
    "SeasonExp": 500,
    "FreeAward": [
      20120310
    ],
    "PaidAward": [
      20121310
    ],
    "KeyAward": 0
  },
  "332": {
    "Id": 332,
    "BattlePassCardId": 4,
    "SeasonLevel": 32,
    "SeasonExp": 500,
    "FreeAward": [
      20120320
    ],
    "PaidAward": [
      20121320
    ],
    "KeyAward": 0
  },
  "333": {
    "Id": 333,
    "BattlePassCardId": 4,
    "SeasonLevel": 33,
    "SeasonExp": 500,
    "FreeAward": [
      20120330
    ],
    "PaidAward": [
      20121330
    ],
    "KeyAward": 0
  },
  "334": {
    "Id": 334,
    "BattlePassCardId": 4,
    "SeasonLevel": 34,
    "SeasonExp": 500,
    "FreeAward": [
      20120340
    ],
    "PaidAward": [
      20121340
    ],
    "KeyAward": 0
  },
  "335": {
    "Id": 335,
    "BattlePassCardId": 4,
    "SeasonLevel": 35,
    "SeasonExp": 500,
    "FreeAward": [
      20120350
    ],
    "PaidAward": [
      20121350
    ],
    "KeyAward": 0
  },
  "336": {
    "Id": 336,
    "BattlePassCardId": 4,
    "SeasonLevel": 36,
    "SeasonExp": 500,
    "FreeAward": [
      20120360
    ],
    "PaidAward": [
      20121360
    ],
    "KeyAward": 0
  },
  "337": {
    "Id": 337,
    "BattlePassCardId": 4,
    "SeasonLevel": 37,
    "SeasonExp": 500,
    "FreeAward": [
      20120370
    ],
    "PaidAward": [
      20121370
    ],
    "KeyAward": 0
  },
  "338": {
    "Id": 338,
    "BattlePassCardId": 4,
    "SeasonLevel": 38,
    "SeasonExp": 500,
    "FreeAward": [
      20120380
    ],
    "PaidAward": [
      20121380
    ],
    "KeyAward": 0
  },
  "339": {
    "Id": 339,
    "BattlePassCardId": 4,
    "SeasonLevel": 39,
    "SeasonExp": 500,
    "FreeAward": [
      20120390
    ],
    "PaidAward": [
      20121390
    ],
    "KeyAward": 0
  },
  "340": {
    "Id": 340,
    "BattlePassCardId": 4,
    "SeasonLevel": 40,
    "SeasonExp": 500,
    "FreeAward": [
      20120400
    ],
    "PaidAward": [
      20121400
    ],
    "KeyAward": 1
  },
  "341": {
    "Id": 341,
    "BattlePassCardId": 4,
    "SeasonLevel": 41,
    "SeasonExp": 500,
    "FreeAward": [
      20120410
    ],
    "PaidAward": [
      20121410
    ],
    "KeyAward": 0
  },
  "342": {
    "Id": 342,
    "BattlePassCardId": 4,
    "SeasonLevel": 42,
    "SeasonExp": 500,
    "FreeAward": [
      20120420
    ],
    "PaidAward": [
      20121420
    ],
    "KeyAward": 0
  },
  "343": {
    "Id": 343,
    "BattlePassCardId": 4,
    "SeasonLevel": 43,
    "SeasonExp": 500,
    "FreeAward": [
      20120430
    ],
    "PaidAward": [
      20121430
    ],
    "KeyAward": 0
  },
  "344": {
    "Id": 344,
    "BattlePassCardId": 4,
    "SeasonLevel": 44,
    "SeasonExp": 500,
    "FreeAward": [
      20120440
    ],
    "PaidAward": [
      20121440
    ],
    "KeyAward": 0
  },
  "345": {
    "Id": 345,
    "BattlePassCardId": 4,
    "SeasonLevel": 45,
    "SeasonExp": 500,
    "FreeAward": [
      20120450
    ],
    "PaidAward": [
      20121450
    ],
    "KeyAward": 0
  },
  "346": {
    "Id": 346,
    "BattlePassCardId": 4,
    "SeasonLevel": 46,
    "SeasonExp": 500,
    "FreeAward": [
      20120460
    ],
    "PaidAward": [
      20121460
    ],
    "KeyAward": 0
  },
  "347": {
    "Id": 347,
    "BattlePassCardId": 4,
    "SeasonLevel": 47,
    "SeasonExp": 500,
    "FreeAward": [
      20120470
    ],
    "PaidAward": [
      20121470
    ],
    "KeyAward": 0
  },
  "348": {
    "Id": 348,
    "BattlePassCardId": 4,
    "SeasonLevel": 48,
    "SeasonExp": 500,
    "FreeAward": [
      20120480
    ],
    "PaidAward": [
      20121480
    ],
    "KeyAward": 0
  },
  "349": {
    "Id": 349,
    "BattlePassCardId": 4,
    "SeasonLevel": 49,
    "SeasonExp": 500,
    "FreeAward": [
      20120490
    ],
    "PaidAward": [
      20121490
    ],
    "KeyAward": 0
  },
  "350": {
    "Id": 350,
    "BattlePassCardId": 4,
    "SeasonLevel": 50,
    "SeasonExp": 500,
    "FreeAward": [
      20120500
    ],
    "PaidAward": [
      20121500,
      40000780
    ],
    "KeyAward": 1
  },
  "351": {
    "Id": 351,
    "BattlePassCardId": 4,
    "SeasonLevel": 51,
    "SeasonExp": 500,
    "FreeAward": [
      20120510
    ],
    "PaidAward": [
      20121510
    ],
    "KeyAward": 0
  },
  "352": {
    "Id": 352,
    "BattlePassCardId": 4,
    "SeasonLevel": 52,
    "SeasonExp": 500,
    "FreeAward": [
      20120520
    ],
    "PaidAward": [
      20121520
    ],
    "KeyAward": 0
  },
  "353": {
    "Id": 353,
    "BattlePassCardId": 4,
    "SeasonLevel": 53,
    "SeasonExp": 500,
    "FreeAward": [
      20120530
    ],
    "PaidAward": [
      20121530
    ],
    "KeyAward": 0
  },
  "354": {
    "Id": 354,
    "BattlePassCardId": 4,
    "SeasonLevel": 54,
    "SeasonExp": 500,
    "FreeAward": [
      20120540
    ],
    "PaidAward": [
      20121540
    ],
    "KeyAward": 0
  },
  "355": {
    "Id": 355,
    "BattlePassCardId": 4,
    "SeasonLevel": 55,
    "SeasonExp": 500,
    "FreeAward": [
      20120550
    ],
    "PaidAward": [
      20121550
    ],
    "KeyAward": 0
  },
  "356": {
    "Id": 356,
    "BattlePassCardId": 4,
    "SeasonLevel": 56,
    "SeasonExp": 500,
    "FreeAward": [
      20120560
    ],
    "PaidAward": [
      20121560
    ],
    "KeyAward": 0
  },
  "357": {
    "Id": 357,
    "BattlePassCardId": 4,
    "SeasonLevel": 57,
    "SeasonExp": 500,
    "FreeAward": [
      20120570
    ],
    "PaidAward": [
      20121570
    ],
    "KeyAward": 0
  },
  "358": {
    "Id": 358,
    "BattlePassCardId": 4,
    "SeasonLevel": 58,
    "SeasonExp": 500,
    "FreeAward": [
      20120580
    ],
    "PaidAward": [
      20121580
    ],
    "KeyAward": 0
  },
  "359": {
    "Id": 359,
    "BattlePassCardId": 4,
    "SeasonLevel": 59,
    "SeasonExp": 500,
    "FreeAward": [
      20120590
    ],
    "PaidAward": [
      20121590
    ],
    "KeyAward": 0
  },
  "360": {
    "Id": 360,
    "BattlePassCardId": 4,
    "SeasonLevel": 60,
    "SeasonExp": 500,
    "FreeAward": [
      20120600
    ],
    "PaidAward": [
      20121600
    ],
    "KeyAward": 1
  },
  "361": {
    "Id": 361,
    "BattlePassCardId": 4,
    "SeasonLevel": 61,
    "SeasonExp": 500,
    "FreeAward": [
      20120610
    ],
    "PaidAward": [
      20121610
    ],
    "KeyAward": 0
  },
  "362": {
    "Id": 362,
    "BattlePassCardId": 4,
    "SeasonLevel": 62,
    "SeasonExp": 500,
    "FreeAward": [
      20120620
    ],
    "PaidAward": [
      20121620
    ],
    "KeyAward": 0
  },
  "363": {
    "Id": 363,
    "BattlePassCardId": 4,
    "SeasonLevel": 63,
    "SeasonExp": 500,
    "FreeAward": [
      20120630
    ],
    "PaidAward": [
      20121630
    ],
    "KeyAward": 0
  },
  "364": {
    "Id": 364,
    "BattlePassCardId": 4,
    "SeasonLevel": 64,
    "SeasonExp": 500,
    "FreeAward": [
      20120640
    ],
    "PaidAward": [
      20121640
    ],
    "KeyAward": 0
  },
  "365": {
    "Id": 365,
    "BattlePassCardId": 4,
    "SeasonLevel": 65,
    "SeasonExp": 500,
    "FreeAward": [
      20120650
    ],
    "PaidAward": [
      20121650
    ],
    "KeyAward": 1
  },
  "366": {
    "Id": 366,
    "BattlePassCardId": 4,
    "SeasonLevel": 66,
    "SeasonExp": 500,
    "FreeAward": [
      20120660
    ],
    "PaidAward": [
      20121660
    ],
    "KeyAward": 0
  },
  "367": {
    "Id": 367,
    "BattlePassCardId": 4,
    "SeasonLevel": 67,
    "SeasonExp": 500,
    "FreeAward": [
      20120670
    ],
    "PaidAward": [
      20121670
    ],
    "KeyAward": 0
  },
  "368": {
    "Id": 368,
    "BattlePassCardId": 4,
    "SeasonLevel": 68,
    "SeasonExp": 500,
    "FreeAward": [
      20120680
    ],
    "PaidAward": [
      20121680
    ],
    "KeyAward": 0
  },
  "369": {
    "Id": 369,
    "BattlePassCardId": 4,
    "SeasonLevel": 69,
    "SeasonExp": 500,
    "FreeAward": [
      20120690
    ],
    "PaidAward": [
      20121690
    ],
    "KeyAward": 0
  },
  "370": {
    "Id": 370,
    "BattlePassCardId": 4,
    "SeasonLevel": 70,
    "SeasonExp": 500,
    "FreeAward": [
      20120700
    ],
    "PaidAward": [
      20121700
    ],
    "KeyAward": 1
  },
  "371": {
    "Id": 371,
    "BattlePassCardId": 4,
    "SeasonLevel": 71,
    "SeasonExp": 500,
    "FreeAward": [
      20120710
    ],
    "PaidAward": [
      20121710
    ],
    "KeyAward": 0
  },
  "372": {
    "Id": 372,
    "BattlePassCardId": 4,
    "SeasonLevel": 72,
    "SeasonExp": 500,
    "FreeAward": [
      20120720
    ],
    "PaidAward": [
      20121720
    ],
    "KeyAward": 0
  },
  "373": {
    "Id": 373,
    "BattlePassCardId": 4,
    "SeasonLevel": 73,
    "SeasonExp": 500,
    "FreeAward": [
      20120730
    ],
    "PaidAward": [
      20121730
    ],
    "KeyAward": 0
  },
  "374": {
    "Id": 374,
    "BattlePassCardId": 4,
    "SeasonLevel": 74,
    "SeasonExp": 500,
    "FreeAward": [
      20120740
    ],
    "PaidAward": [
      20121740
    ],
    "KeyAward": 0
  },
  "375": {
    "Id": 375,
    "BattlePassCardId": 4,
    "SeasonLevel": 75,
    "SeasonExp": 500,
    "FreeAward": [
      20120750
    ],
    "PaidAward": [
      20121750
    ],
    "KeyAward": 1
  },
  "376": {
    "Id": 376,
    "BattlePassCardId": 4,
    "SeasonLevel": 76,
    "SeasonExp": 500,
    "FreeAward": [
      20120760
    ],
    "PaidAward": [
      20121760
    ],
    "KeyAward": 0
  },
  "377": {
    "Id": 377,
    "BattlePassCardId": 4,
    "SeasonLevel": 77,
    "SeasonExp": 500,
    "FreeAward": [
      20120770
    ],
    "PaidAward": [
      20121770
    ],
    "KeyAward": 0
  },
  "378": {
    "Id": 378,
    "BattlePassCardId": 4,
    "SeasonLevel": 78,
    "SeasonExp": 500,
    "FreeAward": [
      20120780
    ],
    "PaidAward": [
      20121780
    ],
    "KeyAward": 0
  },
  "379": {
    "Id": 379,
    "BattlePassCardId": 4,
    "SeasonLevel": 79,
    "SeasonExp": 500,
    "FreeAward": [
      20120790
    ],
    "PaidAward": [
      20121790
    ],
    "KeyAward": 0
  },
  "380": {
    "Id": 380,
    "BattlePassCardId": 4,
    "SeasonLevel": 80,
    "SeasonExp": 500,
    "FreeAward": [
      20120800
    ],
    "PaidAward": [
      20121800
    ],
    "KeyAward": 1
  },
  "381": {
    "Id": 381,
    "BattlePassCardId": 4,
    "SeasonLevel": 81,
    "SeasonExp": 500,
    "FreeAward": [
      20120810
    ],
    "PaidAward": [
      20121810
    ],
    "KeyAward": 0
  },
  "382": {
    "Id": 382,
    "BattlePassCardId": 4,
    "SeasonLevel": 82,
    "SeasonExp": 500,
    "FreeAward": [
      20120820
    ],
    "PaidAward": [
      20121820
    ],
    "KeyAward": 0
  },
  "383": {
    "Id": 383,
    "BattlePassCardId": 4,
    "SeasonLevel": 83,
    "SeasonExp": 500,
    "FreeAward": [
      20120830
    ],
    "PaidAward": [
      20121830
    ],
    "KeyAward": 0
  },
  "384": {
    "Id": 384,
    "BattlePassCardId": 4,
    "SeasonLevel": 84,
    "SeasonExp": 500,
    "FreeAward": [
      20120840
    ],
    "PaidAward": [
      20121840
    ],
    "KeyAward": 0
  },
  "385": {
    "Id": 385,
    "BattlePassCardId": 4,
    "SeasonLevel": 85,
    "SeasonExp": 500,
    "FreeAward": [
      20120850
    ],
    "PaidAward": [
      20121850
    ],
    "KeyAward": 0
  },
  "386": {
    "Id": 386,
    "BattlePassCardId": 4,
    "SeasonLevel": 86,
    "SeasonExp": 500,
    "FreeAward": [
      20120860
    ],
    "PaidAward": [
      20121860
    ],
    "KeyAward": 0
  },
  "387": {
    "Id": 387,
    "BattlePassCardId": 4,
    "SeasonLevel": 87,
    "SeasonExp": 500,
    "FreeAward": [
      20120870
    ],
    "PaidAward": [
      20121870
    ],
    "KeyAward": 0
  },
  "388": {
    "Id": 388,
    "BattlePassCardId": 4,
    "SeasonLevel": 88,
    "SeasonExp": 500,
    "FreeAward": [
      20120880
    ],
    "PaidAward": [
      20121880
    ],
    "KeyAward": 0
  },
  "389": {
    "Id": 389,
    "BattlePassCardId": 4,
    "SeasonLevel": 89,
    "SeasonExp": 500,
    "FreeAward": [
      20120890
    ],
    "PaidAward": [
      20121890
    ],
    "KeyAward": 0
  },
  "390": {
    "Id": 390,
    "BattlePassCardId": 4,
    "SeasonLevel": 90,
    "SeasonExp": 500,
    "FreeAward": [
      20120900
    ],
    "PaidAward": [
      20121900
    ],
    "KeyAward": 0
  },
  "391": {
    "Id": 391,
    "BattlePassCardId": 4,
    "SeasonLevel": 91,
    "SeasonExp": 500,
    "FreeAward": [
      20120910
    ],
    "PaidAward": [
      20121910
    ],
    "KeyAward": 0
  },
  "392": {
    "Id": 392,
    "BattlePassCardId": 4,
    "SeasonLevel": 92,
    "SeasonExp": 500,
    "FreeAward": [
      20120920
    ],
    "PaidAward": [
      20121920
    ],
    "KeyAward": 0
  },
  "393": {
    "Id": 393,
    "BattlePassCardId": 4,
    "SeasonLevel": 93,
    "SeasonExp": 500,
    "FreeAward": [
      20120930
    ],
    "PaidAward": [
      20121930
    ],
    "KeyAward": 0
  },
  "394": {
    "Id": 394,
    "BattlePassCardId": 4,
    "SeasonLevel": 94,
    "SeasonExp": 500,
    "FreeAward": [
      20120940
    ],
    "PaidAward": [
      20121940
    ],
    "KeyAward": 0
  },
  "395": {
    "Id": 395,
    "BattlePassCardId": 4,
    "SeasonLevel": 95,
    "SeasonExp": 500,
    "FreeAward": [
      20120950
    ],
    "PaidAward": [
      20121950
    ],
    "KeyAward": 0
  },
  "396": {
    "Id": 396,
    "BattlePassCardId": 4,
    "SeasonLevel": 96,
    "SeasonExp": 500,
    "FreeAward": [
      20120960
    ],
    "PaidAward": [
      20121960
    ],
    "KeyAward": 0
  },
  "397": {
    "Id": 397,
    "BattlePassCardId": 4,
    "SeasonLevel": 97,
    "SeasonExp": 500,
    "FreeAward": [
      20120970
    ],
    "PaidAward": [
      20121970
    ],
    "KeyAward": 0
  },
  "398": {
    "Id": 398,
    "BattlePassCardId": 4,
    "SeasonLevel": 98,
    "SeasonExp": 500,
    "FreeAward": [
      20120980
    ],
    "PaidAward": [
      20121980
    ],
    "KeyAward": 0
  },
  "399": {
    "Id": 399,
    "BattlePassCardId": 4,
    "SeasonLevel": 99,
    "SeasonExp": 500,
    "FreeAward": [
      20120990
    ],
    "PaidAward": [
      20121990
    ],
    "KeyAward": 0
  },
  "400": {
    "Id": 400,
    "BattlePassCardId": 4,
    "SeasonLevel": 100,
    "SeasonExp": 500,
    "FreeAward": [
      20121000
    ],
    "PaidAward": [
      20122000
    ],
    "KeyAward": 0
  }
}