{
  "101": {
    "BuffId": 101,
    "ActionArray": [],
    "EffectArray": [],
    "MaterialArray": [],
    "WWiseArray": []
  },
  "201": {
    "BuffId": 201,
    "ActionArray": [],
    "EffectArray": [
      20101
    ],
    "MaterialArray": [],
    "WWiseArray": []
  },
  "301": {
    "BuffId": 301,
    "ActionArray": [],
    "EffectArray": [
      30101
    ],
    "MaterialArray": [],
    "WWiseArray": []
  },
  "500101": {
    "BuffId": 500101,
    "ActionArray": [],
    "EffectArray": [
      50010101,
      50010102
    ],
    "MaterialArray": [],
    "WWiseArray": []
  },
  "800201": {
    "BuffId": 800201,
    "ActionArray": [],
    "EffectArray": [],
    "MaterialArray": [],
    "WWiseArray": []
  },
  "500301": {
    "BuffId": 500301,
    "ActionArray": [],
    "EffectArray": [],
    "MaterialArray": [],
    "WWiseArray": []
  },
  "800301": {
    "BuffId": 800301,
    "ActionArray": [],
    "EffectArray": [
      80030101
    ],
    "MaterialArray": [],
    "WWiseArray": []
  },
  "800401": {
    "BuffId": 800401,
    "ActionArray": [],
    "EffectArray": [
      80040101
    ],
    "MaterialArray": [],
    "WWiseArray": []
  },
  "500401": {
    "BuffId": 500401,
    "ActionArray": [],
    "EffectArray": [
      50040101
    ],
    "MaterialArray": [],
    "WWiseArray": []
  },
  "500201": {
    "BuffId": 500201,
    "ActionArray": [],
    "EffectArray": [
      50020101
    ],
    "MaterialArray": [],
    "WWiseArray": []
  },
  "800501": {
    "BuffId": 800501,
    "ActionArray": [],
    "EffectArray": [],
    "MaterialArray": [],
    "WWiseArray": []
  },
  "800601": {
    "BuffId": 800601,
    "ActionArray": [],
    "EffectArray": [
      80060101
    ],
    "MaterialArray": [],
    "WWiseArray": []
  },
  "800701": {
    "BuffId": 800701,
    "ActionArray": [],
    "EffectArray": [
      80070101
    ],
    "MaterialArray": [],
    "WWiseArray": []
  },
  "800801": {
    "BuffId": 800801,
    "ActionArray": [],
    "EffectArray": [],
    "MaterialArray": [],
    "WWiseArray": []
  },
  "800901": {
    "BuffId": 800901,
    "ActionArray": [],
    "EffectArray": [
      80090101
    ],
    "MaterialArray": [],
    "WWiseArray": []
  },
  "500501": {
    "BuffId": 500501,
    "ActionArray": [],
    "EffectArray": [],
    "MaterialArray": [],
    "WWiseArray": []
  },
  "401": {
    "BuffId": 401,
    "ActionArray": [],
    "EffectArray": [],
    "MaterialArray": [],
    "WWiseArray": []
  },
  "501": {
    "BuffId": 501,
    "ActionArray": [],
    "EffectArray": [
      50101
    ],
    "MaterialArray": [],
    "WWiseArray": []
  }
}