{
  "1": {
    "Id": 1,
    "DataType": 0,
    "DataIndex": 0,
    "DataValue": "pengwei",
    "DataValue2": "彭薇",
    "Desc": "系统功能"
  },
  "2": {
    "Id": 2,
    "DataType": 0,
    "DataIndex": 1,
    "DataValue": "pengwei",
    "DataValue2": "彭薇",
    "Desc": "主角（外装）"
  },
  "3": {
    "Id": 3,
    "DataType": 0,
    "DataIndex": 2,
    "DataValue": "sundanfeng",
    "DataValue2": "孙丹峰",
    "Desc": "大世界:场景"
  },
  "4": {
    "Id": 4,
    "DataType": 0,
    "DataIndex": 3,
    "DataValue": "mahaoqi",
    "DataValue2": "马浩淇",
    "Desc": "大世界:玩法"
  },
  "5": {
    "Id": 5,
    "DataType": 0,
    "DataIndex": 4,
    "DataValue": "wenrusheng",
    "DataValue2": "温儒生",
    "Desc": "战斗机制"
  },
  "6": {
    "Id": 6,
    "DataType": 0,
    "DataIndex": 5,
    "DataValue": "yujingyao",
    "DataValue2": "俞靖瑶",
    "Desc": "场景：关卡"
  },
  "7": {
    "Id": 7,
    "DataType": 0,
    "DataIndex": 6,
    "DataValue": "sundanfeng",
    "DataValue2": "孙丹峰",
    "Desc": "专项"
  },
  "8": {
    "Id": 8,
    "DataType": 0,
    "DataIndex": 7,
    "DataValue": "mahaoqi",
    "DataValue2": "马浩淇",
    "Desc": "剧情和任务"
  },
  "9": {
    "Id": 9,
    "DataType": 0,
    "DataIndex": 8,
    "DataValue": "xudong",
    "DataValue2": "徐东",
    "Desc": "坐骑"
  },
  "10": {
    "Id": 10,
    "DataType": 0,
    "DataIndex": 9,
    "DataValue": "yujingyao",
    "DataValue2": "俞靖瑶",
    "Desc": "怪物"
  },
  "11": {
    "Id": 11,
    "DataType": 1,
    "DataIndex": 0,
    "DataValue": "300",
    "DataValue2": "",
    "Desc": "外网上传冷却时间"
  }
}