{
  "1": {
    "DungeonGroupId": 1,
    "TargetAward": [
      [
        112101,
        12020020,
        0
      ],
      [
        112201,
        12020023,
        3100020
      ],
      [
        112301,
        12020026,
        0
      ]
    ],
    "FashionAwardItemId": [
      7037013,
      7037014
    ],
    "PropUpItemId": 7037013
  },
  "2": {
    "DungeonGroupId": 2,
    "TargetAward": [
      [
        103101,
        12020010,
        0
      ],
      [
        103201,
        12020013,
        3100010
      ],
      [
        103301,
        12020016,
        0
      ]
    ],
    "FashionAwardItemId": [
      7027013,
      7027014
    ],
    "PropUpItemId": 7027013
  },
  "3": {
    "DungeonGroupId": 3,
    "TargetAward": [
      [
        600701,
        12020040,
        0
      ],
      [
        600801,
        12020043,
        3100040
      ],
      [
        600901,
        12020046,
        0
      ]
    ],
    "FashionAwardItemId": [
      7127013,
      7127014
    ],
    "PropUpItemId": 7127013
  },
  "4": {
    "DungeonGroupId": 4,
    "TargetAward": [
      [
        602101,
        12020030,
        0
      ],
      [
        602201,
        12020033,
        3100030
      ],
      [
        602301,
        12020036,
        0
      ]
    ],
    "FashionAwardItemId": [
      7117013,
      7117014
    ],
    "PropUpItemId": 7117013
  },
  "5": {
    "DungeonGroupId": 5,
    "TargetAward": [
      [
        103101,
        12020050,
        0
      ],
      [
        103201,
        12020053,
        3100050
      ],
      [
        103301,
        12020056,
        0
      ]
    ],
    "FashionAwardItemId": [
      7150015,
      7150015
    ],
    "PropUpItemId": 7150015
  },
  "6": {
    "DungeonGroupId": 6,
    "TargetAward": [
      [
        103101,
        12020050,
        0
      ],
      [
        103201,
        12020053,
        3100050
      ],
      [
        103301,
        12020056,
        0
      ]
    ],
    "FashionAwardItemId": [
      7150015,
      7150015
    ],
    "PropUpItemId": 7150015
  }
}