{
  "100": {
    "Id": 100,
    "Type": 0,
    "ChannelName": "General",
    "ChannelStyle": "",
    "ChannelStylePC": "",
    "NoticeStyle": "",
    "FunctionId": 102101,
    "SubFunctionId": [],
    "Sort": 1,
    "ChannelFunc": [],
    "ItemShareLimit": [],
    "LevelLimit": 0,
    "IsShowHUD": 0
  },
  "1": {
    "Id": 1,
    "Type": 1,
    "ChannelName": "World",
    "ChannelStyle": "ChannelWorld",
    "ChannelStylePC": "ChannelWorldPC",
    "NoticeStyle": "EADDFE",
    "FunctionId": 102102,
    "SubFunctionId": [],
    "Sort": 2,
    "ChannelFunc": [],
    "ItemShareLimit": [],
    "LevelLimit": 3,
    "IsShowHUD": 0
  },
  "2": {
    "Id": 2,
    "Type": 1,
    "ChannelName": "Current",
    "ChannelStyle": "ChannelCurrent",
    "ChannelStylePC": "ChannelCurrentPC",
    "NoticeStyle": "EDEDED",
    "FunctionId": 102103,
    "SubFunctionId": [],
    "Sort": 5,
    "ChannelFunc": [],
    "ItemShareLimit": [],
    "LevelLimit": 3,
    "IsShowHUD": 1
  },
  "3": {
    "Id": 3,
    "Type": 1,
    "ChannelName": "Team",
    "ChannelStyle": "ChannelTeam",
    "ChannelStylePC": "ChannelTeamPC",
    "NoticeStyle": "DFEDFE",
    "FunctionId": 102104,
    "SubFunctionId": [
      101001
    ],
    "Sort": 4,
    "ChannelFunc": [],
    "ItemShareLimit": [],
    "LevelLimit": 3,
    "IsShowHUD": 0
  },
  "4": {
    "Id": 4,
    "Type": 1,
    "ChannelName": "Guild",
    "ChannelStyle": "ChannelGuild",
    "ChannelStylePC": "ChannelGuildPC",
    "NoticeStyle": "E0F6E0",
    "FunctionId": 102105,
    "SubFunctionId": [
      500100
    ],
    "Sort": 3,
    "ChannelFunc": [],
    "ItemShareLimit": [],
    "LevelLimit": 3,
    "IsShowHUD": 0
  },
  "99": {
    "Id": 99,
    "Type": 1,
    "ChannelName": "System",
    "ChannelStyle": "ChannelSystem",
    "ChannelStylePC": "ChannelSystemPC",
    "NoticeStyle": "F8CDB8",
    "FunctionId": 102199,
    "SubFunctionId": [],
    "Sort": 99,
    "ChannelFunc": [],
    "ItemShareLimit": [],
    "LevelLimit": 0,
    "IsShowHUD": 0
  }
}