{
  "1": {
    "Id": 1,
    "Sort": 10,
    "Consumable": [
      [
        1030001,
        2
      ],
      [
        1030001,
        2
      ],
      [
        1030001,
        2
      ]
    ],
    "ConsumableName": "能量点2",
    "ExchangeGoods": [
      [
        1010001,
        1
      ],
      [
        1010001,
        1
      ],
      [
        1010001,
        1
      ]
    ],
    "ExchangeName": "临时-回复药水",
    "Condition": [
      [
        0
      ],
      [
        1,
        10003,
        2
      ],
      [
        1,
        10003,
        10
      ]
    ],
    "WaitTime": [
      5,
      5,
      5
    ]
  },
  "2": {
    "Id": 2,
    "Sort": 20,
    "Consumable": [
      [
        1030001,
        4
      ],
      [
        1030001,
        4
      ],
      [
        1030001,
        4
      ]
    ],
    "ConsumableName": "能量点4",
    "ExchangeGoods": [
      [
        1010001,
        1
      ],
      [
        1010001,
        1
      ],
      [
        1010001,
        1
      ]
    ],
    "ExchangeName": "临时-回复药水",
    "Condition": [
      [
        0
      ],
      [
        1,
        10003,
        2
      ],
      [
        1,
        10003,
        10
      ]
    ],
    "WaitTime": [
      5,
      5,
      5
    ]
  },
  "3": {
    "Id": 3,
    "Sort": 30,
    "Consumable": [
      [
        1030001,
        8
      ],
      [
        1030001,
        8
      ],
      [
        1030001,
        8
      ]
    ],
    "ConsumableName": "能量点8",
    "ExchangeGoods": [
      [
        1010001,
        1
      ],
      [
        1010001,
        1
      ],
      [
        1010001,
        1
      ]
    ],
    "ExchangeName": "临时-回复药水",
    "Condition": [
      [
        1,
        10003,
        2
      ],
      [
        1,
        10003,
        10
      ],
      [
        1,
        10003,
        20
      ]
    ],
    "WaitTime": [
      5,
      5,
      5
    ]
  }
}