{
  "1001": {
    "Id": 1001,
    "Type": 1,
    "GroupId": 1,
    "Res": "tw_1f600",
    "Text": "tw_1f600",
    "IsDefUnlock": 0,
    "UnlockItem": 0,
    "ShowCornerMark": 0
  },
  "1002": {
    "Id": 1002,
    "Type": 1,
    "GroupId": 1,
    "Res": "tw_1f601",
    "Text": "tw_1f600",
    "IsDefUnlock": 0,
    "UnlockItem": 0,
    "ShowCornerMark": 0
  },
  "1003": {
    "Id": 1003,
    "Type": 1,
    "GroupId": 1,
    "Res": "tw_1f602",
    "Text": "tw_1f600",
    "IsDefUnlock": 0,
    "UnlockItem": 0,
    "ShowCornerMark": 0
  },
  "1004": {
    "Id": 1004,
    "Type": 1,
    "GroupId": 1,
    "Res": "tw_1f603",
    "Text": "tw_1f600",
    "IsDefUnlock": 0,
    "UnlockItem": 0,
    "ShowCornerMark": 0
  },
  "1005": {
    "Id": 1005,
    "Type": 1,
    "GroupId": 1,
    "Res": "tw_1f604",
    "Text": "tw_1f600",
    "IsDefUnlock": 0,
    "UnlockItem": 0,
    "ShowCornerMark": 0
  },
  "1006": {
    "Id": 1006,
    "Type": 1,
    "GroupId": 1,
    "Res": "tw_1f605",
    "Text": "tw_1f600",
    "IsDefUnlock": 0,
    "UnlockItem": 0,
    "ShowCornerMark": 0
  },
  "1007": {
    "Id": 1007,
    "Type": 1,
    "GroupId": 1,
    "Res": "tw_1f606",
    "Text": "tw_1f600",
    "IsDefUnlock": 0,
    "UnlockItem": 0,
    "ShowCornerMark": 0
  },
  "1008": {
    "Id": 1008,
    "Type": 1,
    "GroupId": 1,
    "Res": "tw_1f607",
    "Text": "tw_1f600",
    "IsDefUnlock": 0,
    "UnlockItem": 0,
    "ShowCornerMark": 0
  },
  "1009": {
    "Id": 1009,
    "Type": 1,
    "GroupId": 1,
    "Res": "tw_1f608",
    "Text": "tw_1f600",
    "IsDefUnlock": 0,
    "UnlockItem": 0,
    "ShowCornerMark": 0
  },
  "1010": {
    "Id": 1010,
    "Type": 1,
    "GroupId": 1,
    "Res": "tw_1f609",
    "Text": "tw_1f600",
    "IsDefUnlock": 0,
    "UnlockItem": 0,
    "ShowCornerMark": 0
  },
  "1011": {
    "Id": 1011,
    "Type": 1,
    "GroupId": 1,
    "Res": "tw_1f610",
    "Text": "tw_1f600",
    "IsDefUnlock": 0,
    "UnlockItem": 0,
    "ShowCornerMark": 0
  },
  "1012": {
    "Id": 1012,
    "Type": 1,
    "GroupId": 1,
    "Res": "tw_1f611",
    "Text": "tw_1f600",
    "IsDefUnlock": 0,
    "UnlockItem": 0,
    "ShowCornerMark": 0
  },
  "1013": {
    "Id": 1013,
    "Type": 1,
    "GroupId": 1,
    "Res": "tw_1f612",
    "Text": "tw_1f600",
    "IsDefUnlock": 0,
    "UnlockItem": 0,
    "ShowCornerMark": 0
  },
  "1014": {
    "Id": 1014,
    "Type": 1,
    "GroupId": 1,
    "Res": "tw_1f613",
    "Text": "tw_1f600",
    "IsDefUnlock": 0,
    "UnlockItem": 0,
    "ShowCornerMark": 0
  },
  "1015": {
    "Id": 1015,
    "Type": 1,
    "GroupId": 1,
    "Res": "tw_1f614",
    "Text": "tw_1f600",
    "IsDefUnlock": 0,
    "UnlockItem": 0,
    "ShowCornerMark": 0
  },
  "1016": {
    "Id": 1016,
    "Type": 1,
    "GroupId": 1,
    "Res": "tw_1f615",
    "Text": "tw_1f600",
    "IsDefUnlock": 0,
    "UnlockItem": 0,
    "ShowCornerMark": 0
  },
  "1017": {
    "Id": 1017,
    "Type": 1,
    "GroupId": 1,
    "Res": "tw_1f616",
    "Text": "tw_1f600",
    "IsDefUnlock": 0,
    "UnlockItem": 0,
    "ShowCornerMark": 0
  },
  "1018": {
    "Id": 1018,
    "Type": 1,
    "GroupId": 1,
    "Res": "tw_1f617",
    "Text": "tw_1f600",
    "IsDefUnlock": 0,
    "UnlockItem": 0,
    "ShowCornerMark": 0
  },
  "1019": {
    "Id": 1019,
    "Type": 1,
    "GroupId": 1,
    "Res": "tw_1f618",
    "Text": "tw_1f600",
    "IsDefUnlock": 0,
    "UnlockItem": 0,
    "ShowCornerMark": 0
  },
  "1020": {
    "Id": 1020,
    "Type": 1,
    "GroupId": 1,
    "Res": "tw_1f619",
    "Text": "tw_1f600",
    "IsDefUnlock": 0,
    "UnlockItem": 0,
    "ShowCornerMark": 0
  },
  "1021": {
    "Id": 1021,
    "Type": 1,
    "GroupId": 1,
    "Res": "tw_1f620",
    "Text": "tw_1f600",
    "IsDefUnlock": 0,
    "UnlockItem": 0,
    "ShowCornerMark": 0
  },
  "1022": {
    "Id": 1022,
    "Type": 1,
    "GroupId": 1,
    "Res": "tw_1f621",
    "Text": "tw_1f600",
    "IsDefUnlock": 0,
    "UnlockItem": 0,
    "ShowCornerMark": 0
  },
  "1023": {
    "Id": 1023,
    "Type": 1,
    "GroupId": 1,
    "Res": "tw_1f622",
    "Text": "tw_1f600",
    "IsDefUnlock": 0,
    "UnlockItem": 0,
    "ShowCornerMark": 0
  },
  "1024": {
    "Id": 1024,
    "Type": 1,
    "GroupId": 1,
    "Res": "tw_1f623",
    "Text": "tw_1f600",
    "IsDefUnlock": 0,
    "UnlockItem": 0,
    "ShowCornerMark": 0
  },
  "1025": {
    "Id": 1025,
    "Type": 1,
    "GroupId": 1,
    "Res": "tw_1f624",
    "Text": "tw_1f600",
    "IsDefUnlock": 0,
    "UnlockItem": 0,
    "ShowCornerMark": 0
  },
  "1026": {
    "Id": 1026,
    "Type": 1,
    "GroupId": 1,
    "Res": "tw_1f625",
    "Text": "tw_1f600",
    "IsDefUnlock": 0,
    "UnlockItem": 0,
    "ShowCornerMark": 0
  },
  "1027": {
    "Id": 1027,
    "Type": 1,
    "GroupId": 1,
    "Res": "tw_1f626",
    "Text": "tw_1f600",
    "IsDefUnlock": 0,
    "UnlockItem": 0,
    "ShowCornerMark": 0
  },
  "1028": {
    "Id": 1028,
    "Type": 1,
    "GroupId": 1,
    "Res": "tw_1f627",
    "Text": "tw_1f600",
    "IsDefUnlock": 0,
    "UnlockItem": 0,
    "ShowCornerMark": 0
  },
  "1029": {
    "Id": 1029,
    "Type": 1,
    "GroupId": 1,
    "Res": "tw_1f628",
    "Text": "tw_1f600",
    "IsDefUnlock": 0,
    "UnlockItem": 0,
    "ShowCornerMark": 0
  },
  "1030": {
    "Id": 1030,
    "Type": 1,
    "GroupId": 1,
    "Res": "tw_1f629",
    "Text": "tw_1f600",
    "IsDefUnlock": 0,
    "UnlockItem": 0,
    "ShowCornerMark": 0
  },
  "1031": {
    "Id": 1031,
    "Type": 1,
    "GroupId": 1,
    "Res": "tw_1f630",
    "Text": "tw_1f600",
    "IsDefUnlock": 0,
    "UnlockItem": 0,
    "ShowCornerMark": 0
  },
  "1032": {
    "Id": 1032,
    "Type": 1,
    "GroupId": 1,
    "Res": "tw_1f631",
    "Text": "tw_1f600",
    "IsDefUnlock": 0,
    "UnlockItem": 0,
    "ShowCornerMark": 0
  },
  "1033": {
    "Id": 1033,
    "Type": 1,
    "GroupId": 1,
    "Res": "tw_1f632",
    "Text": "tw_1f600",
    "IsDefUnlock": 0,
    "UnlockItem": 0,
    "ShowCornerMark": 0
  },
  "1034": {
    "Id": 1034,
    "Type": 1,
    "GroupId": 1,
    "Res": "tw_1f633",
    "Text": "tw_1f600",
    "IsDefUnlock": 0,
    "UnlockItem": 0,
    "ShowCornerMark": 0
  },
  "1035": {
    "Id": 1035,
    "Type": 1,
    "GroupId": 1,
    "Res": "tw_1f634",
    "Text": "tw_1f600",
    "IsDefUnlock": 0,
    "UnlockItem": 0,
    "ShowCornerMark": 0
  },
  "1036": {
    "Id": 1036,
    "Type": 1,
    "GroupId": 1,
    "Res": "tw_1f635",
    "Text": "tw_1f600",
    "IsDefUnlock": 0,
    "UnlockItem": 0,
    "ShowCornerMark": 0
  },
  "1037": {
    "Id": 1037,
    "Type": 1,
    "GroupId": 1,
    "Res": "tw_1f636",
    "Text": "tw_1f600",
    "IsDefUnlock": 0,
    "UnlockItem": 0,
    "ShowCornerMark": 0
  },
  "1038": {
    "Id": 1038,
    "Type": 1,
    "GroupId": 1,
    "Res": "tw_1f637",
    "Text": "tw_1f600",
    "IsDefUnlock": 0,
    "UnlockItem": 0,
    "ShowCornerMark": 0
  },
  "1039": {
    "Id": 1039,
    "Type": 1,
    "GroupId": 1,
    "Res": "tw_1f641",
    "Text": "tw_1f600",
    "IsDefUnlock": 0,
    "UnlockItem": 0,
    "ShowCornerMark": 0
  },
  "1040": {
    "Id": 1040,
    "Type": 1,
    "GroupId": 1,
    "Res": "tw_1f642",
    "Text": "tw_1f600",
    "IsDefUnlock": 0,
    "UnlockItem": 0,
    "ShowCornerMark": 0
  },
  "1041": {
    "Id": 1041,
    "Type": 1,
    "GroupId": 1,
    "Res": "tw_1f643",
    "Text": "tw_1f600",
    "IsDefUnlock": 0,
    "UnlockItem": 0,
    "ShowCornerMark": 0
  },
  "1042": {
    "Id": 1042,
    "Type": 1,
    "GroupId": 1,
    "Res": "tw_1f644",
    "Text": "tw_1f600",
    "IsDefUnlock": 0,
    "UnlockItem": 0,
    "ShowCornerMark": 0
  },
  "1043": {
    "Id": 1043,
    "Type": 1,
    "GroupId": 1,
    "Res": "tw_1f60a",
    "Text": "tw_1f600",
    "IsDefUnlock": 0,
    "UnlockItem": 0,
    "ShowCornerMark": 0
  },
  "1044": {
    "Id": 1044,
    "Type": 1,
    "GroupId": 1,
    "Res": "tw_1f60b",
    "Text": "tw_1f600",
    "IsDefUnlock": 0,
    "UnlockItem": 0,
    "ShowCornerMark": 0
  },
  "1045": {
    "Id": 1045,
    "Type": 1,
    "GroupId": 1,
    "Res": "tw_1f60c",
    "Text": "tw_1f600",
    "IsDefUnlock": 0,
    "UnlockItem": 0,
    "ShowCornerMark": 0
  },
  "1046": {
    "Id": 1046,
    "Type": 1,
    "GroupId": 1,
    "Res": "tw_1f60d",
    "Text": "tw_1f600",
    "IsDefUnlock": 0,
    "UnlockItem": 0,
    "ShowCornerMark": 0
  },
  "1047": {
    "Id": 1047,
    "Type": 1,
    "GroupId": 1,
    "Res": "tw_1f60e",
    "Text": "tw_1f600",
    "IsDefUnlock": 0,
    "UnlockItem": 0,
    "ShowCornerMark": 0
  },
  "1048": {
    "Id": 1048,
    "Type": 1,
    "GroupId": 1,
    "Res": "tw_1f60f",
    "Text": "tw_1f600",
    "IsDefUnlock": 0,
    "UnlockItem": 0,
    "ShowCornerMark": 0
  },
  "1049": {
    "Id": 1049,
    "Type": 1,
    "GroupId": 1,
    "Res": "tw_1f61a",
    "Text": "tw_1f600",
    "IsDefUnlock": 0,
    "UnlockItem": 0,
    "ShowCornerMark": 0
  },
  "1050": {
    "Id": 1050,
    "Type": 1,
    "GroupId": 1,
    "Res": "tw_1f61b",
    "Text": "tw_1f600",
    "IsDefUnlock": 0,
    "UnlockItem": 0,
    "ShowCornerMark": 0
  },
  "1051": {
    "Id": 1051,
    "Type": 1,
    "GroupId": 1,
    "Res": "tw_1f61c",
    "Text": "tw_1f600",
    "IsDefUnlock": 0,
    "UnlockItem": 0,
    "ShowCornerMark": 0
  },
  "1052": {
    "Id": 1052,
    "Type": 1,
    "GroupId": 1,
    "Res": "tw_1f61d",
    "Text": "tw_1f600",
    "IsDefUnlock": 0,
    "UnlockItem": 0,
    "ShowCornerMark": 0
  },
  "1053": {
    "Id": 1053,
    "Type": 1,
    "GroupId": 1,
    "Res": "tw_1f61e",
    "Text": "tw_1f600",
    "IsDefUnlock": 0,
    "UnlockItem": 0,
    "ShowCornerMark": 0
  },
  "1054": {
    "Id": 1054,
    "Type": 1,
    "GroupId": 1,
    "Res": "tw_1f61f",
    "Text": "tw_1f600",
    "IsDefUnlock": 0,
    "UnlockItem": 0,
    "ShowCornerMark": 0
  },
  "1055": {
    "Id": 1055,
    "Type": 1,
    "GroupId": 1,
    "Res": "tw_1f62a",
    "Text": "tw_1f600",
    "IsDefUnlock": 0,
    "UnlockItem": 0,
    "ShowCornerMark": 0
  },
  "1056": {
    "Id": 1056,
    "Type": 1,
    "GroupId": 1,
    "Res": "tw_1f62b",
    "Text": "tw_1f600",
    "IsDefUnlock": 0,
    "UnlockItem": 0,
    "ShowCornerMark": 0
  },
  "1057": {
    "Id": 1057,
    "Type": 1,
    "GroupId": 1,
    "Res": "tw_1f62c",
    "Text": "tw_1f600",
    "IsDefUnlock": 0,
    "UnlockItem": 0,
    "ShowCornerMark": 0
  },
  "1058": {
    "Id": 1058,
    "Type": 1,
    "GroupId": 1,
    "Res": "tw_1f62d",
    "Text": "tw_1f600",
    "IsDefUnlock": 0,
    "UnlockItem": 0,
    "ShowCornerMark": 0
  },
  "1059": {
    "Id": 1059,
    "Type": 1,
    "GroupId": 1,
    "Res": "tw_1f62e",
    "Text": "tw_1f600",
    "IsDefUnlock": 0,
    "UnlockItem": 0,
    "ShowCornerMark": 0
  },
  "1060": {
    "Id": 1060,
    "Type": 1,
    "GroupId": 1,
    "Res": "tw_1f62f",
    "Text": "tw_1f600",
    "IsDefUnlock": 0,
    "UnlockItem": 0,
    "ShowCornerMark": 0
  },
  "1061": {
    "Id": 1061,
    "Type": 1,
    "GroupId": 1,
    "Res": "tw_1f63a",
    "Text": "tw_1f600",
    "IsDefUnlock": 0,
    "UnlockItem": 0,
    "ShowCornerMark": 0
  },
  "1062": {
    "Id": 1062,
    "Type": 1,
    "GroupId": 1,
    "Res": "tw_1f63c",
    "Text": "tw_1f600",
    "IsDefUnlock": 0,
    "UnlockItem": 0,
    "ShowCornerMark": 0
  },
  "1063": {
    "Id": 1063,
    "Type": 1,
    "GroupId": 1,
    "Res": "tw_1f63d",
    "Text": "tw_1f600",
    "IsDefUnlock": 0,
    "UnlockItem": 0,
    "ShowCornerMark": 0
  },
  "1064": {
    "Id": 1064,
    "Type": 1,
    "GroupId": 1,
    "Res": "tw_1f63e",
    "Text": "tw_1f600",
    "IsDefUnlock": 0,
    "UnlockItem": 0,
    "ShowCornerMark": 0
  },
  "2001": {
    "Id": 2001,
    "Type": 2,
    "GroupId": 2,
    "Res": "emoji_anger_symbol",
    "Text": "tw_1f600",
    "IsDefUnlock": 0,
    "UnlockItem": 0,
    "ShowCornerMark": 0
  },
  "2002": {
    "Id": 2002,
    "Type": 2,
    "GroupId": 2,
    "Res": "emoji_banknote",
    "Text": "tw_1f600",
    "IsDefUnlock": 0,
    "UnlockItem": 0,
    "ShowCornerMark": 0
  },
  "2003": {
    "Id": 2003,
    "Type": 2,
    "GroupId": 2,
    "Res": "emoji_battery",
    "Text": "tw_1f600",
    "IsDefUnlock": 0,
    "UnlockItem": 0,
    "ShowCornerMark": 0
  },
  "2004": {
    "Id": 2004,
    "Type": 2,
    "GroupId": 2,
    "Res": "emoji_cake",
    "Text": "tw_1f600",
    "IsDefUnlock": 0,
    "UnlockItem": 0,
    "ShowCornerMark": 0
  },
  "2005": {
    "Id": 2005,
    "Type": 2,
    "GroupId": 2,
    "Res": "emoji_cat",
    "Text": "tw_1f600",
    "IsDefUnlock": 0,
    "UnlockItem": 0,
    "ShowCornerMark": 0
  },
  "2006": {
    "Id": 2006,
    "Type": 2,
    "GroupId": 2,
    "Res": "emoji_cat_face",
    "Text": "tw_1f600",
    "IsDefUnlock": 0,
    "UnlockItem": 0,
    "ShowCornerMark": 0
  },
  "2007": {
    "Id": 2007,
    "Type": 2,
    "GroupId": 2,
    "Res": "emoji_chart_increasing",
    "Text": "tw_1f600",
    "IsDefUnlock": 0,
    "UnlockItem": 0,
    "ShowCornerMark": 0
  },
  "2008": {
    "Id": 2008,
    "Type": 2,
    "GroupId": 2,
    "Res": "emoji_collision",
    "Text": "tw_1f600",
    "IsDefUnlock": 0,
    "UnlockItem": 0,
    "ShowCornerMark": 0
  },
  "2009": {
    "Id": 2009,
    "Type": 2,
    "GroupId": 2,
    "Res": "emoji_dog",
    "Text": "tw_1f600",
    "IsDefUnlock": 0,
    "UnlockItem": 0,
    "ShowCornerMark": 0
  },
  "2010": {
    "Id": 2010,
    "Type": 2,
    "GroupId": 2,
    "Res": "emoji_dog_face",
    "Text": "tw_1f600",
    "IsDefUnlock": 0,
    "UnlockItem": 0,
    "ShowCornerMark": 0
  },
  "2011": {
    "Id": 2011,
    "Type": 2,
    "GroupId": 2,
    "Res": "emoji_eighth_note",
    "Text": "tw_1f600",
    "IsDefUnlock": 0,
    "UnlockItem": 0,
    "ShowCornerMark": 0
  },
  "2012": {
    "Id": 2012,
    "Type": 2,
    "GroupId": 2,
    "Res": "emoji_elephant",
    "Text": "tw_1f600",
    "IsDefUnlock": 0,
    "UnlockItem": 0,
    "ShowCornerMark": 0
  },
  "2013": {
    "Id": 2013,
    "Type": 2,
    "GroupId": 2,
    "Res": "emoji_eyes",
    "Text": "tw_1f600",
    "IsDefUnlock": 0,
    "UnlockItem": 0,
    "ShowCornerMark": 0
  },
  "2014": {
    "Id": 2014,
    "Type": 2,
    "GroupId": 2,
    "Res": "emoji_face_cry",
    "Text": "tw_1f600",
    "IsDefUnlock": 0,
    "UnlockItem": 0,
    "ShowCornerMark": 0
  },
  "2015": {
    "Id": 2015,
    "Type": 2,
    "GroupId": 2,
    "Res": "emoji_face_exhaling",
    "Text": "tw_1f600",
    "IsDefUnlock": 0,
    "UnlockItem": 0,
    "ShowCornerMark": 0
  },
  "2016": {
    "Id": 2016,
    "Type": 2,
    "GroupId": 2,
    "Res": "emoji_face_fearful",
    "Text": "tw_1f600",
    "IsDefUnlock": 0,
    "UnlockItem": 0,
    "ShowCornerMark": 0
  },
  "2017": {
    "Id": 2017,
    "Type": 2,
    "GroupId": 2,
    "Res": "emoji_face_flushed",
    "Text": "tw_1f600",
    "IsDefUnlock": 0,
    "UnlockItem": 0,
    "ShowCornerMark": 0
  },
  "2018": {
    "Id": 2018,
    "Type": 2,
    "GroupId": 2,
    "Res": "emoji_face_grimacing",
    "Text": "tw_1f600",
    "IsDefUnlock": 0,
    "UnlockItem": 0,
    "ShowCornerMark": 0
  },
  "2019": {
    "Id": 2019,
    "Type": 2,
    "GroupId": 2,
    "Res": "emoji_face_grinning_sweat",
    "Text": "tw_1f600",
    "IsDefUnlock": 0,
    "UnlockItem": 0,
    "ShowCornerMark": 0
  },
  "2020": {
    "Id": 2020,
    "Type": 2,
    "GroupId": 2,
    "Res": "emoji_face_heart",
    "Text": "tw_1f600",
    "IsDefUnlock": 0,
    "UnlockItem": 0,
    "ShowCornerMark": 0
  },
  "2021": {
    "Id": 2021,
    "Type": 2,
    "GroupId": 2,
    "Res": "emoji_face_kiss_heart",
    "Text": "tw_1f600",
    "IsDefUnlock": 0,
    "UnlockItem": 0,
    "ShowCornerMark": 0
  },
  "2022": {
    "Id": 2022,
    "Type": 2,
    "GroupId": 2,
    "Res": "emoji_face_laughter",
    "Text": "tw_1f600",
    "IsDefUnlock": 0,
    "UnlockItem": 0,
    "ShowCornerMark": 0
  },
  "2023": {
    "Id": 2023,
    "Type": 2,
    "GroupId": 2,
    "Res": "emoji_face_laughter_crying",
    "Text": "tw_1f600",
    "IsDefUnlock": 0,
    "UnlockItem": 0,
    "ShowCornerMark": 0
  },
  "2024": {
    "Id": 2024,
    "Type": 2,
    "GroupId": 2,
    "Res": "emoji_face_laughter_rolling",
    "Text": "tw_1f600",
    "IsDefUnlock": 0,
    "UnlockItem": 0,
    "ShowCornerMark": 0
  },
  "2025": {
    "Id": 2025,
    "Type": 2,
    "GroupId": 2,
    "Res": "emoji_face_pien",
    "Text": "tw_1f600",
    "IsDefUnlock": 0,
    "UnlockItem": 0,
    "ShowCornerMark": 0
  },
  "2026": {
    "Id": 2026,
    "Type": 2,
    "GroupId": 2,
    "Res": "emoji_face_relieved",
    "Text": "tw_1f600",
    "IsDefUnlock": 0,
    "UnlockItem": 0,
    "ShowCornerMark": 0
  },
  "2027": {
    "Id": 2027,
    "Type": 2,
    "GroupId": 2,
    "Res": "emoji_face_screaming",
    "Text": "tw_1f600",
    "IsDefUnlock": 0,
    "UnlockItem": 0,
    "ShowCornerMark": 0
  },
  "2028": {
    "Id": 2028,
    "Type": 2,
    "GroupId": 2,
    "Res": "emoji_face_shush",
    "Text": "tw_1f600",
    "IsDefUnlock": 0,
    "UnlockItem": 0,
    "ShowCornerMark": 0
  },
  "2029": {
    "Id": 2029,
    "Type": 2,
    "GroupId": 2,
    "Res": "emoji_face_smile",
    "Text": "tw_1f600",
    "IsDefUnlock": 0,
    "UnlockItem": 0,
    "ShowCornerMark": 0
  },
  "2030": {
    "Id": 2030,
    "Type": 2,
    "GroupId": 2,
    "Res": "emoji_face_smile_halo",
    "Text": "tw_1f600",
    "IsDefUnlock": 0,
    "UnlockItem": 0,
    "ShowCornerMark": 0
  },
  "2031": {
    "Id": 2031,
    "Type": 2,
    "GroupId": 2,
    "Res": "emoji_face_smile_heart",
    "Text": "tw_1f600",
    "IsDefUnlock": 0,
    "UnlockItem": 0,
    "ShowCornerMark": 0
  },
  "2032": {
    "Id": 2032,
    "Type": 2,
    "GroupId": 2,
    "Res": "emoji_face_smiling",
    "Text": "tw_1f600",
    "IsDefUnlock": 0,
    "UnlockItem": 0,
    "ShowCornerMark": 0
  },
  "2033": {
    "Id": 2033,
    "Type": 2,
    "GroupId": 2,
    "Res": "emoji_face_smiling_horns",
    "Text": "tw_1f600",
    "IsDefUnlock": 0,
    "UnlockItem": 0,
    "ShowCornerMark": 0
  },
  "2034": {
    "Id": 2034,
    "Type": 2,
    "GroupId": 2,
    "Res": "emoji_face_smirking",
    "Text": "tw_1f600",
    "IsDefUnlock": 0,
    "UnlockItem": 0,
    "ShowCornerMark": 0
  },
  "2035": {
    "Id": 2035,
    "Type": 2,
    "GroupId": 2,
    "Res": "emoji_face_star",
    "Text": "tw_1f600",
    "IsDefUnlock": 0,
    "UnlockItem": 0,
    "ShowCornerMark": 0
  },
  "2036": {
    "Id": 2036,
    "Type": 2,
    "GroupId": 2,
    "Res": "emoji_face_sweat",
    "Text": "tw_1f600",
    "IsDefUnlock": 0,
    "UnlockItem": 0,
    "ShowCornerMark": 0
  },
  "2037": {
    "Id": 2037,
    "Type": 2,
    "GroupId": 2,
    "Res": "emoji_face_tears",
    "Text": "tw_1f600",
    "IsDefUnlock": 0,
    "UnlockItem": 0,
    "ShowCornerMark": 0
  },
  "2038": {
    "Id": 2038,
    "Type": 2,
    "GroupId": 2,
    "Res": "emoji_face_thinking",
    "Text": "tw_1f600",
    "IsDefUnlock": 0,
    "UnlockItem": 0,
    "ShowCornerMark": 0
  },
  "2039": {
    "Id": 2039,
    "Type": 2,
    "GroupId": 2,
    "Res": "emoji_face_unamused",
    "Text": "tw_1f600",
    "IsDefUnlock": 0,
    "UnlockItem": 0,
    "ShowCornerMark": 0
  },
  "2040": {
    "Id": 2040,
    "Type": 2,
    "GroupId": 2,
    "Res": "emoji_face_vomiting",
    "Text": "tw_1f600",
    "IsDefUnlock": 0,
    "UnlockItem": 0,
    "ShowCornerMark": 0
  },
  "2041": {
    "Id": 2041,
    "Type": 2,
    "GroupId": 2,
    "Res": "emoji_face_weary",
    "Text": "tw_1f600",
    "IsDefUnlock": 0,
    "UnlockItem": 0,
    "ShowCornerMark": 0
  },
  "2042": {
    "Id": 2042,
    "Type": 2,
    "GroupId": 2,
    "Res": "emoji_face_without_mouth",
    "Text": "tw_1f600",
    "IsDefUnlock": 0,
    "UnlockItem": 0,
    "ShowCornerMark": 0
  },
  "2043": {
    "Id": 2043,
    "Type": 2,
    "GroupId": 2,
    "Res": "emoji_face_zany",
    "Text": "tw_1f600",
    "IsDefUnlock": 0,
    "UnlockItem": 0,
    "ShowCornerMark": 0
  },
  "2044": {
    "Id": 2044,
    "Type": 2,
    "GroupId": 2,
    "Res": "emoji_fire",
    "Text": "tw_1f600",
    "IsDefUnlock": 0,
    "UnlockItem": 0,
    "ShowCornerMark": 0
  },
  "2045": {
    "Id": 2045,
    "Type": 2,
    "GroupId": 2,
    "Res": "emoji_hand_biceps",
    "Text": "tw_1f600",
    "IsDefUnlock": 0,
    "UnlockItem": 0,
    "ShowCornerMark": 0
  },
  "2046": {
    "Id": 2046,
    "Type": 2,
    "GroupId": 2,
    "Res": "emoji_hand_clapping",
    "Text": "tw_1f600",
    "IsDefUnlock": 0,
    "UnlockItem": 0,
    "ShowCornerMark": 0
  },
  "2047": {
    "Id": 2047,
    "Type": 2,
    "GroupId": 2,
    "Res": "emoji_hand_fist",
    "Text": "tw_1f600",
    "IsDefUnlock": 0,
    "UnlockItem": 0,
    "ShowCornerMark": 0
  },
  "2048": {
    "Id": 2048,
    "Type": 2,
    "GroupId": 2,
    "Res": "emoji_hand_fold",
    "Text": "tw_1f600",
    "IsDefUnlock": 0,
    "UnlockItem": 0,
    "ShowCornerMark": 0
  },
  "2049": {
    "Id": 2049,
    "Type": 2,
    "GroupId": 2,
    "Res": "emoji_hand_pointing_down",
    "Text": "tw_1f600",
    "IsDefUnlock": 0,
    "UnlockItem": 0,
    "ShowCornerMark": 0
  },
  "2050": {
    "Id": 2050,
    "Type": 2,
    "GroupId": 2,
    "Res": "emoji_hand_pointing_up",
    "Text": "tw_1f600",
    "IsDefUnlock": 0,
    "UnlockItem": 0,
    "ShowCornerMark": 0
  },
  "2051": {
    "Id": 2051,
    "Type": 2,
    "GroupId": 2,
    "Res": "emoji_hand_thumbs_up",
    "Text": "tw_1f600",
    "IsDefUnlock": 0,
    "UnlockItem": 0,
    "ShowCornerMark": 0
  },
  "2052": {
    "Id": 2052,
    "Type": 2,
    "GroupId": 2,
    "Res": "emoji_hand_victory",
    "Text": "tw_1f600",
    "IsDefUnlock": 0,
    "UnlockItem": 0,
    "ShowCornerMark": 0
  },
  "2053": {
    "Id": 2053,
    "Type": 2,
    "GroupId": 2,
    "Res": "emoji_heart_beating",
    "Text": "tw_1f600",
    "IsDefUnlock": 0,
    "UnlockItem": 0,
    "ShowCornerMark": 0
  },
  "2054": {
    "Id": 2054,
    "Type": 2,
    "GroupId": 2,
    "Res": "emoji_heart_blue",
    "Text": "tw_1f600",
    "IsDefUnlock": 0,
    "UnlockItem": 0,
    "ShowCornerMark": 0
  },
  "2055": {
    "Id": 2055,
    "Type": 2,
    "GroupId": 2,
    "Res": "emoji_heart_growing",
    "Text": "tw_1f600",
    "IsDefUnlock": 0,
    "UnlockItem": 0,
    "ShowCornerMark": 0
  },
  "2056": {
    "Id": 2056,
    "Type": 2,
    "GroupId": 2,
    "Res": "emoji_heart_red",
    "Text": "tw_1f600",
    "IsDefUnlock": 0,
    "UnlockItem": 0,
    "ShowCornerMark": 0
  },
  "2057": {
    "Id": 2057,
    "Type": 2,
    "GroupId": 2,
    "Res": "emoji_heart_revolving",
    "Text": "tw_1f600",
    "IsDefUnlock": 0,
    "UnlockItem": 0,
    "ShowCornerMark": 0
  },
  "2058": {
    "Id": 2058,
    "Type": 2,
    "GroupId": 2,
    "Res": "emoji_kusudama",
    "Text": "tw_1f600",
    "IsDefUnlock": 0,
    "UnlockItem": 0,
    "ShowCornerMark": 0
  },
  "2059": {
    "Id": 2059,
    "Type": 2,
    "GroupId": 2,
    "Res": "emoji_lock",
    "Text": "tw_1f600",
    "IsDefUnlock": 0,
    "UnlockItem": 0,
    "ShowCornerMark": 0
  },
  "2060": {
    "Id": 2060,
    "Type": 2,
    "GroupId": 2,
    "Res": "emoji_meat",
    "Text": "tw_1f600",
    "IsDefUnlock": 0,
    "UnlockItem": 0,
    "ShowCornerMark": 0
  },
  "2061": {
    "Id": 2061,
    "Type": 2,
    "GroupId": 2,
    "Res": "emoji_pengin",
    "Text": "tw_1f600",
    "IsDefUnlock": 0,
    "UnlockItem": 0,
    "ShowCornerMark": 0
  },
  "2062": {
    "Id": 2062,
    "Type": 2,
    "GroupId": 2,
    "Res": "emoji_poppers",
    "Text": "tw_1f600",
    "IsDefUnlock": 0,
    "UnlockItem": 0,
    "ShowCornerMark": 0
  },
  "2063": {
    "Id": 2063,
    "Type": 2,
    "GroupId": 2,
    "Res": "emoji_ribbon_blue",
    "Text": "tw_1f600",
    "IsDefUnlock": 0,
    "UnlockItem": 0,
    "ShowCornerMark": 0
  },
  "2064": {
    "Id": 2064,
    "Type": 2,
    "GroupId": 2,
    "Res": "emoji_ribbon_red",
    "Text": "tw_1f600",
    "IsDefUnlock": 0,
    "UnlockItem": 0,
    "ShowCornerMark": 0
  },
  "2065": {
    "Id": 2065,
    "Type": 2,
    "GroupId": 2,
    "Res": "emoji_shark",
    "Text": "tw_1f600",
    "IsDefUnlock": 0,
    "UnlockItem": 0,
    "ShowCornerMark": 0
  },
  "2066": {
    "Id": 2066,
    "Type": 2,
    "GroupId": 2,
    "Res": "emoji_shit",
    "Text": "tw_1f600",
    "IsDefUnlock": 0,
    "UnlockItem": 0,
    "ShowCornerMark": 0
  },
  "2067": {
    "Id": 2067,
    "Type": 2,
    "GroupId": 2,
    "Res": "emoji_sparkles",
    "Text": "tw_1f600",
    "IsDefUnlock": 0,
    "UnlockItem": 0,
    "ShowCornerMark": 0
  },
  "2068": {
    "Id": 2068,
    "Type": 2,
    "GroupId": 2,
    "Res": "emoji_straw_hat",
    "Text": "tw_1f600",
    "IsDefUnlock": 0,
    "UnlockItem": 0,
    "ShowCornerMark": 0
  },
  "2069": {
    "Id": 2069,
    "Type": 2,
    "GroupId": 2,
    "Res": "emoji_summer_dress",
    "Text": "tw_1f600",
    "IsDefUnlock": 0,
    "UnlockItem": 0,
    "ShowCornerMark": 0
  },
  "2070": {
    "Id": 2070,
    "Type": 2,
    "GroupId": 2,
    "Res": "emoji_sweat",
    "Text": "tw_1f600",
    "IsDefUnlock": 0,
    "UnlockItem": 0,
    "ShowCornerMark": 0
  },
  "2071": {
    "Id": 2071,
    "Type": 2,
    "GroupId": 2,
    "Res": "emoji_symbol_peace",
    "Text": "tw_1f600",
    "IsDefUnlock": 0,
    "UnlockItem": 0,
    "ShowCornerMark": 0
  },
  "2072": {
    "Id": 2072,
    "Type": 2,
    "GroupId": 2,
    "Res": "emoji_tongue",
    "Text": "tw_1f600",
    "IsDefUnlock": 0,
    "UnlockItem": 0,
    "ShowCornerMark": 0
  },
  "2073": {
    "Id": 2073,
    "Type": 2,
    "GroupId": 2,
    "Res": "emoji_woman_dancing",
    "Text": "tw_1f600",
    "IsDefUnlock": 0,
    "UnlockItem": 0,
    "ShowCornerMark": 0
  },
  "2074": {
    "Id": 2074,
    "Type": 2,
    "GroupId": 2,
    "Res": "emoji_woman_facepalming",
    "Text": "tw_1f600",
    "IsDefUnlock": 0,
    "UnlockItem": 0,
    "ShowCornerMark": 0
  },
  "2075": {
    "Id": 2075,
    "Type": 2,
    "GroupId": 2,
    "Res": "emoji_woman_greeting",
    "Text": "tw_1f600",
    "IsDefUnlock": 0,
    "UnlockItem": 0,
    "ShowCornerMark": 0
  },
  "2076": {
    "Id": 2076,
    "Type": 2,
    "GroupId": 2,
    "Res": "emoji_woman_no",
    "Text": "tw_1f600",
    "IsDefUnlock": 0,
    "UnlockItem": 0,
    "ShowCornerMark": 0
  },
  "2077": {
    "Id": 2077,
    "Type": 2,
    "GroupId": 2,
    "Res": "emoji_woman_ok",
    "Text": "tw_1f600",
    "IsDefUnlock": 0,
    "UnlockItem": 0,
    "ShowCornerMark": 0
  },
  "2078": {
    "Id": 2078,
    "Type": 2,
    "GroupId": 2,
    "Res": "emoji_woman_shrugging",
    "Text": "tw_1f600",
    "IsDefUnlock": 0,
    "UnlockItem": 0,
    "ShowCornerMark": 0
  },
  "3001": {
    "Id": 3001,
    "Type": 3,
    "GroupId": 3,
    "Res": "sticker_1_1",
    "Text": "tw_1f600",
    "IsDefUnlock": 0,
    "UnlockItem": 0,
    "ShowCornerMark": 0
  },
  "3002": {
    "Id": 3002,
    "Type": 3,
    "GroupId": 3,
    "Res": "sticker_1_2",
    "Text": "tw_1f600",
    "IsDefUnlock": 0,
    "UnlockItem": 0,
    "ShowCornerMark": 0
  },
  "3003": {
    "Id": 3003,
    "Type": 3,
    "GroupId": 3,
    "Res": "sticker_1_3",
    "Text": "tw_1f600",
    "IsDefUnlock": 0,
    "UnlockItem": 0,
    "ShowCornerMark": 0
  },
  "3004": {
    "Id": 3004,
    "Type": 3,
    "GroupId": 3,
    "Res": "sticker_1_4",
    "Text": "tw_1f600",
    "IsDefUnlock": 0,
    "UnlockItem": 0,
    "ShowCornerMark": 0
  },
  "3005": {
    "Id": 3005,
    "Type": 3,
    "GroupId": 3,
    "Res": "sticker_1_5",
    "Text": "tw_1f600",
    "IsDefUnlock": 0,
    "UnlockItem": 0,
    "ShowCornerMark": 0
  },
  "3006": {
    "Id": 3006,
    "Type": 3,
    "GroupId": 3,
    "Res": "sticker_1_6",
    "Text": "tw_1f600",
    "IsDefUnlock": 0,
    "UnlockItem": 0,
    "ShowCornerMark": 0
  },
  "3007": {
    "Id": 3007,
    "Type": 3,
    "GroupId": 3,
    "Res": "sticker_1_7",
    "Text": "tw_1f600",
    "IsDefUnlock": 0,
    "UnlockItem": 0,
    "ShowCornerMark": 0
  },
  "3008": {
    "Id": 3008,
    "Type": 3,
    "GroupId": 3,
    "Res": "sticker_1_8",
    "Text": "tw_1f600",
    "IsDefUnlock": 0,
    "UnlockItem": 0,
    "ShowCornerMark": 0
  },
  "3009": {
    "Id": 3009,
    "Type": 3,
    "GroupId": 3,
    "Res": "sticker_1_9",
    "Text": "tw_1f600",
    "IsDefUnlock": 0,
    "UnlockItem": 0,
    "ShowCornerMark": 0
  },
  "3010": {
    "Id": 3010,
    "Type": 3,
    "GroupId": 3,
    "Res": "sticker_1_10",
    "Text": "tw_1f600",
    "IsDefUnlock": 0,
    "UnlockItem": 0,
    "ShowCornerMark": 0
  },
  "3011": {
    "Id": 3011,
    "Type": 3,
    "GroupId": 3,
    "Res": "sticker_1_11",
    "Text": "tw_1f600",
    "IsDefUnlock": 0,
    "UnlockItem": 0,
    "ShowCornerMark": 0
  },
  "3012": {
    "Id": 3012,
    "Type": 3,
    "GroupId": 3,
    "Res": "sticker_1_12",
    "Text": "tw_1f600",
    "IsDefUnlock": 0,
    "UnlockItem": 0,
    "ShowCornerMark": 0
  },
  "3013": {
    "Id": 3013,
    "Type": 3,
    "GroupId": 3,
    "Res": "sticker_1_13",
    "Text": "tw_1f600",
    "IsDefUnlock": 0,
    "UnlockItem": 0,
    "ShowCornerMark": 0
  },
  "3014": {
    "Id": 3014,
    "Type": 3,
    "GroupId": 3,
    "Res": "sticker_1_14",
    "Text": "tw_1f600",
    "IsDefUnlock": 0,
    "UnlockItem": 0,
    "ShowCornerMark": 0
  },
  "3015": {
    "Id": 3015,
    "Type": 3,
    "GroupId": 3,
    "Res": "sticker_1_15",
    "Text": "tw_1f600",
    "IsDefUnlock": 0,
    "UnlockItem": 0,
    "ShowCornerMark": 0
  },
  "4001": {
    "Id": 4001,
    "Type": 3,
    "GroupId": 4,
    "Res": "sticker_2_1",
    "Text": "tw_1f600",
    "IsDefUnlock": 0,
    "UnlockItem": 0,
    "ShowCornerMark": 0
  },
  "4002": {
    "Id": 4002,
    "Type": 3,
    "GroupId": 4,
    "Res": "sticker_2_2",
    "Text": "tw_1f600",
    "IsDefUnlock": 0,
    "UnlockItem": 0,
    "ShowCornerMark": 0
  },
  "4003": {
    "Id": 4003,
    "Type": 3,
    "GroupId": 4,
    "Res": "sticker_2_3",
    "Text": "tw_1f600",
    "IsDefUnlock": 0,
    "UnlockItem": 0,
    "ShowCornerMark": 0
  },
  "4004": {
    "Id": 4004,
    "Type": 3,
    "GroupId": 4,
    "Res": "sticker_2_4",
    "Text": "tw_1f600",
    "IsDefUnlock": 0,
    "UnlockItem": 0,
    "ShowCornerMark": 0
  },
  "4005": {
    "Id": 4005,
    "Type": 3,
    "GroupId": 4,
    "Res": "sticker_2_5",
    "Text": "tw_1f600",
    "IsDefUnlock": 0,
    "UnlockItem": 0,
    "ShowCornerMark": 0
  },
  "4006": {
    "Id": 4006,
    "Type": 3,
    "GroupId": 4,
    "Res": "sticker_2_6",
    "Text": "tw_1f600",
    "IsDefUnlock": 0,
    "UnlockItem": 0,
    "ShowCornerMark": 0
  },
  "4007": {
    "Id": 4007,
    "Type": 3,
    "GroupId": 4,
    "Res": "sticker_2_7",
    "Text": "tw_1f600",
    "IsDefUnlock": 0,
    "UnlockItem": 0,
    "ShowCornerMark": 0
  },
  "4008": {
    "Id": 4008,
    "Type": 3,
    "GroupId": 4,
    "Res": "sticker_2_8",
    "Text": "tw_1f600",
    "IsDefUnlock": 0,
    "UnlockItem": 0,
    "ShowCornerMark": 0
  },
  "4009": {
    "Id": 4009,
    "Type": 3,
    "GroupId": 4,
    "Res": "sticker_2_9",
    "Text": "tw_1f600",
    "IsDefUnlock": 0,
    "UnlockItem": 0,
    "ShowCornerMark": 0
  },
  "4010": {
    "Id": 4010,
    "Type": 3,
    "GroupId": 4,
    "Res": "sticker_2_10",
    "Text": "tw_1f600",
    "IsDefUnlock": 0,
    "UnlockItem": 0,
    "ShowCornerMark": 0
  },
  "4011": {
    "Id": 4011,
    "Type": 3,
    "GroupId": 4,
    "Res": "sticker_2_11",
    "Text": "tw_1f600",
    "IsDefUnlock": 0,
    "UnlockItem": 0,
    "ShowCornerMark": 0
  },
  "4012": {
    "Id": 4012,
    "Type": 3,
    "GroupId": 4,
    "Res": "sticker_2_12",
    "Text": "tw_1f600",
    "IsDefUnlock": 0,
    "UnlockItem": 0,
    "ShowCornerMark": 0
  },
  "4013": {
    "Id": 4013,
    "Type": 3,
    "GroupId": 4,
    "Res": "sticker_2_13",
    "Text": "tw_1f600",
    "IsDefUnlock": 0,
    "UnlockItem": 0,
    "ShowCornerMark": 0
  },
  "4014": {
    "Id": 4014,
    "Type": 3,
    "GroupId": 4,
    "Res": "sticker_2_14",
    "Text": "tw_1f600",
    "IsDefUnlock": 0,
    "UnlockItem": 0,
    "ShowCornerMark": 0
  },
  "4015": {
    "Id": 4015,
    "Type": 3,
    "GroupId": 4,
    "Res": "sticker_2_15",
    "Text": "tw_1f600",
    "IsDefUnlock": 0,
    "UnlockItem": 0,
    "ShowCornerMark": 0
  },
  "6001": {
    "Id": 6001,
    "Type": 3,
    "GroupId": 6,
    "Res": "emoji_2_1",
    "Text": "tw_1f600",
    "IsDefUnlock": 0,
    "UnlockItem": 0,
    "ShowCornerMark": 0
  },
  "6002": {
    "Id": 6002,
    "Type": 3,
    "GroupId": 6,
    "Res": "emoji_2_2",
    "Text": "tw_1f600",
    "IsDefUnlock": 0,
    "UnlockItem": 0,
    "ShowCornerMark": 0
  },
  "6004": {
    "Id": 6004,
    "Type": 3,
    "GroupId": 6,
    "Res": "emoji_2_5",
    "Text": "tw_1f600",
    "IsDefUnlock": 0,
    "UnlockItem": 0,
    "ShowCornerMark": 0
  },
  "6005": {
    "Id": 6005,
    "Type": 3,
    "GroupId": 6,
    "Res": "emoji_2_7",
    "Text": "tw_1f600",
    "IsDefUnlock": 0,
    "UnlockItem": 0,
    "ShowCornerMark": 0
  },
  "6007": {
    "Id": 6007,
    "Type": 3,
    "GroupId": 6,
    "Res": "emoji_2_14",
    "Text": "tw_1f600",
    "IsDefUnlock": 0,
    "UnlockItem": 0,
    "ShowCornerMark": 0
  },
  "6009": {
    "Id": 6009,
    "Type": 3,
    "GroupId": 6,
    "Res": "emoji_2_16",
    "Text": "tw_1f600",
    "IsDefUnlock": 0,
    "UnlockItem": 0,
    "ShowCornerMark": 0
  },
  "6010": {
    "Id": 6010,
    "Type": 3,
    "GroupId": 6,
    "Res": "emoji_2_17",
    "Text": "tw_1f600",
    "IsDefUnlock": 0,
    "UnlockItem": 0,
    "ShowCornerMark": 0
  },
  "6012": {
    "Id": 6012,
    "Type": 3,
    "GroupId": 6,
    "Res": "emoji_2_19",
    "Text": "tw_1f600",
    "IsDefUnlock": 0,
    "UnlockItem": 0,
    "ShowCornerMark": 0
  },
  "6016": {
    "Id": 6016,
    "Type": 3,
    "GroupId": 6,
    "Res": "emoji_2_23",
    "Text": "tw_1f600",
    "IsDefUnlock": 0,
    "UnlockItem": 0,
    "ShowCornerMark": 0
  },
  "6017": {
    "Id": 6017,
    "Type": 3,
    "GroupId": 6,
    "Res": "emoji_2_24",
    "Text": "tw_1f600",
    "IsDefUnlock": 0,
    "UnlockItem": 0,
    "ShowCornerMark": 0
  },
  "6018": {
    "Id": 6018,
    "Type": 3,
    "GroupId": 6,
    "Res": "emoji_2_25",
    "Text": "tw_1f600",
    "IsDefUnlock": 0,
    "UnlockItem": 0,
    "ShowCornerMark": 0
  },
  "6019": {
    "Id": 6019,
    "Type": 3,
    "GroupId": 6,
    "Res": "emoji_2_26",
    "Text": "tw_1f600",
    "IsDefUnlock": 0,
    "UnlockItem": 0,
    "ShowCornerMark": 0
  },
  "6020": {
    "Id": 6020,
    "Type": 3,
    "GroupId": 6,
    "Res": "emoji_2_63",
    "Text": "tw_1f600",
    "IsDefUnlock": 0,
    "UnlockItem": 0,
    "ShowCornerMark": 0
  },
  "6021": {
    "Id": 6021,
    "Type": 3,
    "GroupId": 6,
    "Res": "emoji_2_64",
    "Text": "tw_1f600",
    "IsDefUnlock": 0,
    "UnlockItem": 0,
    "ShowCornerMark": 0
  },
  "6022": {
    "Id": 6022,
    "Type": 3,
    "GroupId": 6,
    "Res": "emoji_2_65",
    "Text": "tw_1f600",
    "IsDefUnlock": 0,
    "UnlockItem": 0,
    "ShowCornerMark": 0
  },
  "6023": {
    "Id": 6023,
    "Type": 3,
    "GroupId": 6,
    "Res": "emoji_2_67",
    "Text": "tw_1f600",
    "IsDefUnlock": 0,
    "UnlockItem": 0,
    "ShowCornerMark": 0
  },
  "6024": {
    "Id": 6024,
    "Type": 3,
    "GroupId": 6,
    "Res": "emoji_2_69",
    "Text": "tw_1f600",
    "IsDefUnlock": 0,
    "UnlockItem": 0,
    "ShowCornerMark": 0
  },
  "6025": {
    "Id": 6025,
    "Type": 3,
    "GroupId": 6,
    "Res": "emoji_2_70",
    "Text": "tw_1f600",
    "IsDefUnlock": 0,
    "UnlockItem": 0,
    "ShowCornerMark": 0
  },
  "6026": {
    "Id": 6026,
    "Type": 3,
    "GroupId": 6,
    "Res": "emoji_2_71",
    "Text": "tw_1f600",
    "IsDefUnlock": 0,
    "UnlockItem": 0,
    "ShowCornerMark": 0
  },
  "6027": {
    "Id": 6027,
    "Type": 3,
    "GroupId": 6,
    "Res": "emoji_2_72",
    "Text": "tw_1f600",
    "IsDefUnlock": 0,
    "UnlockItem": 0,
    "ShowCornerMark": 0
  },
  "6028": {
    "Id": 6028,
    "Type": 3,
    "GroupId": 6,
    "Res": "emoji_2_73",
    "Text": "tw_1f600",
    "IsDefUnlock": 0,
    "UnlockItem": 0,
    "ShowCornerMark": 0
  },
  "6029": {
    "Id": 6029,
    "Type": 3,
    "GroupId": 6,
    "Res": "emoji_2_74",
    "Text": "tw_1f600",
    "IsDefUnlock": 0,
    "UnlockItem": 0,
    "ShowCornerMark": 0
  },
  "6030": {
    "Id": 6030,
    "Type": 3,
    "GroupId": 6,
    "Res": "emoji_2_75",
    "Text": "tw_1f600",
    "IsDefUnlock": 0,
    "UnlockItem": 0,
    "ShowCornerMark": 0
  },
  "6031": {
    "Id": 6031,
    "Type": 3,
    "GroupId": 6,
    "Res": "emoji_2_76",
    "Text": "tw_1f600",
    "IsDefUnlock": 0,
    "UnlockItem": 0,
    "ShowCornerMark": 0
  },
  "6032": {
    "Id": 6032,
    "Type": 3,
    "GroupId": 6,
    "Res": "emoji_2_77",
    "Text": "tw_1f600",
    "IsDefUnlock": 0,
    "UnlockItem": 0,
    "ShowCornerMark": 0
  },
  "6033": {
    "Id": 6033,
    "Type": 3,
    "GroupId": 6,
    "Res": "sticker_6_1",
    "Text": "tw_1f600",
    "IsDefUnlock": 0,
    "UnlockItem": 0,
    "ShowCornerMark": 0
  },
  "6034": {
    "Id": 6034,
    "Type": 3,
    "GroupId": 6,
    "Res": "sticker_6_2",
    "Text": "tw_1f600",
    "IsDefUnlock": 0,
    "UnlockItem": 0,
    "ShowCornerMark": 0
  },
  "6035": {
    "Id": 6035,
    "Type": 3,
    "GroupId": 6,
    "Res": "sticker_6_3",
    "Text": "tw_1f600",
    "IsDefUnlock": 0,
    "UnlockItem": 0,
    "ShowCornerMark": 0
  },
  "6036": {
    "Id": 6036,
    "Type": 3,
    "GroupId": 6,
    "Res": "sticker_6_4",
    "Text": "tw_1f600",
    "IsDefUnlock": 0,
    "UnlockItem": 0,
    "ShowCornerMark": 0
  },
  "6037": {
    "Id": 6037,
    "Type": 3,
    "GroupId": 6,
    "Res": "sticker_6_5",
    "Text": "tw_1f600",
    "IsDefUnlock": 0,
    "UnlockItem": 0,
    "ShowCornerMark": 0
  },
  "6038": {
    "Id": 6038,
    "Type": 3,
    "GroupId": 6,
    "Res": "sticker_6_6",
    "Text": "tw_1f600",
    "IsDefUnlock": 0,
    "UnlockItem": 0,
    "ShowCornerMark": 0
  },
  "6039": {
    "Id": 6039,
    "Type": 3,
    "GroupId": 6,
    "Res": "sticker_6_7",
    "Text": "tw_1f600",
    "IsDefUnlock": 0,
    "UnlockItem": 0,
    "ShowCornerMark": 0
  },
  "6040": {
    "Id": 6040,
    "Type": 3,
    "GroupId": 6,
    "Res": "sticker_6_8",
    "Text": "tw_1f600",
    "IsDefUnlock": 0,
    "UnlockItem": 0,
    "ShowCornerMark": 0
  },
  "7001": {
    "Id": 7001,
    "Type": 5,
    "GroupId": 7,
    "Res": "",
    "Text": "Please advise",
    "IsDefUnlock": 0,
    "UnlockItem": 0,
    "ShowCornerMark": 0
  },
  "7002": {
    "Id": 7002,
    "Type": 5,
    "GroupId": 7,
    "Res": "",
    "Text": "Amazing!",
    "IsDefUnlock": 0,
    "UnlockItem": 0,
    "ShowCornerMark": 0
  },
  "7003": {
    "Id": 7003,
    "Type": 5,
    "GroupId": 7,
    "Res": "",
    "Text": "Thank you",
    "IsDefUnlock": 0,
    "UnlockItem": 0,
    "ShowCornerMark": 0
  },
  "7004": {
    "Id": 7004,
    "Type": 5,
    "GroupId": 7,
    "Res": "",
    "Text": "Great!",
    "IsDefUnlock": 0,
    "UnlockItem": 0,
    "ShowCornerMark": 0
  },
  "7005": {
    "Id": 7005,
    "Type": 5,
    "GroupId": 7,
    "Res": "",
    "Text": "Understood",
    "IsDefUnlock": 0,
    "UnlockItem": 0,
    "ShowCornerMark": 0
  },
  "7006": {
    "Id": 7006,
    "Type": 5,
    "GroupId": 7,
    "Res": "",
    "Text": "Help me!",
    "IsDefUnlock": 0,
    "UnlockItem": 0,
    "ShowCornerMark": 0
  },
  "7007": {
    "Id": 7007,
    "Type": 5,
    "GroupId": 7,
    "Res": "",
    "Text": "Ready!",
    "IsDefUnlock": 0,
    "UnlockItem": 0,
    "ShowCornerMark": 0
  },
  "7008": {
    "Id": 7008,
    "Type": 5,
    "GroupId": 7,
    "Res": "",
    "Text": "Let's go!",
    "IsDefUnlock": 0,
    "UnlockItem": 0,
    "ShowCornerMark": 0
  },
  "8001": {
    "Id": 8001,
    "Type": 3,
    "GroupId": 8,
    "Res": "sticker_3_2",
    "Text": "tw_1f600",
    "IsDefUnlock": 0,
    "UnlockItem": 0,
    "ShowCornerMark": 0
  },
  "8002": {
    "Id": 8002,
    "Type": 3,
    "GroupId": 8,
    "Res": "sticker_3_3",
    "Text": "tw_1f600",
    "IsDefUnlock": 0,
    "UnlockItem": 0,
    "ShowCornerMark": 0
  },
  "8003": {
    "Id": 8003,
    "Type": 3,
    "GroupId": 8,
    "Res": "sticker_3_4",
    "Text": "tw_1f600",
    "IsDefUnlock": 0,
    "UnlockItem": 0,
    "ShowCornerMark": 0
  },
  "8004": {
    "Id": 8004,
    "Type": 3,
    "GroupId": 8,
    "Res": "sticker_3_5",
    "Text": "tw_1f600",
    "IsDefUnlock": 0,
    "UnlockItem": 0,
    "ShowCornerMark": 0
  },
  "8005": {
    "Id": 8005,
    "Type": 3,
    "GroupId": 8,
    "Res": "sticker_3_6",
    "Text": "tw_1f600",
    "IsDefUnlock": 0,
    "UnlockItem": 0,
    "ShowCornerMark": 0
  },
  "8006": {
    "Id": 8006,
    "Type": 3,
    "GroupId": 8,
    "Res": "sticker_3_7",
    "Text": "tw_1f600",
    "IsDefUnlock": 0,
    "UnlockItem": 0,
    "ShowCornerMark": 0
  },
  "8007": {
    "Id": 8007,
    "Type": 3,
    "GroupId": 8,
    "Res": "sticker_3_8",
    "Text": "tw_1f600",
    "IsDefUnlock": 0,
    "UnlockItem": 0,
    "ShowCornerMark": 0
  },
  "8008": {
    "Id": 8008,
    "Type": 3,
    "GroupId": 8,
    "Res": "sticker_3_9",
    "Text": "tw_1f600",
    "IsDefUnlock": 0,
    "UnlockItem": 0,
    "ShowCornerMark": 0
  },
  "8009": {
    "Id": 8009,
    "Type": 3,
    "GroupId": 8,
    "Res": "sticker_3_10",
    "Text": "tw_1f600",
    "IsDefUnlock": 0,
    "UnlockItem": 0,
    "ShowCornerMark": 0
  },
  "8010": {
    "Id": 8010,
    "Type": 3,
    "GroupId": 8,
    "Res": "sticker_3_11",
    "Text": "tw_1f600",
    "IsDefUnlock": 0,
    "UnlockItem": 0,
    "ShowCornerMark": 0
  },
  "8011": {
    "Id": 8011,
    "Type": 3,
    "GroupId": 8,
    "Res": "sticker_3_12",
    "Text": "tw_1f600",
    "IsDefUnlock": 0,
    "UnlockItem": 0,
    "ShowCornerMark": 0
  },
  "8012": {
    "Id": 8012,
    "Type": 3,
    "GroupId": 8,
    "Res": "sticker_3_13",
    "Text": "tw_1f600",
    "IsDefUnlock": 0,
    "UnlockItem": 0,
    "ShowCornerMark": 0
  },
  "9001": {
    "Id": 9001,
    "Type": 3,
    "GroupId": 9,
    "Res": "sticker_4_1",
    "Text": "tw_1f600",
    "IsDefUnlock": 0,
    "UnlockItem": 0,
    "ShowCornerMark": 0
  },
  "9002": {
    "Id": 9002,
    "Type": 3,
    "GroupId": 9,
    "Res": "sticker_4_2",
    "Text": "tw_1f600",
    "IsDefUnlock": 0,
    "UnlockItem": 0,
    "ShowCornerMark": 0
  },
  "9003": {
    "Id": 9003,
    "Type": 3,
    "GroupId": 9,
    "Res": "sticker_4_3",
    "Text": "tw_1f600",
    "IsDefUnlock": 0,
    "UnlockItem": 0,
    "ShowCornerMark": 0
  },
  "9004": {
    "Id": 9004,
    "Type": 3,
    "GroupId": 9,
    "Res": "sticker_4_4",
    "Text": "tw_1f600",
    "IsDefUnlock": 0,
    "UnlockItem": 0,
    "ShowCornerMark": 0
  },
  "9005": {
    "Id": 9005,
    "Type": 3,
    "GroupId": 9,
    "Res": "sticker_4_5",
    "Text": "tw_1f600",
    "IsDefUnlock": 0,
    "UnlockItem": 0,
    "ShowCornerMark": 0
  },
  "9006": {
    "Id": 9006,
    "Type": 3,
    "GroupId": 9,
    "Res": "sticker_4_6",
    "Text": "tw_1f600",
    "IsDefUnlock": 0,
    "UnlockItem": 0,
    "ShowCornerMark": 0
  },
  "9007": {
    "Id": 9007,
    "Type": 3,
    "GroupId": 9,
    "Res": "sticker_4_7",
    "Text": "tw_1f600",
    "IsDefUnlock": 0,
    "UnlockItem": 0,
    "ShowCornerMark": 0
  },
  "9008": {
    "Id": 9008,
    "Type": 3,
    "GroupId": 9,
    "Res": "sticker_4_8",
    "Text": "tw_1f600",
    "IsDefUnlock": 0,
    "UnlockItem": 0,
    "ShowCornerMark": 0
  },
  "9009": {
    "Id": 9009,
    "Type": 3,
    "GroupId": 9,
    "Res": "sticker_4_9",
    "Text": "tw_1f600",
    "IsDefUnlock": 0,
    "UnlockItem": 0,
    "ShowCornerMark": 0
  },
  "9010": {
    "Id": 9010,
    "Type": 3,
    "GroupId": 9,
    "Res": "sticker_4_10",
    "Text": "tw_1f600",
    "IsDefUnlock": 0,
    "UnlockItem": 0,
    "ShowCornerMark": 0
  },
  "9011": {
    "Id": 9011,
    "Type": 3,
    "GroupId": 9,
    "Res": "sticker_4_11",
    "Text": "tw_1f600",
    "IsDefUnlock": 0,
    "UnlockItem": 0,
    "ShowCornerMark": 0
  },
  "10001": {
    "Id": 10001,
    "Type": 3,
    "GroupId": 10,
    "Res": "sticker_5_1",
    "Text": "tw_1f600",
    "IsDefUnlock": 0,
    "UnlockItem": 0,
    "ShowCornerMark": 0
  },
  "10002": {
    "Id": 10002,
    "Type": 3,
    "GroupId": 10,
    "Res": "sticker_5_2",
    "Text": "tw_1f600",
    "IsDefUnlock": 0,
    "UnlockItem": 0,
    "ShowCornerMark": 0
  },
  "10003": {
    "Id": 10003,
    "Type": 3,
    "GroupId": 10,
    "Res": "sticker_5_3",
    "Text": "tw_1f600",
    "IsDefUnlock": 0,
    "UnlockItem": 0,
    "ShowCornerMark": 0
  },
  "10004": {
    "Id": 10004,
    "Type": 3,
    "GroupId": 10,
    "Res": "sticker_5_4",
    "Text": "tw_1f600",
    "IsDefUnlock": 0,
    "UnlockItem": 0,
    "ShowCornerMark": 0
  },
  "10005": {
    "Id": 10005,
    "Type": 3,
    "GroupId": 10,
    "Res": "sticker_5_5",
    "Text": "tw_1f600",
    "IsDefUnlock": 0,
    "UnlockItem": 0,
    "ShowCornerMark": 0
  },
  "10006": {
    "Id": 10006,
    "Type": 3,
    "GroupId": 10,
    "Res": "sticker_5_6",
    "Text": "tw_1f600",
    "IsDefUnlock": 0,
    "UnlockItem": 0,
    "ShowCornerMark": 0
  },
  "10007": {
    "Id": 10007,
    "Type": 3,
    "GroupId": 10,
    "Res": "sticker_5_7",
    "Text": "tw_1f600",
    "IsDefUnlock": 0,
    "UnlockItem": 0,
    "ShowCornerMark": 0
  },
  "10008": {
    "Id": 10008,
    "Type": 3,
    "GroupId": 10,
    "Res": "sticker_5_8",
    "Text": "tw_1f600",
    "IsDefUnlock": 0,
    "UnlockItem": 0,
    "ShowCornerMark": 0
  },
  "10009": {
    "Id": 10009,
    "Type": 3,
    "GroupId": 10,
    "Res": "sticker_5_9",
    "Text": "tw_1f600",
    "IsDefUnlock": 0,
    "UnlockItem": 0,
    "ShowCornerMark": 0
  },
  "10010": {
    "Id": 10010,
    "Type": 3,
    "GroupId": 10,
    "Res": "sticker_5_10",
    "Text": "tw_1f600",
    "IsDefUnlock": 0,
    "UnlockItem": 0,
    "ShowCornerMark": 0
  },
  "10011": {
    "Id": 10011,
    "Type": 3,
    "GroupId": 10,
    "Res": "sticker_5_11",
    "Text": "tw_1f600",
    "IsDefUnlock": 0,
    "UnlockItem": 0,
    "ShowCornerMark": 0
  },
  "10012": {
    "Id": 10012,
    "Type": 3,
    "GroupId": 10,
    "Res": "sticker_5_12",
    "Text": "tw_1f600",
    "IsDefUnlock": 0,
    "UnlockItem": 0,
    "ShowCornerMark": 0
  },
  "11001": {
    "Id": 11001,
    "Type": 4,
    "GroupId": 11,
    "Res": "sticker_7_1",
    "Text": "tw_1f600",
    "IsDefUnlock": 1,
    "UnlockItem": 1078001,
    "ShowCornerMark": 1
  },
  "11002": {
    "Id": 11002,
    "Type": 4,
    "GroupId": 11,
    "Res": "sticker_7_2",
    "Text": "tw_1f600",
    "IsDefUnlock": 1,
    "UnlockItem": 1078002,
    "ShowCornerMark": 1
  },
  "11003": {
    "Id": 11003,
    "Type": 4,
    "GroupId": 11,
    "Res": "sticker_7_3",
    "Text": "tw_1f600",
    "IsDefUnlock": 1,
    "UnlockItem": 1078003,
    "ShowCornerMark": 1
  },
  "11004": {
    "Id": 11004,
    "Type": 4,
    "GroupId": 11,
    "Res": "sticker_7_4",
    "Text": "tw_1f600",
    "IsDefUnlock": 1,
    "UnlockItem": 1078004,
    "ShowCornerMark": 1
  },
  "11005": {
    "Id": 11005,
    "Type": 4,
    "GroupId": 11,
    "Res": "sticker_7_5",
    "Text": "tw_1f600",
    "IsDefUnlock": 1,
    "UnlockItem": 1078005,
    "ShowCornerMark": 1
  },
  "11006": {
    "Id": 11006,
    "Type": 4,
    "GroupId": 11,
    "Res": "sticker_7_6",
    "Text": "tw_1f600",
    "IsDefUnlock": 1,
    "UnlockItem": 1078006,
    "ShowCornerMark": 1
  },
  "11007": {
    "Id": 11007,
    "Type": 4,
    "GroupId": 11,
    "Res": "sticker_7_7",
    "Text": "tw_1f600",
    "IsDefUnlock": 1,
    "UnlockItem": 1078007,
    "ShowCornerMark": 1
  },
  "11008": {
    "Id": 11008,
    "Type": 4,
    "GroupId": 11,
    "Res": "sticker_7_8",
    "Text": "tw_1f600",
    "IsDefUnlock": 1,
    "UnlockItem": 1078008,
    "ShowCornerMark": 1
  },
  "11009": {
    "Id": 11009,
    "Type": 4,
    "GroupId": 11,
    "Res": "sticker_7_9",
    "Text": "tw_1f600",
    "IsDefUnlock": 1,
    "UnlockItem": 1078009,
    "ShowCornerMark": 1
  },
  "11010": {
    "Id": 11010,
    "Type": 4,
    "GroupId": 11,
    "Res": "sticker_7_10",
    "Text": "tw_1f600",
    "IsDefUnlock": 1,
    "UnlockItem": 1078010,
    "ShowCornerMark": 1
  },
  "11011": {
    "Id": 11011,
    "Type": 4,
    "GroupId": 11,
    "Res": "sticker_7_11",
    "Text": "tw_1f600",
    "IsDefUnlock": 1,
    "UnlockItem": 1078011,
    "ShowCornerMark": 1
  },
  "11012": {
    "Id": 11012,
    "Type": 4,
    "GroupId": 11,
    "Res": "sticker_7_12",
    "Text": "tw_1f600",
    "IsDefUnlock": 1,
    "UnlockItem": 1078012,
    "ShowCornerMark": 1
  },
  "11013": {
    "Id": 11013,
    "Type": 4,
    "GroupId": 11,
    "Res": "sticker_7_13",
    "Text": "tw_1f600",
    "IsDefUnlock": 1,
    "UnlockItem": 1078013,
    "ShowCornerMark": 1
  },
  "12001": {
    "Id": 12001,
    "Type": 4,
    "GroupId": 12,
    "Res": "emoji_2_4",
    "Text": "tw_1f600",
    "IsDefUnlock": 0,
    "UnlockItem": 0,
    "ShowCornerMark": 1
  },
  "12002": {
    "Id": 12002,
    "Type": 4,
    "GroupId": 12,
    "Res": "emoji_2_13",
    "Text": "tw_1f600",
    "IsDefUnlock": 0,
    "UnlockItem": 0,
    "ShowCornerMark": 1
  },
  "12003": {
    "Id": 12003,
    "Type": 4,
    "GroupId": 12,
    "Res": "emoji_2_15",
    "Text": "tw_1f600",
    "IsDefUnlock": 0,
    "UnlockItem": 0,
    "ShowCornerMark": 1
  },
  "12004": {
    "Id": 12004,
    "Type": 4,
    "GroupId": 12,
    "Res": "emoji_2_18",
    "Text": "tw_1f600",
    "IsDefUnlock": 0,
    "UnlockItem": 0,
    "ShowCornerMark": 1
  },
  "12005": {
    "Id": 12005,
    "Type": 4,
    "GroupId": 12,
    "Res": "emoji_2_20",
    "Text": "tw_1f600",
    "IsDefUnlock": 0,
    "UnlockItem": 0,
    "ShowCornerMark": 1
  },
  "12006": {
    "Id": 12006,
    "Type": 4,
    "GroupId": 12,
    "Res": "emoji_2_21",
    "Text": "tw_1f600",
    "IsDefUnlock": 0,
    "UnlockItem": 0,
    "ShowCornerMark": 1
  },
  "12007": {
    "Id": 12007,
    "Type": 4,
    "GroupId": 12,
    "Res": "emoji_2_22",
    "Text": "tw_1f600",
    "IsDefUnlock": 0,
    "UnlockItem": 0,
    "ShowCornerMark": 1
  }
}