{
  "1015001": {
    "Id": 1015001,
    "BuffValueKey": [
      []
    ],
    "BuffPar": [
      [
        2033001,
        500,
        20000,
        600000
      ]
    ],
    "Description": 2033000
  },
  "1015002": {
    "Id": 1015002,
    "BuffValueKey": [
      []
    ],
    "BuffPar": [
      [
        2033002,
        500,
        35000,
        600000
      ]
    ],
    "Description": 2033000
  },
  "1015003": {
    "Id": 1015003,
    "BuffValueKey": [
      []
    ],
    "BuffPar": [
      [
        2033003,
        500,
        60000,
        600000
      ]
    ],
    "Description": 2033000
  },
  "1015011": {
    "Id": 1015011,
    "BuffValueKey": [
      []
    ],
    "BuffPar": [
      [
        2033011,
        240,
        0,
        600000
      ]
    ],
    "Description": 2033010
  },
  "1015012": {
    "Id": 1015012,
    "BuffValueKey": [
      []
    ],
    "BuffPar": [
      [
        2033012,
        500,
        0,
        600000
      ]
    ],
    "Description": 2033010
  },
  "1015013": {
    "Id": 1015013,
    "BuffValueKey": [
      []
    ],
    "BuffPar": [
      [
        2033013,
        750,
        0,
        600000
      ]
    ],
    "Description": 2033010
  },
  "1015021": {
    "Id": 1015021,
    "BuffValueKey": [
      []
    ],
    "BuffPar": [
      [
        2033091,
        500,
        0,
        600000
      ]
    ],
    "Description": 2033090
  },
  "1015022": {
    "Id": 1015022,
    "BuffValueKey": [
      []
    ],
    "BuffPar": [
      [
        2033092,
        1150,
        0,
        600000
      ]
    ],
    "Description": 2033090
  },
  "1015023": {
    "Id": 1015023,
    "BuffValueKey": [
      []
    ],
    "BuffPar": [
      [
        2033093,
        1950,
        0,
        600000
      ]
    ],
    "Description": 2033090
  },
  "1015031": {
    "Id": 1015031,
    "BuffValueKey": [
      []
    ],
    "BuffPar": [
      [
        2033021,
        240,
        0,
        600000
      ]
    ],
    "Description": 2033020
  },
  "1015032": {
    "Id": 1015032,
    "BuffValueKey": [
      []
    ],
    "BuffPar": [
      [
        2033022,
        500,
        0,
        600000
      ]
    ],
    "Description": 2033020
  },
  "1015033": {
    "Id": 1015033,
    "BuffValueKey": [
      []
    ],
    "BuffPar": [
      [
        2033023,
        750,
        0,
        600000
      ]
    ],
    "Description": 2033020
  },
  "1015041": {
    "Id": 1015041,
    "BuffValueKey": [
      []
    ],
    "BuffPar": [
      [
        2033101,
        500,
        0,
        600000
      ]
    ],
    "Description": 2033100
  },
  "1015042": {
    "Id": 1015042,
    "BuffValueKey": [
      []
    ],
    "BuffPar": [
      [
        2033102,
        1150,
        0,
        600000
      ]
    ],
    "Description": 2033100
  },
  "1015043": {
    "Id": 1015043,
    "BuffValueKey": [
      []
    ],
    "BuffPar": [
      [
        2033103,
        1950,
        0,
        600000
      ]
    ],
    "Description": 2033100
  },
  "1015051": {
    "Id": 1015051,
    "BuffValueKey": [
      []
    ],
    "BuffPar": [
      [
        2033031,
        240,
        0,
        600000
      ]
    ],
    "Description": 2033030
  },
  "1015052": {
    "Id": 1015052,
    "BuffValueKey": [
      []
    ],
    "BuffPar": [
      [
        2033032,
        500,
        0,
        600000
      ]
    ],
    "Description": 2033030
  },
  "1015053": {
    "Id": 1015053,
    "BuffValueKey": [
      []
    ],
    "BuffPar": [
      [
        2033033,
        750,
        0,
        600000
      ]
    ],
    "Description": 2033030
  },
  "1015061": {
    "Id": 1015061,
    "BuffValueKey": [
      []
    ],
    "BuffPar": [
      [
        2033111,
        500,
        0,
        600000
      ]
    ],
    "Description": 2033110
  },
  "1015062": {
    "Id": 1015062,
    "BuffValueKey": [
      []
    ],
    "BuffPar": [
      [
        2033112,
        1150,
        0,
        600000
      ]
    ],
    "Description": 2033110
  },
  "1015063": {
    "Id": 1015063,
    "BuffValueKey": [
      []
    ],
    "BuffPar": [
      [
        2033113,
        1950,
        0,
        600000
      ]
    ],
    "Description": 2033110
  },
  "1015071": {
    "Id": 1015071,
    "BuffValueKey": [
      []
    ],
    "BuffPar": [
      [
        2033041,
        240,
        0,
        600000
      ]
    ],
    "Description": 2033040
  },
  "1015072": {
    "Id": 1015072,
    "BuffValueKey": [
      []
    ],
    "BuffPar": [
      [
        2033042,
        500,
        0,
        600000
      ]
    ],
    "Description": 2033040
  },
  "1015073": {
    "Id": 1015073,
    "BuffValueKey": [
      []
    ],
    "BuffPar": [
      [
        2033043,
        750,
        0,
        600000
      ]
    ],
    "Description": 2033040
  },
  "1015081": {
    "Id": 1015081,
    "BuffValueKey": [
      []
    ],
    "BuffPar": [
      [
        2033121,
        500,
        0,
        600000
      ]
    ],
    "Description": 2033120
  },
  "1015082": {
    "Id": 1015082,
    "BuffValueKey": [
      []
    ],
    "BuffPar": [
      [
        2033122,
        1150,
        0,
        600000
      ]
    ],
    "Description": 2033120
  },
  "1015083": {
    "Id": 1015083,
    "BuffValueKey": [
      []
    ],
    "BuffPar": [
      [
        2033123,
        1950,
        0,
        600000
      ]
    ],
    "Description": 2033120
  },
  "1015091": {
    "Id": 1015091,
    "BuffValueKey": [
      []
    ],
    "BuffPar": [
      [
        2033051,
        240,
        0,
        600000
      ]
    ],
    "Description": 2033050
  },
  "1015092": {
    "Id": 1015092,
    "BuffValueKey": [
      []
    ],
    "BuffPar": [
      [
        2033052,
        500,
        0,
        600000
      ]
    ],
    "Description": 2033050
  },
  "1015093": {
    "Id": 1015093,
    "BuffValueKey": [
      []
    ],
    "BuffPar": [
      [
        2033053,
        750,
        0,
        600000
      ]
    ],
    "Description": 2033050
  },
  "1015101": {
    "Id": 1015101,
    "BuffValueKey": [
      []
    ],
    "BuffPar": [
      [
        2033131,
        500,
        0,
        600000
      ]
    ],
    "Description": 2033130
  },
  "1015102": {
    "Id": 1015102,
    "BuffValueKey": [
      []
    ],
    "BuffPar": [
      [
        2033132,
        1150,
        0,
        600000
      ]
    ],
    "Description": 2033130
  },
  "1015103": {
    "Id": 1015103,
    "BuffValueKey": [
      []
    ],
    "BuffPar": [
      [
        2033133,
        1950,
        0,
        600000
      ]
    ],
    "Description": 2033130
  },
  "1015111": {
    "Id": 1015111,
    "BuffValueKey": [
      []
    ],
    "BuffPar": [
      [
        2033061,
        240,
        0,
        600000
      ]
    ],
    "Description": 2033060
  },
  "1015112": {
    "Id": 1015112,
    "BuffValueKey": [
      []
    ],
    "BuffPar": [
      [
        2033062,
        500,
        0,
        600000
      ]
    ],
    "Description": 2033060
  },
  "1015113": {
    "Id": 1015113,
    "BuffValueKey": [
      []
    ],
    "BuffPar": [
      [
        2033063,
        750,
        0,
        600000
      ]
    ],
    "Description": 2033060
  },
  "1015121": {
    "Id": 1015121,
    "BuffValueKey": [
      []
    ],
    "BuffPar": [
      [
        2033141,
        500,
        0,
        600000
      ]
    ],
    "Description": 2033140
  },
  "1015122": {
    "Id": 1015122,
    "BuffValueKey": [
      []
    ],
    "BuffPar": [
      [
        2033142,
        1150,
        0,
        600000
      ]
    ],
    "Description": 2033140
  },
  "1015123": {
    "Id": 1015123,
    "BuffValueKey": [
      []
    ],
    "BuffPar": [
      [
        2033143,
        1950,
        0,
        600000
      ]
    ],
    "Description": 2033140
  },
  "1015131": {
    "Id": 1015131,
    "BuffValueKey": [
      []
    ],
    "BuffPar": [
      [
        2033071,
        240,
        0,
        600000
      ]
    ],
    "Description": 2033070
  },
  "1015132": {
    "Id": 1015132,
    "BuffValueKey": [
      []
    ],
    "BuffPar": [
      [
        2033072,
        500,
        0,
        600000
      ]
    ],
    "Description": 2033070
  },
  "1015133": {
    "Id": 1015133,
    "BuffValueKey": [
      []
    ],
    "BuffPar": [
      [
        2033073,
        750,
        0,
        600000
      ]
    ],
    "Description": 2033070
  },
  "1015141": {
    "Id": 1015141,
    "BuffValueKey": [
      []
    ],
    "BuffPar": [
      [
        2033151,
        500,
        0,
        600000
      ]
    ],
    "Description": 2033150
  },
  "1015142": {
    "Id": 1015142,
    "BuffValueKey": [
      []
    ],
    "BuffPar": [
      [
        2033152,
        1150,
        0,
        600000
      ]
    ],
    "Description": 2033150
  },
  "1015143": {
    "Id": 1015143,
    "BuffValueKey": [
      []
    ],
    "BuffPar": [
      [
        2033153,
        1950,
        0,
        600000
      ]
    ],
    "Description": 2033150
  },
  "1015151": {
    "Id": 1015151,
    "BuffValueKey": [
      []
    ],
    "BuffPar": [
      [
        2033081,
        240,
        0,
        600000
      ]
    ],
    "Description": 2033080
  },
  "1015152": {
    "Id": 1015152,
    "BuffValueKey": [
      []
    ],
    "BuffPar": [
      [
        2033082,
        500,
        0,
        600000
      ]
    ],
    "Description": 2033080
  },
  "1015153": {
    "Id": 1015153,
    "BuffValueKey": [
      []
    ],
    "BuffPar": [
      [
        2033083,
        750,
        0,
        600000
      ]
    ],
    "Description": 2033080
  },
  "1015161": {
    "Id": 1015161,
    "BuffValueKey": [
      []
    ],
    "BuffPar": [
      [
        2033161,
        500,
        0,
        600000
      ]
    ],
    "Description": 2033160
  },
  "1015162": {
    "Id": 1015162,
    "BuffValueKey": [
      []
    ],
    "BuffPar": [
      [
        2033162,
        1150,
        0,
        600000
      ]
    ],
    "Description": 2033160
  },
  "1015163": {
    "Id": 1015163,
    "BuffValueKey": [
      []
    ],
    "BuffPar": [
      [
        2033163,
        1950,
        0,
        600000
      ]
    ],
    "Description": 2033160
  }
}