{
  "1083027": {
    "Id": 1083027,
    "TypeA": 1,
    "TypeB": 401,
    "UseCondition": [],
    "CanExperiment": true,
    "SortId": 1
  },
  "1082003": {
    "Id": 1082003,
    "TypeA": 2,
    "TypeB": 401,
    "UseCondition": [],
    "CanExperiment": false,
    "SortId": 1011
  },
  "1082011": {
    "Id": 1082011,
    "TypeA": 1,
    "TypeB": 401,
    "UseCondition": [],
    "CanExperiment": false,
    "SortId": 5
  },
  "1082012": {
    "Id": 1082012,
    "TypeA": 1,
    "TypeB": 401,
    "UseCondition": [],
    "CanExperiment": false,
    "SortId": 6
  },
  "1082013": {
    "Id": 1082013,
    "TypeA": 1,
    "TypeB": 401,
    "UseCondition": [],
    "CanExperiment": false,
    "SortId": 7
  },
  "1082021": {
    "Id": 1082021,
    "TypeA": 1,
    "TypeB": 401,
    "UseCondition": [],
    "CanExperiment": false,
    "SortId": 8
  },
  "1082022": {
    "Id": 1082022,
    "TypeA": 1,
    "TypeB": 401,
    "UseCondition": [],
    "CanExperiment": false,
    "SortId": 9
  },
  "1082023": {
    "Id": 1082023,
    "TypeA": 1,
    "TypeB": 401,
    "UseCondition": [],
    "CanExperiment": false,
    "SortId": 10
  },
  "1082031": {
    "Id": 1082031,
    "TypeA": 1,
    "TypeB": 401,
    "UseCondition": [],
    "CanExperiment": false,
    "SortId": 11
  },
  "1082032": {
    "Id": 1082032,
    "TypeA": 1,
    "TypeB": 401,
    "UseCondition": [],
    "CanExperiment": false,
    "SortId": 12
  },
  "1082033": {
    "Id": 1082033,
    "TypeA": 1,
    "TypeB": 401,
    "UseCondition": [],
    "CanExperiment": false,
    "SortId": 13
  },
  "1082041": {
    "Id": 1082041,
    "TypeA": 1,
    "TypeB": 401,
    "UseCondition": [],
    "CanExperiment": false,
    "SortId": 14
  },
  "1082042": {
    "Id": 1082042,
    "TypeA": 1,
    "TypeB": 401,
    "UseCondition": [],
    "CanExperiment": false,
    "SortId": 15
  },
  "1082043": {
    "Id": 1082043,
    "TypeA": 1,
    "TypeB": 401,
    "UseCondition": [],
    "CanExperiment": false,
    "SortId": 16
  },
  "1082051": {
    "Id": 1082051,
    "TypeA": 1,
    "TypeB": 401,
    "UseCondition": [],
    "CanExperiment": false,
    "SortId": 17
  },
  "1082052": {
    "Id": 1082052,
    "TypeA": 1,
    "TypeB": 401,
    "UseCondition": [],
    "CanExperiment": false,
    "SortId": 18
  },
  "1082053": {
    "Id": 1082053,
    "TypeA": 1,
    "TypeB": 401,
    "UseCondition": [],
    "CanExperiment": false,
    "SortId": 19
  },
  "1082061": {
    "Id": 1082061,
    "TypeA": 1,
    "TypeB": 401,
    "UseCondition": [],
    "CanExperiment": false,
    "SortId": 20
  },
  "1082062": {
    "Id": 1082062,
    "TypeA": 1,
    "TypeB": 401,
    "UseCondition": [],
    "CanExperiment": false,
    "SortId": 21
  },
  "1082063": {
    "Id": 1082063,
    "TypeA": 1,
    "TypeB": 401,
    "UseCondition": [],
    "CanExperiment": false,
    "SortId": 22
  },
  "1082071": {
    "Id": 1082071,
    "TypeA": 1,
    "TypeB": 401,
    "UseCondition": [],
    "CanExperiment": false,
    "SortId": 23
  },
  "1082072": {
    "Id": 1082072,
    "TypeA": 1,
    "TypeB": 401,
    "UseCondition": [],
    "CanExperiment": false,
    "SortId": 24
  },
  "1082073": {
    "Id": 1082073,
    "TypeA": 1,
    "TypeB": 401,
    "UseCondition": [],
    "CanExperiment": false,
    "SortId": 25
  },
  "1082081": {
    "Id": 1082081,
    "TypeA": 1,
    "TypeB": 401,
    "UseCondition": [],
    "CanExperiment": false,
    "SortId": 26
  },
  "1082082": {
    "Id": 1082082,
    "TypeA": 1,
    "TypeB": 401,
    "UseCondition": [],
    "CanExperiment": false,
    "SortId": 27
  },
  "1082083": {
    "Id": 1082083,
    "TypeA": 1,
    "TypeB": 401,
    "UseCondition": [],
    "CanExperiment": false,
    "SortId": 28
  },
  "1081002": {
    "Id": 1081002,
    "TypeA": 1,
    "TypeB": 401,
    "UseCondition": [],
    "CanExperiment": false,
    "SortId": 29
  },
  "1081003": {
    "Id": 1081003,
    "TypeA": 1,
    "TypeB": 401,
    "UseCondition": [],
    "CanExperiment": false,
    "SortId": 30
  },
  "1081004": {
    "Id": 1081004,
    "TypeA": 1,
    "TypeB": 401,
    "UseCondition": [],
    "CanExperiment": false,
    "SortId": 31
  },
  "1081005": {
    "Id": 1081005,
    "TypeA": 1,
    "TypeB": 401,
    "UseCondition": [],
    "CanExperiment": false,
    "SortId": 32
  },
  "1083000": {
    "Id": 1083000,
    "TypeA": 2,
    "TypeB": 401,
    "UseCondition": [],
    "CanExperiment": false,
    "SortId": 1000
  },
  "1083001": {
    "Id": 1083001,
    "TypeA": 2,
    "TypeB": 401,
    "UseCondition": [],
    "CanExperiment": false,
    "SortId": 1001
  },
  "1083002": {
    "Id": 1083002,
    "TypeA": 2,
    "TypeB": 401,
    "UseCondition": [],
    "CanExperiment": false,
    "SortId": 1002
  },
  "1083011": {
    "Id": 1083011,
    "TypeA": 2,
    "TypeB": 401,
    "UseCondition": [],
    "CanExperiment": false,
    "SortId": 1003
  },
  "1083012": {
    "Id": 1083012,
    "TypeA": 2,
    "TypeB": 401,
    "UseCondition": [],
    "CanExperiment": false,
    "SortId": 1004
  },
  "1083013": {
    "Id": 1083013,
    "TypeA": 2,
    "TypeB": 401,
    "UseCondition": [],
    "CanExperiment": false,
    "SortId": 1005
  },
  "1092002": {
    "Id": 1092002,
    "TypeA": 1,
    "TypeB": 401,
    "UseCondition": [],
    "CanExperiment": false,
    "SortId": 2
  },
  "1092003": {
    "Id": 1092003,
    "TypeA": 1,
    "TypeB": 401,
    "UseCondition": [],
    "CanExperiment": false,
    "SortId": 3
  },
  "1092004": {
    "Id": 1092004,
    "TypeA": 1,
    "TypeB": 401,
    "UseCondition": [],
    "CanExperiment": false,
    "SortId": 4
  },
  "1083021": {
    "Id": 1083021,
    "TypeA": 1,
    "TypeB": 401,
    "UseCondition": [],
    "CanExperiment": false,
    "SortId": 5
  },
  "1083022": {
    "Id": 1083022,
    "TypeA": 1,
    "TypeB": 401,
    "UseCondition": [],
    "CanExperiment": false,
    "SortId": 6
  },
  "1083023": {
    "Id": 1083023,
    "TypeA": 1,
    "TypeB": 401,
    "UseCondition": [],
    "CanExperiment": false,
    "SortId": 7
  },
  "1083039": {
    "Id": 1083039,
    "TypeA": 1,
    "TypeB": 401,
    "UseCondition": [],
    "CanExperiment": false,
    "SortId": 8
  },
  "1083024": {
    "Id": 1083024,
    "TypeA": 1,
    "TypeB": 401,
    "UseCondition": [],
    "CanExperiment": false,
    "SortId": 9
  },
  "1083040": {
    "Id": 1083040,
    "TypeA": 1,
    "TypeB": 401,
    "UseCondition": [],
    "CanExperiment": false,
    "SortId": 10
  },
  "1083025": {
    "Id": 1083025,
    "TypeA": 1,
    "TypeB": 401,
    "UseCondition": [],
    "CanExperiment": false,
    "SortId": 11
  },
  "1083028": {
    "Id": 1083028,
    "TypeA": 1,
    "TypeB": 401,
    "UseCondition": [],
    "CanExperiment": false,
    "SortId": 12
  },
  "1083029": {
    "Id": 1083029,
    "TypeA": 1,
    "TypeB": 401,
    "UseCondition": [],
    "CanExperiment": false,
    "SortId": 13
  },
  "1083043": {
    "Id": 1083043,
    "TypeA": 1,
    "TypeB": 401,
    "UseCondition": [],
    "CanExperiment": false,
    "SortId": 14
  },
  "1083041": {
    "Id": 1083041,
    "TypeA": 1,
    "TypeB": 401,
    "UseCondition": [],
    "CanExperiment": false,
    "SortId": 15
  },
  "1083038": {
    "Id": 1083038,
    "TypeA": 1,
    "TypeB": 401,
    "UseCondition": [],
    "CanExperiment": false,
    "SortId": 16
  },
  "1083045": {
    "Id": 1083045,
    "TypeA": 1,
    "TypeB": 401,
    "UseCondition": [],
    "CanExperiment": false,
    "SortId": 17
  },
  "1083026": {
    "Id": 1083026,
    "TypeA": 1,
    "TypeB": 401,
    "UseCondition": [],
    "CanExperiment": false,
    "SortId": 18
  },
  "1083030": {
    "Id": 1083030,
    "TypeA": 1,
    "TypeB": 401,
    "UseCondition": [],
    "CanExperiment": false,
    "SortId": 19
  },
  "1083051": {
    "Id": 1083051,
    "TypeA": 1,
    "TypeB": 401,
    "UseCondition": [],
    "CanExperiment": false,
    "SortId": 20
  },
  "1083047": {
    "Id": 1083047,
    "TypeA": 1,
    "TypeB": 401,
    "UseCondition": [],
    "CanExperiment": false,
    "SortId": 21
  },
  "1083048": {
    "Id": 1083048,
    "TypeA": 1,
    "TypeB": 401,
    "UseCondition": [],
    "CanExperiment": false,
    "SortId": 22
  },
  "1083049": {
    "Id": 1083049,
    "TypeA": 1,
    "TypeB": 401,
    "UseCondition": [],
    "CanExperiment": false,
    "SortId": 23
  },
  "1083053": {
    "Id": 1083053,
    "TypeA": 1,
    "TypeB": 401,
    "UseCondition": [],
    "CanExperiment": false,
    "SortId": 24
  },
  "1083046": {
    "Id": 1083046,
    "TypeA": 1,
    "TypeB": 401,
    "UseCondition": [],
    "CanExperiment": false,
    "SortId": 25
  },
  "1083054": {
    "Id": 1083054,
    "TypeA": 1,
    "TypeB": 401,
    "UseCondition": [],
    "CanExperiment": false,
    "SortId": 26
  },
  "1083056": {
    "Id": 1083056,
    "TypeA": 1,
    "TypeB": 401,
    "UseCondition": [],
    "CanExperiment": false,
    "SortId": 27
  },
  "1092057": {
    "Id": 1092057,
    "TypeA": 1,
    "TypeB": 401,
    "UseCondition": [],
    "CanExperiment": false,
    "SortId": 28
  },
  "1092044": {
    "Id": 1092044,
    "TypeA": 1,
    "TypeB": 401,
    "UseCondition": [],
    "CanExperiment": false,
    "SortId": 29
  },
  "1092045": {
    "Id": 1092045,
    "TypeA": 1,
    "TypeB": 401,
    "UseCondition": [],
    "CanExperiment": false,
    "SortId": 30
  },
  "1092046": {
    "Id": 1092046,
    "TypeA": 1,
    "TypeB": 401,
    "UseCondition": [],
    "CanExperiment": false,
    "SortId": 31
  },
  "1092060": {
    "Id": 1092060,
    "TypeA": 1,
    "TypeB": 401,
    "UseCondition": [],
    "CanExperiment": false,
    "SortId": 32
  },
  "1092061": {
    "Id": 1092061,
    "TypeA": 1,
    "TypeB": 401,
    "UseCondition": [],
    "CanExperiment": false,
    "SortId": 33
  },
  "1092062": {
    "Id": 1092062,
    "TypeA": 1,
    "TypeB": 401,
    "UseCondition": [],
    "CanExperiment": false,
    "SortId": 34
  },
  "1092063": {
    "Id": 1092063,
    "TypeA": 1,
    "TypeB": 401,
    "UseCondition": [],
    "CanExperiment": false,
    "SortId": 35
  },
  "1092101": {
    "Id": 1092101,
    "TypeA": 1,
    "TypeB": 401,
    "UseCondition": [],
    "CanExperiment": false,
    "SortId": 36
  },
  "1092028": {
    "Id": 1092028,
    "TypeA": 1,
    "TypeB": 401,
    "UseCondition": [],
    "CanExperiment": false,
    "SortId": 37
  },
  "1092029": {
    "Id": 1092029,
    "TypeA": 1,
    "TypeB": 401,
    "UseCondition": [],
    "CanExperiment": false,
    "SortId": 38
  },
  "1092030": {
    "Id": 1092030,
    "TypeA": 1,
    "TypeB": 401,
    "UseCondition": [],
    "CanExperiment": false,
    "SortId": 39
  },
  "1092104": {
    "Id": 1092104,
    "TypeA": 1,
    "TypeB": 401,
    "UseCondition": [],
    "CanExperiment": false,
    "SortId": 40
  },
  "1092031": {
    "Id": 1092031,
    "TypeA": 1,
    "TypeB": 401,
    "UseCondition": [],
    "CanExperiment": false,
    "SortId": 43
  },
  "1092052": {
    "Id": 1092052,
    "TypeA": 1,
    "TypeB": 401,
    "UseCondition": [],
    "CanExperiment": false,
    "SortId": 44
  },
  "1092036": {
    "Id": 1092036,
    "TypeA": 1,
    "TypeB": 401,
    "UseCondition": [],
    "CanExperiment": false,
    "SortId": 45
  },
  "1092103": {
    "Id": 1092103,
    "TypeA": 1,
    "TypeB": 401,
    "UseCondition": [],
    "CanExperiment": false,
    "SortId": 46
  },
  "1092050": {
    "Id": 1092050,
    "TypeA": 1,
    "TypeB": 401,
    "UseCondition": [],
    "CanExperiment": false,
    "SortId": 47
  },
  "1092130": {
    "Id": 1092130,
    "TypeA": 1,
    "TypeB": 401,
    "UseCondition": [],
    "CanExperiment": false,
    "SortId": 48
  },
  "1092123": {
    "Id": 1092123,
    "TypeA": 1,
    "TypeB": 401,
    "UseCondition": [],
    "CanExperiment": false,
    "SortId": 49
  },
  "1092128": {
    "Id": 1092128,
    "TypeA": 1,
    "TypeB": 401,
    "UseCondition": [],
    "CanExperiment": false,
    "SortId": 50
  },
  "1092124": {
    "Id": 1092124,
    "TypeA": 1,
    "TypeB": 401,
    "UseCondition": [],
    "CanExperiment": false,
    "SortId": 51
  },
  "1092125": {
    "Id": 1092125,
    "TypeA": 1,
    "TypeB": 401,
    "UseCondition": [],
    "CanExperiment": false,
    "SortId": 52
  },
  "1092067": {
    "Id": 1092067,
    "TypeA": 1,
    "TypeB": 401,
    "UseCondition": [],
    "CanExperiment": false,
    "SortId": 53
  },
  "1092068": {
    "Id": 1092068,
    "TypeA": 1,
    "TypeB": 401,
    "UseCondition": [],
    "CanExperiment": false,
    "SortId": 54
  },
  "1092069": {
    "Id": 1092069,
    "TypeA": 1,
    "TypeB": 401,
    "UseCondition": [],
    "CanExperiment": false,
    "SortId": 55
  },
  "1092070": {
    "Id": 1092070,
    "TypeA": 1,
    "TypeB": 401,
    "UseCondition": [],
    "CanExperiment": false,
    "SortId": 56
  },
  "1092071": {
    "Id": 1092071,
    "TypeA": 1,
    "TypeB": 401,
    "UseCondition": [],
    "CanExperiment": false,
    "SortId": 57
  },
  "1092072": {
    "Id": 1092072,
    "TypeA": 1,
    "TypeB": 401,
    "UseCondition": [],
    "CanExperiment": false,
    "SortId": 58
  },
  "1092073": {
    "Id": 1092073,
    "TypeA": 1,
    "TypeB": 401,
    "UseCondition": [],
    "CanExperiment": false,
    "SortId": 59
  },
  "1092049": {
    "Id": 1092049,
    "TypeA": 1,
    "TypeB": 401,
    "UseCondition": [],
    "CanExperiment": false,
    "SortId": 60
  },
  "1092129": {
    "Id": 1092129,
    "TypeA": 1,
    "TypeB": 401,
    "UseCondition": [],
    "CanExperiment": false,
    "SortId": 61
  },
  "1092048": {
    "Id": 1092048,
    "TypeA": 1,
    "TypeB": 401,
    "UseCondition": [],
    "CanExperiment": false,
    "SortId": 62
  },
  "1092131": {
    "Id": 1092131,
    "TypeA": 1,
    "TypeB": 401,
    "UseCondition": [],
    "CanExperiment": false,
    "SortId": 63
  },
  "1092011": {
    "Id": 1092011,
    "TypeA": 1,
    "TypeB": 401,
    "UseCondition": [],
    "CanExperiment": false,
    "SortId": 64
  },
  "1052401": {
    "Id": 1052401,
    "TypeA": 1,
    "TypeB": 401,
    "UseCondition": [],
    "CanExperiment": false,
    "SortId": 65
  },
  "1052402": {
    "Id": 1052402,
    "TypeA": 1,
    "TypeB": 401,
    "UseCondition": [],
    "CanExperiment": false,
    "SortId": 66
  },
  "1052403": {
    "Id": 1052403,
    "TypeA": 1,
    "TypeB": 401,
    "UseCondition": [],
    "CanExperiment": false,
    "SortId": 67
  },
  "1052404": {
    "Id": 1052404,
    "TypeA": 1,
    "TypeB": 401,
    "UseCondition": [],
    "CanExperiment": false,
    "SortId": 68
  },
  "1052405": {
    "Id": 1052405,
    "TypeA": 1,
    "TypeB": 401,
    "UseCondition": [],
    "CanExperiment": false,
    "SortId": 69
  },
  "1052406": {
    "Id": 1052406,
    "TypeA": 1,
    "TypeB": 401,
    "UseCondition": [],
    "CanExperiment": false,
    "SortId": 70
  },
  "1052407": {
    "Id": 1052407,
    "TypeA": 1,
    "TypeB": 401,
    "UseCondition": [],
    "CanExperiment": false,
    "SortId": 71
  },
  "1052408": {
    "Id": 1052408,
    "TypeA": 1,
    "TypeB": 401,
    "UseCondition": [],
    "CanExperiment": false,
    "SortId": 72
  },
  "1052409": {
    "Id": 1052409,
    "TypeA": 1,
    "TypeB": 401,
    "UseCondition": [],
    "CanExperiment": false,
    "SortId": 73
  },
  "1052410": {
    "Id": 1052410,
    "TypeA": 1,
    "TypeB": 401,
    "UseCondition": [],
    "CanExperiment": false,
    "SortId": 74
  },
  "1052411": {
    "Id": 1052411,
    "TypeA": 1,
    "TypeB": 401,
    "UseCondition": [],
    "CanExperiment": false,
    "SortId": 75
  },
  "1052412": {
    "Id": 1052412,
    "TypeA": 1,
    "TypeB": 401,
    "UseCondition": [],
    "CanExperiment": false,
    "SortId": 76
  },
  "1052413": {
    "Id": 1052413,
    "TypeA": 1,
    "TypeB": 401,
    "UseCondition": [],
    "CanExperiment": false,
    "SortId": 77
  },
  "1052414": {
    "Id": 1052414,
    "TypeA": 1,
    "TypeB": 401,
    "UseCondition": [],
    "CanExperiment": false,
    "SortId": 78
  },
  "1052415": {
    "Id": 1052415,
    "TypeA": 1,
    "TypeB": 401,
    "UseCondition": [],
    "CanExperiment": false,
    "SortId": 79
  },
  "1052416": {
    "Id": 1052416,
    "TypeA": 1,
    "TypeB": 401,
    "UseCondition": [],
    "CanExperiment": false,
    "SortId": 80
  },
  "1052417": {
    "Id": 1052417,
    "TypeA": 1,
    "TypeB": 401,
    "UseCondition": [],
    "CanExperiment": false,
    "SortId": 81
  },
  "1052418": {
    "Id": 1052418,
    "TypeA": 1,
    "TypeB": 401,
    "UseCondition": [],
    "CanExperiment": false,
    "SortId": 82
  },
  "1052419": {
    "Id": 1052419,
    "TypeA": 1,
    "TypeB": 401,
    "UseCondition": [],
    "CanExperiment": false,
    "SortId": 83
  },
  "1052420": {
    "Id": 1052420,
    "TypeA": 1,
    "TypeB": 401,
    "UseCondition": [],
    "CanExperiment": false,
    "SortId": 84
  },
  "1052421": {
    "Id": 1052421,
    "TypeA": 1,
    "TypeB": 401,
    "UseCondition": [],
    "CanExperiment": false,
    "SortId": 85
  },
  "1052422": {
    "Id": 1052422,
    "TypeA": 1,
    "TypeB": 401,
    "UseCondition": [],
    "CanExperiment": false,
    "SortId": 86
  },
  "1052423": {
    "Id": 1052423,
    "TypeA": 1,
    "TypeB": 401,
    "UseCondition": [],
    "CanExperiment": false,
    "SortId": 87
  },
  "1052424": {
    "Id": 1052424,
    "TypeA": 1,
    "TypeB": 401,
    "UseCondition": [],
    "CanExperiment": false,
    "SortId": 88
  }
}