{
  "1": {
    "Id": 1,
    "Season": 1,
    "TeamNumber": 1,
    "ProcessId": [],
    "ProcessAward": [
      15000010,
      15000020,
      15000030,
      15000040,
      15000050,
      15000060,
      15000070,
      15000080,
      15000090,
      15000100,
      15000110,
      15000120
    ],
    "TimerId": 8850,
    "MailId": 1401,
    "ProcessMailId": 1402,
    "Icon": [
      [
        "1",
        "ui/atlas/weekly_hunt/weekly_hunt_item_compact_bg_1"
      ],
      [
        "2",
        "ui/atlas/weekly_hunt/weekly_hunt_item_compact_bg_2"
      ],
      [
        "3",
        "ui/atlas/weekly_hunt/weekly_hunt_item_boss_bg"
      ]
    ],
    "JumpStage": [
      1,
      2,
      3,
      4,
      5,
      6,
      7,
      8
    ]
  }
}