{
  "710000100100": {
    "Id": 710000100100,
    "CenterPosition": [
      -48.18,
      149.6467,
      20.6333
    ],
    "Count": 3,
    "CollectionId": 52001
  },
  "710000101100": {
    "Id": 710000101100,
    "CenterPosition": [
      184.1567,
      166.0767,
      -61.4033
    ],
    "Count": 3,
    "CollectionId": 52001
  },
  "710100101100": {
    "Id": 710100101100,
    "CenterPosition": [
      156.8117,
      164.665,
      -8.275
    ],
    "Count": 6,
    "CollectionId": 20000203
  },
  "710200101100": {
    "Id": 710200101100,
    "CenterPosition": [
      132.255,
      161.95,
      -10.565
    ],
    "Count": 4,
    "CollectionId": 20000203
  },
  "710000100101": {
    "Id": 710000100101,
    "CenterPosition": [
      -30.3327,
      154.0209,
      111.3246
    ],
    "Count": 11,
    "CollectionId": 20000212
  },
  "710000102099": {
    "Id": 710000102099,
    "CenterPosition": [
      229.118,
      161.926,
      -105.228
    ],
    "Count": 5,
    "CollectionId": 20000209
  },
  "710000100099": {
    "Id": 710000100099,
    "CenterPosition": [
      48.372,
      157.299,
      -113.702
    ],
    "Count": 10,
    "CollectionId": 20000206
  },
  "710300101100": {
    "Id": 710300101100,
    "CenterPosition": [
      111.3943,
      163.4886,
      23.4686
    ],
    "Count": 7,
    "CollectionId": 20000023
  },
  "710300100100": {
    "Id": 710300100100,
    "CenterPosition": [
      80.79,
      164.2833,
      33.06
    ],
    "Count": 3,
    "CollectionId": 20000023
  },
  "720000104100": {
    "Id": 720000104100,
    "CenterPosition": [
      436.7525,
      121.085,
      -59.235
    ],
    "Count": 4,
    "CollectionId": 52001
  },
  "720000102100": {
    "Id": 720000102100,
    "CenterPosition": [
      212.17,
      107.3967,
      -46.5367
    ],
    "Count": 3,
    "CollectionId": 52001
  },
  "720000100100": {
    "Id": 720000100100,
    "CenterPosition": [
      98.4133,
      112.2256,
      -22.3156
    ],
    "Count": 9,
    "CollectionId": 20000103
  },
  "720000101100": {
    "Id": 720000101100,
    "CenterPosition": [
      197.342,
      108.177,
      -8.485
    ],
    "Count": 10,
    "CollectionId": 20000106
  },
  "720100102100": {
    "Id": 720100102100,
    "CenterPosition": [
      299.6428,
      108.1064,
      -92.0364
    ],
    "Count": 11,
    "CollectionId": 20000112
  },
  "720000102101": {
    "Id": 720000102101,
    "CenterPosition": [
      247.4587,
      108.0875,
      146.3813
    ],
    "Count": 8,
    "CollectionId": 20000109
  },
  "720100101100": {
    "Id": 720100101100,
    "CenterPosition": [
      184.2,
      96.2633,
      -65.1167
    ],
    "Count": 3,
    "CollectionId": 20000215
  },
  "720200101100": {
    "Id": 720200101100,
    "CenterPosition": [
      163.6528,
      96.4843,
      -60.3186
    ],
    "Count": 7,
    "CollectionId": 20000215
  },
  "730000100101": {
    "Id": 730000100101,
    "CenterPosition": [
      76.085,
      130.46,
      152.7725
    ],
    "Count": 4,
    "CollectionId": 20000002
  },
  "730000101101": {
    "Id": 730000101101,
    "CenterPosition": [
      148.1367,
      120.595,
      106.2117
    ],
    "Count": 6,
    "CollectionId": 20000002
  },
  "730000102106": {
    "Id": 730000102106,
    "CenterPosition": [
      282.088,
      184.288,
      623.338
    ],
    "Count": 5,
    "CollectionId": 20000016
  },
  "730000102105": {
    "Id": 730000102105,
    "CenterPosition": [
      256.2433,
      160.02,
      528.9967
    ],
    "Count": 3,
    "CollectionId": 20000016
  },
  "730000103103": {
    "Id": 730000103103,
    "CenterPosition": [
      362.86,
      192.278,
      304.858
    ],
    "Count": 5,
    "CollectionId": 20000108
  },
  "730000101103": {
    "Id": 730000101103,
    "CenterPosition": [
      148.185,
      165.82,
      378.6437
    ],
    "Count": 8,
    "CollectionId": 20000111
  },
  "730000101105": {
    "Id": 730000101105,
    "CenterPosition": [
      150.766,
      170.216,
      507.883
    ],
    "Count": 10,
    "CollectionId": 20000211
  },
  "730000102100": {
    "Id": 730000102100,
    "CenterPosition": [
      256.68,
      146.23,
      59.405
    ],
    "Count": 4,
    "CollectionId": 20000105
  },
  "730000102101": {
    "Id": 730000102101,
    "CenterPosition": [
      247.7967,
      156.1917,
      121.4417
    ],
    "Count": 6,
    "CollectionId": 20000105
  },
  "730000102103": {
    "Id": 730000102103,
    "CenterPosition": [
      292.2825,
      121.36,
      356.615
    ],
    "Count": 4,
    "CollectionId": 20000202
  },
  "730100102103": {
    "Id": 730100102103,
    "CenterPosition": [
      272.8434,
      133.7867,
      306.91
    ],
    "Count": 3,
    "CollectionId": 20000202
  },
  "730000103102": {
    "Id": 730000103102,
    "CenterPosition": [
      336.764,
      200.124,
      204.722
    ],
    "Count": 5,
    "CollectionId": 20000214
  },
  "740000100099": {
    "Id": 740000100099,
    "CenterPosition": [
      29.08,
      133.0633,
      -143.99
    ],
    "Count": 3,
    "CollectionId": 52001
  },
  "740100100099": {
    "Id": 740100100099,
    "CenterPosition": [
      16.7,
      127.064,
      -163.214
    ],
    "Count": 5,
    "CollectionId": 20000015
  },
  "740200100099": {
    "Id": 740200100099,
    "CenterPosition": [
      40.224,
      127.066,
      -115.806
    ],
    "Count": 5,
    "CollectionId": 20000015
  },
  "740000101098": {
    "Id": 740000101098,
    "CenterPosition": [
      149.43,
      112.0033,
      -215.5333
    ],
    "Count": 3,
    "CollectionId": 20000208
  },
  "740100101098": {
    "Id": 740100101098,
    "CenterPosition": [
      103.23,
      112.065,
      -218.9325
    ],
    "Count": 4,
    "CollectionId": 20000208
  },
  "740000100100": {
    "Id": 740000100100,
    "CenterPosition": [
      51.2233,
      130.01,
      -43.89
    ],
    "Count": 3,
    "CollectionId": 20000205
  },
  "740000101100": {
    "Id": 740000101100,
    "CenterPosition": [
      100.1025,
      118.205,
      -67.9825
    ],
    "Count": 4,
    "CollectionId": 20000205
  },
  "740000102100": {
    "Id": 740000102100,
    "CenterPosition": [
      253.3233,
      118.0817,
      -44.3283
    ],
    "Count": 6,
    "CollectionId": 20000102
  },
  "740100102100": {
    "Id": 740100102100,
    "CenterPosition": [
      231.91,
      118.22,
      -61.4425
    ],
    "Count": 4,
    "CollectionId": 20000102
  },
  "750000100100": {
    "Id": 750000100100,
    "CenterPosition": [
      -88.3343,
      117.0143,
      19.8714
    ],
    "Count": 7,
    "CollectionId": 20000005
  },
  "750000100101": {
    "Id": 750000100101,
    "CenterPosition": [
      85.055,
      106.71,
      145.34
    ],
    "Count": 6,
    "CollectionId": 20000008
  },
  "750000101101": {
    "Id": 750000101101,
    "CenterPosition": [
      108.8325,
      106.2075,
      144.66
    ],
    "Count": 4,
    "CollectionId": 20000008
  },
  "750100100100": {
    "Id": 750100100100,
    "CenterPosition": [
      -17.24,
      114.0,
      -95.3467
    ],
    "Count": 6,
    "CollectionId": 20000017
  },
  "750200100100": {
    "Id": 750200100100,
    "CenterPosition": [
      -9.8125,
      113.0,
      -75.13
    ],
    "Count": 4,
    "CollectionId": 20000017
  },
  "70000105107": {
    "Id": 70000105107,
    "CenterPosition": [
      596.5967,
      237.0067,
      738.48
    ],
    "Count": 3,
    "CollectionId": 52001
  },
  "70000096107": {
    "Id": 70000096107,
    "CenterPosition": [
      -434.11,
      268.4633,
      750.8267
    ],
    "Count": 3,
    "CollectionId": 52001
  },
  "70000097107": {
    "Id": 70000097107,
    "CenterPosition": [
      -390.8833,
      259.5033,
      770.2767
    ],
    "Count": 3,
    "CollectionId": 52001
  },
  "70100097107": {
    "Id": 70100097107,
    "CenterPosition": [
      -367.3333,
      260.9333,
      731.8767
    ],
    "Count": 3,
    "CollectionId": 52001
  },
  "70000100099": {
    "Id": 70000100099,
    "CenterPosition": [
      -28.4733,
      181.64,
      -187.16
    ],
    "Count": 3,
    "CollectionId": 52001
  },
  "70000102104": {
    "Id": 70000102104,
    "CenterPosition": [
      298.5567,
      188.1,
      430.54
    ],
    "Count": 3,
    "CollectionId": 20000004
  },
  "70000103104": {
    "Id": 70000103104,
    "CenterPosition": [
      300.1866,
      190.8233,
      457.8667
    ],
    "Count": 3,
    "CollectionId": 20000004
  },
  "70000101103": {
    "Id": 70000101103,
    "CenterPosition": [
      139.8511,
      166.45,
      304.2778
    ],
    "Count": 9,
    "CollectionId": 20000004
  },
  "70000096100": {
    "Id": 70000096100,
    "CenterPosition": [
      -497.72,
      164.4867,
      -92.93
    ],
    "Count": 3,
    "CollectionId": 20000006
  },
  "70100096100": {
    "Id": 70100096100,
    "CenterPosition": [
      -466.1843,
      161.1386,
      -12.6771
    ],
    "Count": 7,
    "CollectionId": 20000006
  },
  "70200096100": {
    "Id": 70200096100,
    "CenterPosition": [
      -418.5425,
      167.865,
      6.335
    ],
    "Count": 4,
    "CollectionId": 20000006
  },
  "70000093098": {
    "Id": 70000093098,
    "CenterPosition": [
      -718.4642,
      208.8329,
      -213.5214
    ],
    "Count": 7,
    "CollectionId": 20000010
  },
  "70000094099": {
    "Id": 70000094099,
    "CenterPosition": [
      -677.2534,
      206.08,
      -187.7833
    ],
    "Count": 3,
    "CollectionId": 20000010
  },
  "70000094102": {
    "Id": 70000094102,
    "CenterPosition": [
      -673.2567,
      403.2834,
      278.8783
    ],
    "Count": 6,
    "CollectionId": 20000009
  },
  "70100094102": {
    "Id": 70100094102,
    "CenterPosition": [
      -645.5667,
      408.115,
      261.8517
    ],
    "Count": 6,
    "CollectionId": 20000009
  },
  "70000100100": {
    "Id": 70000100100,
    "CenterPosition": [
      36.452,
      423.688,
      83.816
    ],
    "Count": 5,
    "CollectionId": 20000009
  },
  "70000100101": {
    "Id": 70000100101,
    "CenterPosition": [
      68.8733,
      188.3733,
      181.7067
    ],
    "Count": 3,
    "CollectionId": 20000019
  },
  "70000100102": {
    "Id": 70000100102,
    "CenterPosition": [
      49.9478,
      188.1655,
      208.8522
    ],
    "Count": 9,
    "CollectionId": 20000019
  },
  "70100100102": {
    "Id": 70100100102,
    "CenterPosition": [
      66.9975,
      188.2475,
      227.13
    ],
    "Count": 4,
    "CollectionId": 20000019
  },
  "70100105107": {
    "Id": 70100105107,
    "CenterPosition": [
      560.672,
      233.924,
      774.862
    ],
    "Count": 5,
    "CollectionId": 20000007
  },
  "70000101107": {
    "Id": 70000101107,
    "CenterPosition": [
      118.4933,
      171.58,
      705.4634
    ],
    "Count": 3,
    "CollectionId": 20000007
  },
  "70000102102": {
    "Id": 70000102102,
    "CenterPosition": [
      224.045,
      159.9133,
      271.355
    ],
    "Count": 6,
    "CollectionId": 20000018
  },
  "70100102102": {
    "Id": 70100102102,
    "CenterPosition": [
      211.8133,
      160.3983,
      234.7383
    ],
    "Count": 6,
    "CollectionId": 20000018
  },
  "70000104106": {
    "Id": 70000104106,
    "CenterPosition": [
      405.635,
      176.23,
      642.715
    ],
    "Count": 4,
    "CollectionId": 20000022
  },
  "70000100106": {
    "Id": 70000100106,
    "CenterPosition": [
      48.24,
      176.5425,
      630.8825
    ],
    "Count": 4,
    "CollectionId": 20000022
  },
  "70000103106": {
    "Id": 70000103106,
    "CenterPosition": [
      348.81,
      178.3767,
      698.4767
    ],
    "Count": 3,
    "CollectionId": 20000022
  },
  "70100100099": {
    "Id": 70100100099,
    "CenterPosition": [
      -42.8946,
      199.3492,
      -174.7923
    ],
    "Count": 13,
    "CollectionId": 20000021
  },
  "70000102099": {
    "Id": 70000102099,
    "CenterPosition": [
      246.92,
      198.8412,
      -141.0188
    ],
    "Count": 8,
    "CollectionId": 20000107
  },
  "70100102099": {
    "Id": 70100102099,
    "CenterPosition": [
      264.8533,
      198.8934,
      -145.9867
    ],
    "Count": 3,
    "CollectionId": 20000107
  },
  "70200102099": {
    "Id": 70200102099,
    "CenterPosition": [
      253.6214,
      198.6643,
      -103.7671
    ],
    "Count": 7,
    "CollectionId": 20000107
  },
  "70100100100": {
    "Id": 70100100100,
    "CenterPosition": [
      -2.8917,
      158.9067,
      77.8283
    ],
    "Count": 6,
    "CollectionId": 20000101
  },
  "70200100100": {
    "Id": 70200100100,
    "CenterPosition": [
      -11.0371,
      161.1314,
      33.0371
    ],
    "Count": 7,
    "CollectionId": 20000101
  },
  "70300100100": {
    "Id": 70300100100,
    "CenterPosition": [
      -28.005,
      159.805,
      52.6525
    ],
    "Count": 4,
    "CollectionId": 20000101
  },
  "70000098101": {
    "Id": 70000098101,
    "CenterPosition": [
      -268.7809,
      96.86,
      104.5682
    ],
    "Count": 11,
    "CollectionId": 20000100
  },
  "70100098101": {
    "Id": 70100098101,
    "CenterPosition": [
      -262.8743,
      96.4614,
      135.1443
    ],
    "Count": 7,
    "CollectionId": 20000100
  },
  "70000102105": {
    "Id": 70000102105,
    "CenterPosition": [
      236.9343,
      186.9657,
      524.7486
    ],
    "Count": 7,
    "CollectionId": 20000104
  },
  "70100102104": {
    "Id": 70100102104,
    "CenterPosition": [
      207.01,
      194.236,
      485.35
    ],
    "Count": 5,
    "CollectionId": 20000104
  },
  "70000095100": {
    "Id": 70000095100,
    "CenterPosition": [
      -553.9033,
      153.7455,
      -85.1489
    ],
    "Count": 9,
    "CollectionId": 20000204
  },
  "70100095100": {
    "Id": 70100095100,
    "CenterPosition": [
      -586.4255,
      105.87,
      6.0356
    ],
    "Count": 9,
    "CollectionId": 20000204
  },
  "70000102106": {
    "Id": 70000102106,
    "CenterPosition": [
      220.5814,
      174.3586,
      672.3614
    ],
    "Count": 7,
    "CollectionId": 20000201
  },
  "70100102106": {
    "Id": 70100102106,
    "CenterPosition": [
      254.9378,
      175.5578,
      648.44
    ],
    "Count": 9,
    "CollectionId": 20000201
  },
  "70000106103": {
    "Id": 70000106103,
    "CenterPosition": [
      667.78,
      176.951,
      362.548
    ],
    "Count": 10,
    "CollectionId": 20000207
  },
  "70100106103": {
    "Id": 70100106103,
    "CenterPosition": [
      664.9325,
      166.96,
      382.7
    ],
    "Count": 4,
    "CollectionId": 20000207
  },
  "70000093099": {
    "Id": 70000093099,
    "CenterPosition": [
      -758.6833,
      211.0633,
      -151.6278
    ],
    "Count": 9,
    "CollectionId": 20000210
  },
  "70000092099": {
    "Id": 70000092099,
    "CenterPosition": [
      -802.7525,
      210.5825,
      -146.2225
    ],
    "Count": 4,
    "CollectionId": 20000210
  },
  "70100093098": {
    "Id": 70100093098,
    "CenterPosition": [
      -794.4067,
      211.72,
      -200.5
    ],
    "Count": 3,
    "CollectionId": 20000210
  },
  "70000107104": {
    "Id": 70000107104,
    "CenterPosition": [
      719.4175,
      138.5494,
      445.865
    ],
    "Count": 8,
    "CollectionId": 20000213
  },
  "70100107104": {
    "Id": 70100107104,
    "CenterPosition": [
      734.6033,
      137.3763,
      463.3933
    ],
    "Count": 6,
    "CollectionId": 20000213
  },
  "70000096096": {
    "Id": 70000096096,
    "CenterPosition": [
      -461.654,
      95.466,
      -498.908
    ],
    "Count": 5,
    "CollectionId": 20000003
  },
  "70000093101": {
    "Id": 70000093101,
    "CenterPosition": [
      -757.33,
      95.4267,
      199.61
    ],
    "Count": 3,
    "CollectionId": 20000003
  },
  "70100093099": {
    "Id": 70100093099,
    "CenterPosition": [
      -713.915,
      209.5775,
      -139.26
    ],
    "Count": 4,
    "CollectionId": 20000012
  },
  "70200093099": {
    "Id": 70200093099,
    "CenterPosition": [
      -778.4725,
      210.0975,
      -180.9675
    ],
    "Count": 4,
    "CollectionId": 20000012
  },
  "70300093098": {
    "Id": 70300093098,
    "CenterPosition": [
      -782.2125,
      208.23,
      -228.35
    ],
    "Count": 4,
    "CollectionId": 20000012
  },
  "70000103105": {
    "Id": 70000103105,
    "CenterPosition": [
      347.3577,
      171.0,
      593.4608
    ],
    "Count": 13,
    "CollectionId": 20000014
  },
  "70100103106": {
    "Id": 70100103106,
    "CenterPosition": [
      360.81,
      171.0,
      630.1433
    ],
    "Count": 3,
    "CollectionId": 20000014
  },
  "70200103106": {
    "Id": 70200103106,
    "CenterPosition": [
      395.4317,
      171.0,
      694.0
    ],
    "Count": 6,
    "CollectionId": 20000014
  },
  "70300103105": {
    "Id": 70300103105,
    "CenterPosition": [
      377.2175,
      171.005,
      517.065
    ],
    "Count": 4,
    "CollectionId": 20000014
  },
  "70400103105": {
    "Id": 70400103105,
    "CenterPosition": [
      383.774,
      171.0,
      569.008
    ],
    "Count": 5,
    "CollectionId": 20000014
  },
  "70500102105": {
    "Id": 70500102105,
    "CenterPosition": [
      247.0067,
      170.9917,
      599.2549
    ],
    "Count": 12,
    "CollectionId": 20000014
  },
  "70000102098": {
    "Id": 70000102098,
    "CenterPosition": [
      203.3071,
      94.5,
      -247.27
    ],
    "Count": 7,
    "CollectionId": 20000013
  },
  "70000104098": {
    "Id": 70000104098,
    "CenterPosition": [
      445.982,
      94.5,
      -255.19
    ],
    "Count": 5,
    "CollectionId": 20000013
  },
  "70000097096": {
    "Id": 70000097096,
    "CenterPosition": [
      -331.45,
      94.5,
      -448.518
    ],
    "Count": 5,
    "CollectionId": 20000013
  },
  "70000100096": {
    "Id": 70000100096,
    "CenterPosition": [
      -85.976,
      94.5,
      -428.936
    ],
    "Count": 5,
    "CollectionId": 20000013
  },
  "70000096097": {
    "Id": 70000096097,
    "CenterPosition": [
      -415.6375,
      94.5,
      -394.385
    ],
    "Count": 4,
    "CollectionId": 20000013
  }
}