{
  "1": {
    "Id": 1,
    "Type": 3,
    "Color": "",
    "Hue": [],
    "IfSaturation": 1,
    "Saturation": [
      [
        35,
        0,
        70
      ]
    ],
    "IfValue": 1,
    "Value": [
      [
        17,
        10,
        85
      ]
    ],
    "UiColor": [],
    "ConsumeH": [],
    "Zone": [],
    "ConsumeLow": [],
    "ConsumeHigh": [],
    "Unlock": [],
    "UnlockSV": [],
    "ConsumeA": [],
    "ConsumeB": [],
    "ConsumeC": [],
    "ConsumeD": [],
    "Score": [],
    "Recommend": [],
    "DefaultColor": []
  },
  "2": {
    "Id": 2,
    "Type": 1,
    "Color": "",
    "Hue": [
      [
        1,
        31
      ],
      [
        2,
        32
      ],
      [
        3,
        26
      ],
      [
        4,
        25
      ],
      [
        5,
        17
      ],
      [
        6,
        18
      ],
      [
        7,
        10
      ],
      [
        8,
        15
      ]
    ],
    "IfSaturation": 0,
    "Saturation": [
      [
        1,
        60,
        60,
        60
      ],
      [
        2,
        50,
        50,
        50
      ],
      [
        3,
        64,
        64,
        64
      ],
      [
        4,
        55,
        55,
        55
      ],
      [
        5,
        57,
        57,
        57
      ],
      [
        6,
        41,
        41,
        41
      ],
      [
        7,
        44,
        44,
        44
      ],
      [
        8,
        52,
        52,
        52
      ]
    ],
    "IfValue": 1,
    "Value": [
      [
        1,
        90,
        20,
        90
      ],
      [
        2,
        90,
        20,
        90
      ],
      [
        3,
        90,
        20,
        90
      ],
      [
        4,
        90,
        20,
        90
      ],
      [
        5,
        90,
        20,
        90
      ],
      [
        6,
        90,
        20,
        90
      ],
      [
        7,
        90,
        20,
        90
      ],
      [
        8,
        90,
        20,
        90
      ]
    ],
    "UiColor": [
      [
        1,
        38,
        30,
        90
      ],
      [
        2,
        39,
        35,
        90
      ],
      [
        3,
        36,
        36,
        89
      ],
      [
        4,
        32,
        35,
        90
      ],
      [
        5,
        24,
        30,
        90
      ],
      [
        6,
        25,
        20,
        90
      ],
      [
        7,
        16,
        22,
        90
      ],
      [
        8,
        15,
        28,
        90
      ]
    ],
    "ConsumeH": [],
    "Zone": [],
    "ConsumeLow": [],
    "ConsumeHigh": [],
    "Unlock": [],
    "UnlockSV": [],
    "ConsumeA": [],
    "ConsumeB": [],
    "ConsumeC": [],
    "ConsumeD": [],
    "Score": [],
    "Recommend": [],
    "DefaultColor": [
      [
        11,
        70,
        70
      ],
      [
        31,
        60,
        90
      ],
      [
        32,
        50,
        90
      ],
      [
        0,
        0,
        0
      ]
    ]
  },
  "3": {
    "Id": 3,
    "Type": 1,
    "Color": "",
    "Hue": [
      [
        1,
        20
      ],
      [
        2,
        10
      ],
      [
        3,
        0
      ],
      [
        4,
        350
      ],
      [
        5,
        340
      ],
      [
        6,
        330
      ]
    ],
    "IfSaturation": 1,
    "Saturation": [
      [
        1,
        96,
        60,
        100
      ],
      [
        2,
        96,
        60,
        100
      ],
      [
        3,
        87,
        60,
        90
      ],
      [
        4,
        87,
        60,
        90
      ],
      [
        5,
        87,
        60,
        90
      ],
      [
        6,
        87,
        60,
        90
      ]
    ],
    "IfValue": 1,
    "Value": [
      [
        1,
        100,
        40,
        100
      ],
      [
        2,
        100,
        40,
        100
      ],
      [
        3,
        100,
        40,
        100
      ],
      [
        4,
        100,
        40,
        100
      ],
      [
        5,
        100,
        40,
        100
      ],
      [
        6,
        100,
        40,
        100
      ]
    ],
    "UiColor": [
      [
        1,
        29,
        50,
        87
      ],
      [
        2,
        20,
        53,
        91
      ],
      [
        3,
        10,
        57,
        90
      ],
      [
        4,
        0,
        53,
        87
      ],
      [
        5,
        338,
        52,
        85
      ],
      [
        6,
        307,
        47,
        83
      ]
    ],
    "ConsumeH": [],
    "Zone": [],
    "ConsumeLow": [],
    "ConsumeHigh": [],
    "Unlock": [],
    "UnlockSV": [],
    "ConsumeA": [],
    "ConsumeB": [],
    "ConsumeC": [],
    "ConsumeD": [],
    "Score": [],
    "Recommend": [],
    "DefaultColor": [
      [
        350,
        80,
        80
      ],
      [
        5,
        75,
        40
      ],
      [
        0,
        0,
        0
      ]
    ]
  },
  "4": {
    "Id": 4,
    "Type": 3,
    "Color": "",
    "Hue": [],
    "IfSaturation": 1,
    "Saturation": [
      [
        75,
        10,
        85
      ]
    ],
    "IfValue": 1,
    "Value": [
      [
        50,
        10,
        85
      ]
    ],
    "UiColor": [],
    "ConsumeH": [],
    "Zone": [],
    "ConsumeLow": [],
    "ConsumeHigh": [],
    "Unlock": [],
    "UnlockSV": [],
    "ConsumeA": [],
    "ConsumeB": [],
    "ConsumeC": [],
    "ConsumeD": [],
    "Score": [],
    "Recommend": [],
    "DefaultColor": []
  },
  "5": {
    "Id": 5,
    "Type": 3,
    "Color": "",
    "Hue": [],
    "IfSaturation": 1,
    "Saturation": [
      [
        65,
        0,
        70
      ]
    ],
    "IfValue": 1,
    "Value": [
      [
        50,
        10,
        85
      ]
    ],
    "UiColor": [],
    "ConsumeH": [],
    "Zone": [],
    "ConsumeLow": [],
    "ConsumeHigh": [],
    "Unlock": [],
    "UnlockSV": [],
    "ConsumeA": [],
    "ConsumeB": [],
    "ConsumeC": [],
    "ConsumeD": [],
    "Score": [],
    "Recommend": [],
    "DefaultColor": []
  },
  "6": {
    "Id": 6,
    "Type": 3,
    "Color": "",
    "Hue": [],
    "IfSaturation": 1,
    "Saturation": [
      [
        35,
        0,
        80
      ]
    ],
    "IfValue": 1,
    "Value": [
      [
        17,
        10,
        85
      ]
    ],
    "UiColor": [],
    "ConsumeH": [
      [
        10,
        1083111,
        10
      ],
      [
        100,
        1083112,
        10
      ],
      [
        190,
        1083114,
        10
      ],
      [
        280,
        1083113,
        10
      ]
    ],
    "Zone": [
      [
        25,
        65
      ],
      [
        30,
        70
      ]
    ],
    "ConsumeLow": [
      [
        1074002,
        2
      ]
    ],
    "ConsumeHigh": [
      [
        1074002,
        5
      ]
    ],
    "Unlock": [],
    "UnlockSV": [
      40,
      37
    ],
    "ConsumeA": [
      [
        1074003,
        5
      ],
      [
        1074002,
        5
      ]
    ],
    "ConsumeB": [
      [
        1074003,
        5
      ],
      [
        1074002,
        5
      ]
    ],
    "ConsumeC": [
      [
        1074002,
        5
      ]
    ],
    "ConsumeD": [
      [
        1074002,
        5
      ]
    ],
    "Score": [
      20,
      20,
      10,
      10
    ],
    "Recommend": [
      [
        0,
        80,
        65
      ],
      [
        26,
        80,
        85
      ],
      [
        40,
        68,
        81
      ],
      [
        93,
        64,
        78
      ],
      [
        135,
        53,
        73
      ],
      [
        188,
        60,
        75
      ],
      [
        222,
        66,
        73
      ],
      [
        265,
        67,
        76
      ],
      [
        331,
        39,
        85
      ],
      [
        0,
        0,
        85
      ],
      [
        0,
        0,
        10
      ]
    ],
    "DefaultColor": []
  },
  "7": {
    "Id": 7,
    "Type": 3,
    "Color": "",
    "Hue": [],
    "IfSaturation": 1,
    "Saturation": [
      [
        75,
        10,
        85
      ]
    ],
    "IfValue": 1,
    "Value": [
      [
        40,
        -10,
        40
      ]
    ],
    "UiColor": [],
    "ConsumeH": [],
    "Zone": [],
    "ConsumeLow": [],
    "ConsumeHigh": [],
    "Unlock": [],
    "UnlockSV": [],
    "ConsumeA": [],
    "ConsumeB": [],
    "ConsumeC": [],
    "ConsumeD": [],
    "Score": [],
    "Recommend": [],
    "DefaultColor": []
  },
  "8": {
    "Id": 8,
    "Type": 3,
    "Color": "",
    "Hue": [],
    "IfSaturation": 1,
    "Saturation": [
      [
        35,
        0,
        100
      ]
    ],
    "IfValue": 1,
    "Value": [
      [
        17,
        0,
        100
      ]
    ],
    "UiColor": [],
    "ConsumeH": [],
    "Zone": [],
    "ConsumeLow": [],
    "ConsumeHigh": [],
    "Unlock": [],
    "UnlockSV": [],
    "ConsumeA": [],
    "ConsumeB": [],
    "ConsumeC": [],
    "ConsumeD": [],
    "Score": [],
    "Recommend": [],
    "DefaultColor": []
  },
  "9": {
    "Id": 9,
    "Type": 3,
    "Color": "",
    "Hue": [],
    "IfSaturation": 1,
    "Saturation": [
      [
        35,
        0,
        80
      ]
    ],
    "IfValue": 1,
    "Value": [
      [
        17,
        10,
        85
      ]
    ],
    "UiColor": [],
    "ConsumeH": [
      [
        10,
        1083111,
        10
      ],
      [
        100,
        1083112,
        10
      ],
      [
        190,
        1083114,
        10
      ],
      [
        280,
        1083113,
        10
      ]
    ],
    "Zone": [
      [
        25,
        65
      ],
      [
        30,
        70
      ]
    ],
    "ConsumeLow": [
      [
        1074002,
        2
      ]
    ],
    "ConsumeHigh": [
      [
        1074002,
        5
      ]
    ],
    "Unlock": [],
    "UnlockSV": [],
    "ConsumeA": [],
    "ConsumeB": [],
    "ConsumeC": [],
    "ConsumeD": [],
    "Score": [],
    "Recommend": [],
    "DefaultColor": []
  },
  "10": {
    "Id": 10,
    "Type": 3,
    "Color": "",
    "Hue": [],
    "IfSaturation": 1,
    "Saturation": [
      [
        35,
        0,
        80
      ]
    ],
    "IfValue": 1,
    "Value": [
      [
        17,
        10,
        85
      ]
    ],
    "UiColor": [],
    "ConsumeH": [
      [
        10,
        1083111,
        10
      ],
      [
        100,
        1083112,
        10
      ],
      [
        190,
        1083114,
        10
      ],
      [
        280,
        1083113,
        10
      ]
    ],
    "Zone": [
      [
        25,
        65
      ],
      [
        30,
        70
      ]
    ],
    "ConsumeLow": [
      [
        1074002,
        2
      ]
    ],
    "ConsumeHigh": [
      [
        1074002,
        5
      ]
    ],
    "Unlock": [],
    "UnlockSV": [],
    "ConsumeA": [],
    "ConsumeB": [],
    "ConsumeC": [],
    "ConsumeD": [],
    "Score": [],
    "Recommend": [],
    "DefaultColor": []
  },
  "11": {
    "Id": 11,
    "Type": 3,
    "Color": "",
    "Hue": [],
    "IfSaturation": 1,
    "Saturation": [
      [
        35,
        0,
        80
      ]
    ],
    "IfValue": 1,
    "Value": [
      [
        17,
        10,
        85
      ]
    ],
    "UiColor": [],
    "ConsumeH": [
      [
        10,
        1083111,
        10
      ],
      [
        100,
        1083112,
        10
      ],
      [
        190,
        1083114,
        10
      ],
      [
        280,
        1083113,
        10
      ]
    ],
    "Zone": [
      [
        25,
        65
      ],
      [
        30,
        70
      ]
    ],
    "ConsumeLow": [
      [
        1074002,
        2
      ]
    ],
    "ConsumeHigh": [
      [
        1074002,
        5
      ]
    ],
    "Unlock": [],
    "UnlockSV": [],
    "ConsumeA": [],
    "ConsumeB": [],
    "ConsumeC": [],
    "ConsumeD": [],
    "Score": [],
    "Recommend": [],
    "DefaultColor": []
  },
  "1001": {
    "Id": 1001,
    "Type": 1,
    "Color": "",
    "Hue": [
      [
        1,
        0
      ],
      [
        2,
        24
      ],
      [
        3,
        48
      ],
      [
        4,
        72
      ],
      [
        5,
        96
      ],
      [
        6,
        135
      ],
      [
        7,
        144
      ],
      [
        8,
        168
      ],
      [
        9,
        192
      ],
      [
        10,
        216
      ],
      [
        11,
        240
      ],
      [
        12,
        264
      ],
      [
        13,
        288
      ],
      [
        14,
        312
      ],
      [
        15,
        336
      ],
      [
        16,
        360
      ]
    ],
    "IfSaturation": 1,
    "Saturation": [
      [
        1,
        35,
        25,
        75
      ],
      [
        2,
        35,
        25,
        75
      ],
      [
        3,
        35,
        25,
        75
      ],
      [
        4,
        35,
        25,
        75
      ],
      [
        5,
        35,
        25,
        75
      ],
      [
        6,
        35,
        25,
        75
      ],
      [
        7,
        35,
        25,
        75
      ],
      [
        8,
        35,
        25,
        75
      ],
      [
        9,
        35,
        25,
        75
      ],
      [
        10,
        35,
        25,
        75
      ],
      [
        11,
        35,
        25,
        75
      ],
      [
        12,
        35,
        25,
        75
      ],
      [
        13,
        35,
        25,
        75
      ],
      [
        14,
        35,
        25,
        75
      ],
      [
        15,
        35,
        25,
        75
      ],
      [
        16,
        0,
        0,
        0
      ]
    ],
    "IfValue": 1,
    "Value": [
      [
        1,
        17,
        8,
        90
      ],
      [
        2,
        17,
        8,
        90
      ],
      [
        3,
        17,
        8,
        90
      ],
      [
        4,
        17,
        8,
        90
      ],
      [
        5,
        17,
        8,
        90
      ],
      [
        6,
        17,
        8,
        90
      ],
      [
        7,
        17,
        8,
        90
      ],
      [
        8,
        17,
        8,
        90
      ],
      [
        9,
        17,
        8,
        90
      ],
      [
        10,
        17,
        8,
        90
      ],
      [
        11,
        17,
        8,
        90
      ],
      [
        12,
        17,
        8,
        90
      ],
      [
        13,
        17,
        8,
        90
      ],
      [
        14,
        17,
        8,
        90
      ],
      [
        15,
        17,
        8,
        90
      ],
      [
        16,
        10,
        8,
        90
      ]
    ],
    "UiColor": [
      [
        1,
        0,
        45,
        65
      ],
      [
        2,
        24,
        45,
        65
      ],
      [
        3,
        48,
        45,
        65
      ],
      [
        4,
        72,
        45,
        65
      ],
      [
        5,
        96,
        45,
        65
      ],
      [
        6,
        120,
        45,
        65
      ],
      [
        7,
        144,
        45,
        65
      ],
      [
        8,
        168,
        45,
        65
      ],
      [
        9,
        192,
        45,
        65
      ],
      [
        10,
        216,
        45,
        65
      ],
      [
        11,
        240,
        45,
        65
      ],
      [
        12,
        264,
        45,
        65
      ],
      [
        13,
        288,
        45,
        65
      ],
      [
        14,
        312,
        45,
        65
      ],
      [
        15,
        336,
        45,
        65
      ],
      [
        16,
        360,
        0,
        60
      ]
    ],
    "ConsumeH": [],
    "Zone": [],
    "ConsumeLow": [],
    "ConsumeHigh": [],
    "Unlock": [],
    "UnlockSV": [],
    "ConsumeA": [],
    "ConsumeB": [],
    "ConsumeC": [],
    "ConsumeD": [],
    "Score": [],
    "Recommend": [],
    "DefaultColor": []
  },
  "1004": {
    "Id": 1004,
    "Type": 1,
    "Color": "",
    "Hue": [
      [
        1,
        0
      ],
      [
        2,
        24
      ],
      [
        3,
        48
      ],
      [
        4,
        72
      ],
      [
        5,
        96
      ],
      [
        6,
        135
      ],
      [
        7,
        144
      ],
      [
        8,
        168
      ],
      [
        9,
        192
      ],
      [
        10,
        216
      ],
      [
        11,
        240
      ],
      [
        12,
        264
      ],
      [
        13,
        288
      ],
      [
        14,
        312
      ],
      [
        15,
        336
      ],
      [
        16,
        360
      ]
    ],
    "IfSaturation": 1,
    "Saturation": [
      [
        1,
        75,
        25,
        75
      ],
      [
        2,
        75,
        25,
        75
      ],
      [
        3,
        75,
        25,
        75
      ],
      [
        4,
        75,
        25,
        75
      ],
      [
        5,
        75,
        25,
        75
      ],
      [
        6,
        75,
        25,
        75
      ],
      [
        7,
        75,
        25,
        75
      ],
      [
        8,
        75,
        25,
        75
      ],
      [
        9,
        75,
        25,
        75
      ],
      [
        10,
        75,
        25,
        75
      ],
      [
        11,
        75,
        25,
        75
      ],
      [
        12,
        75,
        25,
        75
      ],
      [
        13,
        75,
        25,
        75
      ],
      [
        14,
        75,
        25,
        75
      ],
      [
        15,
        75,
        25,
        75
      ],
      [
        16,
        0,
        0,
        0
      ]
    ],
    "IfValue": 0,
    "Value": [
      [
        1,
        50,
        25,
        75
      ],
      [
        2,
        50,
        25,
        75
      ],
      [
        3,
        50,
        25,
        75
      ],
      [
        4,
        50,
        25,
        75
      ],
      [
        5,
        50,
        25,
        75
      ],
      [
        6,
        50,
        25,
        75
      ],
      [
        7,
        50,
        25,
        75
      ],
      [
        8,
        50,
        25,
        75
      ],
      [
        9,
        50,
        25,
        75
      ],
      [
        10,
        50,
        25,
        75
      ],
      [
        11,
        50,
        25,
        75
      ],
      [
        12,
        50,
        25,
        75
      ],
      [
        13,
        50,
        25,
        75
      ],
      [
        14,
        50,
        25,
        75
      ],
      [
        15,
        50,
        25,
        75
      ],
      [
        16,
        50,
        5,
        95
      ]
    ],
    "UiColor": [
      [
        1,
        0,
        45,
        65
      ],
      [
        2,
        24,
        45,
        65
      ],
      [
        3,
        48,
        45,
        65
      ],
      [
        4,
        72,
        45,
        65
      ],
      [
        5,
        96,
        45,
        65
      ],
      [
        6,
        120,
        45,
        65
      ],
      [
        7,
        144,
        45,
        65
      ],
      [
        8,
        168,
        45,
        65
      ],
      [
        9,
        192,
        45,
        65
      ],
      [
        10,
        216,
        45,
        65
      ],
      [
        11,
        240,
        45,
        65
      ],
      [
        12,
        264,
        45,
        65
      ],
      [
        13,
        288,
        45,
        65
      ],
      [
        14,
        312,
        45,
        65
      ],
      [
        15,
        336,
        45,
        65
      ],
      [
        16,
        360,
        0,
        60
      ]
    ],
    "ConsumeH": [],
    "Zone": [],
    "ConsumeLow": [],
    "ConsumeHigh": [],
    "Unlock": [],
    "UnlockSV": [],
    "ConsumeA": [],
    "ConsumeB": [],
    "ConsumeC": [],
    "ConsumeD": [],
    "Score": [],
    "Recommend": [],
    "DefaultColor": []
  },
  "1005": {
    "Id": 1005,
    "Type": 1,
    "Color": "",
    "Hue": [
      [
        1,
        0
      ],
      [
        2,
        24
      ],
      [
        3,
        48
      ],
      [
        4,
        72
      ],
      [
        5,
        96
      ],
      [
        6,
        135
      ],
      [
        7,
        144
      ],
      [
        8,
        168
      ],
      [
        9,
        192
      ],
      [
        10,
        216
      ],
      [
        11,
        240
      ],
      [
        12,
        264
      ],
      [
        13,
        288
      ],
      [
        14,
        312
      ],
      [
        15,
        336
      ],
      [
        16,
        360
      ]
    ],
    "IfSaturation": 1,
    "Saturation": [
      [
        1,
        75,
        25,
        75
      ],
      [
        2,
        75,
        25,
        75
      ],
      [
        3,
        75,
        25,
        75
      ],
      [
        4,
        75,
        25,
        75
      ],
      [
        5,
        75,
        25,
        75
      ],
      [
        6,
        75,
        25,
        75
      ],
      [
        7,
        75,
        25,
        75
      ],
      [
        8,
        75,
        25,
        75
      ],
      [
        9,
        75,
        25,
        75
      ],
      [
        10,
        75,
        25,
        75
      ],
      [
        11,
        75,
        25,
        75
      ],
      [
        12,
        75,
        25,
        75
      ],
      [
        13,
        75,
        25,
        75
      ],
      [
        14,
        75,
        25,
        75
      ],
      [
        15,
        75,
        25,
        75
      ],
      [
        16,
        0,
        0,
        0
      ]
    ],
    "IfValue": 1,
    "Value": [
      [
        1,
        50,
        25,
        75
      ],
      [
        2,
        50,
        25,
        75
      ],
      [
        3,
        50,
        25,
        75
      ],
      [
        4,
        50,
        25,
        75
      ],
      [
        5,
        50,
        25,
        75
      ],
      [
        6,
        50,
        25,
        75
      ],
      [
        7,
        50,
        25,
        75
      ],
      [
        8,
        50,
        25,
        75
      ],
      [
        9,
        50,
        25,
        75
      ],
      [
        10,
        50,
        25,
        75
      ],
      [
        11,
        50,
        25,
        75
      ],
      [
        12,
        50,
        25,
        75
      ],
      [
        13,
        50,
        25,
        75
      ],
      [
        14,
        50,
        25,
        75
      ],
      [
        15,
        50,
        25,
        75
      ],
      [
        16,
        50,
        5,
        95
      ]
    ],
    "UiColor": [
      [
        1,
        0,
        45,
        65
      ],
      [
        2,
        24,
        45,
        65
      ],
      [
        3,
        48,
        45,
        65
      ],
      [
        4,
        72,
        45,
        65
      ],
      [
        5,
        96,
        45,
        65
      ],
      [
        6,
        120,
        45,
        65
      ],
      [
        7,
        144,
        45,
        65
      ],
      [
        8,
        168,
        45,
        65
      ],
      [
        9,
        192,
        45,
        65
      ],
      [
        10,
        216,
        45,
        65
      ],
      [
        11,
        240,
        45,
        65
      ],
      [
        12,
        264,
        45,
        65
      ],
      [
        13,
        288,
        45,
        65
      ],
      [
        14,
        312,
        45,
        65
      ],
      [
        15,
        336,
        45,
        65
      ],
      [
        16,
        360,
        0,
        60
      ]
    ],
    "ConsumeH": [],
    "Zone": [],
    "ConsumeLow": [],
    "ConsumeHigh": [],
    "Unlock": [],
    "UnlockSV": [],
    "ConsumeA": [],
    "ConsumeB": [],
    "ConsumeC": [],
    "ConsumeD": [],
    "Score": [],
    "Recommend": [],
    "DefaultColor": []
  },
  "2001": {
    "Id": 2001,
    "Type": 1,
    "Color": "",
    "Hue": [
      [
        1,
        225
      ],
      [
        2,
        180
      ],
      [
        3,
        9
      ],
      [
        4,
        31
      ],
      [
        5,
        34
      ],
      [
        6,
        160
      ],
      [
        7,
        232
      ],
      [
        8,
        358
      ],
      [
        9,
        262
      ],
      [
        10,
        196
      ]
    ],
    "IfSaturation": 0,
    "Saturation": [
      [
        1,
        57,
        57,
        57
      ],
      [
        2,
        31,
        31,
        31
      ],
      [
        3,
        62,
        62,
        62
      ],
      [
        4,
        26,
        26,
        26
      ],
      [
        5,
        61,
        61,
        61
      ],
      [
        6,
        41,
        41,
        41
      ],
      [
        7,
        57,
        57,
        57
      ],
      [
        8,
        48,
        48,
        48
      ],
      [
        9,
        31,
        31,
        31
      ],
      [
        10,
        46,
        46,
        46
      ]
    ],
    "IfValue": 0,
    "Value": [
      [
        1,
        53,
        53,
        53
      ],
      [
        2,
        42,
        42,
        42
      ],
      [
        3,
        46,
        46,
        46
      ],
      [
        4,
        54,
        54,
        54
      ],
      [
        5,
        60,
        60,
        60
      ],
      [
        6,
        31,
        31,
        31
      ],
      [
        7,
        56,
        56,
        56
      ],
      [
        8,
        42,
        42,
        42
      ],
      [
        9,
        45,
        45,
        45
      ],
      [
        10,
        52,
        52,
        52
      ]
    ],
    "UiColor": [
      [
        1,
        225,
        57,
        53
      ],
      [
        2,
        180,
        31,
        42
      ],
      [
        3,
        9,
        62,
        46
      ],
      [
        4,
        31,
        26,
        54
      ],
      [
        5,
        34,
        61,
        60
      ],
      [
        6,
        160,
        41,
        31
      ],
      [
        7,
        232,
        57,
        56
      ],
      [
        8,
        358,
        48,
        42
      ],
      [
        9,
        262,
        31,
        45
      ],
      [
        10,
        196,
        46,
        52
      ]
    ],
    "ConsumeH": [],
    "Zone": [],
    "ConsumeLow": [],
    "ConsumeHigh": [],
    "Unlock": [],
    "UnlockSV": [],
    "ConsumeA": [],
    "ConsumeB": [],
    "ConsumeC": [],
    "ConsumeD": [],
    "Score": [],
    "Recommend": [],
    "DefaultColor": []
  },
  "2002": {
    "Id": 2002,
    "Type": 1,
    "Color": "",
    "Hue": [
      [
        1,
        208
      ],
      [
        2,
        165
      ],
      [
        3,
        8
      ],
      [
        4,
        39
      ],
      [
        5,
        53
      ],
      [
        6,
        104
      ],
      [
        7,
        31
      ],
      [
        8,
        269
      ],
      [
        9,
        0
      ]
    ],
    "IfSaturation": 0,
    "Saturation": [
      [
        1,
        17,
        17,
        17
      ],
      [
        2,
        16,
        16,
        16
      ],
      [
        3,
        21,
        21,
        21
      ],
      [
        4,
        9,
        9,
        9
      ],
      [
        5,
        18,
        18,
        18
      ],
      [
        6,
        14,
        14,
        14
      ],
      [
        7,
        21,
        21,
        21
      ],
      [
        8,
        17,
        17,
        17
      ],
      [
        9,
        0,
        0,
        0
      ]
    ],
    "IfValue": 0,
    "Value": [
      [
        1,
        100,
        100,
        100
      ],
      [
        2,
        100,
        100,
        100
      ],
      [
        3,
        100,
        100,
        100
      ],
      [
        4,
        87,
        87,
        87
      ],
      [
        5,
        93,
        93,
        93
      ],
      [
        6,
        93,
        93,
        93
      ],
      [
        7,
        89,
        89,
        89
      ],
      [
        8,
        93,
        93,
        93
      ],
      [
        9,
        100,
        100,
        100
      ]
    ],
    "UiColor": [
      [
        1,
        208,
        17,
        100
      ],
      [
        2,
        165,
        16,
        100
      ],
      [
        3,
        8,
        21,
        100
      ],
      [
        4,
        39,
        9,
        87
      ],
      [
        5,
        53,
        18,
        93
      ],
      [
        6,
        104,
        14,
        93
      ],
      [
        7,
        31,
        21,
        89
      ],
      [
        8,
        269,
        17,
        93
      ],
      [
        9,
        0,
        0,
        100
      ]
    ],
    "ConsumeH": [],
    "Zone": [],
    "ConsumeLow": [],
    "ConsumeHigh": [],
    "Unlock": [],
    "UnlockSV": [],
    "ConsumeA": [],
    "ConsumeB": [],
    "ConsumeC": [],
    "ConsumeD": [],
    "Score": [],
    "Recommend": [],
    "DefaultColor": []
  },
  "101": {
    "Id": 101,
    "Type": 3,
    "Color": "",
    "Hue": [],
    "IfSaturation": 1,
    "Saturation": [
      [
        35,
        0,
        80
      ]
    ],
    "IfValue": 1,
    "Value": [
      [
        17,
        10,
        85
      ]
    ],
    "UiColor": [],
    "ConsumeH": [
      [
        10,
        1085001,
        15
      ],
      [
        40,
        1085002,
        15
      ],
      [
        70,
        1085003,
        15
      ],
      [
        150,
        1085004,
        15
      ],
      [
        190,
        1085005,
        15
      ],
      [
        250,
        1085006,
        15
      ],
      [
        315,
        1085007,
        15
      ],
      [
        361,
        1085001,
        15
      ]
    ],
    "Zone": [
      [
        25,
        65
      ],
      [
        30,
        70
      ]
    ],
    "ConsumeLow": [
      [
        1074002,
        3
      ]
    ],
    "ConsumeHigh": [
      [
        1074002,
        10
      ]
    ],
    "Unlock": [],
    "UnlockSV": [],
    "ConsumeA": [],
    "ConsumeB": [],
    "ConsumeC": [],
    "ConsumeD": [],
    "Score": [],
    "Recommend": [
      [
        0,
        80,
        65
      ],
      [
        26,
        80,
        85
      ],
      [
        40,
        68,
        81
      ],
      [
        93,
        64,
        78
      ],
      [
        135,
        53,
        73
      ],
      [
        188,
        60,
        75
      ],
      [
        222,
        66,
        73
      ],
      [
        265,
        67,
        76
      ],
      [
        331,
        39,
        85
      ],
      [
        0,
        0,
        85
      ],
      [
        0,
        0,
        10
      ]
    ],
    "DefaultColor": []
  },
  "102": {
    "Id": 102,
    "Type": 3,
    "Color": "",
    "Hue": [],
    "IfSaturation": 1,
    "Saturation": [
      [
        35,
        0,
        80
      ]
    ],
    "IfValue": 1,
    "Value": [
      [
        17,
        10,
        85
      ]
    ],
    "UiColor": [],
    "ConsumeH": [
      [
        10,
        1085001,
        12
      ],
      [
        40,
        1085002,
        12
      ],
      [
        70,
        1085003,
        12
      ],
      [
        150,
        1085004,
        12
      ],
      [
        190,
        1085005,
        12
      ],
      [
        250,
        1085006,
        12
      ],
      [
        315,
        1085007,
        12
      ],
      [
        361,
        1085001,
        12
      ]
    ],
    "Zone": [
      [
        25,
        65
      ],
      [
        30,
        70
      ]
    ],
    "ConsumeLow": [
      [
        1074002,
        2
      ]
    ],
    "ConsumeHigh": [
      [
        1074002,
        6
      ]
    ],
    "Unlock": [],
    "UnlockSV": [],
    "ConsumeA": [],
    "ConsumeB": [],
    "ConsumeC": [],
    "ConsumeD": [],
    "Score": [],
    "Recommend": [
      [
        0,
        80,
        65
      ],
      [
        26,
        80,
        85
      ],
      [
        40,
        68,
        81
      ],
      [
        93,
        64,
        78
      ],
      [
        135,
        53,
        73
      ],
      [
        188,
        60,
        75
      ],
      [
        222,
        66,
        73
      ],
      [
        265,
        67,
        76
      ],
      [
        331,
        39,
        85
      ],
      [
        0,
        0,
        85
      ],
      [
        0,
        0,
        10
      ]
    ],
    "DefaultColor": []
  },
  "111": {
    "Id": 111,
    "Type": 3,
    "Color": "",
    "Hue": [],
    "IfSaturation": 1,
    "Saturation": [
      [
        35,
        0,
        80
      ]
    ],
    "IfValue": 1,
    "Value": [
      [
        17,
        10,
        85
      ]
    ],
    "UiColor": [],
    "ConsumeH": [
      [
        10,
        1085001,
        8
      ],
      [
        40,
        1085002,
        8
      ],
      [
        70,
        1085003,
        8
      ],
      [
        150,
        1085004,
        8
      ],
      [
        190,
        1085005,
        8
      ],
      [
        250,
        1085006,
        8
      ],
      [
        315,
        1085007,
        8
      ],
      [
        361,
        1085001,
        8
      ]
    ],
    "Zone": [
      [
        25,
        65
      ],
      [
        30,
        70
      ]
    ],
    "ConsumeLow": [
      [
        1074002,
        2
      ]
    ],
    "ConsumeHigh": [
      [
        1074002,
        5
      ]
    ],
    "Unlock": [],
    "UnlockSV": [],
    "ConsumeA": [],
    "ConsumeB": [],
    "ConsumeC": [],
    "ConsumeD": [],
    "Score": [],
    "Recommend": [
      [
        0,
        80,
        65
      ],
      [
        26,
        80,
        85
      ],
      [
        40,
        68,
        81
      ],
      [
        93,
        64,
        78
      ],
      [
        135,
        53,
        73
      ],
      [
        188,
        60,
        75
      ],
      [
        222,
        66,
        73
      ],
      [
        265,
        67,
        76
      ],
      [
        331,
        39,
        85
      ],
      [
        0,
        0,
        85
      ],
      [
        0,
        0,
        10
      ]
    ],
    "DefaultColor": []
  },
  "112": {
    "Id": 112,
    "Type": 3,
    "Color": "",
    "Hue": [],
    "IfSaturation": 1,
    "Saturation": [
      [
        35,
        0,
        80
      ]
    ],
    "IfValue": 1,
    "Value": [
      [
        17,
        10,
        85
      ]
    ],
    "UiColor": [],
    "ConsumeH": [
      [
        10,
        1085001,
        6
      ],
      [
        40,
        1085002,
        6
      ],
      [
        70,
        1085003,
        6
      ],
      [
        150,
        1085004,
        6
      ],
      [
        190,
        1085005,
        6
      ],
      [
        250,
        1085006,
        6
      ],
      [
        315,
        1085007,
        6
      ],
      [
        361,
        1085001,
        6
      ]
    ],
    "Zone": [
      [
        25,
        65
      ],
      [
        30,
        70
      ]
    ],
    "ConsumeLow": [
      [
        1074002,
        1
      ]
    ],
    "ConsumeHigh": [
      [
        1074002,
        3
      ]
    ],
    "Unlock": [],
    "UnlockSV": [],
    "ConsumeA": [],
    "ConsumeB": [],
    "ConsumeC": [],
    "ConsumeD": [],
    "Score": [],
    "Recommend": [
      [
        0,
        80,
        65
      ],
      [
        26,
        80,
        85
      ],
      [
        40,
        68,
        81
      ],
      [
        93,
        64,
        78
      ],
      [
        135,
        53,
        73
      ],
      [
        188,
        60,
        75
      ],
      [
        222,
        66,
        73
      ],
      [
        265,
        67,
        76
      ],
      [
        331,
        39,
        85
      ],
      [
        0,
        0,
        85
      ],
      [
        0,
        0,
        10
      ]
    ],
    "DefaultColor": []
  },
  "121": {
    "Id": 121,
    "Type": 3,
    "Color": "",
    "Hue": [],
    "IfSaturation": 1,
    "Saturation": [
      [
        35,
        0,
        80
      ]
    ],
    "IfValue": 1,
    "Value": [
      [
        17,
        10,
        85
      ]
    ],
    "UiColor": [],
    "ConsumeH": [
      [
        10,
        1085001,
        5
      ],
      [
        40,
        1085002,
        5
      ],
      [
        70,
        1085003,
        5
      ],
      [
        150,
        1085004,
        5
      ],
      [
        190,
        1085005,
        5
      ],
      [
        250,
        1085006,
        5
      ],
      [
        315,
        1085007,
        5
      ],
      [
        361,
        1085001,
        5
      ]
    ],
    "Zone": [
      [
        25,
        65
      ],
      [
        30,
        70
      ]
    ],
    "ConsumeLow": [
      [
        1074002,
        1
      ]
    ],
    "ConsumeHigh": [
      [
        1074002,
        2
      ]
    ],
    "Unlock": [],
    "UnlockSV": [],
    "ConsumeA": [],
    "ConsumeB": [],
    "ConsumeC": [],
    "ConsumeD": [],
    "Score": [],
    "Recommend": [
      [
        0,
        80,
        65
      ],
      [
        26,
        80,
        85
      ],
      [
        40,
        68,
        81
      ],
      [
        93,
        64,
        78
      ],
      [
        135,
        53,
        73
      ],
      [
        188,
        60,
        75
      ],
      [
        222,
        66,
        73
      ],
      [
        265,
        67,
        76
      ],
      [
        331,
        39,
        85
      ],
      [
        0,
        0,
        85
      ],
      [
        0,
        0,
        10
      ]
    ],
    "DefaultColor": []
  },
  "122": {
    "Id": 122,
    "Type": 3,
    "Color": "",
    "Hue": [],
    "IfSaturation": 1,
    "Saturation": [
      [
        35,
        0,
        80
      ]
    ],
    "IfValue": 1,
    "Value": [
      [
        17,
        10,
        85
      ]
    ],
    "UiColor": [],
    "ConsumeH": [
      [
        10,
        1085001,
        5
      ],
      [
        40,
        1085002,
        5
      ],
      [
        70,
        1085003,
        5
      ],
      [
        150,
        1085004,
        5
      ],
      [
        190,
        1085005,
        5
      ],
      [
        250,
        1085006,
        5
      ],
      [
        315,
        1085007,
        5
      ],
      [
        361,
        1085001,
        5
      ]
    ],
    "Zone": [
      [
        25,
        65
      ],
      [
        30,
        70
      ]
    ],
    "ConsumeLow": [],
    "ConsumeHigh": [
      [
        1074002,
        1
      ]
    ],
    "Unlock": [],
    "UnlockSV": [],
    "ConsumeA": [],
    "ConsumeB": [],
    "ConsumeC": [],
    "ConsumeD": [],
    "Score": [],
    "Recommend": [
      [
        0,
        80,
        65
      ],
      [
        26,
        80,
        85
      ],
      [
        40,
        68,
        81
      ],
      [
        93,
        64,
        78
      ],
      [
        135,
        53,
        73
      ],
      [
        188,
        60,
        75
      ],
      [
        222,
        66,
        73
      ],
      [
        265,
        67,
        76
      ],
      [
        331,
        39,
        85
      ],
      [
        0,
        0,
        85
      ],
      [
        0,
        0,
        10
      ]
    ],
    "DefaultColor": []
  },
  "210": {
    "Id": 210,
    "Type": 3,
    "Color": "",
    "Hue": [],
    "IfSaturation": 1,
    "Saturation": [
      [
        35,
        0,
        80
      ]
    ],
    "IfValue": 1,
    "Value": [
      [
        17,
        10,
        85
      ]
    ],
    "UiColor": [],
    "ConsumeH": [],
    "Zone": [],
    "ConsumeLow": [],
    "ConsumeHigh": [],
    "Unlock": [],
    "UnlockSV": [],
    "ConsumeA": [],
    "ConsumeB": [],
    "ConsumeC": [],
    "ConsumeD": [],
    "Score": [],
    "Recommend": [],
    "DefaultColor": []
  }
}