{
  "1": {
    "Id": 1,
    "Note": "有效道具，不限制其他状态",
    "Invalid": 1,
    "TimeLimit": 0,
    "Exclusive": 0
  },
  "2": {
    "Id": 2,
    "Note": "永久非绑定道具",
    "Invalid": 1,
    "TimeLimit": 1,
    "Exclusive": 1
  },
  "3": {
    "Id": 3,
    "Note": "非时效性道具",
    "Invalid": 1,
    "TimeLimit": 1,
    "Exclusive": 0
  },
  "10": {
    "Id": 10,
    "Note": "无状态限制",
    "Invalid": 0,
    "TimeLimit": 0,
    "Exclusive": 0
  },
  "11": {
    "Id": 11,
    "Note": "仅失效道具",
    "Invalid": 2,
    "TimeLimit": 0,
    "Exclusive": 0
  }
}