{
  "0": {
    "Id": 0,
    "Lv1Probability": 100,
    "Lv2Probability": 0,
    "Lv3Probability": 0
  },
  "1": {
    "Id": 1,
    "Lv1Probability": 50,
    "Lv2Probability": 50,
    "Lv3Probability": 0
  },
  "2": {
    "Id": 2,
    "Lv1Probability": 85,
    "Lv2Probability": 15,
    "Lv3Probability": 0
  },
  "3": {
    "Id": 3,
    "Lv1Probability": 70,
    "Lv2Probability": 20,
    "Lv3Probability": 10
  },
  "4": {
    "Id": 4,
    "Lv1Probability": 0,
    "Lv2Probability": 0,
    "Lv3Probability": 0
  },
  "5": {
    "Id": 5,
    "Lv1Probability": 0,
    "Lv2Probability": 0,
    "Lv3Probability": 0
  }
}