{
  "1": {
    "Id": 1,
    "Name": "英雄本普通奖励次数",
    "TimeTableId": 203,
    "RefreshNum": 0,
    "Limit": 2,
    "MonthCardLimit": 0,
    "AccumulateLimit": 0,
    "AccumulateRefreshNum": 0
  },
  "2": {
    "Id": 2,
    "Name": "英雄本插钥匙奖励次数",
    "TimeTableId": 303,
    "RefreshNum": 0,
    "Limit": 3,
    "MonthCardLimit": 0,
    "AccumulateLimit": 0,
    "AccumulateRefreshNum": 0
  },
  "3": {
    "Id": 3,
    "Name": "英雄本插钥匙ROLL奖励次数",
    "TimeTableId": 303,
    "RefreshNum": 0,
    "Limit": 9,
    "MonthCardLimit": 0,
    "AccumulateLimit": 0,
    "AccumulateRefreshNum": 0
  },
  "4": {
    "Id": 4,
    "Name": "协会狩猎每次活动奖励次数",
    "TimeTableId": 252,
    "RefreshNum": 0,
    "Limit": 2,
    "MonthCardLimit": 0,
    "AccumulateLimit": 0,
    "AccumulateRefreshNum": 0
  },
  "5": {
    "Id": 5,
    "Name": "协会狩猎每次PVE困难奖励次数",
    "TimeTableId": 252,
    "RefreshNum": 0,
    "Limit": 2,
    "MonthCardLimit": 0,
    "AccumulateLimit": 0,
    "AccumulateRefreshNum": 0
  },
  "6": {
    "Id": 6,
    "Name": "协会狩猎每次PVE简单奖励次数",
    "TimeTableId": 252,
    "RefreshNum": 0,
    "Limit": 2,
    "MonthCardLimit": 0,
    "AccumulateLimit": 0,
    "AccumulateRefreshNum": 0
  },
  "7": {
    "Id": 7,
    "Name": "协会狩猎每次PVX奖励次数",
    "TimeTableId": 252,
    "RefreshNum": 0,
    "Limit": 2,
    "MonthCardLimit": 0,
    "AccumulateLimit": 0,
    "AccumulateRefreshNum": 0
  },
  "8": {
    "Id": 8,
    "Name": "编辑器采集物刷新配置测试",
    "TimeTableId": 12,
    "RefreshNum": 0,
    "Limit": 0,
    "MonthCardLimit": 0,
    "AccumulateLimit": 0,
    "AccumulateRefreshNum": 0
  },
  "9": {
    "Id": 9,
    "Name": "玩家每日登录累计天数",
    "TimeTableId": 10102,
    "RefreshNum": 0,
    "Limit": 0,
    "MonthCardLimit": 0,
    "AccumulateLimit": 0,
    "AccumulateRefreshNum": 0
  },
  "10": {
    "Id": 10,
    "Name": "活跃度每日刷新次数",
    "TimeTableId": 10102,
    "RefreshNum": 0,
    "Limit": 3,
    "MonthCardLimit": 0,
    "AccumulateLimit": 0,
    "AccumulateRefreshNum": 0
  },
  "11": {
    "Id": 11,
    "Name": "精英怪战利品钥匙每周刷新数量",
    "TimeTableId": 211,
    "RefreshNum": 0,
    "Limit": 2,
    "MonthCardLimit": 0,
    "AccumulateLimit": 0,
    "AccumulateRefreshNum": 0
  },
  "12": {
    "Id": 12,
    "Name": "首领怪战利品每周刷新数量",
    "TimeTableId": 212,
    "RefreshNum": 0,
    "Limit": 2,
    "MonthCardLimit": 0,
    "AccumulateLimit": 0,
    "AccumulateRefreshNum": 0
  },
  "13": {
    "Id": 13,
    "Name": "共享仓库普通道具存入",
    "TimeTableId": 401,
    "RefreshNum": 0,
    "Limit": 250,
    "MonthCardLimit": 0,
    "AccumulateLimit": 0,
    "AccumulateRefreshNum": 0
  },
  "14": {
    "Id": 14,
    "Name": "共享仓库普通道具取出",
    "TimeTableId": 401,
    "RefreshNum": 0,
    "Limit": 50,
    "MonthCardLimit": 0,
    "AccumulateLimit": 0,
    "AccumulateRefreshNum": 0
  },
  "15": {
    "Id": 15,
    "Name": "共享仓库高级道具存入",
    "TimeTableId": 402,
    "RefreshNum": 0,
    "Limit": 100,
    "MonthCardLimit": 0,
    "AccumulateLimit": 0,
    "AccumulateRefreshNum": 0
  },
  "16": {
    "Id": 16,
    "Name": "共享仓库高级道具取出",
    "TimeTableId": 402,
    "RefreshNum": 0,
    "Limit": 15,
    "MonthCardLimit": 0,
    "AccumulateLimit": 0,
    "AccumulateRefreshNum": 0
  },
  "17": {
    "Id": 17,
    "Name": "协会建设加速限制次数",
    "TimeTableId": 15,
    "RefreshNum": 0,
    "Limit": 3,
    "MonthCardLimit": 0,
    "AccumulateLimit": 0,
    "AccumulateRefreshNum": 0
  },
  "18": {
    "Id": 18,
    "Name": "协会成员添加上传协会照片限制",
    "TimeTableId": 15,
    "RefreshNum": 0,
    "Limit": 2,
    "MonthCardLimit": 0,
    "AccumulateLimit": 0,
    "AccumulateRefreshNum": 0
  },
  "19": {
    "Id": 19,
    "Name": "协会电子屏每日设置次数限制",
    "TimeTableId": 15,
    "RefreshNum": 0,
    "Limit": 3,
    "MonthCardLimit": 0,
    "AccumulateLimit": 0,
    "AccumulateRefreshNum": 0
  },
  "20": {
    "Id": 20,
    "Name": "英雄本钥匙每周重铸次数配置",
    "TimeTableId": 304,
    "RefreshNum": 0,
    "Limit": 1000,
    "MonthCardLimit": 0,
    "AccumulateLimit": 0,
    "AccumulateRefreshNum": 0
  },
  "21": {
    "Id": 21,
    "Name": "世界BOSS每日可获奖励次数",
    "TimeTableId": 222,
    "RefreshNum": 0,
    "Limit": 1,
    "MonthCardLimit": 0,
    "AccumulateLimit": 0,
    "AccumulateRefreshNum": 0
  },
  "22": {
    "Id": 22,
    "Name": "荣誉币获得限制配置",
    "TimeTableId": 17,
    "RefreshNum": 0,
    "Limit": 10000,
    "MonthCardLimit": 0,
    "AccumulateLimit": 0,
    "AccumulateRefreshNum": 0
  },
  "23": {
    "Id": 23,
    "Name": "首领怪掉落物品每日限制次数",
    "TimeTableId": 213,
    "RefreshNum": 0,
    "Limit": 50,
    "MonthCardLimit": 0,
    "AccumulateLimit": 0,
    "AccumulateRefreshNum": 0
  },
  "24": {
    "Id": 24,
    "Name": "协会战舞奖励次数",
    "TimeTableId": 303,
    "RefreshNum": 0,
    "Limit": 1,
    "MonthCardLimit": 0,
    "AccumulateLimit": 0,
    "AccumulateRefreshNum": 0
  },
  "27": {
    "Id": 27,
    "Name": "月卡界面免费小礼包",
    "TimeTableId": 10103,
    "RefreshNum": 0,
    "Limit": 1,
    "MonthCardLimit": 0,
    "AccumulateLimit": 0,
    "AccumulateRefreshNum": 0
  },
  "28": {
    "Id": 28,
    "Name": "助战刷新",
    "TimeTableId": 350,
    "RefreshNum": 0,
    "Limit": 1000,
    "MonthCardLimit": 0,
    "AccumulateLimit": 0,
    "AccumulateRefreshNum": 0
  },
  "29": {
    "Id": 29,
    "Name": "休闲活动每日首通次数",
    "TimeTableId": 100,
    "RefreshNum": 0,
    "Limit": 1,
    "MonthCardLimit": 0,
    "AccumulateLimit": 0,
    "AccumulateRefreshNum": 0
  },
  "30": {
    "Id": 30,
    "Name": "每周极限本宝藏奖励次数",
    "TimeTableId": 305,
    "RefreshNum": 0,
    "Limit": 5,
    "MonthCardLimit": 0,
    "AccumulateLimit": 0,
    "AccumulateRefreshNum": 0
  },
  "31": {
    "Id": 31,
    "Name": "家园仓库一类道具存入",
    "TimeTableId": 403,
    "RefreshNum": 0,
    "Limit": 250,
    "MonthCardLimit": 0,
    "AccumulateLimit": 0,
    "AccumulateRefreshNum": 0
  },
  "32": {
    "Id": 32,
    "Name": "家园仓库一类道具取出",
    "TimeTableId": 403,
    "RefreshNum": 0,
    "Limit": 50,
    "MonthCardLimit": 0,
    "AccumulateLimit": 0,
    "AccumulateRefreshNum": 0
  },
  "33": {
    "Id": 33,
    "Name": "家园仓库二类道具存入",
    "TimeTableId": 404,
    "RefreshNum": 0,
    "Limit": 100,
    "MonthCardLimit": 0,
    "AccumulateLimit": 0,
    "AccumulateRefreshNum": 0
  },
  "34": {
    "Id": 34,
    "Name": "家园仓库二类道具取出",
    "TimeTableId": 404,
    "RefreshNum": 0,
    "Limit": 15,
    "MonthCardLimit": 0,
    "AccumulateLimit": 0,
    "AccumulateRefreshNum": 0
  },
  "35": {
    "Id": 35,
    "Name": "友情点休闲活动刷新",
    "TimeTableId": 350,
    "RefreshNum": 0,
    "Limit": 1000,
    "MonthCardLimit": 0,
    "AccumulateLimit": 0,
    "AccumulateRefreshNum": 0
  },
  "41": {
    "Id": 41,
    "Name": "共享仓库普通道具存入",
    "TimeTableId": 403,
    "RefreshNum": 0,
    "Limit": 250,
    "MonthCardLimit": 250,
    "AccumulateLimit": 0,
    "AccumulateRefreshNum": 0
  },
  "42": {
    "Id": 42,
    "Name": "共享仓库普通道具取出",
    "TimeTableId": 403,
    "RefreshNum": 0,
    "Limit": 50,
    "MonthCardLimit": 50,
    "AccumulateLimit": 0,
    "AccumulateRefreshNum": 0
  },
  "43": {
    "Id": 43,
    "Name": "共享仓库高级道具存入",
    "TimeTableId": 404,
    "RefreshNum": 0,
    "Limit": 100,
    "MonthCardLimit": 100,
    "AccumulateLimit": 0,
    "AccumulateRefreshNum": 0
  },
  "44": {
    "Id": 44,
    "Name": "共享仓库高级道具取出",
    "TimeTableId": 404,
    "RefreshNum": 0,
    "Limit": 15,
    "MonthCardLimit": 15,
    "AccumulateLimit": 0,
    "AccumulateRefreshNum": 0
  },
  "51": {
    "Id": 51,
    "Name": "极限本普通宝藏次数",
    "TimeTableId": 306,
    "RefreshNum": 0,
    "Limit": 5,
    "MonthCardLimit": 0,
    "AccumulateLimit": 0,
    "AccumulateRefreshNum": 0
  },
  "52": {
    "Id": 52,
    "Name": "极限本困难宝藏次数",
    "TimeTableId": 306,
    "RefreshNum": 0,
    "Limit": 5,
    "MonthCardLimit": 0,
    "AccumulateLimit": 0,
    "AccumulateRefreshNum": 0
  },
  "53": {
    "Id": 53,
    "Name": "极限本大师模式低层宝藏次数",
    "TimeTableId": 306,
    "RefreshNum": 0,
    "Limit": 5,
    "MonthCardLimit": 0,
    "AccumulateLimit": 0,
    "AccumulateRefreshNum": 0
  },
  "54": {
    "Id": 54,
    "Name": "极限本大师模式高层宝藏次数",
    "TimeTableId": 306,
    "RefreshNum": 0,
    "Limit": 5,
    "MonthCardLimit": 0,
    "AccumulateLimit": 0,
    "AccumulateRefreshNum": 0
  },
  "55": {
    "Id": 55,
    "Name": "萌新在参与指定玩法类型时会获得的奖励次数上限",
    "TimeTableId": 1103,
    "RefreshNum": 0,
    "Limit": 20,
    "MonthCardLimit": 0,
    "AccumulateLimit": 0,
    "AccumulateRefreshNum": 0
  },
  "56": {
    "Id": 56,
    "Name": "普通玩家在哪些玩法类型助战萌新时会获得的奖励次数上限",
    "TimeTableId": 1103,
    "RefreshNum": 0,
    "Limit": 20,
    "MonthCardLimit": 0,
    "AccumulateLimit": 0,
    "AccumulateRefreshNum": 0
  },
  "57": {
    "Id": 57,
    "Name": "大师本单双人模式每周上限次数",
    "TimeTableId": 1103,
    "RefreshNum": 0,
    "Limit": 50,
    "MonthCardLimit": 0,
    "AccumulateLimit": 0,
    "AccumulateRefreshNum": 0
  },
  "61": {
    "Id": 61,
    "Name": "raid本初始奖励次数-简单1",
    "TimeTableId": 271,
    "RefreshNum": 0,
    "Limit": 1,
    "MonthCardLimit": 0,
    "AccumulateLimit": 0,
    "AccumulateRefreshNum": 0
  },
  "201": {
    "Id": 201,
    "Name": "环城载具赛",
    "TimeTableId": 100,
    "RefreshNum": 0,
    "Limit": 1,
    "MonthCardLimit": 0,
    "AccumulateLimit": 0,
    "AccumulateRefreshNum": 0
  },
  "62": {
    "Id": 62,
    "Name": "raid本初始奖励次数-简单2",
    "TimeTableId": 271,
    "RefreshNum": 0,
    "Limit": 1,
    "MonthCardLimit": 0,
    "AccumulateLimit": 0,
    "AccumulateRefreshNum": 0
  },
  "202": {
    "Id": 202,
    "Name": "废都障碍赛",
    "TimeTableId": 100,
    "RefreshNum": 0,
    "Limit": 1,
    "MonthCardLimit": 0,
    "AccumulateLimit": 0,
    "AccumulateRefreshNum": 0
  },
  "63": {
    "Id": 63,
    "Name": "raid本初始奖励次数-简单3",
    "TimeTableId": 271,
    "RefreshNum": 0,
    "Limit": 1,
    "MonthCardLimit": 0,
    "AccumulateLimit": 0,
    "AccumulateRefreshNum": 0
  },
  "203": {
    "Id": 203,
    "Name": "合作高空取物",
    "TimeTableId": 100,
    "RefreshNum": 0,
    "Limit": 1,
    "MonthCardLimit": 0,
    "AccumulateLimit": 0,
    "AccumulateRefreshNum": 0
  },
  "64": {
    "Id": 64,
    "Name": "raid本初始奖励次数-困难1",
    "TimeTableId": 271,
    "RefreshNum": 0,
    "Limit": 1,
    "MonthCardLimit": 0,
    "AccumulateLimit": 0,
    "AccumulateRefreshNum": 0
  },
  "204": {
    "Id": 204,
    "Name": "维尔古城巡逻",
    "TimeTableId": 100,
    "RefreshNum": 0,
    "Limit": 1,
    "MonthCardLimit": 0,
    "AccumulateLimit": 0,
    "AccumulateRefreshNum": 0
  },
  "65": {
    "Id": 65,
    "Name": "raid本初始奖励次数-困难2",
    "TimeTableId": 271,
    "RefreshNum": 0,
    "Limit": 1,
    "MonthCardLimit": 0,
    "AccumulateLimit": 0,
    "AccumulateRefreshNum": 0
  },
  "205": {
    "Id": 205,
    "Name": "山贼营地巡逻",
    "TimeTableId": 100,
    "RefreshNum": 0,
    "Limit": 1,
    "MonthCardLimit": 0,
    "AccumulateLimit": 0,
    "AccumulateRefreshNum": 0
  },
  "66": {
    "Id": 66,
    "Name": "raid本初始奖励次数-困难3",
    "TimeTableId": 271,
    "RefreshNum": 0,
    "Limit": 1,
    "MonthCardLimit": 0,
    "AccumulateLimit": 0,
    "AccumulateRefreshNum": 0
  },
  "206": {
    "Id": 206,
    "Name": "姆克营地巡逻",
    "TimeTableId": 100,
    "RefreshNum": 0,
    "Limit": 1,
    "MonthCardLimit": 0,
    "AccumulateLimit": 0,
    "AccumulateRefreshNum": 0
  },
  "67": {
    "Id": 67,
    "Name": "raid本噩梦模式开启后的奖励次数-简单1",
    "TimeTableId": 272,
    "RefreshNum": 0,
    "Limit": 2,
    "MonthCardLimit": 0,
    "AccumulateLimit": 0,
    "AccumulateRefreshNum": 0
  },
  "207": {
    "Id": 207,
    "Name": "舞蹈练习生",
    "TimeTableId": 100,
    "RefreshNum": 0,
    "Limit": 1,
    "MonthCardLimit": 0,
    "AccumulateLimit": 0,
    "AccumulateRefreshNum": 0
  },
  "68": {
    "Id": 68,
    "Name": "raid本噩梦模式开启后的奖励次数-简单2",
    "TimeTableId": 272,
    "RefreshNum": 0,
    "Limit": 2,
    "MonthCardLimit": 0,
    "AccumulateLimit": 0,
    "AccumulateRefreshNum": 0
  },
  "208": {
    "Id": 208,
    "Name": "路演小剧场",
    "TimeTableId": 100,
    "RefreshNum": 0,
    "Limit": 1,
    "MonthCardLimit": 0,
    "AccumulateLimit": 0,
    "AccumulateRefreshNum": 0
  },
  "69": {
    "Id": 69,
    "Name": "raid本噩梦模式开启后的奖励次数-简单3",
    "TimeTableId": 272,
    "RefreshNum": 0,
    "Limit": 2,
    "MonthCardLimit": 0,
    "AccumulateLimit": 0,
    "AccumulateRefreshNum": 0
  },
  "209": {
    "Id": 209,
    "Name": "魅力鱼获巡游",
    "TimeTableId": 100,
    "RefreshNum": 0,
    "Limit": 1,
    "MonthCardLimit": 0,
    "AccumulateLimit": 0,
    "AccumulateRefreshNum": 0
  },
  "70": {
    "Id": 70,
    "Name": "raid本噩梦模式开启后的奖励次数-困难1",
    "TimeTableId": 272,
    "RefreshNum": 0,
    "Limit": 2,
    "MonthCardLimit": 0,
    "AccumulateLimit": 0,
    "AccumulateRefreshNum": 0
  },
  "210": {
    "Id": 210,
    "Name": "小猪骑士巡游",
    "TimeTableId": 100,
    "RefreshNum": 0,
    "Limit": 1,
    "MonthCardLimit": 0,
    "AccumulateLimit": 0,
    "AccumulateRefreshNum": 0
  },
  "71": {
    "Id": 71,
    "Name": "raid本噩梦模式开启后的奖励次数-困难2",
    "TimeTableId": 272,
    "RefreshNum": 0,
    "Limit": 2,
    "MonthCardLimit": 0,
    "AccumulateLimit": 0,
    "AccumulateRefreshNum": 0
  },
  "401": {
    "Id": 401,
    "Name": "星光花火夜",
    "TimeTableId": 100,
    "RefreshNum": 0,
    "Limit": 1,
    "MonthCardLimit": 0,
    "AccumulateLimit": 0,
    "AccumulateRefreshNum": 0
  },
  "72": {
    "Id": 72,
    "Name": "raid本噩梦模式开启后的奖励次数-困难3",
    "TimeTableId": 272,
    "RefreshNum": 0,
    "Limit": 2,
    "MonthCardLimit": 0,
    "AccumulateLimit": 0,
    "AccumulateRefreshNum": 0
  },
  "402": {
    "Id": 402,
    "Name": "星光花火夜",
    "TimeTableId": 100,
    "RefreshNum": 0,
    "Limit": 1,
    "MonthCardLimit": 0,
    "AccumulateLimit": 0,
    "AccumulateRefreshNum": 0
  },
  "73": {
    "Id": 73,
    "Name": "raid本噩梦模式开启后的奖励次数-噩梦1",
    "TimeTableId": 272,
    "RefreshNum": 0,
    "Limit": 1,
    "MonthCardLimit": 0,
    "AccumulateLimit": 0,
    "AccumulateRefreshNum": 0
  },
  "74": {
    "Id": 74,
    "Name": "raid本噩梦模式开启后的奖励次数-噩梦2",
    "TimeTableId": 272,
    "RefreshNum": 0,
    "Limit": 1,
    "MonthCardLimit": 0,
    "AccumulateLimit": 0,
    "AccumulateRefreshNum": 0
  },
  "75": {
    "Id": 75,
    "Name": "raid本噩梦模式开启后的奖励次数-噩梦3",
    "TimeTableId": 272,
    "RefreshNum": 0,
    "Limit": 1,
    "MonthCardLimit": 0,
    "AccumulateLimit": 0,
    "AccumulateRefreshNum": 0
  },
  "501": {
    "Id": 501,
    "Name": "限时技能重置返还进阶之书任选箱的次数（timeID变了，次数会被刷新）",
    "TimeTableId": 100010,
    "RefreshNum": 0,
    "Limit": 1,
    "MonthCardLimit": 0,
    "AccumulateLimit": 0,
    "AccumulateRefreshNum": 0
  },
  "1001": {
    "Id": 1001,
    "Name": "1赛季专精点上限",
    "TimeTableId": 10101,
    "RefreshNum": 0,
    "Limit": 158,
    "MonthCardLimit": 0,
    "AccumulateLimit": 0,
    "AccumulateRefreshNum": 0
  },
  "1002": {
    "Id": 1002,
    "Name": "2赛季专精点上限",
    "TimeTableId": 10201,
    "RefreshNum": 0,
    "Limit": 270,
    "MonthCardLimit": 0,
    "AccumulateLimit": 0,
    "AccumulateRefreshNum": 0
  },
  "1040078": {
    "Id": 1040078,
    "Name": "海神纯金礼盒周限制",
    "TimeTableId": 290,
    "RefreshNum": 0,
    "Limit": 100,
    "MonthCardLimit": 0,
    "AccumulateLimit": 20,
    "AccumulateRefreshNum": 20
  },
  "1040079": {
    "Id": 1040079,
    "Name": "御座纯金礼盒周限制",
    "TimeTableId": 290,
    "RefreshNum": 0,
    "Limit": 240,
    "MonthCardLimit": 0,
    "AccumulateLimit": 20,
    "AccumulateRefreshNum": 20
  }
}