{
  "11011": {
    "PackID": 11011,
    "PackType": 1,
    "PackContent": [
      [
        10003,
        1,
        1
      ]
    ],
    "GroupRates": [
      0.5
    ],
    "GroupWeight": []
  },
  "11012": {
    "PackID": 11012,
    "PackType": 1,
    "PackContent": [
      [
        10001,
        1,
        1
      ],
      [
        10002,
        2,
        2
      ]
    ],
    "GroupRates": [],
    "GroupWeight": [
      10,
      10
    ]
  },
  "112601": {
    "PackID": 112601,
    "PackType": 1,
    "PackContent": [
      [
        2116,
        1,
        1
      ]
    ],
    "GroupRates": [
      1.0
    ],
    "GroupWeight": []
  },
  "521201": {
    "PackID": 521201,
    "PackType": 1,
    "PackContent": [
      [
        5212,
        1,
        1
      ]
    ],
    "GroupRates": [
      1.0
    ],
    "GroupWeight": []
  },
  "530301": {
    "PackID": 530301,
    "PackType": 1,
    "PackContent": [
      [
        530301,
        1,
        1
      ]
    ],
    "GroupRates": [
      1.0
    ],
    "GroupWeight": []
  },
  "530302": {
    "PackID": 530302,
    "PackType": 1,
    "PackContent": [
      [
        530302,
        3,
        3
      ]
    ],
    "GroupRates": [
      1.0
    ],
    "GroupWeight": []
  },
  "1205001": {
    "PackID": 1205001,
    "PackType": 1,
    "PackContent": [
      [
        1205001,
        1,
        1
      ]
    ],
    "GroupRates": [
      1.0
    ],
    "GroupWeight": []
  },
  "1205002": {
    "PackID": 1205002,
    "PackType": 1,
    "PackContent": [
      [
        1205002,
        1,
        1
      ]
    ],
    "GroupRates": [
      1.0
    ],
    "GroupWeight": []
  },
  "1205003": {
    "PackID": 1205003,
    "PackType": 1,
    "PackContent": [
      [
        1205003,
        1,
        1
      ]
    ],
    "GroupRates": [
      1.0
    ],
    "GroupWeight": []
  },
  "7050001": {
    "PackID": 7050001,
    "PackType": 1,
    "PackContent": [
      [
        1001,
        1,
        1
      ]
    ],
    "GroupRates": [
      1.0
    ],
    "GroupWeight": []
  },
  "7050002": {
    "PackID": 7050002,
    "PackType": 1,
    "PackContent": [
      [
        1002,
        1,
        1
      ]
    ],
    "GroupRates": [
      1.0
    ],
    "GroupWeight": []
  },
  "7050003": {
    "PackID": 7050003,
    "PackType": 1,
    "PackContent": [
      [
        1003,
        1,
        1
      ]
    ],
    "GroupRates": [
      1.0
    ],
    "GroupWeight": []
  },
  "7050004": {
    "PackID": 7050004,
    "PackType": 1,
    "PackContent": [
      [
        1004,
        1,
        1
      ]
    ],
    "GroupRates": [
      1.0
    ],
    "GroupWeight": []
  },
  "7050005": {
    "PackID": 7050005,
    "PackType": 1,
    "PackContent": [
      [
        1005,
        1,
        1
      ]
    ],
    "GroupRates": [
      1.0
    ],
    "GroupWeight": []
  },
  "7050006": {
    "PackID": 7050006,
    "PackType": 1,
    "PackContent": [
      [
        1006,
        1,
        1
      ]
    ],
    "GroupRates": [
      1.0
    ],
    "GroupWeight": []
  },
  "7050007": {
    "PackID": 7050007,
    "PackType": 1,
    "PackContent": [
      [
        1007,
        1,
        1
      ]
    ],
    "GroupRates": [
      1.0
    ],
    "GroupWeight": []
  },
  "7050008": {
    "PackID": 7050008,
    "PackType": 1,
    "PackContent": [
      [
        1008,
        1,
        1
      ]
    ],
    "GroupRates": [
      1.0
    ],
    "GroupWeight": []
  },
  "7050009": {
    "PackID": 7050009,
    "PackType": 1,
    "PackContent": [
      [
        1009,
        1,
        1
      ]
    ],
    "GroupRates": [
      1.0
    ],
    "GroupWeight": []
  },
  "7050010": {
    "PackID": 7050010,
    "PackType": 1,
    "PackContent": [
      [
        1010,
        1,
        1
      ]
    ],
    "GroupRates": [
      1.0
    ],
    "GroupWeight": []
  },
  "7050011": {
    "PackID": 7050011,
    "PackType": 1,
    "PackContent": [
      [
        1011,
        1,
        1
      ]
    ],
    "GroupRates": [
      1.0
    ],
    "GroupWeight": []
  },
  "7050012": {
    "PackID": 7050012,
    "PackType": 1,
    "PackContent": [
      [
        1012,
        1,
        1
      ]
    ],
    "GroupRates": [
      1.0
    ],
    "GroupWeight": []
  },
  "7050013": {
    "PackID": 7050013,
    "PackType": 1,
    "PackContent": [
      [
        1013,
        1,
        1
      ]
    ],
    "GroupRates": [
      1.0
    ],
    "GroupWeight": []
  },
  "7050014": {
    "PackID": 7050014,
    "PackType": 1,
    "PackContent": [
      [
        1014,
        1,
        1
      ]
    ],
    "GroupRates": [
      1.0
    ],
    "GroupWeight": []
  },
  "7050015": {
    "PackID": 7050015,
    "PackType": 1,
    "PackContent": [
      [
        1014,
        1,
        1
      ],
      [
        1014,
        1,
        1
      ],
      [
        1014,
        1,
        1
      ],
      [
        1014,
        1,
        1
      ]
    ],
    "GroupRates": [
      1.0,
      1.0,
      1.0,
      1.0
    ],
    "GroupWeight": []
  },
  "7055001": {
    "PackID": 7055001,
    "PackType": 1,
    "PackContent": [
      [
        1017,
        1,
        1
      ]
    ],
    "GroupRates": [
      0.3
    ],
    "GroupWeight": []
  },
  "7055002": {
    "PackID": 7055002,
    "PackType": 1,
    "PackContent": [
      [
        1017,
        2,
        2
      ]
    ],
    "GroupRates": [
      0.6
    ],
    "GroupWeight": []
  },
  "7065001": {
    "PackID": 7065001,
    "PackType": 1,
    "PackContent": [
      [
        1016,
        1,
        1
      ]
    ],
    "GroupRates": [
      0.15
    ],
    "GroupWeight": []
  },
  "7065002": {
    "PackID": 7065002,
    "PackType": 1,
    "PackContent": [
      [
        1016,
        1,
        1
      ]
    ],
    "GroupRates": [
      0.6
    ],
    "GroupWeight": []
  },
  "7090001": {
    "PackID": 7090001,
    "PackType": 1,
    "PackContent": [
      [
        709001,
        1,
        1
      ],
      [
        709002,
        1,
        1
      ]
    ],
    "GroupRates": [],
    "GroupWeight": [
      1,
      1
    ]
  },
  "7090002": {
    "PackID": 7090002,
    "PackType": 1,
    "PackContent": [
      [
        709002,
        2,
        2
      ],
      [
        709003,
        1,
        2
      ]
    ],
    "GroupRates": [],
    "GroupWeight": [
      1,
      1
    ]
  },
  "8002001": {
    "PackID": 8002001,
    "PackType": 1,
    "PackContent": [
      [
        800201,
        2,
        2
      ]
    ],
    "GroupRates": [
      1.0
    ],
    "GroupWeight": []
  }
}