{
  "1": {
    "Id": 1,
    "DecomposeId": 1000,
    "RecastNum": [],
    "DecomposeAwardPackID": 20001050,
    "RecastAddAwardPackID": 0,
    "EnchantAddAwardPackID": []
  },
  "2": {
    "Id": 2,
    "DecomposeId": 1001,
    "RecastNum": [],
    "DecomposeAwardPackID": 20001060,
    "RecastAddAwardPackID": 0,
    "EnchantAddAwardPackID": []
  },
  "3": {
    "Id": 3,
    "DecomposeId": 2000,
    "RecastNum": [],
    "DecomposeAwardPackID": 20001070,
    "RecastAddAwardPackID": 0,
    "EnchantAddAwardPackID": []
  },
  "4": {
    "Id": 4,
    "DecomposeId": 2001,
    "RecastNum": [],
    "DecomposeAwardPackID": 20001080,
    "RecastAddAwardPackID": 0,
    "EnchantAddAwardPackID": []
  },
  "5": {
    "Id": 5,
    "DecomposeId": 3000,
    "RecastNum": [],
    "DecomposeAwardPackID": 20000210,
    "RecastAddAwardPackID": 20000220,
    "EnchantAddAwardPackID": [
      [
        1,
        3,
        20002010
      ],
      [
        4,
        99,
        20002020
      ]
    ]
  },
  "11": {
    "Id": 11,
    "DecomposeId": 3001,
    "RecastNum": [],
    "DecomposeAwardPackID": 20000230,
    "RecastAddAwardPackID": 20000240,
    "EnchantAddAwardPackID": [
      [
        1,
        3,
        20002010
      ],
      [
        4,
        99,
        20002020
      ]
    ]
  },
  "17": {
    "Id": 17,
    "DecomposeId": 3002,
    "RecastNum": [],
    "DecomposeAwardPackID": 20000250,
    "RecastAddAwardPackID": 20000260,
    "EnchantAddAwardPackID": [
      [
        1,
        3,
        20002010
      ],
      [
        4,
        99,
        20002020
      ]
    ]
  },
  "28": {
    "Id": 28,
    "DecomposeId": 3003,
    "RecastNum": [],
    "DecomposeAwardPackID": 20000270,
    "RecastAddAwardPackID": 20000280,
    "EnchantAddAwardPackID": [
      [
        1,
        3,
        20002010
      ],
      [
        4,
        99,
        20002020
      ]
    ]
  },
  "39": {
    "Id": 39,
    "DecomposeId": 3004,
    "RecastNum": [],
    "DecomposeAwardPackID": 20000290,
    "RecastAddAwardPackID": 20000300,
    "EnchantAddAwardPackID": [
      [
        1,
        3,
        20002010
      ],
      [
        4,
        99,
        20002020
      ]
    ]
  },
  "55": {
    "Id": 55,
    "DecomposeId": 3005,
    "RecastNum": [],
    "DecomposeAwardPackID": 20000310,
    "RecastAddAwardPackID": 20000320,
    "EnchantAddAwardPackID": [
      [
        1,
        3,
        20002010
      ],
      [
        4,
        99,
        20002020
      ]
    ]
  },
  "5001": {
    "Id": 5001,
    "DecomposeId": 5001,
    "RecastNum": [],
    "DecomposeAwardPackID": 20001290,
    "RecastAddAwardPackID": 0,
    "EnchantAddAwardPackID": [
      [
        1,
        3,
        20002010
      ],
      [
        4,
        99,
        20002020
      ]
    ]
  },
  "5002": {
    "Id": 5002,
    "DecomposeId": 5002,
    "RecastNum": [],
    "DecomposeAwardPackID": 20001300,
    "RecastAddAwardPackID": 0,
    "EnchantAddAwardPackID": [
      [
        1,
        3,
        20002010
      ],
      [
        4,
        99,
        20002020
      ]
    ]
  },
  "5003": {
    "Id": 5003,
    "DecomposeId": 5003,
    "RecastNum": [],
    "DecomposeAwardPackID": 20001310,
    "RecastAddAwardPackID": 0,
    "EnchantAddAwardPackID": [
      [
        1,
        3,
        20002010
      ],
      [
        4,
        99,
        20002020
      ]
    ]
  },
  "6001": {
    "Id": 6001,
    "DecomposeId": 6001,
    "RecastNum": [],
    "DecomposeAwardPackID": 20001150,
    "RecastAddAwardPackID": 20000220,
    "EnchantAddAwardPackID": [
      [
        1,
        3,
        20002010
      ],
      [
        4,
        99,
        20002020
      ]
    ]
  },
  "6002": {
    "Id": 6002,
    "DecomposeId": 6002,
    "RecastNum": [],
    "DecomposeAwardPackID": 20001160,
    "RecastAddAwardPackID": 20000240,
    "EnchantAddAwardPackID": [
      [
        1,
        3,
        20002010
      ],
      [
        4,
        99,
        20002020
      ]
    ]
  },
  "6003": {
    "Id": 6003,
    "DecomposeId": 6003,
    "RecastNum": [],
    "DecomposeAwardPackID": 20001170,
    "RecastAddAwardPackID": 20000260,
    "EnchantAddAwardPackID": [
      [
        1,
        3,
        20002010
      ],
      [
        4,
        99,
        20002020
      ]
    ]
  },
  "6004": {
    "Id": 6004,
    "DecomposeId": 6004,
    "RecastNum": [],
    "DecomposeAwardPackID": 20001180,
    "RecastAddAwardPackID": 20000280,
    "EnchantAddAwardPackID": [
      [
        1,
        3,
        20002010
      ],
      [
        4,
        99,
        20002020
      ]
    ]
  },
  "6005": {
    "Id": 6005,
    "DecomposeId": 6005,
    "RecastNum": [],
    "DecomposeAwardPackID": 20001190,
    "RecastAddAwardPackID": 20000300,
    "EnchantAddAwardPackID": [
      [
        1,
        3,
        20002010
      ],
      [
        4,
        99,
        20002020
      ]
    ]
  },
  "6006": {
    "Id": 6006,
    "DecomposeId": 6006,
    "RecastNum": [],
    "DecomposeAwardPackID": 20001200,
    "RecastAddAwardPackID": 20000320,
    "EnchantAddAwardPackID": [
      [
        1,
        3,
        20002010
      ],
      [
        4,
        99,
        20002020
      ]
    ]
  },
  "7001": {
    "Id": 7001,
    "DecomposeId": 7001,
    "RecastNum": [],
    "DecomposeAwardPackID": 20001210,
    "RecastAddAwardPackID": 20000220,
    "EnchantAddAwardPackID": [
      [
        1,
        3,
        20002010
      ],
      [
        4,
        99,
        20002020
      ]
    ]
  },
  "7002": {
    "Id": 7002,
    "DecomposeId": 7002,
    "RecastNum": [],
    "DecomposeAwardPackID": 20001220,
    "RecastAddAwardPackID": 20000240,
    "EnchantAddAwardPackID": [
      [
        1,
        3,
        20002010
      ],
      [
        4,
        99,
        20002020
      ]
    ]
  },
  "7003": {
    "Id": 7003,
    "DecomposeId": 7003,
    "RecastNum": [],
    "DecomposeAwardPackID": 20001230,
    "RecastAddAwardPackID": 20000260,
    "EnchantAddAwardPackID": [
      [
        1,
        3,
        20002010
      ],
      [
        4,
        99,
        20002020
      ]
    ]
  },
  "7004": {
    "Id": 7004,
    "DecomposeId": 7004,
    "RecastNum": [],
    "DecomposeAwardPackID": 20001240,
    "RecastAddAwardPackID": 20000280,
    "EnchantAddAwardPackID": [
      [
        1,
        3,
        20002010
      ],
      [
        4,
        99,
        20002020
      ]
    ]
  },
  "7005": {
    "Id": 7005,
    "DecomposeId": 7005,
    "RecastNum": [],
    "DecomposeAwardPackID": 20001250,
    "RecastAddAwardPackID": 20000300,
    "EnchantAddAwardPackID": [
      [
        1,
        3,
        20002010
      ],
      [
        4,
        99,
        20002020
      ]
    ]
  },
  "7006": {
    "Id": 7006,
    "DecomposeId": 7006,
    "RecastNum": [],
    "DecomposeAwardPackID": 20001260,
    "RecastAddAwardPackID": 20000320,
    "EnchantAddAwardPackID": [
      [
        1,
        3,
        20002010
      ],
      [
        4,
        99,
        20002020
      ]
    ]
  },
  "8001": {
    "Id": 8001,
    "DecomposeId": 8001,
    "RecastNum": [],
    "DecomposeAwardPackID": 20001270,
    "RecastAddAwardPackID": 20000260,
    "EnchantAddAwardPackID": [
      [
        1,
        3,
        20002010
      ],
      [
        4,
        99,
        20002020
      ]
    ]
  },
  "9001": {
    "Id": 9001,
    "DecomposeId": 9001,
    "RecastNum": [],
    "DecomposeAwardPackID": 20001280,
    "RecastAddAwardPackID": 20000300,
    "EnchantAddAwardPackID": [
      [
        1,
        3,
        20002010
      ],
      [
        4,
        99,
        20002020
      ]
    ]
  }
}