{
  "2000101": {
    "Id": 2000101,
    "Name": "天罚神雷（物理）",
    "ProfessionId": 1,
    "WeaponSkinId": 7310002
  },
  "2000102": {
    "Id": 2000102,
    "Name": "冰之玉响（魔法）",
    "ProfessionId": 2,
    "WeaponSkinId": 7320002
  },
  "2000103": {
    "Id": 2000103,
    "Name": "涤罪恶火（物理）",
    "ProfessionId": 3,
    "WeaponSkinId": 7330001
  },
  "2000104": {
    "Id": 2000104,
    "Name": "正义之风（物理）",
    "ProfessionId": 4,
    "WeaponSkinId": 7340002
  },
  "2000105": {
    "Id": 2000105,
    "Name": "命理之森（魔法）",
    "ProfessionId": 5,
    "WeaponSkinId": 7350002
  },
  "2000106": {
    "Id": 2000106,
    "Name": "雷霆一闪（物理）",
    "ProfessionId": 8,
    "WeaponSkinId": 7360001
  },
  "2000107": {
    "Id": 2000107,
    "Name": "砂岩守御（物理）",
    "ProfessionId": 9,
    "WeaponSkinId": 7370002
  },
  "2000108": {
    "Id": 2000108,
    "Name": "暗灵祈舞（物理）",
    "ProfessionId": 10,
    "WeaponSkinId": 7380001
  },
  "2000109": {
    "Id": 2000109,
    "Name": "金玉长弓（物理）",
    "ProfessionId": 11,
    "WeaponSkinId": 7390002
  },
  "2000110": {
    "Id": 2000110,
    "Name": "光灼银辉（物理）",
    "ProfessionId": 12,
    "WeaponSkinId": 7400002
  },
  "2000111": {
    "Id": 2000111,
    "Name": "吉他",
    "ProfessionId": 13,
    "WeaponSkinId": 7410002
  },
  "2000191": {
    "Id": 2000191,
    "Name": "小专武测试",
    "ProfessionId": 1,
    "WeaponSkinId": 7310002
  },
  "2000192": {
    "Id": 2000192,
    "Name": "大专武测试",
    "ProfessionId": 1,
    "WeaponSkinId": 7310006
  },
  "2000201": {
    "Id": 2000201,
    "Name": "天罚神雷（物理）",
    "ProfessionId": 1,
    "WeaponSkinId": 7310002
  },
  "2000202": {
    "Id": 2000202,
    "Name": "冰之玉响（魔法）",
    "ProfessionId": 2,
    "WeaponSkinId": 7320002
  },
  "2000203": {
    "Id": 2000203,
    "Name": "正义之风（物理）",
    "ProfessionId": 4,
    "WeaponSkinId": 7340002
  },
  "2000204": {
    "Id": 2000204,
    "Name": "命理之森（魔法）",
    "ProfessionId": 5,
    "WeaponSkinId": 7350002
  },
  "2000205": {
    "Id": 2000205,
    "Name": "砂岩守御（物理）",
    "ProfessionId": 9,
    "WeaponSkinId": 7370002
  },
  "2000206": {
    "Id": 2000206,
    "Name": "金玉长弓（物理）",
    "ProfessionId": 11,
    "WeaponSkinId": 7390002
  },
  "2000207": {
    "Id": 2000207,
    "Name": "光灼银辉（物理）",
    "ProfessionId": 12,
    "WeaponSkinId": 7400002
  },
  "2000208": {
    "Id": 2000208,
    "Name": "吉他",
    "ProfessionId": 13,
    "WeaponSkinId": 7410002
  },
  "2000301": {
    "Id": 2000301,
    "Name": "天罚神雷（物理）",
    "ProfessionId": 1,
    "WeaponSkinId": 7310002
  },
  "2000302": {
    "Id": 2000302,
    "Name": "冰之玉响（魔法）",
    "ProfessionId": 2,
    "WeaponSkinId": 7320002
  },
  "2000303": {
    "Id": 2000303,
    "Name": "正义之风（物理）",
    "ProfessionId": 4,
    "WeaponSkinId": 7340002
  },
  "2000304": {
    "Id": 2000304,
    "Name": "命理之森（魔法）",
    "ProfessionId": 5,
    "WeaponSkinId": 7350002
  },
  "2000305": {
    "Id": 2000305,
    "Name": "砂岩守御（物理）",
    "ProfessionId": 9,
    "WeaponSkinId": 7370002
  },
  "2000306": {
    "Id": 2000306,
    "Name": "金玉长弓（物理）",
    "ProfessionId": 11,
    "WeaponSkinId": 7390002
  },
  "2000307": {
    "Id": 2000307,
    "Name": "光灼银辉（物理）",
    "ProfessionId": 12,
    "WeaponSkinId": 7400002
  },
  "2000308": {
    "Id": 2000308,
    "Name": "天罚神雷（物理）·极",
    "ProfessionId": 1,
    "WeaponSkinId": 7310002
  },
  "2000309": {
    "Id": 2000309,
    "Name": "天罚神雷（物理）·极",
    "ProfessionId": 1,
    "WeaponSkinId": 7310002
  },
  "2000310": {
    "Id": 2000310,
    "Name": "天罚神雷（物理）·极",
    "ProfessionId": 1,
    "WeaponSkinId": 7310002
  },
  "2000311": {
    "Id": 2000311,
    "Name": "天罚神雷（物理）·极",
    "ProfessionId": 1,
    "WeaponSkinId": 7310002
  },
  "2000312": {
    "Id": 2000312,
    "Name": "冰之玉响（魔法）·极",
    "ProfessionId": 2,
    "WeaponSkinId": 7320002
  },
  "2000313": {
    "Id": 2000313,
    "Name": "冰之玉响（魔法）·极",
    "ProfessionId": 2,
    "WeaponSkinId": 7320002
  },
  "2000314": {
    "Id": 2000314,
    "Name": "冰之玉响（魔法）·极",
    "ProfessionId": 2,
    "WeaponSkinId": 7320002
  },
  "2000315": {
    "Id": 2000315,
    "Name": "冰之玉响（魔法）·极",
    "ProfessionId": 2,
    "WeaponSkinId": 7320002
  },
  "2000316": {
    "Id": 2000316,
    "Name": "正义之风（物理）·极",
    "ProfessionId": 4,
    "WeaponSkinId": 7340002
  },
  "2000317": {
    "Id": 2000317,
    "Name": "正义之风（物理）·极",
    "ProfessionId": 4,
    "WeaponSkinId": 7340002
  },
  "2000318": {
    "Id": 2000318,
    "Name": "正义之风（物理）·极",
    "ProfessionId": 4,
    "WeaponSkinId": 7340002
  },
  "2000319": {
    "Id": 2000319,
    "Name": "正义之风（物理）·极",
    "ProfessionId": 4,
    "WeaponSkinId": 7340002
  },
  "2000320": {
    "Id": 2000320,
    "Name": "命理之森（魔法）·极",
    "ProfessionId": 5,
    "WeaponSkinId": 7350002
  },
  "2000321": {
    "Id": 2000321,
    "Name": "命理之森（魔法）·极",
    "ProfessionId": 5,
    "WeaponSkinId": 7350002
  },
  "2000322": {
    "Id": 2000322,
    "Name": "命理之森（魔法）·极",
    "ProfessionId": 5,
    "WeaponSkinId": 7350002
  },
  "2000323": {
    "Id": 2000323,
    "Name": "命理之森（魔法）·极",
    "ProfessionId": 5,
    "WeaponSkinId": 7350002
  },
  "2000324": {
    "Id": 2000324,
    "Name": "砂岩守御（物理）·极",
    "ProfessionId": 9,
    "WeaponSkinId": 7370002
  },
  "2000325": {
    "Id": 2000325,
    "Name": "砂岩守御（物理）·极",
    "ProfessionId": 9,
    "WeaponSkinId": 7370002
  },
  "2000326": {
    "Id": 2000326,
    "Name": "砂岩守御（物理）·极",
    "ProfessionId": 9,
    "WeaponSkinId": 7370002
  },
  "2000327": {
    "Id": 2000327,
    "Name": "砂岩守御（物理）·极",
    "ProfessionId": 9,
    "WeaponSkinId": 7370002
  },
  "2000328": {
    "Id": 2000328,
    "Name": "金玉长弓（物理）·极",
    "ProfessionId": 11,
    "WeaponSkinId": 7390002
  },
  "2000329": {
    "Id": 2000329,
    "Name": "金玉长弓（物理）·极",
    "ProfessionId": 11,
    "WeaponSkinId": 7390002
  },
  "2000330": {
    "Id": 2000330,
    "Name": "金玉长弓（物理）·极",
    "ProfessionId": 11,
    "WeaponSkinId": 7390002
  },
  "2000331": {
    "Id": 2000331,
    "Name": "金玉长弓（物理）·极",
    "ProfessionId": 11,
    "WeaponSkinId": 7390002
  },
  "2000332": {
    "Id": 2000332,
    "Name": "光灼银辉（物理）·极",
    "ProfessionId": 12,
    "WeaponSkinId": 7400002
  },
  "2000333": {
    "Id": 2000333,
    "Name": "光灼银辉（物理）·极",
    "ProfessionId": 12,
    "WeaponSkinId": 7400002
  },
  "2000334": {
    "Id": 2000334,
    "Name": "光灼银辉（物理）·极",
    "ProfessionId": 12,
    "WeaponSkinId": 7400002
  },
  "2000335": {
    "Id": 2000335,
    "Name": "光灼银辉（物理）·极",
    "ProfessionId": 12,
    "WeaponSkinId": 7400002
  },
  "2000401": {
    "Id": 2000401,
    "Name": "天罚神雷（物理）",
    "ProfessionId": 1,
    "WeaponSkinId": 7310002
  },
  "2000402": {
    "Id": 2000402,
    "Name": "天罚神雷（物理）",
    "ProfessionId": 1,
    "WeaponSkinId": 7310002
  },
  "2000403": {
    "Id": 2000403,
    "Name": "天罚神雷（物理）",
    "ProfessionId": 1,
    "WeaponSkinId": 7310002
  },
  "2000404": {
    "Id": 2000404,
    "Name": "天罚神雷（物理）",
    "ProfessionId": 1,
    "WeaponSkinId": 7310002
  },
  "2000405": {
    "Id": 2000405,
    "Name": "天罚神雷（物理）",
    "ProfessionId": 1,
    "WeaponSkinId": 7310002
  },
  "2000406": {
    "Id": 2000406,
    "Name": "冰之玉响（魔法）",
    "ProfessionId": 2,
    "WeaponSkinId": 7320002
  },
  "2000407": {
    "Id": 2000407,
    "Name": "冰之玉响（魔法）",
    "ProfessionId": 2,
    "WeaponSkinId": 7320002
  },
  "2000408": {
    "Id": 2000408,
    "Name": "冰之玉响（魔法）",
    "ProfessionId": 2,
    "WeaponSkinId": 7320002
  },
  "2000409": {
    "Id": 2000409,
    "Name": "冰之玉响（魔法）",
    "ProfessionId": 2,
    "WeaponSkinId": 7320002
  },
  "2000410": {
    "Id": 2000410,
    "Name": "冰之玉响（魔法）",
    "ProfessionId": 2,
    "WeaponSkinId": 7320002
  },
  "2000411": {
    "Id": 2000411,
    "Name": "正义之风（物理）",
    "ProfessionId": 4,
    "WeaponSkinId": 7340002
  },
  "2000412": {
    "Id": 2000412,
    "Name": "正义之风（物理）",
    "ProfessionId": 4,
    "WeaponSkinId": 7340002
  },
  "2000413": {
    "Id": 2000413,
    "Name": "正义之风（物理）",
    "ProfessionId": 4,
    "WeaponSkinId": 7340002
  },
  "2000414": {
    "Id": 2000414,
    "Name": "正义之风（物理）",
    "ProfessionId": 4,
    "WeaponSkinId": 7340002
  },
  "2000415": {
    "Id": 2000415,
    "Name": "正义之风（物理）",
    "ProfessionId": 4,
    "WeaponSkinId": 7340002
  },
  "2000416": {
    "Id": 2000416,
    "Name": "命理之森（魔法）",
    "ProfessionId": 5,
    "WeaponSkinId": 7350002
  },
  "2000417": {
    "Id": 2000417,
    "Name": "命理之森（魔法）",
    "ProfessionId": 5,
    "WeaponSkinId": 7350002
  },
  "2000418": {
    "Id": 2000418,
    "Name": "命理之森（魔法）",
    "ProfessionId": 5,
    "WeaponSkinId": 7350002
  },
  "2000419": {
    "Id": 2000419,
    "Name": "命理之森（魔法）",
    "ProfessionId": 5,
    "WeaponSkinId": 7350002
  },
  "2000420": {
    "Id": 2000420,
    "Name": "命理之森（魔法）",
    "ProfessionId": 5,
    "WeaponSkinId": 7350002
  },
  "2000421": {
    "Id": 2000421,
    "Name": "砂岩守御（物理）",
    "ProfessionId": 9,
    "WeaponSkinId": 7370002
  },
  "2000422": {
    "Id": 2000422,
    "Name": "砂岩守御（物理）",
    "ProfessionId": 9,
    "WeaponSkinId": 7370002
  },
  "2000423": {
    "Id": 2000423,
    "Name": "砂岩守御（物理）",
    "ProfessionId": 9,
    "WeaponSkinId": 7370002
  },
  "2000424": {
    "Id": 2000424,
    "Name": "砂岩守御（物理）",
    "ProfessionId": 9,
    "WeaponSkinId": 7370002
  },
  "2000425": {
    "Id": 2000425,
    "Name": "砂岩守御（物理）",
    "ProfessionId": 9,
    "WeaponSkinId": 7370002
  },
  "2000426": {
    "Id": 2000426,
    "Name": "金玉长弓（物理）",
    "ProfessionId": 11,
    "WeaponSkinId": 7390002
  },
  "2000427": {
    "Id": 2000427,
    "Name": "金玉长弓（物理）",
    "ProfessionId": 11,
    "WeaponSkinId": 7390002
  },
  "2000428": {
    "Id": 2000428,
    "Name": "金玉长弓（物理）",
    "ProfessionId": 11,
    "WeaponSkinId": 7390002
  },
  "2000429": {
    "Id": 2000429,
    "Name": "金玉长弓（物理）",
    "ProfessionId": 11,
    "WeaponSkinId": 7390002
  },
  "2000430": {
    "Id": 2000430,
    "Name": "金玉长弓（物理）",
    "ProfessionId": 11,
    "WeaponSkinId": 7390002
  },
  "2000431": {
    "Id": 2000431,
    "Name": "光灼银辉（物理）",
    "ProfessionId": 12,
    "WeaponSkinId": 7400002
  },
  "2000432": {
    "Id": 2000432,
    "Name": "光灼银辉（物理）",
    "ProfessionId": 12,
    "WeaponSkinId": 7400002
  },
  "2000433": {
    "Id": 2000433,
    "Name": "光灼银辉（物理）",
    "ProfessionId": 12,
    "WeaponSkinId": 7400002
  },
  "2000434": {
    "Id": 2000434,
    "Name": "光灼银辉（物理）",
    "ProfessionId": 12,
    "WeaponSkinId": 7400002
  },
  "2000435": {
    "Id": 2000435,
    "Name": "光灼银辉（物理）",
    "ProfessionId": 12,
    "WeaponSkinId": 7400002
  },
  "2000436": {
    "Id": 2000436,
    "Name": "[战火]天罚神雷（物理）",
    "ProfessionId": 1,
    "WeaponSkinId": 7310002
  },
  "2000437": {
    "Id": 2000437,
    "Name": "[战火]冰之玉响（魔法）",
    "ProfessionId": 2,
    "WeaponSkinId": 7320002
  },
  "2000438": {
    "Id": 2000438,
    "Name": "[战火]正义之风（物理）",
    "ProfessionId": 4,
    "WeaponSkinId": 7340002
  },
  "2000439": {
    "Id": 2000439,
    "Name": "[战火]命理之森（魔法）",
    "ProfessionId": 5,
    "WeaponSkinId": 7350002
  },
  "2000440": {
    "Id": 2000440,
    "Name": "[战火]砂岩守御（物理）",
    "ProfessionId": 9,
    "WeaponSkinId": 7370002
  },
  "2000441": {
    "Id": 2000441,
    "Name": "[战火]金玉长弓（物理）",
    "ProfessionId": 11,
    "WeaponSkinId": 7390002
  },
  "2000442": {
    "Id": 2000442,
    "Name": "[战火]光灼银辉（物理）",
    "ProfessionId": 12,
    "WeaponSkinId": 7400002
  },
  "2000501": {
    "Id": 2000501,
    "Name": "天罚神雷（物理）",
    "ProfessionId": 1,
    "WeaponSkinId": 7310002
  },
  "2000502": {
    "Id": 2000502,
    "Name": "天罚神雷（物理）",
    "ProfessionId": 1,
    "WeaponSkinId": 7310002
  },
  "2000503": {
    "Id": 2000503,
    "Name": "天罚神雷（物理）",
    "ProfessionId": 1,
    "WeaponSkinId": 7310002
  },
  "2000504": {
    "Id": 2000504,
    "Name": "天罚神雷（物理）",
    "ProfessionId": 1,
    "WeaponSkinId": 7310002
  },
  "2000505": {
    "Id": 2000505,
    "Name": "天罚神雷（物理）",
    "ProfessionId": 1,
    "WeaponSkinId": 7310002
  },
  "2000506": {
    "Id": 2000506,
    "Name": "冰之玉响（魔法）",
    "ProfessionId": 2,
    "WeaponSkinId": 7320002
  },
  "2000507": {
    "Id": 2000507,
    "Name": "冰之玉响（魔法）",
    "ProfessionId": 2,
    "WeaponSkinId": 7320002
  },
  "2000508": {
    "Id": 2000508,
    "Name": "冰之玉响（魔法）",
    "ProfessionId": 2,
    "WeaponSkinId": 7320002
  },
  "2000509": {
    "Id": 2000509,
    "Name": "冰之玉响（魔法）",
    "ProfessionId": 2,
    "WeaponSkinId": 7320002
  },
  "2000510": {
    "Id": 2000510,
    "Name": "冰之玉响（魔法）",
    "ProfessionId": 2,
    "WeaponSkinId": 7320002
  },
  "2000511": {
    "Id": 2000511,
    "Name": "正义之风（物理）",
    "ProfessionId": 4,
    "WeaponSkinId": 7340002
  },
  "2000512": {
    "Id": 2000512,
    "Name": "正义之风（物理）",
    "ProfessionId": 4,
    "WeaponSkinId": 7340002
  },
  "2000513": {
    "Id": 2000513,
    "Name": "正义之风（物理）",
    "ProfessionId": 4,
    "WeaponSkinId": 7340002
  },
  "2000514": {
    "Id": 2000514,
    "Name": "正义之风（物理）",
    "ProfessionId": 4,
    "WeaponSkinId": 7340002
  },
  "2000515": {
    "Id": 2000515,
    "Name": "正义之风（物理）",
    "ProfessionId": 4,
    "WeaponSkinId": 7340002
  },
  "2000516": {
    "Id": 2000516,
    "Name": "命理之森（魔法）",
    "ProfessionId": 5,
    "WeaponSkinId": 7350002
  },
  "2000517": {
    "Id": 2000517,
    "Name": "命理之森（魔法）",
    "ProfessionId": 5,
    "WeaponSkinId": 7350002
  },
  "2000518": {
    "Id": 2000518,
    "Name": "命理之森（魔法）",
    "ProfessionId": 5,
    "WeaponSkinId": 7350002
  },
  "2000519": {
    "Id": 2000519,
    "Name": "命理之森（魔法）",
    "ProfessionId": 5,
    "WeaponSkinId": 7350002
  },
  "2000520": {
    "Id": 2000520,
    "Name": "命理之森（魔法）",
    "ProfessionId": 5,
    "WeaponSkinId": 7350002
  },
  "2000521": {
    "Id": 2000521,
    "Name": "砂岩守御（物理）",
    "ProfessionId": 9,
    "WeaponSkinId": 7370002
  },
  "2000522": {
    "Id": 2000522,
    "Name": "砂岩守御（物理）",
    "ProfessionId": 9,
    "WeaponSkinId": 7370002
  },
  "2000523": {
    "Id": 2000523,
    "Name": "砂岩守御（物理）",
    "ProfessionId": 9,
    "WeaponSkinId": 7370002
  },
  "2000524": {
    "Id": 2000524,
    "Name": "砂岩守御（物理）",
    "ProfessionId": 9,
    "WeaponSkinId": 7370002
  },
  "2000525": {
    "Id": 2000525,
    "Name": "砂岩守御（物理）",
    "ProfessionId": 9,
    "WeaponSkinId": 7370002
  },
  "2000526": {
    "Id": 2000526,
    "Name": "金玉长弓（物理）",
    "ProfessionId": 11,
    "WeaponSkinId": 7390002
  },
  "2000527": {
    "Id": 2000527,
    "Name": "金玉长弓（物理）",
    "ProfessionId": 11,
    "WeaponSkinId": 7390002
  },
  "2000528": {
    "Id": 2000528,
    "Name": "金玉长弓（物理）",
    "ProfessionId": 11,
    "WeaponSkinId": 7390002
  },
  "2000529": {
    "Id": 2000529,
    "Name": "金玉长弓（物理）",
    "ProfessionId": 11,
    "WeaponSkinId": 7390002
  },
  "2000530": {
    "Id": 2000530,
    "Name": "金玉长弓（物理）",
    "ProfessionId": 11,
    "WeaponSkinId": 7390002
  },
  "2000531": {
    "Id": 2000531,
    "Name": "光灼银辉（物理）",
    "ProfessionId": 12,
    "WeaponSkinId": 7400002
  },
  "2000532": {
    "Id": 2000532,
    "Name": "光灼银辉（物理）",
    "ProfessionId": 12,
    "WeaponSkinId": 7400002
  },
  "2000533": {
    "Id": 2000533,
    "Name": "光灼银辉（物理）",
    "ProfessionId": 12,
    "WeaponSkinId": 7400002
  },
  "2000534": {
    "Id": 2000534,
    "Name": "光灼银辉（物理）",
    "ProfessionId": 12,
    "WeaponSkinId": 7400002
  },
  "2000535": {
    "Id": 2000535,
    "Name": "光灼银辉（物理）",
    "ProfessionId": 12,
    "WeaponSkinId": 7400002
  },
  "2000536": {
    "Id": 2000536,
    "Name": "[战火]天罚神雷（物理）",
    "ProfessionId": 1,
    "WeaponSkinId": 7310002
  },
  "2000537": {
    "Id": 2000537,
    "Name": "[战火]冰之玉响（魔法）",
    "ProfessionId": 2,
    "WeaponSkinId": 7320002
  },
  "2000538": {
    "Id": 2000538,
    "Name": "[战火]正义之风（物理）",
    "ProfessionId": 4,
    "WeaponSkinId": 7340002
  },
  "2000539": {
    "Id": 2000539,
    "Name": "[战火]命理之森（魔法）",
    "ProfessionId": 5,
    "WeaponSkinId": 7350002
  },
  "2000540": {
    "Id": 2000540,
    "Name": "[战火]砂岩守御（物理）",
    "ProfessionId": 9,
    "WeaponSkinId": 7370002
  },
  "2000541": {
    "Id": 2000541,
    "Name": "[战火]金玉长弓（物理）",
    "ProfessionId": 11,
    "WeaponSkinId": 7390002
  },
  "2000542": {
    "Id": 2000542,
    "Name": "[战火]光灼银辉（物理）",
    "ProfessionId": 12,
    "WeaponSkinId": 7400002
  },
  "2000343": {
    "Id": 2000343,
    "Name": "天罚神雷（物理）",
    "ProfessionId": 1,
    "WeaponSkinId": 7310002
  },
  "2000336": {
    "Id": 2000336,
    "Name": "天罚神雷（物理）",
    "ProfessionId": 1,
    "WeaponSkinId": 7310002
  },
  "2000344": {
    "Id": 2000344,
    "Name": "冰之玉响（魔法）",
    "ProfessionId": 2,
    "WeaponSkinId": 7320002
  },
  "2000337": {
    "Id": 2000337,
    "Name": "冰之玉响（魔法）",
    "ProfessionId": 2,
    "WeaponSkinId": 7320002
  },
  "2000345": {
    "Id": 2000345,
    "Name": "正义之风（物理）",
    "ProfessionId": 4,
    "WeaponSkinId": 7340002
  },
  "2000338": {
    "Id": 2000338,
    "Name": "正义之风（物理）",
    "ProfessionId": 4,
    "WeaponSkinId": 7340002
  },
  "2000346": {
    "Id": 2000346,
    "Name": "命理之森（魔法）",
    "ProfessionId": 5,
    "WeaponSkinId": 7350002
  },
  "2000339": {
    "Id": 2000339,
    "Name": "命理之森（魔法）",
    "ProfessionId": 5,
    "WeaponSkinId": 7350002
  },
  "2000347": {
    "Id": 2000347,
    "Name": "砂岩守御（物理）",
    "ProfessionId": 9,
    "WeaponSkinId": 7370002
  },
  "2000340": {
    "Id": 2000340,
    "Name": "砂岩守御（物理）",
    "ProfessionId": 9,
    "WeaponSkinId": 7370002
  },
  "2000348": {
    "Id": 2000348,
    "Name": "金玉长弓（物理）",
    "ProfessionId": 11,
    "WeaponSkinId": 7390002
  },
  "2000341": {
    "Id": 2000341,
    "Name": "金玉长弓（物理）",
    "ProfessionId": 11,
    "WeaponSkinId": 7390002
  },
  "2000349": {
    "Id": 2000349,
    "Name": "光灼银辉（物理）",
    "ProfessionId": 12,
    "WeaponSkinId": 7400002
  },
  "2000342": {
    "Id": 2000342,
    "Name": "光灼银辉（物理）",
    "ProfessionId": 12,
    "WeaponSkinId": 7400002
  },
  "2000443": {
    "Id": 2000443,
    "Name": "天罚神雷（物理）",
    "ProfessionId": 1,
    "WeaponSkinId": 7310002
  },
  "2000444": {
    "Id": 2000444,
    "Name": "冰之玉响（魔法）",
    "ProfessionId": 2,
    "WeaponSkinId": 7320002
  },
  "2000445": {
    "Id": 2000445,
    "Name": "正义之风（物理）",
    "ProfessionId": 4,
    "WeaponSkinId": 7340002
  },
  "2000446": {
    "Id": 2000446,
    "Name": "命理之森（魔法）",
    "ProfessionId": 5,
    "WeaponSkinId": 7350002
  },
  "2000447": {
    "Id": 2000447,
    "Name": "砂岩守御（物理）",
    "ProfessionId": 9,
    "WeaponSkinId": 7370002
  },
  "2000448": {
    "Id": 2000448,
    "Name": "金玉长弓（物理）",
    "ProfessionId": 11,
    "WeaponSkinId": 7390002
  },
  "2000449": {
    "Id": 2000449,
    "Name": "光灼银辉（物理）",
    "ProfessionId": 12,
    "WeaponSkinId": 7400002
  },
  "2000543": {
    "Id": 2000543,
    "Name": "天罚神雷（物理）",
    "ProfessionId": 1,
    "WeaponSkinId": 7310002
  },
  "2000544": {
    "Id": 2000544,
    "Name": "冰之玉响（魔法）",
    "ProfessionId": 2,
    "WeaponSkinId": 7320002
  },
  "2000545": {
    "Id": 2000545,
    "Name": "正义之风（物理）",
    "ProfessionId": 4,
    "WeaponSkinId": 7340002
  },
  "2000546": {
    "Id": 2000546,
    "Name": "命理之森（魔法）",
    "ProfessionId": 5,
    "WeaponSkinId": 7350002
  },
  "2000547": {
    "Id": 2000547,
    "Name": "砂岩守御（物理）",
    "ProfessionId": 9,
    "WeaponSkinId": 7370002
  },
  "2000548": {
    "Id": 2000548,
    "Name": "金玉长弓（物理）",
    "ProfessionId": 11,
    "WeaponSkinId": 7390002
  },
  "2000549": {
    "Id": 2000549,
    "Name": "光灼银辉（物理）",
    "ProfessionId": 12,
    "WeaponSkinId": 7400002
  },
  "2000350": {
    "Id": 2000350,
    "Name": "吉他",
    "ProfessionId": 13,
    "WeaponSkinId": 7410002
  },
  "2000351": {
    "Id": 2000351,
    "Name": "吉他",
    "ProfessionId": 13,
    "WeaponSkinId": 7410002
  },
  "2000352": {
    "Id": 2000352,
    "Name": "吉他",
    "ProfessionId": 13,
    "WeaponSkinId": 7410002
  },
  "2000353": {
    "Id": 2000353,
    "Name": "吉他",
    "ProfessionId": 13,
    "WeaponSkinId": 7410002
  },
  "2000354": {
    "Id": 2000354,
    "Name": "吉他",
    "ProfessionId": 13,
    "WeaponSkinId": 7410002
  },
  "2000355": {
    "Id": 2000355,
    "Name": "吉他",
    "ProfessionId": 13,
    "WeaponSkinId": 7410002
  },
  "2000356": {
    "Id": 2000356,
    "Name": "吉他",
    "ProfessionId": 13,
    "WeaponSkinId": 7410002
  },
  "2000450": {
    "Id": 2000450,
    "Name": "吉他",
    "ProfessionId": 13,
    "WeaponSkinId": 7410002
  },
  "2000451": {
    "Id": 2000451,
    "Name": "吉他",
    "ProfessionId": 13,
    "WeaponSkinId": 7410002
  },
  "2000452": {
    "Id": 2000452,
    "Name": "吉他",
    "ProfessionId": 13,
    "WeaponSkinId": 7410002
  },
  "2000453": {
    "Id": 2000453,
    "Name": "吉他",
    "ProfessionId": 13,
    "WeaponSkinId": 7410002
  },
  "2000454": {
    "Id": 2000454,
    "Name": "吉他",
    "ProfessionId": 13,
    "WeaponSkinId": 7410002
  },
  "2000455": {
    "Id": 2000455,
    "Name": "吉他",
    "ProfessionId": 13,
    "WeaponSkinId": 7410002
  },
  "2000456": {
    "Id": 2000456,
    "Name": "吉他",
    "ProfessionId": 13,
    "WeaponSkinId": 7410002
  },
  "2000550": {
    "Id": 2000550,
    "Name": "吉他",
    "ProfessionId": 13,
    "WeaponSkinId": 7410002
  },
  "2000551": {
    "Id": 2000551,
    "Name": "吉他",
    "ProfessionId": 13,
    "WeaponSkinId": 7410002
  },
  "2000552": {
    "Id": 2000552,
    "Name": "吉他",
    "ProfessionId": 13,
    "WeaponSkinId": 7410002
  },
  "2000553": {
    "Id": 2000553,
    "Name": "吉他",
    "ProfessionId": 13,
    "WeaponSkinId": 7410002
  },
  "2000554": {
    "Id": 2000554,
    "Name": "吉他",
    "ProfessionId": 13,
    "WeaponSkinId": 7410002
  },
  "2000555": {
    "Id": 2000555,
    "Name": "吉他",
    "ProfessionId": 13,
    "WeaponSkinId": 7410002
  },
  "2000556": {
    "Id": 2000556,
    "Name": "吉他",
    "ProfessionId": 13,
    "WeaponSkinId": 7410002
  },
  "2000601": {
    "Id": 2000601,
    "Name": "天罚神雷（物理）",
    "ProfessionId": 1,
    "WeaponSkinId": 7310002
  },
  "2000602": {
    "Id": 2000602,
    "Name": "冰之玉响（魔法）",
    "ProfessionId": 2,
    "WeaponSkinId": 7320002
  },
  "2000603": {
    "Id": 2000603,
    "Name": "正义之风（物理）",
    "ProfessionId": 4,
    "WeaponSkinId": 7340002
  },
  "2000604": {
    "Id": 2000604,
    "Name": "命理之森（魔法）",
    "ProfessionId": 5,
    "WeaponSkinId": 7350002
  },
  "2000605": {
    "Id": 2000605,
    "Name": "砂岩守御（物理）",
    "ProfessionId": 9,
    "WeaponSkinId": 7370002
  },
  "2000606": {
    "Id": 2000606,
    "Name": "金玉长弓（物理）",
    "ProfessionId": 11,
    "WeaponSkinId": 7390002
  },
  "2000607": {
    "Id": 2000607,
    "Name": "光灼银辉（物理）",
    "ProfessionId": 12,
    "WeaponSkinId": 7400002
  },
  "2000608": {
    "Id": 2000608,
    "Name": "灵魂吉他（魔法）",
    "ProfessionId": 13,
    "WeaponSkinId": 7410002
  },
  "2000609": {
    "Id": 2000609,
    "Name": "天罚神雷（物理）",
    "ProfessionId": 1,
    "WeaponSkinId": 7310002
  },
  "2000610": {
    "Id": 2000610,
    "Name": "冰之玉响（魔法）",
    "ProfessionId": 2,
    "WeaponSkinId": 7320002
  },
  "2000611": {
    "Id": 2000611,
    "Name": "正义之风（物理）",
    "ProfessionId": 4,
    "WeaponSkinId": 7340002
  },
  "2000612": {
    "Id": 2000612,
    "Name": "命理之森（魔法）",
    "ProfessionId": 5,
    "WeaponSkinId": 7350002
  },
  "2000613": {
    "Id": 2000613,
    "Name": "砂岩守御（物理）",
    "ProfessionId": 9,
    "WeaponSkinId": 7370002
  },
  "2000614": {
    "Id": 2000614,
    "Name": "金玉长弓（物理）",
    "ProfessionId": 11,
    "WeaponSkinId": 7390002
  },
  "2000615": {
    "Id": 2000615,
    "Name": "光灼银辉（物理）",
    "ProfessionId": 12,
    "WeaponSkinId": 7400002
  },
  "2000616": {
    "Id": 2000616,
    "Name": "灵魂吉他（魔法）",
    "ProfessionId": 13,
    "WeaponSkinId": 7410002
  },
  "2000617": {
    "Id": 2000617,
    "Name": "天罚神雷（物理）",
    "ProfessionId": 1,
    "WeaponSkinId": 7310006
  },
  "2000618": {
    "Id": 2000618,
    "Name": "冰之玉响（魔法）",
    "ProfessionId": 2,
    "WeaponSkinId": 7320006
  },
  "2000619": {
    "Id": 2000619,
    "Name": "正义之风（物理）",
    "ProfessionId": 4,
    "WeaponSkinId": 7340006
  },
  "2000620": {
    "Id": 2000620,
    "Name": "命理之森（魔法）",
    "ProfessionId": 5,
    "WeaponSkinId": 7350006
  },
  "2000621": {
    "Id": 2000621,
    "Name": "砂岩守御（物理）",
    "ProfessionId": 9,
    "WeaponSkinId": 7370006
  },
  "2000622": {
    "Id": 2000622,
    "Name": "金玉长弓（物理）",
    "ProfessionId": 11,
    "WeaponSkinId": 7390006
  },
  "2000623": {
    "Id": 2000623,
    "Name": "光灼银辉（物理）",
    "ProfessionId": 12,
    "WeaponSkinId": 7400006
  },
  "2000624": {
    "Id": 2000624,
    "Name": "灵魂吉他（魔法）",
    "ProfessionId": 13,
    "WeaponSkinId": 7410006
  },
  "2000357": {
    "Id": 2000357,
    "Name": "",
    "ProfessionId": 1,
    "WeaponSkinId": 7310002
  },
  "2000358": {
    "Id": 2000358,
    "Name": "",
    "ProfessionId": 2,
    "WeaponSkinId": 7320002
  },
  "2000359": {
    "Id": 2000359,
    "Name": "",
    "ProfessionId": 4,
    "WeaponSkinId": 7340002
  },
  "2000360": {
    "Id": 2000360,
    "Name": "",
    "ProfessionId": 5,
    "WeaponSkinId": 7350002
  },
  "2000361": {
    "Id": 2000361,
    "Name": "",
    "ProfessionId": 9,
    "WeaponSkinId": 7370002
  },
  "2000362": {
    "Id": 2000362,
    "Name": "",
    "ProfessionId": 11,
    "WeaponSkinId": 7390002
  },
  "2000363": {
    "Id": 2000363,
    "Name": "",
    "ProfessionId": 12,
    "WeaponSkinId": 7400002
  },
  "2000364": {
    "Id": 2000364,
    "Name": "",
    "ProfessionId": 13,
    "WeaponSkinId": 7410002
  },
  "2000457": {
    "Id": 2000457,
    "Name": "",
    "ProfessionId": 1,
    "WeaponSkinId": 7310002
  },
  "2000458": {
    "Id": 2000458,
    "Name": "",
    "ProfessionId": 2,
    "WeaponSkinId": 7320002
  },
  "2000459": {
    "Id": 2000459,
    "Name": "",
    "ProfessionId": 4,
    "WeaponSkinId": 7340002
  },
  "2000460": {
    "Id": 2000460,
    "Name": "",
    "ProfessionId": 5,
    "WeaponSkinId": 7350002
  },
  "2000461": {
    "Id": 2000461,
    "Name": "",
    "ProfessionId": 9,
    "WeaponSkinId": 7370002
  },
  "2000462": {
    "Id": 2000462,
    "Name": "",
    "ProfessionId": 11,
    "WeaponSkinId": 7390002
  },
  "2000463": {
    "Id": 2000463,
    "Name": "",
    "ProfessionId": 12,
    "WeaponSkinId": 7400002
  },
  "2000464": {
    "Id": 2000464,
    "Name": "",
    "ProfessionId": 13,
    "WeaponSkinId": 7410002
  },
  "2000557": {
    "Id": 2000557,
    "Name": "",
    "ProfessionId": 1,
    "WeaponSkinId": 7310002
  },
  "2000558": {
    "Id": 2000558,
    "Name": "",
    "ProfessionId": 2,
    "WeaponSkinId": 7320002
  },
  "2000559": {
    "Id": 2000559,
    "Name": "",
    "ProfessionId": 4,
    "WeaponSkinId": 7340002
  },
  "2000560": {
    "Id": 2000560,
    "Name": "",
    "ProfessionId": 5,
    "WeaponSkinId": 7350002
  },
  "2000561": {
    "Id": 2000561,
    "Name": "",
    "ProfessionId": 9,
    "WeaponSkinId": 7370002
  },
  "2000562": {
    "Id": 2000562,
    "Name": "",
    "ProfessionId": 11,
    "WeaponSkinId": 7390002
  },
  "2000563": {
    "Id": 2000563,
    "Name": "",
    "ProfessionId": 12,
    "WeaponSkinId": 7400002
  },
  "2000564": {
    "Id": 2000564,
    "Name": "",
    "ProfessionId": 13,
    "WeaponSkinId": 7410002
  }
}