{
  "233": {
    "Id": 233,
    "ShopName": "Guild Store",
    "SystemId": 100233,
    "Npc": "",
    "ShowType": 0,
    "CurrencyDisplay": [],
    "CameraTemplateId": [],
    "ExchangeBtnName": "Exchange",
    "Trace": false,
    "Screen": 0
  },
  "234": {
    "Id": 234,
    "ShopName": "Clothing Crafting",
    "SystemId": 100234,
    "Npc": "",
    "ShowType": 0,
    "CurrencyDisplay": [
      20003
    ],
    "CameraTemplateId": [
      4007
    ],
    "ExchangeBtnName": "Crafting",
    "Trace": true,
    "Screen": 0
  },
  "235": {
    "Id": 235,
    "ShopName": "Accessory Exchange",
    "SystemId": 100235,
    "Npc": "",
    "ShowType": 0,
    "CurrencyDisplay": [],
    "CameraTemplateId": [],
    "ExchangeBtnName": "",
    "Trace": false,
    "Screen": 0
  },
  "237": {
    "Id": 237,
    "ShopName": "Accessory Store",
    "SystemId": 100237,
    "Npc": "",
    "ShowType": 0,
    "CurrencyDisplay": [],
    "CameraTemplateId": [],
    "ExchangeBtnName": "",
    "Trace": false,
    "Screen": 0
  },
  "238": {
    "Id": 238,
    "ShopName": "Jewelry Store",
    "SystemId": 100238,
    "Npc": "",
    "ShowType": 0,
    "CurrencyDisplay": [],
    "CameraTemplateId": [],
    "ExchangeBtnName": "",
    "Trace": false,
    "Screen": 0
  },
  "239": {
    "Id": 239,
    "ShopName": "Accessory Crafting",
    "SystemId": 100239,
    "Npc": "",
    "ShowType": 0,
    "CurrencyDisplay": [
      20003
    ],
    "CameraTemplateId": [
      4008
    ],
    "ExchangeBtnName": "Crafting",
    "Trace": true,
    "Screen": 0
  },
  "240": {
    "Id": 240,
    "ShopName": "Star Chest and Module Exchange",
    "SystemId": 100240,
    "Npc": "",
    "ShowType": 0,
    "CurrencyDisplay": [],
    "CameraTemplateId": [
      4009
    ],
    "ExchangeBtnName": "Exchange",
    "Trace": false,
    "Screen": 0
  },
  "244": {
    "Id": 244,
    "ShopName": "Culinary Exchange",
    "SystemId": 100244,
    "Npc": "",
    "ShowType": 0,
    "CurrencyDisplay": [],
    "CameraTemplateId": [
      4010
    ],
    "ExchangeBtnName": "Exchange",
    "Trace": false,
    "Screen": 0
  },
  "245": {
    "Id": 245,
    "ShopName": "Gear Exchange",
    "SystemId": 100245,
    "Npc": "",
    "ShowType": 0,
    "CurrencyDisplay": [],
    "CameraTemplateId": [
      4011
    ],
    "ExchangeBtnName": "Exchange",
    "Trace": false,
    "Screen": 1
  },
  "247": {
    "Id": 247,
    "ShopName": "Battle Will Exchange",
    "SystemId": 100247,
    "Npc": "",
    "ShowType": 0,
    "CurrencyDisplay": [],
    "CameraTemplateId": [
      4015
    ],
    "ExchangeBtnName": "Exchange",
    "Trace": false,
    "Screen": 0
  },
  "248": {
    "Id": 248,
    "ShopName": "Gear Exchange - Lv.60",
    "SystemId": 100248,
    "Npc": "",
    "ShowType": 0,
    "CurrencyDisplay": [],
    "CameraTemplateId": [
      4011
    ],
    "ExchangeBtnName": "Exchange",
    "Trace": false,
    "Screen": 1
  },
  "249": {
    "Id": 249,
    "ShopName": "Gear Exchange - Lv.80",
    "SystemId": 100249,
    "Npc": "",
    "ShowType": 0,
    "CurrencyDisplay": [],
    "CameraTemplateId": [
      4011
    ],
    "ExchangeBtnName": "Exchange",
    "Trace": false,
    "Screen": 1
  },
  "250": {
    "Id": 250,
    "ShopName": "Smelting Exchange",
    "SystemId": 100250,
    "Npc": "",
    "ShowType": 0,
    "CurrencyDisplay": [],
    "CameraTemplateId": [
      4016
    ],
    "ExchangeBtnName": "Exchange",
    "Trace": false,
    "Screen": 0
  },
  "251": {
    "Id": 251,
    "ShopName": "Gemcrafting Exchange",
    "SystemId": 100251,
    "Npc": "",
    "ShowType": 0,
    "CurrencyDisplay": [],
    "CameraTemplateId": [
      4017
    ],
    "ExchangeBtnName": "Exchange",
    "Trace": false,
    "Screen": 0
  },
  "252": {
    "Id": 252,
    "ShopName": "Artisanry Exchange",
    "SystemId": 100252,
    "Npc": "",
    "ShowType": 0,
    "CurrencyDisplay": [],
    "CameraTemplateId": [
      4018
    ],
    "ExchangeBtnName": "Exchange",
    "Trace": false,
    "Screen": 0
  },
  "253": {
    "Id": 253,
    "ShopName": "Alchemy Exchange",
    "SystemId": 100253,
    "Npc": "",
    "ShowType": 0,
    "CurrencyDisplay": [],
    "CameraTemplateId": [
      4019
    ],
    "ExchangeBtnName": "Exchange",
    "Trace": false,
    "Screen": 0
  },
  "254": {
    "Id": 254,
    "ShopName": "Module Exchange Store",
    "SystemId": 100254,
    "Npc": "",
    "ShowType": 0,
    "CurrencyDisplay": [],
    "CameraTemplateId": [
      4020
    ],
    "ExchangeBtnName": "Exchange",
    "Trace": false,
    "Screen": 0
  },
  "255": {
    "Id": 255,
    "ShopName": "Fresh Meat Store",
    "SystemId": 100255,
    "Npc": "",
    "ShowType": 0,
    "CurrencyDisplay": [],
    "CameraTemplateId": [
      4021
    ],
    "ExchangeBtnName": "Exchange",
    "Trace": false,
    "Screen": 0
  },
  "256": {
    "Id": 256,
    "ShopName": "Seafood Store",
    "SystemId": 100256,
    "Npc": "",
    "ShowType": 0,
    "CurrencyDisplay": [],
    "CameraTemplateId": [
      4022
    ],
    "ExchangeBtnName": "Exchange",
    "Trace": false,
    "Screen": 0
  },
  "257": {
    "Id": 257,
    "ShopName": "Shard Store",
    "SystemId": 100257,
    "Npc": "",
    "ShowType": 0,
    "CurrencyDisplay": [],
    "CameraTemplateId": [
      4023
    ],
    "ExchangeBtnName": "Exchange",
    "Trace": false,
    "Screen": 0
  },
  "258": {
    "Id": 258,
    "ShopName": "Class Exchange",
    "SystemId": 100258,
    "Npc": "",
    "ShowType": 0,
    "CurrencyDisplay": [],
    "CameraTemplateId": [
      4024
    ],
    "ExchangeBtnName": "Exchange",
    "Trace": false,
    "Screen": 0
  },
  "259": {
    "Id": 259,
    "ShopName": "Void Relic Exchange",
    "SystemId": 100259,
    "Npc": "",
    "ShowType": 0,
    "CurrencyDisplay": [],
    "CameraTemplateId": [
      4032
    ],
    "ExchangeBtnName": "Exchange",
    "Trace": false,
    "Screen": 1
  },
  "261": {
    "Id": 261,
    "ShopName": "Artisanry Exchange",
    "SystemId": 100261,
    "Npc": "",
    "ShowType": 0,
    "CurrencyDisplay": [],
    "CameraTemplateId": [
      4026
    ],
    "ExchangeBtnName": "Exchange",
    "Trace": false,
    "Screen": 0
  },
  "262": {
    "Id": 262,
    "ShopName": "Weaving Exchange",
    "SystemId": 100262,
    "Npc": "",
    "ShowType": 0,
    "CurrencyDisplay": [],
    "CameraTemplateId": [
      4025
    ],
    "ExchangeBtnName": "Exchange",
    "Trace": false,
    "Screen": 0
  },
  "263": {
    "Id": 263,
    "ShopName": "Botany Exchange",
    "SystemId": 100263,
    "Npc": "",
    "ShowType": 0,
    "CurrencyDisplay": [],
    "CameraTemplateId": [
      4029
    ],
    "ExchangeBtnName": "Exchange",
    "Trace": false,
    "Screen": 0
  },
  "264": {
    "Id": 264,
    "ShopName": "Mineralogy Exchange",
    "SystemId": 100264,
    "Npc": "",
    "ShowType": 0,
    "CurrencyDisplay": [],
    "CameraTemplateId": [
      4030
    ],
    "ExchangeBtnName": "Exchange",
    "Trace": false,
    "Screen": 0
  },
  "265": {
    "Id": 265,
    "ShopName": "Gemology Exchange",
    "SystemId": 100265,
    "Npc": "",
    "ShowType": 0,
    "CurrencyDisplay": [],
    "CameraTemplateId": [
      4031
    ],
    "ExchangeBtnName": "Exchange",
    "Trace": false,
    "Screen": 0
  },
  "266": {
    "Id": 266,
    "ShopName": "Gear Exchange",
    "SystemId": 100266,
    "Npc": "",
    "ShowType": 0,
    "CurrencyDisplay": [],
    "CameraTemplateId": [
      4011
    ],
    "ExchangeBtnName": "Exchange",
    "Trace": false,
    "Screen": 1
  },
  "267": {
    "Id": 267,
    "ShopName": "Gear Exchange - Lv.60",
    "SystemId": 100267,
    "Npc": "",
    "ShowType": 0,
    "CurrencyDisplay": [],
    "CameraTemplateId": [
      4011
    ],
    "ExchangeBtnName": "Exchange",
    "Trace": false,
    "Screen": 1
  },
  "268": {
    "Id": 268,
    "ShopName": "Void Relic Exchange",
    "SystemId": 100268,
    "Npc": "",
    "ShowType": 0,
    "CurrencyDisplay": [],
    "CameraTemplateId": [
      4032
    ],
    "ExchangeBtnName": "Exchange",
    "Trace": false,
    "Screen": 1
  }
}