{
  "2010001": {
    "Id": 2010001,
    "DefaultColor": [],
    "ColorId": 2,
    "Back": 0,
    "Move": 0,
    "Rotate": 0,
    "Scale": 0,
    "DefaultScale": {
      "x": 2.0,
      "y": 0.0,
      "z": 3.0
    },
    "DefaultPosition": {
      "x": -0.75,
      "y": -0.55
    },
    "DefaultRotate": 65.0
  },
  "2010002": {
    "Id": 2010002,
    "DefaultColor": [],
    "ColorId": 2,
    "Back": 0,
    "Move": 0,
    "Rotate": 0,
    "Scale": 0,
    "DefaultScale": {
      "x": 0.55,
      "y": -1.0,
      "z": 1.0
    },
    "DefaultPosition": {
      "x": -0.68,
      "y": -0.24
    },
    "DefaultRotate": -40.0
  },
  "2010006": {
    "Id": 2010006,
    "DefaultColor": [
      356,
      54,
      30
    ],
    "ColorId": 1,
    "Back": 0,
    "Move": 0,
    "Rotate": 0,
    "Scale": 0,
    "DefaultScale": {
      "x": 1.1,
      "y": 1.0,
      "z": 2.0
    },
    "DefaultPosition": {
      "x": 0.0,
      "y": -0.15
    },
    "DefaultRotate": 0.0
  },
  "2010007": {
    "Id": 2010007,
    "DefaultColor": [
      356,
      54,
      30
    ],
    "ColorId": 1,
    "Back": 0,
    "Move": 1,
    "Rotate": 1,
    "Scale": 1,
    "DefaultScale": {
      "x": -0.78,
      "y": -1.5,
      "z": 0.0
    },
    "DefaultPosition": {
      "x": 0.61,
      "y": -0.37
    },
    "DefaultRotate": -10.0
  },
  "2010008": {
    "Id": 2010008,
    "DefaultColor": [
      356,
      54,
      30
    ],
    "ColorId": 1,
    "Back": 1,
    "Move": 1,
    "Rotate": 1,
    "Scale": 1,
    "DefaultScale": {
      "x": 0.0,
      "y": 0.0,
      "z": 1.0
    },
    "DefaultPosition": {
      "x": 0.72,
      "y": -0.2
    },
    "DefaultRotate": 10.0
  },
  "2010009": {
    "Id": 2010009,
    "DefaultColor": [
      356,
      54,
      30
    ],
    "ColorId": 1,
    "Back": 0,
    "Move": 0,
    "Rotate": 0,
    "Scale": 0,
    "DefaultScale": {
      "x": 1.65,
      "y": 1.0,
      "z": 2.0
    },
    "DefaultPosition": {
      "x": 0.0,
      "y": 0.2
    },
    "DefaultRotate": 0.0
  },
  "2010010": {
    "Id": 2010010,
    "DefaultColor": [
      356,
      54,
      30
    ],
    "ColorId": 1,
    "Back": 0,
    "Move": 0,
    "Rotate": 0,
    "Scale": 0,
    "DefaultScale": {
      "x": 1.15,
      "y": 1.0,
      "z": 2.0
    },
    "DefaultPosition": {
      "x": 0.0,
      "y": -0.25
    },
    "DefaultRotate": 0.0
  },
  "2010011": {
    "Id": 2010011,
    "DefaultColor": [
      356,
      54,
      30
    ],
    "ColorId": 1,
    "Back": 0,
    "Move": 1,
    "Rotate": 1,
    "Scale": 1,
    "DefaultScale": {
      "x": -1.0,
      "y": -1.0,
      "z": 1.0
    },
    "DefaultPosition": {
      "x": 0.65,
      "y": -0.3
    },
    "DefaultRotate": 20.0
  },
  "2010012": {
    "Id": 2010012,
    "DefaultColor": [
      356,
      54,
      30
    ],
    "ColorId": 1,
    "Back": 1,
    "Move": 1,
    "Rotate": 1,
    "Scale": 1,
    "DefaultScale": {
      "x": 0.5,
      "y": -1.0,
      "z": 1.0
    },
    "DefaultPosition": {
      "x": 0.64,
      "y": -0.3
    },
    "DefaultRotate": -25.0
  },
  "2010013": {
    "Id": 2010013,
    "DefaultColor": [
      356,
      54,
      30
    ],
    "ColorId": 1,
    "Back": 1,
    "Move": 1,
    "Rotate": 1,
    "Scale": 1,
    "DefaultScale": {
      "x": -1.5,
      "y": -3.0,
      "z": 0.0
    },
    "DefaultPosition": {
      "x": 0.67,
      "y": -0.3
    },
    "DefaultRotate": 20.0
  },
  "2010014": {
    "Id": 2010014,
    "DefaultColor": [
      356,
      54,
      30
    ],
    "ColorId": 1,
    "Back": 1,
    "Move": 1,
    "Rotate": 1,
    "Scale": 1,
    "DefaultScale": {
      "x": -1.5,
      "y": -3.0,
      "z": 0.0
    },
    "DefaultPosition": {
      "x": 0.67,
      "y": -0.3
    },
    "DefaultRotate": 20.0
  },
  "2010015": {
    "Id": 2010015,
    "DefaultColor": [
      356,
      54,
      30
    ],
    "ColorId": 1,
    "Back": 1,
    "Move": 1,
    "Rotate": 1,
    "Scale": 1,
    "DefaultScale": {
      "x": 0.0,
      "y": -1.0,
      "z": 1.0
    },
    "DefaultPosition": {
      "x": 0.6,
      "y": -0.35
    },
    "DefaultRotate": 10.0
  },
  "2010016": {
    "Id": 2010016,
    "DefaultColor": [
      356,
      54,
      30
    ],
    "ColorId": 1,
    "Back": 0,
    "Move": 1,
    "Rotate": 1,
    "Scale": 1,
    "DefaultScale": {
      "x": 0.0,
      "y": -2.0,
      "z": 0.0
    },
    "DefaultPosition": {
      "x": 0.0,
      "y": -0.15
    },
    "DefaultRotate": 0.0
  },
  "2010017": {
    "Id": 2010017,
    "DefaultColor": [
      356,
      54,
      30
    ],
    "ColorId": 1,
    "Back": 0,
    "Move": 1,
    "Rotate": 1,
    "Scale": 1,
    "DefaultScale": {
      "x": -1.9,
      "y": -3.0,
      "z": 0.0
    },
    "DefaultPosition": {
      "x": 0.67,
      "y": -0.3
    },
    "DefaultRotate": 20.0
  },
  "2010018": {
    "Id": 2010018,
    "DefaultColor": [
      356,
      54,
      30
    ],
    "ColorId": 1,
    "Back": 0,
    "Move": 1,
    "Rotate": 1,
    "Scale": 1,
    "DefaultScale": {
      "x": 0.0,
      "y": -1.0,
      "z": 0.0
    },
    "DefaultPosition": {
      "x": 0.0,
      "y": 0.35
    },
    "DefaultRotate": 0.0
  },
  "2010019": {
    "Id": 2010019,
    "DefaultColor": [
      356,
      54,
      30
    ],
    "ColorId": 1,
    "Back": 0,
    "Move": 1,
    "Rotate": 0,
    "Scale": 1,
    "DefaultScale": {
      "x": -9.0,
      "y": -10.0,
      "z": -8.0
    },
    "DefaultPosition": {
      "x": 0.67,
      "y": -0.3
    },
    "DefaultRotate": 20.0
  },
  "2010003": {
    "Id": 2010003,
    "DefaultColor": [],
    "ColorId": 2,
    "Back": 0,
    "Move": 0,
    "Rotate": 0,
    "Scale": 0,
    "DefaultScale": {
      "x": 1.05,
      "y": 0.0,
      "z": 1.0
    },
    "DefaultPosition": {
      "x": 0.0,
      "y": -0.2
    },
    "DefaultRotate": 0.0
  },
  "2010004": {
    "Id": 2010004,
    "DefaultColor": [
      350,
      80,
      80
    ],
    "ColorId": 3,
    "Back": 0,
    "Move": 0,
    "Rotate": 0,
    "Scale": 0,
    "DefaultScale": {
      "x": 1.15,
      "y": 1.0,
      "z": 2.0
    },
    "DefaultPosition": {
      "x": 0.0,
      "y": -0.0
    },
    "DefaultRotate": 0.0
  },
  "2010005": {
    "Id": 2010005,
    "DefaultColor": [
      350,
      80,
      80
    ],
    "ColorId": 3,
    "Back": 0,
    "Move": 0,
    "Rotate": 0,
    "Scale": 0,
    "DefaultScale": {
      "x": 1.08,
      "y": 1.0,
      "z": 2.0
    },
    "DefaultPosition": {
      "x": 0.0,
      "y": -0.07
    },
    "DefaultRotate": 0.0
  },
  "2011103": {
    "Id": 2011103,
    "DefaultColor": [
      350,
      80,
      80
    ],
    "ColorId": 3,
    "Back": 0,
    "Move": 0,
    "Rotate": 0,
    "Scale": 0,
    "DefaultScale": {
      "x": 1.15,
      "y": 1.0,
      "z": 2.0
    },
    "DefaultPosition": {
      "x": 0.0,
      "y": -0.06
    },
    "DefaultRotate": 0.0
  },
  "2011104": {
    "Id": 2011104,
    "DefaultColor": [
      350,
      80,
      80
    ],
    "ColorId": 3,
    "Back": 0,
    "Move": 0,
    "Rotate": 0,
    "Scale": 0,
    "DefaultScale": {
      "x": 1.1,
      "y": 1.0,
      "z": 2.0
    },
    "DefaultPosition": {
      "x": 0.0,
      "y": -0.1
    },
    "DefaultRotate": 0.0
  },
  "2011105": {
    "Id": 2011105,
    "DefaultColor": [
      350,
      80,
      80
    ],
    "ColorId": 3,
    "Back": 0,
    "Move": 0,
    "Rotate": 0,
    "Scale": 0,
    "DefaultScale": {
      "x": 1.1,
      "y": 1.0,
      "z": 2.0
    },
    "DefaultPosition": {
      "x": 0.0,
      "y": -0.05
    },
    "DefaultRotate": 0.0
  },
  "2011106": {
    "Id": 2011106,
    "DefaultColor": [],
    "ColorId": 2,
    "Back": 0,
    "Move": 0,
    "Rotate": 0,
    "Scale": 0,
    "DefaultScale": {
      "x": 1.0,
      "y": 0.0,
      "z": 3.0
    },
    "DefaultPosition": {
      "x": -0.2,
      "y": -0.1
    },
    "DefaultRotate": 0.0
  },
  "2011107": {
    "Id": 2011107,
    "DefaultColor": [],
    "ColorId": 2,
    "Back": 0,
    "Move": 0,
    "Rotate": 0,
    "Scale": 0,
    "DefaultScale": {
      "x": 1.0,
      "y": -1.0,
      "z": 1.0
    },
    "DefaultPosition": {
      "x": 0.1,
      "y": -0.2
    },
    "DefaultRotate": 0.0
  },
  "2011201": {
    "Id": 2011201,
    "DefaultColor": [],
    "ColorId": 2,
    "Back": 0,
    "Move": 0,
    "Rotate": 0,
    "Scale": 0,
    "DefaultScale": {
      "x": 1.05,
      "y": 0.0,
      "z": 1.0
    },
    "DefaultPosition": {
      "x": 0.0,
      "y": -0.1
    },
    "DefaultRotate": 0.0
  },
  "2011202": {
    "Id": 2011202,
    "DefaultColor": [
      350,
      80,
      80
    ],
    "ColorId": 3,
    "Back": 0,
    "Move": 0,
    "Rotate": 0,
    "Scale": 0,
    "DefaultScale": {
      "x": 1.15,
      "y": 1.0,
      "z": 2.0
    },
    "DefaultPosition": {
      "x": 0.0,
      "y": 0.1
    },
    "DefaultRotate": 0.0
  },
  "2011203": {
    "Id": 2011203,
    "DefaultColor": [
      350,
      80,
      80
    ],
    "ColorId": 3,
    "Back": 0,
    "Move": 0,
    "Rotate": 0,
    "Scale": 0,
    "DefaultScale": {
      "x": 1.12,
      "y": 1.0,
      "z": 2.0
    },
    "DefaultPosition": {
      "x": 0.0,
      "y": 0.05
    },
    "DefaultRotate": 0.0
  },
  "2011204": {
    "Id": 2011204,
    "DefaultColor": [
      350,
      80,
      80
    ],
    "ColorId": 3,
    "Back": 0,
    "Move": 0,
    "Rotate": 0,
    "Scale": 0,
    "DefaultScale": {
      "x": 1.15,
      "y": 1.0,
      "z": 2.0
    },
    "DefaultPosition": {
      "x": 0.0,
      "y": -0.06
    },
    "DefaultRotate": 0.0
  },
  "2011205": {
    "Id": 2011205,
    "DefaultColor": [
      350,
      80,
      80
    ],
    "ColorId": 3,
    "Back": 0,
    "Move": 0,
    "Rotate": 0,
    "Scale": 0,
    "DefaultScale": {
      "x": 1.1,
      "y": 1.0,
      "z": 2.0
    },
    "DefaultPosition": {
      "x": 0.0,
      "y": 0.05
    },
    "DefaultRotate": 0.0
  },
  "2011206": {
    "Id": 2011206,
    "DefaultColor": [
      350,
      80,
      80
    ],
    "ColorId": 3,
    "Back": 0,
    "Move": 0,
    "Rotate": 0,
    "Scale": 0,
    "DefaultScale": {
      "x": 1.13,
      "y": 1.0,
      "z": 2.0
    },
    "DefaultPosition": {
      "x": 0.0,
      "y": 0.1
    },
    "DefaultRotate": 0.0
  },
  "2011207": {
    "Id": 2011207,
    "DefaultColor": [],
    "ColorId": 2,
    "Back": 0,
    "Move": 0,
    "Rotate": 0,
    "Scale": 0,
    "DefaultScale": {
      "x": 1.0,
      "y": 0.0,
      "z": 3.0
    },
    "DefaultPosition": {
      "x": -0.2,
      "y": 0.0
    },
    "DefaultRotate": 0.0
  },
  "2011208": {
    "Id": 2011208,
    "DefaultColor": [],
    "ColorId": 2,
    "Back": 0,
    "Move": 0,
    "Rotate": 0,
    "Scale": 0,
    "DefaultScale": {
      "x": 1.0,
      "y": -1.0,
      "z": 1.0
    },
    "DefaultPosition": {
      "x": 0.2,
      "y": -0.1
    },
    "DefaultRotate": 0.0
  },
  "2011301": {
    "Id": 2011301,
    "DefaultColor": [],
    "ColorId": 2,
    "Back": 0,
    "Move": 0,
    "Rotate": 0,
    "Scale": 0,
    "DefaultScale": {
      "x": 1.05,
      "y": 0.0,
      "z": 1.0
    },
    "DefaultPosition": {
      "x": 0.0,
      "y": 0.05
    },
    "DefaultRotate": 0.0
  },
  "2011302": {
    "Id": 2011302,
    "DefaultColor": [
      350,
      80,
      80
    ],
    "ColorId": 3,
    "Back": 0,
    "Move": 0,
    "Rotate": 0,
    "Scale": 0,
    "DefaultScale": {
      "x": 1.15,
      "y": 1.0,
      "z": 2.0
    },
    "DefaultPosition": {
      "x": 0.0,
      "y": 0.2
    },
    "DefaultRotate": 0.0
  },
  "2011303": {
    "Id": 2011303,
    "DefaultColor": [
      350,
      80,
      80
    ],
    "ColorId": 3,
    "Back": 0,
    "Move": 0,
    "Rotate": 0,
    "Scale": 0,
    "DefaultScale": {
      "x": 1.02,
      "y": 1.0,
      "z": 2.0
    },
    "DefaultPosition": {
      "x": 0.0,
      "y": 0.2
    },
    "DefaultRotate": 0.0
  },
  "2011304": {
    "Id": 2011304,
    "DefaultColor": [
      350,
      80,
      80
    ],
    "ColorId": 3,
    "Back": 0,
    "Move": 0,
    "Rotate": 0,
    "Scale": 0,
    "DefaultScale": {
      "x": 1.15,
      "y": 1.0,
      "z": 2.0
    },
    "DefaultPosition": {
      "x": 0.0,
      "y": -0.06
    },
    "DefaultRotate": 0.0
  },
  "2011305": {
    "Id": 2011305,
    "DefaultColor": [
      350,
      80,
      80
    ],
    "ColorId": 3,
    "Back": 0,
    "Move": 0,
    "Rotate": 0,
    "Scale": 0,
    "DefaultScale": {
      "x": 1.05,
      "y": 1.0,
      "z": 2.0
    },
    "DefaultPosition": {
      "x": 0.0,
      "y": 0.15
    },
    "DefaultRotate": 0.0
  },
  "2011306": {
    "Id": 2011306,
    "DefaultColor": [
      350,
      80,
      80
    ],
    "ColorId": 3,
    "Back": 0,
    "Move": 0,
    "Rotate": 0,
    "Scale": 0,
    "DefaultScale": {
      "x": 1.05,
      "y": 1.0,
      "z": 2.0
    },
    "DefaultPosition": {
      "x": 0.0,
      "y": 0.15
    },
    "DefaultRotate": 0.0
  },
  "2011307": {
    "Id": 2011307,
    "DefaultColor": [],
    "ColorId": 2,
    "Back": 0,
    "Move": 0,
    "Rotate": 0,
    "Scale": 0,
    "DefaultScale": {
      "x": 1.0,
      "y": 0.0,
      "z": 3.0
    },
    "DefaultPosition": {
      "x": -0.1,
      "y": 0.2
    },
    "DefaultRotate": 0.0
  },
  "2011308": {
    "Id": 2011308,
    "DefaultColor": [],
    "ColorId": 2,
    "Back": 0,
    "Move": 0,
    "Rotate": 0,
    "Scale": 0,
    "DefaultScale": {
      "x": 1.0,
      "y": -1.0,
      "z": 1.0
    },
    "DefaultPosition": {
      "x": 0.1,
      "y": 0.1
    },
    "DefaultRotate": 0.0
  },
  "2012101": {
    "Id": 2012101,
    "DefaultColor": [],
    "ColorId": 2,
    "Back": 0,
    "Move": 0,
    "Rotate": 0,
    "Scale": 0,
    "DefaultScale": {
      "x": 1.05,
      "y": 0.0,
      "z": 1.0
    },
    "DefaultPosition": {
      "x": 0.0,
      "y": -0.2
    },
    "DefaultRotate": 0.0
  },
  "2012102": {
    "Id": 2012102,
    "DefaultColor": [
      350,
      80,
      80
    ],
    "ColorId": 3,
    "Back": 0,
    "Move": 0,
    "Rotate": 0,
    "Scale": 0,
    "DefaultScale": {
      "x": 1.15,
      "y": 1.0,
      "z": 2.0
    },
    "DefaultPosition": {
      "x": 0.0,
      "y": -0.05
    },
    "DefaultRotate": 0.0
  },
  "2012103": {
    "Id": 2012103,
    "DefaultColor": [
      350,
      80,
      80
    ],
    "ColorId": 3,
    "Back": 0,
    "Move": 0,
    "Rotate": 0,
    "Scale": 0,
    "DefaultScale": {
      "x": 1.08,
      "y": 1.0,
      "z": 2.0
    },
    "DefaultPosition": {
      "x": 0.0,
      "y": -0.1
    },
    "DefaultRotate": 0.0
  },
  "2012104": {
    "Id": 2012104,
    "DefaultColor": [
      350,
      80,
      80
    ],
    "ColorId": 3,
    "Back": 0,
    "Move": 0,
    "Rotate": 0,
    "Scale": 0,
    "DefaultScale": {
      "x": 1.15,
      "y": 1.0,
      "z": 2.0
    },
    "DefaultPosition": {
      "x": 0.0,
      "y": -0.06
    },
    "DefaultRotate": 0.0
  },
  "2012105": {
    "Id": 2012105,
    "DefaultColor": [
      350,
      80,
      80
    ],
    "ColorId": 3,
    "Back": 0,
    "Move": 0,
    "Rotate": 0,
    "Scale": 0,
    "DefaultScale": {
      "x": 1.1,
      "y": 1.0,
      "z": 2.0
    },
    "DefaultPosition": {
      "x": 0.0,
      "y": -0.1
    },
    "DefaultRotate": 0.0
  },
  "2012106": {
    "Id": 2012106,
    "DefaultColor": [
      350,
      80,
      80
    ],
    "ColorId": 3,
    "Back": 0,
    "Move": 0,
    "Rotate": 0,
    "Scale": 0,
    "DefaultScale": {
      "x": 1.1,
      "y": 1.0,
      "z": 2.0
    },
    "DefaultPosition": {
      "x": 0.0,
      "y": -0.1
    },
    "DefaultRotate": 0.0
  },
  "2012107": {
    "Id": 2012107,
    "DefaultColor": [],
    "ColorId": 2,
    "Back": 0,
    "Move": 0,
    "Rotate": 0,
    "Scale": 0,
    "DefaultScale": {
      "x": 1.05,
      "y": 0.0,
      "z": 3.0
    },
    "DefaultPosition": {
      "x": -0.1,
      "y": -0.1
    },
    "DefaultRotate": 0.0
  },
  "2012108": {
    "Id": 2012108,
    "DefaultColor": [],
    "ColorId": 2,
    "Back": 0,
    "Move": 0,
    "Rotate": 0,
    "Scale": 0,
    "DefaultScale": {
      "x": 1.0,
      "y": -1.0,
      "z": 1.0
    },
    "DefaultPosition": {
      "x": 0.1,
      "y": -0.2
    },
    "DefaultRotate": 0.0
  },
  "2012201": {
    "Id": 2012201,
    "DefaultColor": [],
    "ColorId": 2,
    "Back": 0,
    "Move": 0,
    "Rotate": 0,
    "Scale": 0,
    "DefaultScale": {
      "x": 1.05,
      "y": 0.0,
      "z": 1.0
    },
    "DefaultPosition": {
      "x": 0.0,
      "y": -0.2
    },
    "DefaultRotate": 0.0
  },
  "2012202": {
    "Id": 2012202,
    "DefaultColor": [
      350,
      80,
      80
    ],
    "ColorId": 3,
    "Back": 0,
    "Move": 0,
    "Rotate": 0,
    "Scale": 0,
    "DefaultScale": {
      "x": 1.15,
      "y": 1.0,
      "z": 2.0
    },
    "DefaultPosition": {
      "x": 0.0,
      "y": -0.05
    },
    "DefaultRotate": 0.0
  },
  "2012203": {
    "Id": 2012203,
    "DefaultColor": [
      350,
      80,
      80
    ],
    "ColorId": 3,
    "Back": 0,
    "Move": 0,
    "Rotate": 0,
    "Scale": 0,
    "DefaultScale": {
      "x": 1.08,
      "y": 1.0,
      "z": 2.0
    },
    "DefaultPosition": {
      "x": 0.0,
      "y": -0.1
    },
    "DefaultRotate": 0.0
  },
  "2012204": {
    "Id": 2012204,
    "DefaultColor": [
      350,
      80,
      80
    ],
    "ColorId": 3,
    "Back": 0,
    "Move": 0,
    "Rotate": 0,
    "Scale": 0,
    "DefaultScale": {
      "x": 1.15,
      "y": 1.0,
      "z": 2.0
    },
    "DefaultPosition": {
      "x": 0.0,
      "y": -0.06
    },
    "DefaultRotate": 0.0
  },
  "2012205": {
    "Id": 2012205,
    "DefaultColor": [
      350,
      80,
      80
    ],
    "ColorId": 3,
    "Back": 0,
    "Move": 0,
    "Rotate": 0,
    "Scale": 0,
    "DefaultScale": {
      "x": 1.1,
      "y": 1.0,
      "z": 2.0
    },
    "DefaultPosition": {
      "x": 0.0,
      "y": -0.1
    },
    "DefaultRotate": 0.0
  },
  "2012206": {
    "Id": 2012206,
    "DefaultColor": [
      350,
      80,
      80
    ],
    "ColorId": 3,
    "Back": 0,
    "Move": 0,
    "Rotate": 0,
    "Scale": 0,
    "DefaultScale": {
      "x": 1.1,
      "y": 1.0,
      "z": 2.0
    },
    "DefaultPosition": {
      "x": 0.0,
      "y": -0.1
    },
    "DefaultRotate": 0.0
  },
  "2012207": {
    "Id": 2012207,
    "DefaultColor": [],
    "ColorId": 2,
    "Back": 0,
    "Move": 0,
    "Rotate": 0,
    "Scale": 0,
    "DefaultScale": {
      "x": 1.0,
      "y": 0.0,
      "z": 3.0
    },
    "DefaultPosition": {
      "x": -0.2,
      "y": -0.1
    },
    "DefaultRotate": 0.0
  },
  "2012208": {
    "Id": 2012208,
    "DefaultColor": [],
    "ColorId": 2,
    "Back": 0,
    "Move": 0,
    "Rotate": 0,
    "Scale": 0,
    "DefaultScale": {
      "x": 1.0,
      "y": -1.0,
      "z": 1.0
    },
    "DefaultPosition": {
      "x": 0.1,
      "y": -0.2
    },
    "DefaultRotate": 0.0
  },
  "2012301": {
    "Id": 2012301,
    "DefaultColor": [],
    "ColorId": 2,
    "Back": 0,
    "Move": 0,
    "Rotate": 0,
    "Scale": 0,
    "DefaultScale": {
      "x": 1.05,
      "y": 0.0,
      "z": 1.0
    },
    "DefaultPosition": {
      "x": 0.0,
      "y": -0.1
    },
    "DefaultRotate": 0.0
  },
  "2012302": {
    "Id": 2012302,
    "DefaultColor": [
      350,
      80,
      80
    ],
    "ColorId": 3,
    "Back": 0,
    "Move": 0,
    "Rotate": 0,
    "Scale": 0,
    "DefaultScale": {
      "x": 1.2,
      "y": 1.0,
      "z": 2.0
    },
    "DefaultPosition": {
      "x": 0.0,
      "y": 0.1
    },
    "DefaultRotate": 0.0
  },
  "2012303": {
    "Id": 2012303,
    "DefaultColor": [
      350,
      80,
      80
    ],
    "ColorId": 3,
    "Back": 0,
    "Move": 0,
    "Rotate": 0,
    "Scale": 0,
    "DefaultScale": {
      "x": 1.1,
      "y": 1.0,
      "z": 2.0
    },
    "DefaultPosition": {
      "x": 0.0,
      "y": 0.05
    },
    "DefaultRotate": 0.0
  },
  "2012304": {
    "Id": 2012304,
    "DefaultColor": [
      350,
      80,
      80
    ],
    "ColorId": 3,
    "Back": 0,
    "Move": 0,
    "Rotate": 0,
    "Scale": 0,
    "DefaultScale": {
      "x": 1.15,
      "y": 1.0,
      "z": 2.0
    },
    "DefaultPosition": {
      "x": 0.0,
      "y": -0.06
    },
    "DefaultRotate": 0.0
  },
  "2012305": {
    "Id": 2012305,
    "DefaultColor": [
      350,
      80,
      80
    ],
    "ColorId": 3,
    "Back": 0,
    "Move": 0,
    "Rotate": 0,
    "Scale": 0,
    "DefaultScale": {
      "x": 1.1,
      "y": 1.0,
      "z": 2.0
    },
    "DefaultPosition": {
      "x": 0.0,
      "y": 0.05
    },
    "DefaultRotate": 0.0
  },
  "2012306": {
    "Id": 2012306,
    "DefaultColor": [
      350,
      80,
      80
    ],
    "ColorId": 3,
    "Back": 0,
    "Move": 0,
    "Rotate": 0,
    "Scale": 0,
    "DefaultScale": {
      "x": 1.12,
      "y": 1.0,
      "z": 2.0
    },
    "DefaultPosition": {
      "x": 0.0,
      "y": 0.05
    },
    "DefaultRotate": 0.0
  },
  "2012307": {
    "Id": 2012307,
    "DefaultColor": [],
    "ColorId": 2,
    "Back": 0,
    "Move": 0,
    "Rotate": 0,
    "Scale": 0,
    "DefaultScale": {
      "x": 1.0,
      "y": 0.0,
      "z": 3.0
    },
    "DefaultPosition": {
      "x": -0.15,
      "y": 0.0
    },
    "DefaultRotate": 0.0
  },
  "2012308": {
    "Id": 2012308,
    "DefaultColor": [],
    "ColorId": 2,
    "Back": 0,
    "Move": 0,
    "Rotate": 0,
    "Scale": 0,
    "DefaultScale": {
      "x": 1.0,
      "y": -1.0,
      "z": 1.0
    },
    "DefaultPosition": {
      "x": 0.1,
      "y": -0.1
    },
    "DefaultRotate": 0.0
  }
}