{
  "1": {
    "Id": 1,
    "Option": 3,
    "ColorGroup": 2,
    "Random": 100,
    "RandomType": [
      [
        101,
        76
      ]
    ],
    "Tab": 0,
    "Range": [],
    "ShowRang": [],
    "Save": 1
  },
  "11": {
    "Id": 11,
    "Option": 2,
    "ColorGroup": 0,
    "Random": 100,
    "RandomType": [
      [
        2,
        -10,
        10
      ]
    ],
    "Tab": 0,
    "Range": [
      -1.0,
      1.0
    ],
    "ShowRang": [],
    "Save": 1
  },
  "12": {
    "Id": 12,
    "Option": 2,
    "ColorGroup": 0,
    "Random": 100,
    "RandomType": [
      [
        2,
        -10,
        10
      ]
    ],
    "Tab": 0,
    "Range": [
      -1.0,
      1.0
    ],
    "ShowRang": [],
    "Save": 1
  },
  "13": {
    "Id": 13,
    "Option": 2,
    "ColorGroup": 0,
    "Random": 100,
    "RandomType": [
      [
        2,
        -10,
        10
      ]
    ],
    "Tab": 0,
    "Range": [
      -1.0,
      1.0
    ],
    "ShowRang": [],
    "Save": 1
  },
  "14": {
    "Id": 14,
    "Option": 2,
    "ColorGroup": 0,
    "Random": 100,
    "RandomType": [
      [
        2,
        -10,
        10
      ]
    ],
    "Tab": 0,
    "Range": [
      -1.0,
      1.0
    ],
    "ShowRang": [],
    "Save": 1
  },
  "15": {
    "Id": 15,
    "Option": 2,
    "ColorGroup": 0,
    "Random": 100,
    "RandomType": [
      [
        2,
        -10,
        10
      ]
    ],
    "Tab": 0,
    "Range": [
      -1.0,
      1.0
    ],
    "ShowRang": [],
    "Save": 1
  },
  "16": {
    "Id": 16,
    "Option": 2,
    "ColorGroup": 0,
    "Random": 100,
    "RandomType": [
      [
        2,
        -10,
        10
      ]
    ],
    "Tab": 0,
    "Range": [
      -1.0,
      1.0
    ],
    "ShowRang": [],
    "Save": 1
  },
  "17": {
    "Id": 17,
    "Option": 2,
    "ColorGroup": 0,
    "Random": 100,
    "RandomType": [
      [
        2,
        -10,
        10
      ]
    ],
    "Tab": 0,
    "Range": [
      -1.0,
      1.0
    ],
    "ShowRang": [],
    "Save": 1
  },
  "18": {
    "Id": 18,
    "Option": 2,
    "ColorGroup": 0,
    "Random": 100,
    "RandomType": [
      [
        2,
        -10,
        10
      ]
    ],
    "Tab": 0,
    "Range": [
      -1.0,
      1.0
    ],
    "ShowRang": [],
    "Save": 1
  },
  "101": {
    "Id": 101,
    "Option": 1,
    "ColorGroup": 0,
    "Random": 70,
    "RandomType": [
      [
        1
      ]
    ],
    "Tab": 200,
    "Range": [],
    "ShowRang": [],
    "Save": 2
  },
  "102": {
    "Id": 102,
    "Option": 1,
    "ColorGroup": 0,
    "Random": 100,
    "RandomType": [
      [
        11,
        101
      ],
      [
        1
      ]
    ],
    "Tab": 200,
    "Range": [],
    "ShowRang": [],
    "Save": 2
  },
  "103": {
    "Id": 103,
    "Option": 1,
    "ColorGroup": 0,
    "Random": 100,
    "RandomType": [
      [
        11,
        101
      ],
      [
        1
      ]
    ],
    "Tab": 200,
    "Range": [],
    "ShowRang": [],
    "Save": 2
  },
  "104": {
    "Id": 104,
    "Option": 1,
    "ColorGroup": 0,
    "Random": 30,
    "RandomType": [
      [
        11,
        101
      ],
      [
        1
      ]
    ],
    "Tab": 200,
    "Range": [],
    "ShowRang": [],
    "Save": 2
  },
  "10101": {
    "Id": 10101,
    "Option": 3,
    "ColorGroup": 1,
    "Random": 100,
    "RandomType": [
      [
        104,
        45
      ]
    ],
    "Tab": 0,
    "Range": [],
    "ShowRang": [],
    "Save": 2
  },
  "10102": {
    "Id": 10102,
    "Option": 4,
    "ColorGroup": 0,
    "Random": 45,
    "RandomType": [
      [
        4
      ]
    ],
    "Tab": 0,
    "Range": [],
    "ShowRang": [],
    "Save": 2
  },
  "10103": {
    "Id": 10103,
    "Option": 3,
    "ColorGroup": 1,
    "Random": 100,
    "RandomType": [
      [
        10,
        10102
      ],
      [
        104,
        45
      ]
    ],
    "Tab": 0,
    "Range": [],
    "ShowRang": [],
    "Save": 2
  },
  "10104": {
    "Id": 10104,
    "Option": 2,
    "ColorGroup": 0,
    "Random": 100,
    "RandomType": [
      [
        10,
        10102
      ],
      [
        2,
        1,
        9
      ]
    ],
    "Tab": 0,
    "Range": [
      0.0,
      2.0
    ],
    "ShowRang": [
      0.0,
      10.0
    ],
    "Save": 2
  },
  "10105": {
    "Id": 10105,
    "Option": 4,
    "ColorGroup": 0,
    "Random": 45,
    "RandomType": [
      [
        4
      ]
    ],
    "Tab": 0,
    "Range": [],
    "ShowRang": [],
    "Save": 2
  },
  "10106": {
    "Id": 10106,
    "Option": 3,
    "ColorGroup": 1,
    "Random": 100,
    "RandomType": [
      [
        10,
        10105
      ],
      [
        104,
        45
      ]
    ],
    "Tab": 0,
    "Range": [],
    "ShowRang": [],
    "Save": 2
  },
  "10107": {
    "Id": 10107,
    "Option": 4,
    "ColorGroup": 0,
    "Random": 45,
    "RandomType": [
      [
        4
      ]
    ],
    "Tab": 0,
    "Range": [],
    "ShowRang": [],
    "Save": 2
  },
  "10108": {
    "Id": 10108,
    "Option": 3,
    "ColorGroup": 1,
    "Random": 100,
    "RandomType": [
      [
        10,
        10107
      ],
      [
        104,
        45
      ]
    ],
    "Tab": 0,
    "Range": [],
    "ShowRang": [],
    "Save": 2
  },
  "401": {
    "Id": 401,
    "Option": 1,
    "ColorGroup": 0,
    "Random": 100,
    "RandomType": [
      [
        1
      ]
    ],
    "Tab": 301,
    "Range": [],
    "ShowRang": [],
    "Save": 1
  },
  "40101": {
    "Id": 40101,
    "Option": 2,
    "ColorGroup": 0,
    "Random": 0,
    "RandomType": [
      [
        2,
        0,
        3
      ]
    ],
    "Tab": 0,
    "Range": [
      0.0,
      0.5
    ],
    "ShowRang": [],
    "Save": 1
  },
  "402": {
    "Id": 402,
    "Option": 1,
    "ColorGroup": 0,
    "Random": 100,
    "RandomType": [
      [
        1
      ]
    ],
    "Tab": 302,
    "Range": [],
    "ShowRang": [],
    "Save": 1
  },
  "40201": {
    "Id": 40201,
    "Option": 2,
    "ColorGroup": 0,
    "Random": 100,
    "RandomType": [
      [
        2,
        2,
        8
      ]
    ],
    "Tab": 0,
    "Range": [
      0.0,
      1.0
    ],
    "ShowRang": [],
    "Save": 1
  },
  "40202": {
    "Id": 40202,
    "Option": 3,
    "ColorGroup": 1,
    "Random": 100,
    "RandomType": [
      [
        10,
        10101
      ],
      [
        103,
        10101,
        30
      ]
    ],
    "Tab": 0,
    "Range": [],
    "ShowRang": [],
    "Save": 1
  },
  "404": {
    "Id": 404,
    "Option": 1,
    "ColorGroup": 0,
    "Random": 100,
    "RandomType": [
      [
        1
      ]
    ],
    "Tab": 303,
    "Range": [],
    "ShowRang": [],
    "Save": 1
  },
  "40401": {
    "Id": 40401,
    "Option": 2,
    "ColorGroup": 0,
    "Random": 100,
    "RandomType": [
      [
        2,
        2,
        8
      ]
    ],
    "Tab": 0,
    "Range": [
      0.1,
      0.9
    ],
    "ShowRang": [],
    "Save": 1
  },
  "40402": {
    "Id": 40402,
    "Option": 2,
    "ColorGroup": 0,
    "Random": 100,
    "RandomType": [
      [
        2,
        1,
        9
      ]
    ],
    "Tab": 0,
    "Range": [
      0.0,
      1.0
    ],
    "ShowRang": [],
    "Save": 1
  },
  "403": {
    "Id": 403,
    "Option": 1,
    "ColorGroup": 0,
    "Random": 100,
    "RandomType": [
      [
        1
      ]
    ],
    "Tab": 304,
    "Range": [],
    "ShowRang": [],
    "Save": 1
  },
  "40301": {
    "Id": 40301,
    "Option": 3,
    "ColorGroup": 1,
    "Random": 100,
    "RandomType": [
      [
        10,
        10101
      ],
      [
        103,
        10101,
        30
      ]
    ],
    "Tab": 0,
    "Range": [],
    "ShowRang": [],
    "Save": 1
  },
  "301": {
    "Id": 301,
    "Option": 1,
    "ColorGroup": 0,
    "Random": 100,
    "RandomType": [
      [
        1
      ]
    ],
    "Tab": 305,
    "Range": [],
    "ShowRang": [],
    "Save": 1
  },
  "30101": {
    "Id": 30101,
    "Option": 4,
    "ColorGroup": 0,
    "Random": 25,
    "RandomType": [
      [
        4
      ]
    ],
    "Tab": 0,
    "Range": [],
    "ShowRang": [],
    "Save": 1
  },
  "30102": {
    "Id": 30102,
    "Option": 4,
    "ColorGroup": 0,
    "Random": 0,
    "RandomType": [
      [
        4
      ]
    ],
    "Tab": 0,
    "Range": [],
    "ShowRang": [],
    "Save": 1
  },
  "30103": {
    "Id": 30103,
    "Option": 3,
    "ColorGroup": 4,
    "Random": 100,
    "RandomType": [
      [
        3
      ]
    ],
    "Tab": 0,
    "Range": [],
    "ShowRang": [],
    "Save": 1
  },
  "30104": {
    "Id": 30104,
    "Option": 3,
    "ColorGroup": 4,
    "Random": 0,
    "RandomType": [
      [
        10,
        30102
      ],
      [
        3
      ]
    ],
    "Tab": 0,
    "Range": [],
    "ShowRang": [],
    "Save": 1
  },
  "30105": {
    "Id": 30105,
    "Option": 3,
    "ColorGroup": 4,
    "Random": 0,
    "RandomType": [
      [
        10,
        30102
      ],
      [
        3
      ]
    ],
    "Tab": 0,
    "Range": [],
    "ShowRang": [],
    "Save": 1
  },
  "30106": {
    "Id": 30106,
    "Option": 3,
    "ColorGroup": 4,
    "Random": 0,
    "RandomType": [
      [
        10,
        30102
      ],
      [
        3
      ]
    ],
    "Tab": 0,
    "Range": [],
    "ShowRang": [],
    "Save": 1
  },
  "30107": {
    "Id": 30107,
    "Option": 3,
    "ColorGroup": 4,
    "Random": 100,
    "RandomType": [
      [
        10,
        30101
      ],
      [
        3
      ]
    ],
    "Tab": 0,
    "Range": [],
    "ShowRang": [],
    "Save": 1
  },
  "30108": {
    "Id": 30108,
    "Option": 3,
    "ColorGroup": 4,
    "Random": 0,
    "RandomType": [
      [
        10,
        30101
      ],
      [
        10,
        30102
      ],
      [
        3
      ]
    ],
    "Tab": 0,
    "Range": [],
    "ShowRang": [],
    "Save": 1
  },
  "30109": {
    "Id": 30109,
    "Option": 3,
    "ColorGroup": 4,
    "Random": 0,
    "RandomType": [
      [
        10,
        30101
      ],
      [
        10,
        30102
      ],
      [
        3
      ]
    ],
    "Tab": 0,
    "Range": [],
    "ShowRang": [],
    "Save": 1
  },
  "30110": {
    "Id": 30110,
    "Option": 3,
    "ColorGroup": 4,
    "Random": 0,
    "RandomType": [
      [
        10,
        30101
      ],
      [
        10,
        30102
      ],
      [
        3
      ]
    ],
    "Tab": 0,
    "Range": [],
    "ShowRang": [],
    "Save": 1
  },
  "30111": {
    "Id": 30111,
    "Option": 2,
    "ColorGroup": 0,
    "Random": 0,
    "RandomType": [],
    "Tab": 0,
    "Range": [
      -0.2,
      0.2
    ],
    "ShowRang": [],
    "Save": 1
  },
  "30112": {
    "Id": 30112,
    "Option": 2,
    "ColorGroup": 0,
    "Random": 0,
    "RandomType": [],
    "Tab": 0,
    "Range": [
      -0.05,
      0.05
    ],
    "ShowRang": [],
    "Save": 1
  },
  "405": {
    "Id": 405,
    "Option": 1,
    "ColorGroup": 0,
    "Random": 100,
    "RandomType": [
      [
        1
      ]
    ],
    "Tab": 306,
    "Range": [],
    "ShowRang": [],
    "Save": 1
  },
  "40501": {
    "Id": 40501,
    "Option": 2,
    "ColorGroup": 0,
    "Random": 100,
    "RandomType": [
      [
        2,
        1,
        3
      ]
    ],
    "Tab": 0,
    "Range": [
      0.0,
      0.3
    ],
    "ShowRang": [],
    "Save": 1
  },
  "406": {
    "Id": 406,
    "Option": 1,
    "ColorGroup": 0,
    "Random": 100,
    "RandomType": [
      [
        1
      ]
    ],
    "Tab": 307,
    "Range": [],
    "ShowRang": [],
    "Save": 1
  },
  "407": {
    "Id": 407,
    "Option": 1,
    "ColorGroup": 0,
    "Random": 0,
    "RandomType": [
      [
        1
      ]
    ],
    "Tab": 401,
    "Range": [],
    "ShowRang": [],
    "Save": 1
  },
  "40701": {
    "Id": 40701,
    "Option": 3,
    "ColorGroup": 1,
    "Random": 100,
    "RandomType": [
      [
        10,
        407
      ],
      [
        3
      ]
    ],
    "Tab": 0,
    "Range": [],
    "ShowRang": [],
    "Save": 1
  },
  "408": {
    "Id": 408,
    "Option": 1,
    "ColorGroup": 0,
    "Random": 0,
    "RandomType": [
      [
        1
      ]
    ],
    "Tab": 402,
    "Range": [],
    "ShowRang": [],
    "Save": 1
  },
  "40801": {
    "Id": 40801,
    "Option": 3,
    "ColorGroup": 3,
    "Random": 100,
    "RandomType": [
      [
        10,
        408
      ],
      [
        3
      ]
    ],
    "Tab": 0,
    "Range": [],
    "ShowRang": [],
    "Save": 1
  },
  "409": {
    "Id": 409,
    "Option": 1,
    "ColorGroup": 0,
    "Random": 0,
    "RandomType": [
      [
        1
      ]
    ],
    "Tab": 308,
    "Range": [],
    "ShowRang": [],
    "Save": 1
  },
  "40901": {
    "Id": 40901,
    "Option": 3,
    "ColorGroup": 1,
    "Random": 100,
    "RandomType": [
      [
        10,
        409
      ],
      [
        3
      ]
    ],
    "Tab": 0,
    "Range": [],
    "ShowRang": [],
    "Save": 1
  },
  "410": {
    "Id": 410,
    "Option": 1,
    "ColorGroup": 0,
    "Random": 0,
    "RandomType": [
      [
        1
      ]
    ],
    "Tab": 309,
    "Range": [],
    "ShowRang": [],
    "Save": 1
  },
  "201": {
    "Id": 201,
    "Option": 1,
    "ColorGroup": 0,
    "Random": 10,
    "RandomType": [
      [
        1
      ]
    ],
    "Tab": 403,
    "Range": [],
    "ShowRang": [],
    "Save": 1
  },
  "20101": {
    "Id": 20101,
    "Option": 2,
    "ColorGroup": 0,
    "Random": 0,
    "RandomType": [
      [
        10,
        201
      ],
      [
        2,
        0,
        10
      ]
    ],
    "Tab": 0,
    "Range": [
      -1.0,
      1.0
    ],
    "ShowRang": [],
    "Save": 1
  },
  "20102": {
    "Id": 20102,
    "Option": 2,
    "ColorGroup": 0,
    "Random": 0,
    "RandomType": [
      [
        10,
        201
      ],
      [
        2,
        0,
        10
      ]
    ],
    "Tab": 0,
    "Range": [
      -1.0,
      1.0
    ],
    "ShowRang": [],
    "Save": 1
  },
  "20103": {
    "Id": 20103,
    "Option": 2,
    "ColorGroup": 0,
    "Random": 0,
    "RandomType": [
      [
        10,
        201
      ],
      [
        2,
        0,
        10
      ]
    ],
    "Tab": 0,
    "Range": [
      -1.0,
      1.0
    ],
    "ShowRang": [
      0.0,
      10.0
    ],
    "Save": 1
  },
  "20104": {
    "Id": 20104,
    "Option": 2,
    "ColorGroup": 0,
    "Random": 0,
    "RandomType": [
      [
        10,
        201
      ],
      [
        2,
        0,
        10
      ]
    ],
    "Tab": 0,
    "Range": [
      -1.0,
      1.0
    ],
    "ShowRang": [
      0.0,
      10.0
    ],
    "Save": 1
  },
  "20105": {
    "Id": 20105,
    "Option": 4,
    "ColorGroup": 0,
    "Random": 0,
    "RandomType": [
      [
        10,
        201
      ],
      [
        4
      ]
    ],
    "Tab": 0,
    "Range": [],
    "ShowRang": [],
    "Save": 1
  },
  "20106": {
    "Id": 20106,
    "Option": 3,
    "ColorGroup": 1,
    "Random": 0,
    "RandomType": [
      [
        10,
        201
      ],
      [
        3
      ]
    ],
    "Tab": 0,
    "Range": [],
    "ShowRang": [],
    "Save": 1
  },
  "202": {
    "Id": 202,
    "Option": 1,
    "ColorGroup": 0,
    "Random": 10,
    "RandomType": [
      [
        1
      ]
    ],
    "Tab": 404,
    "Range": [],
    "ShowRang": [],
    "Save": 1
  },
  "20201": {
    "Id": 20201,
    "Option": 2,
    "ColorGroup": 0,
    "Random": 0,
    "RandomType": [
      [
        10,
        201
      ],
      [
        2,
        0,
        10
      ]
    ],
    "Tab": 0,
    "Range": [
      -1.0,
      1.0
    ],
    "ShowRang": [],
    "Save": 1
  },
  "20202": {
    "Id": 20202,
    "Option": 2,
    "ColorGroup": 0,
    "Random": 0,
    "RandomType": [
      [
        10,
        201
      ],
      [
        2,
        0,
        10
      ]
    ],
    "Tab": 0,
    "Range": [
      -1.0,
      1.0
    ],
    "ShowRang": [],
    "Save": 1
  },
  "20203": {
    "Id": 20203,
    "Option": 2,
    "ColorGroup": 0,
    "Random": 0,
    "RandomType": [
      [
        10,
        201
      ],
      [
        2,
        0,
        10
      ]
    ],
    "Tab": 0,
    "Range": [
      -1.0,
      1.0
    ],
    "ShowRang": [
      0.0,
      10.0
    ],
    "Save": 1
  },
  "20204": {
    "Id": 20204,
    "Option": 2,
    "ColorGroup": 0,
    "Random": 0,
    "RandomType": [
      [
        10,
        201
      ],
      [
        2,
        0,
        10
      ]
    ],
    "Tab": 0,
    "Range": [
      -1.0,
      1.0
    ],
    "ShowRang": [
      0.0,
      10.0
    ],
    "Save": 1
  },
  "20205": {
    "Id": 20205,
    "Option": 4,
    "ColorGroup": 0,
    "Random": 0,
    "RandomType": [
      [
        10,
        201
      ],
      [
        4
      ]
    ],
    "Tab": 0,
    "Range": [],
    "ShowRang": [],
    "Save": 1
  },
  "20206": {
    "Id": 20206,
    "Option": 3,
    "ColorGroup": 1,
    "Random": 0,
    "RandomType": [
      [
        10,
        201
      ],
      [
        3
      ]
    ],
    "Tab": 0,
    "Range": [],
    "ShowRang": [],
    "Save": 1
  }
}