{
  "101": {
    "Id": 101,
    "Des": "输出位1孔—通用1",
    "HoleIcon": "ui/atlas/item/c_tab_icon/com_icon_tab_105",
    "Unlock": [],
    "UnlockConsume": [],
    "Fantasytype": 5
  },
  "102": {
    "Id": 102,
    "Des": "输出位2孔—输出",
    "HoleIcon": "ui/atlas/item/c_tab_icon/com_icon_tab_102",
    "Unlock": [],
    "UnlockConsume": [],
    "Fantasytype": 1
  },
  "103": {
    "Id": 103,
    "Des": "输出位3孔—输出",
    "HoleIcon": "ui/atlas/item/c_tab_icon/com_icon_tab_102",
    "Unlock": [],
    "UnlockConsume": [],
    "Fantasytype": 1
  },
  "104": {
    "Id": 104,
    "Des": "输出位4孔—通用2",
    "HoleIcon": "ui/atlas/item/c_tab_icon/com_icon_tab_106",
    "Unlock": [],
    "UnlockConsume": [],
    "Fantasytype": 6
  },
  "105": {
    "Id": 105,
    "Des": "输出位5孔—辅助",
    "HoleIcon": "ui/atlas/item/c_tab_icon/com_icon_tab_103",
    "Unlock": [],
    "UnlockConsume": [],
    "Fantasytype": 2
  },
  "106": {
    "Id": 106,
    "Des": "输出位6孔—生存",
    "HoleIcon": "ui/atlas/item/c_tab_icon/com_icon_tab_104",
    "Unlock": [],
    "UnlockConsume": [],
    "Fantasytype": 3
  },
  "201": {
    "Id": 201,
    "Des": "辅助位1孔—通用1",
    "HoleIcon": "ui/atlas/item/c_tab_icon/com_icon_tab_105",
    "Unlock": [],
    "UnlockConsume": [],
    "Fantasytype": 5
  },
  "202": {
    "Id": 202,
    "Des": "辅助位2孔—辅助",
    "HoleIcon": "ui/atlas/item/c_tab_icon/com_icon_tab_103",
    "Unlock": [],
    "UnlockConsume": [],
    "Fantasytype": 2
  },
  "203": {
    "Id": 203,
    "Des": "辅助位3孔—辅助",
    "HoleIcon": "ui/atlas/item/c_tab_icon/com_icon_tab_103",
    "Unlock": [],
    "UnlockConsume": [],
    "Fantasytype": 2
  },
  "204": {
    "Id": 204,
    "Des": "辅助位4孔—通用2",
    "HoleIcon": "ui/atlas/item/c_tab_icon/com_icon_tab_106",
    "Unlock": [],
    "UnlockConsume": [],
    "Fantasytype": 6
  },
  "205": {
    "Id": 205,
    "Des": "辅助位5孔—输出",
    "HoleIcon": "ui/atlas/item/c_tab_icon/com_icon_tab_102",
    "Unlock": [],
    "UnlockConsume": [],
    "Fantasytype": 1
  },
  "206": {
    "Id": 206,
    "Des": "辅助位6孔—生存",
    "HoleIcon": "ui/atlas/item/c_tab_icon/com_icon_tab_104",
    "Unlock": [],
    "UnlockConsume": [],
    "Fantasytype": 3
  },
  "301": {
    "Id": 301,
    "Des": "生存位1孔—通用1",
    "HoleIcon": "ui/atlas/item/c_tab_icon/com_icon_tab_105",
    "Unlock": [],
    "UnlockConsume": [],
    "Fantasytype": 5
  },
  "302": {
    "Id": 302,
    "Des": "生存位2孔—生存",
    "HoleIcon": "ui/atlas/item/c_tab_icon/com_icon_tab_104",
    "Unlock": [],
    "UnlockConsume": [],
    "Fantasytype": 3
  },
  "303": {
    "Id": 303,
    "Des": "生存位3孔—生存",
    "HoleIcon": "ui/atlas/item/c_tab_icon/com_icon_tab_104",
    "Unlock": [],
    "UnlockConsume": [],
    "Fantasytype": 3
  },
  "304": {
    "Id": 304,
    "Des": "生存位4孔—通用2",
    "HoleIcon": "ui/atlas/item/c_tab_icon/com_icon_tab_106",
    "Unlock": [],
    "UnlockConsume": [],
    "Fantasytype": 6
  },
  "305": {
    "Id": 305,
    "Des": "生存位5孔—输出",
    "HoleIcon": "ui/atlas/item/c_tab_icon/com_icon_tab_102",
    "Unlock": [],
    "UnlockConsume": [],
    "Fantasytype": 1
  },
  "306": {
    "Id": 306,
    "Des": "生存位6孔—辅助",
    "HoleIcon": "ui/atlas/item/c_tab_icon/com_icon_tab_103",
    "Unlock": [],
    "UnlockConsume": [],
    "Fantasytype": 2
  }
}