{
  "5110001": {
    "Id": 5110001,
    "Name": "Blooming Chaos",
    "FantasyType": 1,
    "FantasyArt": "ui/textures/mod/mod_big_card_mlzh",
    "FantasyTips": "ui/textures/mod_tips/mod_card_wide_mlzh",
    "ResTemplateId": [
      [
        3,
        2300010,
        1
      ]
    ],
    "BuffValueKey": [
      [
        "attrId",
        "attr"
      ]
    ],
    "BuffPar": [
      [
        13212,
        1500
      ]
    ],
    "IsOnly": false
  },
  "5110002": {
    "Id": 5110002,
    "Name": "Sneak Attack",
    "FantasyType": 1,
    "FantasyArt": "ui/textures/mod/mod_big_card_anjiang",
    "FantasyTips": "ui/textures/mod_tips/mod_big_card_anjiang",
    "ResTemplateId": [
      [
        3,
        2300020,
        1
      ]
    ],
    "BuffValueKey": [
      [
        "attrId",
        "attr"
      ]
    ],
    "BuffPar": [
      [
        90081,
        1500
      ]
    ],
    "IsOnly": false
  },
  "5110003": {
    "Id": 5110003,
    "Name": "Will of the Muku King",
    "FantasyType": 1,
    "FantasyArt": "ui/textures/mod/mod_big_card_haimuwang",
    "FantasyTips": "ui/textures/mod_tips/mod_big_card_haimuwang",
    "ResTemplateId": [
      [
        3,
        2300030,
        1
      ]
    ],
    "BuffValueKey": [
      [
        "fightRes",
        "cd",
        "tagId"
      ]
    ],
    "BuffPar": [
      [
        10,
        15000,
        18
      ]
    ],
    "IsOnly": false
  },
  "5110004": {
    "Id": 5110004,
    "Name": "Breath Piercing Desperation",
    "FantasyType": 1,
    "FantasyArt": "ui/textures/mod/mod_big_card_bosstuxi",
    "FantasyTips": "ui/textures/mod_tips/mod_big_card_bosstuxi",
    "ResTemplateId": [
      [
        3,
        2300040,
        1
      ]
    ],
    "BuffValueKey": [
      [
        "prob",
        "cd",
        "tagId"
      ]
    ],
    "BuffPar": [
      [
        1000,
        8000,
        17
      ]
    ],
    "IsOnly": false
  },
  "5110005": {
    "Id": 5110005,
    "Name": "Orc's Outburst",
    "FantasyType": 1,
    "FantasyArt": "ui/textures/mod/mod_big_card_aokebaoli",
    "FantasyTips": "ui/textures/mod_tips/mod_big_card_aokebaoli",
    "ResTemplateId": [
      [
        3,
        2300050,
        1
      ]
    ],
    "BuffValueKey": [
      [
        "prob",
        "attrId",
        "attr",
        "time",
        "tagId"
      ]
    ],
    "BuffPar": [
      [
        1000,
        15102,
        1500,
        8000,
        17
      ]
    ],
    "IsOnly": false
  },
  "5110006": {
    "Id": 5110006,
    "Name": "Elemental Out of Control",
    "FantasyType": 1,
    "FantasyArt": "ui/textures/mod/mod_big_card_yuansubaozou",
    "FantasyTips": "ui/textures/mod_tips/mod_big_card_yuansubaozou",
    "ResTemplateId": [
      [
        3,
        2300060,
        1
      ]
    ],
    "BuffValueKey": [
      [
        "attrIdA",
        "attrA",
        "attrIdB",
        "attrB"
      ]
    ],
    "BuffPar": [
      [
        15102,
        1500,
        15102,
        1500
      ]
    ],
    "IsOnly": false
  },
  "5110007": {
    "Id": 5110007,
    "Name": "Fall! Fall!",
    "FantasyType": 1,
    "FantasyArt": "ui/textures/mod/mod_big_card_bcshirenmo",
    "FantasyTips": "ui/textures/mod_tips/mod_big_card_bcshirenmo",
    "ResTemplateId": [
      [
        3,
        2300070,
        1
      ]
    ],
    "BuffValueKey": [
      [
        "attrId",
        "attr",
        "time"
      ]
    ],
    "BuffPar": [
      [
        15102,
        1500,
        8000
      ]
    ],
    "IsOnly": false
  },
  "5110008": {
    "Id": 5110008,
    "Name": "You think you're dancing?",
    "FantasyType": 1,
    "FantasyArt": "ui/textures/mod/mod_big_card_jufugbl",
    "FantasyTips": "ui/textures/mod_tips/mod_big_card_jufugbl",
    "ResTemplateId": [
      [
        3,
        2300080,
        1
      ]
    ],
    "BuffValueKey": [
      [
        "attrId",
        "attr",
        "time"
      ]
    ],
    "BuffPar": [
      [
        15102,
        175,
        3000
      ]
    ],
    "IsOnly": false
  },
  "5110009": {
    "Id": 5110009,
    "Name": "No Mercy",
    "FantasyType": 1,
    "FantasyArt": "ui/textures/mod/mod_big_card_bossdina",
    "FantasyTips": "ui/textures/mod_tips/mod_big_card_bossdina",
    "ResTemplateId": [
      [
        3,
        2300090,
        1
      ]
    ],
    "BuffValueKey": [
      [
        "attrId",
        "attr",
        "time",
        "tagId"
      ]
    ],
    "BuffPar": [
      [
        12152,
        1500,
        8000,
        17
      ]
    ],
    "IsOnly": false
  },
  "5110010": {
    "Id": 5110010,
    "Name": "Chaotic Variations",
    "FantasyType": 1,
    "FantasyArt": "ui/textures/mod/mod_big_card_bianzou",
    "FantasyTips": "ui/textures/mod_tips/mod_big_card_bianzou",
    "ResTemplateId": [
      [
        3,
        2300100,
        1
      ]
    ],
    "BuffValueKey": [
      [
        "attrId",
        "attr",
        "time"
      ]
    ],
    "BuffPar": [
      [
        12152,
        1500,
        8000
      ]
    ],
    "IsOnly": false
  },
  "5120001": {
    "Id": 5120001,
    "Name": "\"Fix, All, Mistakes\"",
    "FantasyType": 2,
    "FantasyArt": "ui/textures/mod/mod_big_card_zhuzhanjixiang",
    "FantasyTips": "ui/textures/mod_tips/mod_big_card_zhuzhanjixiang",
    "ResTemplateId": [
      [
        3,
        2320010,
        1
      ]
    ],
    "BuffValueKey": [
      [
        "attrId",
        "attr",
        "time",
        "tagId"
      ]
    ],
    "BuffPar": [
      [
        13012,
        1500,
        8000,
        15
      ]
    ],
    "IsOnly": false
  },
  "5120002": {
    "Id": 5120002,
    "Name": "Day after day of waiting",
    "FantasyType": 2,
    "FantasyArt": "ui/textures/mod/mod_big_card_fengche",
    "FantasyTips": "ui/textures/mod_tips/mod_big_card_fengche",
    "ResTemplateId": [
      [
        3,
        2320020,
        1
      ]
    ],
    "BuffValueKey": [
      [
        "fightRes",
        "cd",
        "tagId"
      ]
    ],
    "BuffPar": [
      [
        10,
        15000,
        15
      ]
    ],
    "IsOnly": false
  },
  "5120003": {
    "Id": 5120003,
    "Name": "The unfinished journey",
    "FantasyType": 2,
    "FantasyArt": "ui/textures/mod/mod_big_card_juedouqian",
    "FantasyTips": "ui/textures/mod_tips/mod_big_card_juedouqian",
    "ResTemplateId": [
      [
        3,
        2320030,
        1
      ]
    ],
    "BuffValueKey": [
      [
        "prob",
        "attrId",
        "attr"
      ]
    ],
    "BuffPar": [
      [
        2000,
        13012,
        1500
      ]
    ],
    "IsOnly": false
  },
  "5120004": {
    "Id": 5120004,
    "Name": "Guarding through the years",
    "FantasyType": 2,
    "FantasyArt": "ui/textures/mod/mod_big_card_tielv",
    "FantasyTips": "ui/textures/mod_tips/mod_big_card_tielv",
    "ResTemplateId": [
      [
        3,
        2320040,
        1
      ]
    ],
    "BuffValueKey": [
      [
        "attrId",
        "attr"
      ]
    ],
    "BuffPar": [
      [
        13082,
        400
      ]
    ],
    "IsOnly": false
  },
  "5120005": {
    "Id": 5120005,
    "Name": "Territorial Awareness",
    "FantasyType": 2,
    "FantasyArt": "ui/textures/mod/mod_big_card_chandou",
    "FantasyTips": "ui/textures/mod_tips/mod_big_card_chandou",
    "ResTemplateId": [
      [
        3,
        2320050,
        1
      ]
    ],
    "BuffValueKey": [
      [
        "attrId",
        "attr"
      ]
    ],
    "BuffPar": [
      [
        13012,
        1500
      ]
    ],
    "IsOnly": false
  },
  "5120006": {
    "Id": 5120006,
    "Name": "Land of Engram",
    "FantasyType": 2,
    "FantasyArt": "ui/textures/mod/mod_big_card_jixiangjinjun",
    "FantasyTips": "ui/textures/mod_tips/mod_big_card_jixiangjinjun",
    "ResTemplateId": [
      [
        3,
        2320060,
        1
      ]
    ],
    "BuffValueKey": [
      [
        "attrId",
        "attr",
        "time",
        "tagId"
      ]
    ],
    "BuffPar": [
      [
        12114,
        1000,
        8000,
        1006
      ]
    ],
    "IsOnly": false
  },
  "5120007": {
    "Id": 5120007,
    "Name": "Vertical Planning Theory",
    "FantasyType": 2,
    "FantasyArt": "ui/textures/mod/mod_big_card_shenji",
    "FantasyTips": "ui/textures/mod_tips/mod_big_card_shenji",
    "ResTemplateId": [
      [
        3,
        2320070,
        1
      ]
    ],
    "BuffValueKey": [
      [
        "attrId",
        "attr",
        "time",
        "tagId"
      ]
    ],
    "BuffPar": [
      [
        15102,
        750,
        8000,
        1006
      ]
    ],
    "IsOnly": false
  },
  "5120008": {
    "Id": 5120008,
    "Name": "Flexible Dodder Grass",
    "FantasyType": 2,
    "FantasyArt": "ui/textures/mod/mod_big_card_gblzhiwang",
    "FantasyTips": "ui/textures/mod_tips/mod_big_card_gblzhiwang",
    "ResTemplateId": [
      [
        3,
        2320080,
        1
      ]
    ],
    "BuffValueKey": [
      [
        "attrId",
        "attr",
        "time"
      ]
    ],
    "BuffPar": [
      [
        13012,
        175,
        3000
      ]
    ],
    "IsOnly": false
  },
  "5120009": {
    "Id": 5120009,
    "Name": "Revive! Flower of Peace",
    "FantasyType": 2,
    "FantasyArt": "ui/textures/mod/mod_big_card_baquanjixiang",
    "FantasyTips": "ui/textures/mod_tips/mod_big_card_baquanjixiang",
    "ResTemplateId": [
      [
        3,
        2320090,
        1
      ]
    ],
    "BuffValueKey": [
      [
        "hpPct",
        "attrId",
        "attrSub",
        "attrAdd"
      ]
    ],
    "BuffPar": [
      [
        5000,
        13012,
        3000,
        1500
      ]
    ],
    "IsOnly": false
  },
  "5120010": {
    "Id": 5120010,
    "Name": "Set off at full capacity!",
    "FantasyType": 2,
    "FantasyArt": "ui/textures/mod/mod_big_card_fengzhipingzhang",
    "FantasyTips": "ui/textures/mod_tips/mod_big_card_fengzhipingzhang",
    "ResTemplateId": [
      [
        3,
        2320100,
        1
      ]
    ],
    "BuffValueKey": [
      [
        "attrId",
        "attr",
        "layerMax"
      ]
    ],
    "BuffPar": [
      [
        13082,
        175,
        10
      ]
    ],
    "IsOnly": false
  },
  "5130001": {
    "Id": 5130001,
    "Name": "The Proudly Standing Miracle",
    "FantasyType": 3,
    "FantasyArt": "ui/textures/mod/mod_big_card_wuyinzhidu",
    "FantasyTips": "ui/textures/mod_tips/mod_big_card_wuyinzhidu",
    "ResTemplateId": [
      [
        3,
        2310010,
        1
      ]
    ],
    "BuffValueKey": [
      [
        "attrId",
        "attr"
      ]
    ],
    "BuffPar": [
      [
        13052,
        25000
      ]
    ],
    "IsOnly": false
  },
  "5130002": {
    "Id": 5130002,
    "Name": "Evidence of the Wind's Existence",
    "FantasyType": 3,
    "FantasyArt": "ui/textures/mod/mod_big_card_shouhou",
    "FantasyTips": "ui/textures/mod_tips/mod_big_card_shouhou",
    "ResTemplateId": [
      [
        3,
        2310020,
        1
      ]
    ],
    "BuffValueKey": [
      [
        "cd"
      ]
    ],
    "BuffPar": [
      [
        25000
      ]
    ],
    "IsOnly": false
  },
  "5130003": {
    "Id": 5130003,
    "Name": "Duel! Until the Point!",
    "FantasyType": 3,
    "FantasyArt": "ui/textures/mod/mod_big_card_yuanxing",
    "FantasyTips": "ui/textures/mod_tips/mod_big_card_yuanxing",
    "ResTemplateId": [
      [
        3,
        2310030,
        1
      ]
    ],
    "BuffValueKey": [
      [
        "fightRes",
        "cd"
      ]
    ],
    "BuffPar": [
      [
        10,
        15000
      ]
    ],
    "IsOnly": false
  },
  "5130004": {
    "Id": 5130004,
    "Name": "Iron Law",
    "FantasyType": 3,
    "FantasyArt": "ui/textures/mod/mod_big_card_shouhu",
    "FantasyTips": "ui/textures/mod_tips/mod_big_card_shouhu",
    "ResTemplateId": [
      [
        3,
        2310040,
        1
      ]
    ],
    "BuffValueKey": [
      [
        "prob",
        "attr",
        "time",
        "cd",
        "shieldPct"
      ]
    ],
    "BuffPar": [
      [
        2000,
        750,
        15000,
        15000,
        5000
      ]
    ],
    "IsOnly": false
  },
  "5130005": {
    "Id": 5130005,
    "Name": "Tremble! Tremble!",
    "FantasyType": 3,
    "FantasyArt": "ui/textures/mod/mod_big_card_lingdiyishi",
    "FantasyTips": "ui/textures/mod_tips/mod_big_card_lingdiyishi",
    "ResTemplateId": [
      [
        3,
        2310050,
        1
      ]
    ],
    "BuffValueKey": [
      [
        "attrId",
        "attr",
        "layerMax",
        "tagId"
      ]
    ],
    "BuffPar": [
      [
        13062,
        175,
        10,
        14
      ]
    ],
    "IsOnly": false
  },
  "5130006": {
    "Id": 5130006,
    "Name": "March like a machine",
    "FantasyType": 3,
    "FantasyArt": "ui/textures/mod/mod_big_card_xingyuanzhidi",
    "FantasyTips": "ui/textures/mod_tips/mod_big_card_xingyuanzhidi",
    "ResTemplateId": [
      [
        3,
        2310060,
        1
      ]
    ],
    "BuffValueKey": [
      [
        "attrIdA",
        "attrA",
        "attrIdB",
        "attrB",
        "time",
        "tagId"
      ]
    ],
    "BuffPar": [
      [
        15122,
        250,
        15102,
        500,
        15000,
        14
      ]
    ],
    "IsOnly": false
  },
  "5130007": {
    "Id": 5130007,
    "Name": "Bound to fight more courageously",
    "FantasyType": 3,
    "FantasyArt": "ui/textures/mod/mod_big_card_kexuesuanfa",
    "FantasyTips": "ui/textures/mod_tips/mod_big_card_kexuesuanfa",
    "ResTemplateId": [
      [
        3,
        2310070,
        1
      ]
    ],
    "BuffValueKey": [
      [
        "prob",
        "probAdd",
        "time",
        "attrId",
        "attr"
      ]
    ],
    "BuffPar": [
      [
        1000,
        1000,
        8000,
        13062,
        1500
      ]
    ],
    "IsOnly": false
  },
  "5130008": {
    "Id": 5130008,
    "Name": "Flames, devour them!",
    "FantasyType": 3,
    "FantasyArt": "ui/textures/mod/mod_big_card_tusicao",
    "FantasyTips": "ui/textures/mod_tips/mod_big_card_tusicao",
    "ResTemplateId": [
      [
        3,
        2310080,
        1
      ]
    ],
    "BuffValueKey": [
      [
        "attrId",
        "attr",
        "attrMax"
      ]
    ],
    "BuffPar": [
      [
        15122,
        150,
        750
      ]
    ],
    "IsOnly": false
  },
  "5130009": {
    "Id": 5130009,
    "Name": "Unshakable steel Sigil",
    "FantasyType": 3,
    "FantasyArt": "ui/textures/mod/mod_big_card_banshengzhihua",
    "FantasyTips": "ui/textures/mod_tips/mod_big_card_banshengzhihua",
    "ResTemplateId": [
      [
        3,
        2310090,
        1
      ]
    ],
    "BuffValueKey": [
      [
        "attrId",
        "attr",
        "time",
        "tagId"
      ]
    ],
    "BuffPar": [
      [
        15122,
        500,
        8000,
        1006
      ]
    ],
    "IsOnly": false
  },
  "5130010": {
    "Id": 5130010,
    "Name": "Approach me at your own risk!",
    "FantasyType": 3,
    "FantasyArt": "ui/textures/mod/mod_big_card_xiuqidi",
    "FantasyTips": "ui/textures/mod_tips/mod_big_card_xiuqidi",
    "ResTemplateId": [
      [
        3,
        2310100,
        1
      ]
    ],
    "BuffValueKey": [
      [
        "prob"
      ]
    ],
    "BuffPar": [
      [
        1000
      ]
    ],
    "IsOnly": false
  },
  "5140001": {
    "Id": 5140001,
    "Name": "Caprahorn's counterattack",
    "FantasyType": 5,
    "FantasyArt": "ui/textures/mod/mod_big_card_jiaoyang",
    "FantasyTips": "ui/textures/mod_tips/mod_big_card_jiaoyang",
    "ResTemplateId": [
      [
        3,
        2330010,
        1
      ]
    ],
    "BuffValueKey": [
      [
        "attrId",
        "attr"
      ]
    ],
    "BuffPar": [
      [
        15102,
        1750
      ]
    ],
    "IsOnly": false
  },
  "5140002": {
    "Id": 5140002,
    "Name": "Troublemaker!",
    "FantasyType": 5,
    "FantasyArt": "ui/textures/mod/mod_big_card_lvduozhe",
    "FantasyTips": "ui/textures/mod_tips/mod_big_card_lvduozhe",
    "ResTemplateId": [
      [
        3,
        2330020,
        1
      ]
    ],
    "BuffValueKey": [
      [
        "attrId",
        "attr",
        "attrMax"
      ]
    ],
    "BuffPar": [
      [
        15102,
        400,
        2000
      ]
    ],
    "IsOnly": false
  },
  "5140003": {
    "Id": 5140003,
    "Name": "Recounting past glories",
    "FantasyType": 5,
    "FantasyArt": "ui/textures/mod/mod_big_card_chenlungucheng",
    "FantasyTips": "ui/textures/mod_tips/mod_big_card_chenlungucheng",
    "ResTemplateId": [
      [
        3,
        2330030,
        1
      ]
    ],
    "BuffValueKey": [
      [
        "hpPct",
        "attrId",
        "attr"
      ]
    ],
    "BuffPar": [
      [
        5000,
        15102,
        1500
      ]
    ],
    "IsOnly": false
  },
  "5140004": {
    "Id": 5140004,
    "Name": "Darkest hour",
    "FantasyType": 5,
    "FantasyArt": "ui/textures/mod/mod_big_card_zhianshike",
    "FantasyTips": "ui/textures/mod_tips/mod_big_card_zhianshike",
    "ResTemplateId": [
      [
        3,
        2330040,
        1
      ]
    ],
    "BuffValueKey": [
      [
        "hpPct",
        "attrId",
        "attr"
      ]
    ],
    "BuffPar": [
      [
        3000,
        15102,
        1500
      ]
    ],
    "IsOnly": false
  },
  "5140005": {
    "Id": 5140005,
    "Name": "Absolute defense line!",
    "FantasyType": 5,
    "FantasyArt": "ui/textures/mod/mod_big_card_fangyuzhanxian",
    "FantasyTips": "ui/textures/mod_tips/mod_big_card_fangyuzhanxian",
    "ResTemplateId": [
      [
        3,
        2330050,
        1
      ]
    ],
    "BuffValueKey": [
      [
        "attrId",
        "attr"
      ]
    ],
    "BuffPar": [
      [
        15102,
        1500
      ]
    ],
    "IsOnly": false
  },
  "5140006": {
    "Id": 5140006,
    "Name": "Pure heart of protection",
    "FantasyType": 5,
    "FantasyArt": "ui/textures/mod/mod_big_card_shouhuzhixin",
    "FantasyTips": "ui/textures/mod_tips/mod_big_card_shouhuzhixin",
    "ResTemplateId": [
      [
        3,
        2330060,
        1
      ]
    ],
    "BuffValueKey": [
      [
        "hpPct",
        "attrId",
        "attr"
      ]
    ],
    "BuffPar": [
      [
        5000,
        15122,
        500
      ]
    ],
    "IsOnly": false
  },
  "5140007": {
    "Id": 5140007,
    "Name": "Trial of the ruins",
    "FantasyType": 5,
    "FantasyArt": "ui/textures/mod/mod_big_card_linzhongyiji",
    "FantasyTips": "ui/textures/mod_tips/mod_big_card_linzhongyiji",
    "ResTemplateId": [
      [
        3,
        2330070,
        1
      ]
    ],
    "BuffValueKey": [
      [
        "hpPct",
        "attrId",
        "attr"
      ]
    ],
    "BuffPar": [
      [
        3000,
        15122,
        500
      ]
    ],
    "IsOnly": false
  },
  "5140008": {
    "Id": 5140008,
    "Name": "Ancestors above, bless my heart",
    "FantasyType": 5,
    "FantasyArt": "ui/textures/mod/mod_big_card_knmbuluo",
    "FantasyTips": "ui/textures/mod_tips/mod_big_card_knmbuluo",
    "ResTemplateId": [
      [
        3,
        2330080,
        1
      ]
    ],
    "BuffValueKey": [
      [
        "attrId",
        "attr"
      ]
    ],
    "BuffPar": [
      [
        15122,
        500
      ]
    ],
    "IsOnly": false
  },
  "5140009": {
    "Id": 5140009,
    "Name": "Well-nourished!",
    "FantasyType": 5,
    "FantasyArt": "ui/textures/mod/mod_big_card_yingyangchongzu",
    "FantasyTips": "ui/textures/mod_tips/mod_big_card_yingyangchongzu",
    "ResTemplateId": [
      [
        3,
        2330090,
        1
      ]
    ],
    "BuffValueKey": [
      [
        "hpPct",
        "attrId",
        "attr"
      ]
    ],
    "BuffPar": [
      [
        5000,
        13012,
        1500
      ]
    ],
    "IsOnly": false
  },
  "5140010": {
    "Id": 5140010,
    "Name": "Melody of the sky",
    "FantasyType": 5,
    "FantasyArt": "ui/textures/mod/mod_big_card_cangqiong",
    "FantasyTips": "ui/textures/mod_tips/mod_big_card_cangqiong",
    "ResTemplateId": [
      [
        3,
        2330100,
        1
      ]
    ],
    "BuffValueKey": [
      [
        "hpPct",
        "attrId",
        "attr"
      ]
    ],
    "BuffPar": [
      [
        5000,
        13082,
        1500
      ]
    ],
    "IsOnly": false
  },
  "5150001": {
    "Id": 5150001,
    "Name": "Commander ready to strike",
    "FantasyType": 6,
    "FantasyArt": "ui/textures/mod/mod_big_card_mukebingzhang",
    "FantasyTips": "ui/textures/mod_tips/mod_big_card_mukebingzhang",
    "ResTemplateId": [
      [
        3,
        2340010,
        1
      ]
    ],
    "BuffValueKey": [
      [
        "attrId",
        "attr"
      ]
    ],
    "BuffPar": [
      [
        12002,
        25
      ]
    ],
    "IsOnly": false
  },
  "5150002": {
    "Id": 5150002,
    "Name": "Coronation of unknown power",
    "FantasyType": 6,
    "FantasyArt": "ui/textures/mod/mod_big_card_weizhijiti",
    "FantasyTips": "ui/textures/mod_tips/mod_big_card_weizhijiti",
    "ResTemplateId": [
      [
        3,
        2340020,
        1
      ]
    ],
    "BuffValueKey": [
      [
        "attrId",
        "attr"
      ]
    ],
    "BuffPar": [
      [
        12012,
        25
      ]
    ],
    "IsOnly": false
  },
  "5150003": {
    "Id": 5150003,
    "Name": "Cleric's judgment",
    "FantasyType": 6,
    "FantasyArt": "ui/textures/mod/mod_big_card_shenzhizhe",
    "FantasyTips": "ui/textures/mod_tips/mod_big_card_shenzhizhe",
    "ResTemplateId": [
      [
        3,
        2340030,
        1
      ]
    ],
    "BuffValueKey": [
      [
        "attrId",
        "attr"
      ]
    ],
    "BuffPar": [
      [
        12022,
        25
      ]
    ],
    "IsOnly": false
  },
  "5150004": {
    "Id": 5150004,
    "Name": "Eye of Kanamia",
    "FantasyType": 6,
    "FantasyArt": "ui/textures/mod/mod_big_card_kanimanlieren",
    "FantasyTips": "ui/textures/mod_tips/mod_big_card_kanimanlieren",
    "ResTemplateId": [
      [
        3,
        2340040,
        1
      ]
    ],
    "BuffValueKey": [
      [
        "attrId",
        "attr"
      ]
    ],
    "BuffPar": [
      [
        12032,
        25
      ]
    ],
    "IsOnly": false
  },
  "5150005": {
    "Id": 5150005,
    "Name": "Hunting mark",
    "FantasyType": 6,
    "FantasyArt": "ui/textures/mod/mod_big_card_shouliebiaoji",
    "FantasyTips": "ui/textures/mod_tips/mod_big_card_shouliebiaoji",
    "ResTemplateId": [
      [
        3,
        2340050,
        1
      ]
    ],
    "BuffValueKey": [
      [
        "attrId",
        "attr"
      ]
    ],
    "BuffPar": [
      [
        12042,
        25
      ]
    ],
    "IsOnly": false
  },
  "5150006": {
    "Id": 5150006,
    "Name": "Will Never Perish",
    "FantasyType": 6,
    "FantasyArt": "ui/textures/mod/mod_big_card_yiluojijia",
    "FantasyTips": "ui/textures/mod_tips/mod_big_card_yiluojijia",
    "ResTemplateId": [
      [
        3,
        2340060,
        1
      ]
    ],
    "BuffValueKey": [
      [
        "attrId",
        "attr"
      ]
    ],
    "BuffPar": [
      [
        12052,
        25
      ]
    ],
    "IsOnly": false
  },
  "5150007": {
    "Id": 5150007,
    "Name": "Can't Catch Me!",
    "FantasyType": 6,
    "FantasyArt": "ui/textures/mod/mod_big_card_jiedao",
    "FantasyTips": "ui/textures/mod_tips/mod_big_card_jiedao",
    "ResTemplateId": [
      [
        3,
        2340070,
        1
      ]
    ],
    "BuffValueKey": [
      [
        "attrId",
        "attr"
      ]
    ],
    "BuffPar": [
      [
        12142,
        1000
      ]
    ],
    "IsOnly": false
  },
  "5150008": {
    "Id": 5150008,
    "Name": "Unsinkable Hope",
    "FantasyType": 6,
    "FantasyArt": "ui/textures/mod/mod_big_card_dengta",
    "FantasyTips": "ui/textures/mod_tips/mod_big_card_dengta",
    "ResTemplateId": [
      [
        3,
        2340080,
        1
      ]
    ],
    "BuffValueKey": [
      [
        "attrId",
        "attr"
      ]
    ],
    "BuffPar": [
      [
        13312,
        5000
      ]
    ],
    "IsOnly": false
  },
  "5150009": {
    "Id": 5150009,
    "Name": "Dream Guardian Plan",
    "FantasyType": 6,
    "FantasyArt": "ui/textures/mod/mod_big_card_reqiqiu",
    "FantasyTips": "ui/textures/mod_tips/mod_big_card_reqiqiu",
    "ResTemplateId": [
      [
        3,
        2340090,
        1
      ]
    ],
    "BuffValueKey": [
      [
        "attrId",
        "attr"
      ]
    ],
    "BuffPar": [
      [
        12502,
        1000
      ]
    ],
    "IsOnly": false
  },
  "5150010": {
    "Id": 5150010,
    "Name": "Silent Nourishment",
    "FantasyType": 6,
    "FantasyArt": "ui/textures/mod/mod_big_card_shuihu",
    "FantasyTips": "ui/textures/mod_tips/mod_big_card_shuihu",
    "ResTemplateId": [
      [
        3,
        2340100,
        1
      ]
    ],
    "BuffValueKey": [
      [
        "attrId",
        "attr"
      ]
    ],
    "BuffPar": [
      [
        13082,
        1500
      ]
    ],
    "IsOnly": false
  },
  "5110101": {
    "Id": 5110101,
    "Name": "Blooming Chaos",
    "FantasyType": 1,
    "FantasyArt": "ui/textures/mod/mod_big_card_mlzh",
    "FantasyTips": "ui/textures/mod_tips/mod_card_wide_mlzh",
    "ResTemplateId": [
      [
        3,
        2300010,
        1
      ]
    ],
    "BuffValueKey": [
      [
        "attrId",
        "attr"
      ]
    ],
    "BuffPar": [
      [
        13212,
        3000
      ]
    ],
    "IsOnly": false
  },
  "5110102": {
    "Id": 5110102,
    "Name": "Sneak Attack",
    "FantasyType": 1,
    "FantasyArt": "ui/textures/mod/mod_big_card_anjiang",
    "FantasyTips": "ui/textures/mod_tips/mod_big_card_anjiang",
    "ResTemplateId": [
      [
        3,
        2300020,
        1
      ]
    ],
    "BuffValueKey": [
      [
        "attrId",
        "attr"
      ]
    ],
    "BuffPar": [
      [
        90081,
        3000
      ]
    ],
    "IsOnly": false
  },
  "5110103": {
    "Id": 5110103,
    "Name": "Will of the Muku King",
    "FantasyType": 1,
    "FantasyArt": "ui/textures/mod/mod_big_card_haimuwang",
    "FantasyTips": "ui/textures/mod_tips/mod_big_card_haimuwang",
    "ResTemplateId": [
      [
        3,
        2300030,
        1
      ]
    ],
    "BuffValueKey": [
      [
        "fightRes",
        "cd",
        "tagId"
      ]
    ],
    "BuffPar": [
      [
        25,
        15000,
        18
      ]
    ],
    "IsOnly": false
  },
  "5110104": {
    "Id": 5110104,
    "Name": "Breath Piercing Desperation",
    "FantasyType": 1,
    "FantasyArt": "ui/textures/mod/mod_big_card_bosstuxi",
    "FantasyTips": "ui/textures/mod_tips/mod_big_card_bosstuxi",
    "ResTemplateId": [
      [
        3,
        2300040,
        1
      ]
    ],
    "BuffValueKey": [
      [
        "prob",
        "cd",
        "tagId"
      ]
    ],
    "BuffPar": [
      [
        2000,
        5000,
        17
      ]
    ],
    "IsOnly": false
  },
  "5110105": {
    "Id": 5110105,
    "Name": "Orc's Outburst",
    "FantasyType": 1,
    "FantasyArt": "ui/textures/mod/mod_big_card_aokebaoli",
    "FantasyTips": "ui/textures/mod_tips/mod_big_card_aokebaoli",
    "ResTemplateId": [
      [
        3,
        2300050,
        1
      ]
    ],
    "BuffValueKey": [
      [
        "prob",
        "attrId",
        "attr",
        "time",
        "tagId"
      ]
    ],
    "BuffPar": [
      [
        1000,
        15102,
        3000,
        8000,
        17
      ]
    ],
    "IsOnly": false
  },
  "5110106": {
    "Id": 5110106,
    "Name": "Elemental Out of Control",
    "FantasyType": 1,
    "FantasyArt": "ui/textures/mod/mod_big_card_yuansubaozou",
    "FantasyTips": "ui/textures/mod_tips/mod_big_card_yuansubaozou",
    "ResTemplateId": [
      [
        3,
        2300060,
        1
      ]
    ],
    "BuffValueKey": [
      [
        "attrIdA",
        "attrA",
        "attrIdB",
        "attrB"
      ]
    ],
    "BuffPar": [
      [
        15102,
        3000,
        15102,
        3000
      ]
    ],
    "IsOnly": false
  },
  "5110107": {
    "Id": 5110107,
    "Name": "Fall! Fall!",
    "FantasyType": 1,
    "FantasyArt": "ui/textures/mod/mod_big_card_bcshirenmo",
    "FantasyTips": "ui/textures/mod_tips/mod_big_card_bcshirenmo",
    "ResTemplateId": [
      [
        3,
        2300070,
        1
      ]
    ],
    "BuffValueKey": [
      [
        "attrId",
        "attr",
        "time"
      ]
    ],
    "BuffPar": [
      [
        15102,
        3000,
        8000
      ]
    ],
    "IsOnly": false
  },
  "5110108": {
    "Id": 5110108,
    "Name": "You think you're dancing?",
    "FantasyType": 1,
    "FantasyArt": "ui/textures/mod/mod_big_card_jufugbl",
    "FantasyTips": "ui/textures/mod_tips/mod_big_card_jufugbl",
    "ResTemplateId": [
      [
        3,
        2300080,
        1
      ]
    ],
    "BuffValueKey": [
      [
        "attrId",
        "attr",
        "time"
      ]
    ],
    "BuffPar": [
      [
        15102,
        350,
        3000
      ]
    ],
    "IsOnly": false
  },
  "5110109": {
    "Id": 5110109,
    "Name": "No Mercy",
    "FantasyType": 1,
    "FantasyArt": "ui/textures/mod/mod_big_card_bossdina",
    "FantasyTips": "ui/textures/mod_tips/mod_big_card_bossdina",
    "ResTemplateId": [
      [
        3,
        2300090,
        1
      ]
    ],
    "BuffValueKey": [
      [
        "attrId",
        "attr",
        "time",
        "tagId"
      ]
    ],
    "BuffPar": [
      [
        12152,
        3000,
        8000,
        17
      ]
    ],
    "IsOnly": false
  },
  "5110110": {
    "Id": 5110110,
    "Name": "Chaotic Variations",
    "FantasyType": 1,
    "FantasyArt": "ui/textures/mod/mod_big_card_bianzou",
    "FantasyTips": "ui/textures/mod_tips/mod_big_card_bianzou",
    "ResTemplateId": [
      [
        3,
        2300100,
        1
      ]
    ],
    "BuffValueKey": [
      [
        "attrId",
        "attr",
        "time"
      ]
    ],
    "BuffPar": [
      [
        12152,
        3000,
        8000
      ]
    ],
    "IsOnly": false
  },
  "5120101": {
    "Id": 5120101,
    "Name": "\"Fix, All, Mistakes\"",
    "FantasyType": 2,
    "FantasyArt": "ui/textures/mod/mod_big_card_zhuzhanjixiang",
    "FantasyTips": "ui/textures/mod_tips/mod_big_card_zhuzhanjixiang",
    "ResTemplateId": [
      [
        3,
        2320010,
        1
      ]
    ],
    "BuffValueKey": [
      [
        "attrId",
        "attr",
        "time",
        "tagId"
      ]
    ],
    "BuffPar": [
      [
        13012,
        3000,
        8000,
        15
      ]
    ],
    "IsOnly": false
  },
  "5120102": {
    "Id": 5120102,
    "Name": "Day after day of waiting",
    "FantasyType": 2,
    "FantasyArt": "ui/textures/mod/mod_big_card_fengche",
    "FantasyTips": "ui/textures/mod_tips/mod_big_card_fengche",
    "ResTemplateId": [
      [
        3,
        2320020,
        1
      ]
    ],
    "BuffValueKey": [
      [
        "fightRes",
        "cd",
        "tagId"
      ]
    ],
    "BuffPar": [
      [
        25,
        15000,
        15
      ]
    ],
    "IsOnly": false
  },
  "5120103": {
    "Id": 5120103,
    "Name": "The unfinished journey",
    "FantasyType": 2,
    "FantasyArt": "ui/textures/mod/mod_big_card_juedouqian",
    "FantasyTips": "ui/textures/mod_tips/mod_big_card_juedouqian",
    "ResTemplateId": [
      [
        3,
        2320030,
        1
      ]
    ],
    "BuffValueKey": [
      [
        "prob",
        "attrId",
        "attr"
      ]
    ],
    "BuffPar": [
      [
        2000,
        13012,
        3000
      ]
    ],
    "IsOnly": false
  },
  "5120104": {
    "Id": 5120104,
    "Name": "Guarding through the years",
    "FantasyType": 2,
    "FantasyArt": "ui/textures/mod/mod_big_card_tielv",
    "FantasyTips": "ui/textures/mod_tips/mod_big_card_tielv",
    "ResTemplateId": [
      [
        3,
        2320040,
        1
      ]
    ],
    "BuffValueKey": [
      [
        "attrId",
        "attr"
      ]
    ],
    "BuffPar": [
      [
        13082,
        800
      ]
    ],
    "IsOnly": false
  },
  "5120105": {
    "Id": 5120105,
    "Name": "Territorial Awareness",
    "FantasyType": 2,
    "FantasyArt": "ui/textures/mod/mod_big_card_chandou",
    "FantasyTips": "ui/textures/mod_tips/mod_big_card_chandou",
    "ResTemplateId": [
      [
        3,
        2320050,
        1
      ]
    ],
    "BuffValueKey": [
      [
        "attrId",
        "attr"
      ]
    ],
    "BuffPar": [
      [
        13012,
        3000
      ]
    ],
    "IsOnly": false
  },
  "5120106": {
    "Id": 5120106,
    "Name": "Land of Engram",
    "FantasyType": 2,
    "FantasyArt": "ui/textures/mod/mod_big_card_jixiangjinjun",
    "FantasyTips": "ui/textures/mod_tips/mod_big_card_jixiangjinjun",
    "ResTemplateId": [
      [
        3,
        2320060,
        1
      ]
    ],
    "BuffValueKey": [
      [
        "attrId",
        "attr",
        "time",
        "tagId"
      ]
    ],
    "BuffPar": [
      [
        12114,
        2000,
        8000,
        1006
      ]
    ],
    "IsOnly": false
  },
  "5120107": {
    "Id": 5120107,
    "Name": "Vertical Planning Theory",
    "FantasyType": 2,
    "FantasyArt": "ui/textures/mod/mod_big_card_shenji",
    "FantasyTips": "ui/textures/mod_tips/mod_big_card_shenji",
    "ResTemplateId": [
      [
        3,
        2320070,
        1
      ]
    ],
    "BuffValueKey": [
      [
        "attrId",
        "attr",
        "time",
        "tagId"
      ]
    ],
    "BuffPar": [
      [
        15102,
        1500,
        8000,
        1006
      ]
    ],
    "IsOnly": false
  },
  "5120108": {
    "Id": 5120108,
    "Name": "Flexible Dodder Grass",
    "FantasyType": 2,
    "FantasyArt": "ui/textures/mod/mod_big_card_gblzhiwang",
    "FantasyTips": "ui/textures/mod_tips/mod_big_card_gblzhiwang",
    "ResTemplateId": [
      [
        3,
        2320080,
        1
      ]
    ],
    "BuffValueKey": [
      [
        "attrId",
        "attr",
        "time"
      ]
    ],
    "BuffPar": [
      [
        13012,
        350,
        3000
      ]
    ],
    "IsOnly": false
  },
  "5120109": {
    "Id": 5120109,
    "Name": "Revive! Flower of Peace",
    "FantasyType": 2,
    "FantasyArt": "ui/textures/mod/mod_big_card_baquanjixiang",
    "FantasyTips": "ui/textures/mod_tips/mod_big_card_baquanjixiang",
    "ResTemplateId": [
      [
        3,
        2320090,
        1
      ]
    ],
    "BuffValueKey": [
      [
        "hpPct",
        "attrId",
        "attrSub",
        "attrAdd"
      ]
    ],
    "BuffPar": [
      [
        5000,
        13012,
        3000,
        3000
      ]
    ],
    "IsOnly": false
  },
  "5120110": {
    "Id": 5120110,
    "Name": "Set off at full capacity!",
    "FantasyType": 2,
    "FantasyArt": "ui/textures/mod/mod_big_card_fengzhipingzhang",
    "FantasyTips": "ui/textures/mod_tips/mod_big_card_fengzhipingzhang",
    "ResTemplateId": [
      [
        3,
        2320100,
        1
      ]
    ],
    "BuffValueKey": [
      [
        "attrId",
        "attr",
        "layerMax"
      ]
    ],
    "BuffPar": [
      [
        13082,
        350,
        10
      ]
    ],
    "IsOnly": false
  },
  "5130101": {
    "Id": 5130101,
    "Name": "The Proudly Standing Miracle",
    "FantasyType": 3,
    "FantasyArt": "ui/textures/mod/mod_big_card_wuyinzhidu",
    "FantasyTips": "ui/textures/mod_tips/mod_big_card_wuyinzhidu",
    "ResTemplateId": [
      [
        3,
        2310010,
        1
      ]
    ],
    "BuffValueKey": [
      [
        "attrId",
        "attr"
      ]
    ],
    "BuffPar": [
      [
        13052,
        50000
      ]
    ],
    "IsOnly": false
  },
  "5130102": {
    "Id": 5130102,
    "Name": "Evidence of the Wind's Existence",
    "FantasyType": 3,
    "FantasyArt": "ui/textures/mod/mod_big_card_shouhou",
    "FantasyTips": "ui/textures/mod_tips/mod_big_card_shouhou",
    "ResTemplateId": [
      [
        3,
        2310020,
        1
      ]
    ],
    "BuffValueKey": [
      [
        "cd"
      ]
    ],
    "BuffPar": [
      [
        15000
      ]
    ],
    "IsOnly": false
  },
  "5130103": {
    "Id": 5130103,
    "Name": "Duel! Until the Point!",
    "FantasyType": 3,
    "FantasyArt": "ui/textures/mod/mod_big_card_yuanxing",
    "FantasyTips": "ui/textures/mod_tips/mod_big_card_yuanxing",
    "ResTemplateId": [
      [
        3,
        2310030,
        1
      ]
    ],
    "BuffValueKey": [
      [
        "fightRes",
        "cd"
      ]
    ],
    "BuffPar": [
      [
        25,
        15000
      ]
    ],
    "IsOnly": false
  },
  "5130104": {
    "Id": 5130104,
    "Name": "Iron Law",
    "FantasyType": 3,
    "FantasyArt": "ui/textures/mod/mod_big_card_shouhu",
    "FantasyTips": "ui/textures/mod_tips/mod_big_card_shouhu",
    "ResTemplateId": [
      [
        3,
        2310040,
        1
      ]
    ],
    "BuffValueKey": [
      [
        "prob",
        "attr",
        "time",
        "cd",
        "shieldPct"
      ]
    ],
    "BuffPar": [
      [
        2000,
        1500,
        10000,
        15000,
        10000
      ]
    ],
    "IsOnly": false
  },
  "5130105": {
    "Id": 5130105,
    "Name": "Tremble! Tremble!",
    "FantasyType": 3,
    "FantasyArt": "ui/textures/mod/mod_big_card_lingdiyishi",
    "FantasyTips": "ui/textures/mod_tips/mod_big_card_lingdiyishi",
    "ResTemplateId": [
      [
        3,
        2310050,
        1
      ]
    ],
    "BuffValueKey": [
      [
        "attrId",
        "attr",
        "layerMax",
        "tagId"
      ]
    ],
    "BuffPar": [
      [
        13062,
        350,
        10,
        14
      ]
    ],
    "IsOnly": false
  },
  "5130106": {
    "Id": 5130106,
    "Name": "March like a machine",
    "FantasyType": 3,
    "FantasyArt": "ui/textures/mod/mod_big_card_xingyuanzhidi",
    "FantasyTips": "ui/textures/mod_tips/mod_big_card_xingyuanzhidi",
    "ResTemplateId": [
      [
        3,
        2310060,
        1
      ]
    ],
    "BuffValueKey": [
      [
        "attrIdA",
        "attrA",
        "attrIdB",
        "attrB",
        "time",
        "tagId"
      ]
    ],
    "BuffPar": [
      [
        15122,
        500,
        15102,
        1000,
        15000,
        14
      ]
    ],
    "IsOnly": false
  },
  "5130107": {
    "Id": 5130107,
    "Name": "Bound to fight more courageously",
    "FantasyType": 3,
    "FantasyArt": "ui/textures/mod/mod_big_card_kexuesuanfa",
    "FantasyTips": "ui/textures/mod_tips/mod_big_card_kexuesuanfa",
    "ResTemplateId": [
      [
        3,
        2310070,
        1
      ]
    ],
    "BuffValueKey": [
      [
        "prob",
        "probAdd",
        "time",
        "attrId",
        "attr"
      ]
    ],
    "BuffPar": [
      [
        1000,
        1000,
        8000,
        13062,
        3000
      ]
    ],
    "IsOnly": false
  },
  "5130108": {
    "Id": 5130108,
    "Name": "Flames, devour them!",
    "FantasyType": 3,
    "FantasyArt": "ui/textures/mod/mod_big_card_tusicao",
    "FantasyTips": "ui/textures/mod_tips/mod_big_card_tusicao",
    "ResTemplateId": [
      [
        3,
        2310080,
        1
      ]
    ],
    "BuffValueKey": [
      [
        "attrId",
        "attr",
        "attrMax"
      ]
    ],
    "BuffPar": [
      [
        15122,
        300,
        1500
      ]
    ],
    "IsOnly": false
  },
  "5130109": {
    "Id": 5130109,
    "Name": "Unshakable steel Sigil",
    "FantasyType": 3,
    "FantasyArt": "ui/textures/mod/mod_big_card_banshengzhihua",
    "FantasyTips": "ui/textures/mod_tips/mod_big_card_banshengzhihua",
    "ResTemplateId": [
      [
        3,
        2310090,
        1
      ]
    ],
    "BuffValueKey": [
      [
        "attrId",
        "attr",
        "time",
        "tagId"
      ]
    ],
    "BuffPar": [
      [
        15122,
        1000,
        8000,
        1006
      ]
    ],
    "IsOnly": false
  },
  "5130110": {
    "Id": 5130110,
    "Name": "Approach me at your own risk!",
    "FantasyType": 3,
    "FantasyArt": "ui/textures/mod/mod_big_card_xiuqidi",
    "FantasyTips": "ui/textures/mod_tips/mod_big_card_xiuqidi",
    "ResTemplateId": [
      [
        3,
        2310100,
        1
      ]
    ],
    "BuffValueKey": [
      [
        "prob"
      ]
    ],
    "BuffPar": [
      [
        2000
      ]
    ],
    "IsOnly": false
  },
  "5140101": {
    "Id": 5140101,
    "Name": "Caprahorn's counterattack",
    "FantasyType": 5,
    "FantasyArt": "ui/textures/mod/mod_big_card_jiaoyang",
    "FantasyTips": "ui/textures/mod_tips/mod_big_card_jiaoyang",
    "ResTemplateId": [
      [
        3,
        2330010,
        1
      ]
    ],
    "BuffValueKey": [
      [
        "attrId",
        "attr"
      ]
    ],
    "BuffPar": [
      [
        15102,
        3500
      ]
    ],
    "IsOnly": false
  },
  "5140102": {
    "Id": 5140102,
    "Name": "Troublemaker!",
    "FantasyType": 5,
    "FantasyArt": "ui/textures/mod/mod_big_card_lvduozhe",
    "FantasyTips": "ui/textures/mod_tips/mod_big_card_lvduozhe",
    "ResTemplateId": [
      [
        3,
        2330020,
        1
      ]
    ],
    "BuffValueKey": [
      [
        "attrId",
        "attr",
        "attrMax"
      ]
    ],
    "BuffPar": [
      [
        15102,
        800,
        4000
      ]
    ],
    "IsOnly": false
  },
  "5140103": {
    "Id": 5140103,
    "Name": "Recounting past glories",
    "FantasyType": 5,
    "FantasyArt": "ui/textures/mod/mod_big_card_chenlungucheng",
    "FantasyTips": "ui/textures/mod_tips/mod_big_card_chenlungucheng",
    "ResTemplateId": [
      [
        3,
        2330030,
        1
      ]
    ],
    "BuffValueKey": [
      [
        "hpPct",
        "attrId",
        "attr"
      ]
    ],
    "BuffPar": [
      [
        5000,
        15102,
        3000
      ]
    ],
    "IsOnly": false
  },
  "5140104": {
    "Id": 5140104,
    "Name": "Darkest hour",
    "FantasyType": 5,
    "FantasyArt": "ui/textures/mod/mod_big_card_zhianshike",
    "FantasyTips": "ui/textures/mod_tips/mod_big_card_zhianshike",
    "ResTemplateId": [
      [
        3,
        2330040,
        1
      ]
    ],
    "BuffValueKey": [
      [
        "hpPct",
        "attrId",
        "attr"
      ]
    ],
    "BuffPar": [
      [
        3000,
        15102,
        3000
      ]
    ],
    "IsOnly": false
  },
  "5140105": {
    "Id": 5140105,
    "Name": "Absolute defense line!",
    "FantasyType": 5,
    "FantasyArt": "ui/textures/mod/mod_big_card_fangyuzhanxian",
    "FantasyTips": "ui/textures/mod_tips/mod_big_card_fangyuzhanxian",
    "ResTemplateId": [
      [
        3,
        2330050,
        1
      ]
    ],
    "BuffValueKey": [
      [
        "attrId",
        "attr"
      ]
    ],
    "BuffPar": [
      [
        15102,
        3000
      ]
    ],
    "IsOnly": false
  },
  "5140106": {
    "Id": 5140106,
    "Name": "Pure heart of protection",
    "FantasyType": 5,
    "FantasyArt": "ui/textures/mod/mod_big_card_shouhuzhixin",
    "FantasyTips": "ui/textures/mod_tips/mod_big_card_shouhuzhixin",
    "ResTemplateId": [
      [
        3,
        2330060,
        1
      ]
    ],
    "BuffValueKey": [
      [
        "hpPct",
        "attrId",
        "attr"
      ]
    ],
    "BuffPar": [
      [
        5000,
        15122,
        1000
      ]
    ],
    "IsOnly": false
  },
  "5140107": {
    "Id": 5140107,
    "Name": "Trial of the ruins",
    "FantasyType": 5,
    "FantasyArt": "ui/textures/mod/mod_big_card_linzhongyiji",
    "FantasyTips": "ui/textures/mod_tips/mod_big_card_linzhongyiji",
    "ResTemplateId": [
      [
        3,
        2330070,
        1
      ]
    ],
    "BuffValueKey": [
      [
        "hpPct",
        "attrId",
        "attr"
      ]
    ],
    "BuffPar": [
      [
        3000,
        15122,
        1000
      ]
    ],
    "IsOnly": false
  },
  "5140108": {
    "Id": 5140108,
    "Name": "Ancestors above, bless my heart",
    "FantasyType": 5,
    "FantasyArt": "ui/textures/mod/mod_big_card_knmbuluo",
    "FantasyTips": "ui/textures/mod_tips/mod_big_card_knmbuluo",
    "ResTemplateId": [
      [
        3,
        2330080,
        1
      ]
    ],
    "BuffValueKey": [
      [
        "attrId",
        "attr"
      ]
    ],
    "BuffPar": [
      [
        15122,
        1000
      ]
    ],
    "IsOnly": false
  },
  "5140109": {
    "Id": 5140109,
    "Name": "Well-nourished!",
    "FantasyType": 5,
    "FantasyArt": "ui/textures/mod/mod_big_card_yingyangchongzu",
    "FantasyTips": "ui/textures/mod_tips/mod_big_card_yingyangchongzu",
    "ResTemplateId": [
      [
        3,
        2330090,
        1
      ]
    ],
    "BuffValueKey": [
      [
        "hpPct",
        "attrId",
        "attr"
      ]
    ],
    "BuffPar": [
      [
        5000,
        13012,
        3000
      ]
    ],
    "IsOnly": false
  },
  "5140110": {
    "Id": 5140110,
    "Name": "Melody of the sky",
    "FantasyType": 5,
    "FantasyArt": "ui/textures/mod/mod_big_card_cangqiong",
    "FantasyTips": "ui/textures/mod_tips/mod_big_card_cangqiong",
    "ResTemplateId": [
      [
        3,
        2330100,
        1
      ]
    ],
    "BuffValueKey": [
      [
        "hpPct",
        "attrId",
        "attr"
      ]
    ],
    "BuffPar": [
      [
        5000,
        13082,
        3000
      ]
    ],
    "IsOnly": false
  },
  "5150101": {
    "Id": 5150101,
    "Name": "Commander ready to strike",
    "FantasyType": 6,
    "FantasyArt": "ui/textures/mod/mod_big_card_mukebingzhang",
    "FantasyTips": "ui/textures/mod_tips/mod_big_card_mukebingzhang",
    "ResTemplateId": [
      [
        3,
        2340010,
        1
      ]
    ],
    "BuffValueKey": [
      [
        "attrId",
        "attr"
      ]
    ],
    "BuffPar": [
      [
        12002,
        50
      ]
    ],
    "IsOnly": false
  },
  "5150102": {
    "Id": 5150102,
    "Name": "Coronation of unknown power",
    "FantasyType": 6,
    "FantasyArt": "ui/textures/mod/mod_big_card_weizhijiti",
    "FantasyTips": "ui/textures/mod_tips/mod_big_card_weizhijiti",
    "ResTemplateId": [
      [
        3,
        2340020,
        1
      ]
    ],
    "BuffValueKey": [
      [
        "attrId",
        "attr"
      ]
    ],
    "BuffPar": [
      [
        12012,
        50
      ]
    ],
    "IsOnly": false
  },
  "5150103": {
    "Id": 5150103,
    "Name": "Cleric's judgment",
    "FantasyType": 6,
    "FantasyArt": "ui/textures/mod/mod_big_card_shenzhizhe",
    "FantasyTips": "ui/textures/mod_tips/mod_big_card_shenzhizhe",
    "ResTemplateId": [
      [
        3,
        2340030,
        1
      ]
    ],
    "BuffValueKey": [
      [
        "attrId",
        "attr"
      ]
    ],
    "BuffPar": [
      [
        12022,
        50
      ]
    ],
    "IsOnly": false
  },
  "5150104": {
    "Id": 5150104,
    "Name": "Eye of Kanamia",
    "FantasyType": 6,
    "FantasyArt": "ui/textures/mod/mod_big_card_kanimanlieren",
    "FantasyTips": "ui/textures/mod_tips/mod_big_card_kanimanlieren",
    "ResTemplateId": [
      [
        3,
        2340040,
        1
      ]
    ],
    "BuffValueKey": [
      [
        "attrId",
        "attr"
      ]
    ],
    "BuffPar": [
      [
        12032,
        50
      ]
    ],
    "IsOnly": false
  },
  "5150105": {
    "Id": 5150105,
    "Name": "Hunting mark",
    "FantasyType": 6,
    "FantasyArt": "ui/textures/mod/mod_big_card_shouliebiaoji",
    "FantasyTips": "ui/textures/mod_tips/mod_big_card_shouliebiaoji",
    "ResTemplateId": [
      [
        3,
        2340050,
        1
      ]
    ],
    "BuffValueKey": [
      [
        "attrId",
        "attr"
      ]
    ],
    "BuffPar": [
      [
        12042,
        50
      ]
    ],
    "IsOnly": false
  },
  "5150106": {
    "Id": 5150106,
    "Name": "Will Never Perish",
    "FantasyType": 6,
    "FantasyArt": "ui/textures/mod/mod_big_card_yiluojijia",
    "FantasyTips": "ui/textures/mod_tips/mod_big_card_yiluojijia",
    "ResTemplateId": [
      [
        3,
        2340060,
        1
      ]
    ],
    "BuffValueKey": [
      [
        "attrId",
        "attr"
      ]
    ],
    "BuffPar": [
      [
        12052,
        50
      ]
    ],
    "IsOnly": false
  },
  "5150107": {
    "Id": 5150107,
    "Name": "Can't Catch Me!",
    "FantasyType": 6,
    "FantasyArt": "ui/textures/mod/mod_big_card_jiedao",
    "FantasyTips": "ui/textures/mod_tips/mod_big_card_jiedao",
    "ResTemplateId": [
      [
        3,
        2340070,
        1
      ]
    ],
    "BuffValueKey": [
      [
        "attrId",
        "attr"
      ]
    ],
    "BuffPar": [
      [
        12142,
        2000
      ]
    ],
    "IsOnly": false
  },
  "5150108": {
    "Id": 5150108,
    "Name": "Unsinkable Hope",
    "FantasyType": 6,
    "FantasyArt": "ui/textures/mod/mod_big_card_dengta",
    "FantasyTips": "ui/textures/mod_tips/mod_big_card_dengta",
    "ResTemplateId": [
      [
        3,
        2340080,
        1
      ]
    ],
    "BuffValueKey": [
      [
        "attrId",
        "attr"
      ]
    ],
    "BuffPar": [
      [
        13312,
        10000
      ]
    ],
    "IsOnly": false
  },
  "5150109": {
    "Id": 5150109,
    "Name": "Dream Guardian Plan",
    "FantasyType": 6,
    "FantasyArt": "ui/textures/mod/mod_big_card_reqiqiu",
    "FantasyTips": "ui/textures/mod_tips/mod_big_card_reqiqiu",
    "ResTemplateId": [
      [
        3,
        2340090,
        1
      ]
    ],
    "BuffValueKey": [
      [
        "attrId",
        "attr"
      ]
    ],
    "BuffPar": [
      [
        12502,
        2000
      ]
    ],
    "IsOnly": false
  },
  "5150110": {
    "Id": 5150110,
    "Name": "Silent Nourishment",
    "FantasyType": 6,
    "FantasyArt": "ui/textures/mod/mod_big_card_shuihu",
    "FantasyTips": "ui/textures/mod_tips/mod_big_card_shuihu",
    "ResTemplateId": [
      [
        3,
        2340100,
        1
      ]
    ],
    "BuffValueKey": [
      [
        "attrId",
        "attr"
      ]
    ],
    "BuffPar": [
      [
        13082,
        3000
      ]
    ],
    "IsOnly": false
  }
}