{
  "1": {
    "Id": 1,
    "Score": 500,
    "AwardId": 29000010
  },
  "2": {
    "Id": 2,
    "Score": 1000,
    "AwardId": 29000020
  },
  "3": {
    "Id": 3,
    "Score": 1500,
    "AwardId": 29000030
  },
  "4": {
    "Id": 4,
    "Score": 2000,
    "AwardId": 29000040
  },
  "5": {
    "Id": 5,
    "Score": 2500,
    "AwardId": 29000050
  },
  "6": {
    "Id": 6,
    "Score": 3000,
    "AwardId": 29000060
  },
  "7": {
    "Id": 7,
    "Score": 3500,
    "AwardId": 29000070
  },
  "8": {
    "Id": 8,
    "Score": 4000,
    "AwardId": 29000080
  },
  "9": {
    "Id": 9,
    "Score": 5000,
    "AwardId": 29000090
  },
  "10": {
    "Id": 10,
    "Score": 8000,
    "AwardId": 29000100
  }
}