{
  "10000": {
    "Id": 10000,
    "Name": "陨石术",
    "SkillId": 100503,
    "Size": [],
    "BlockEnemySkill": [
      1
    ],
    "BlockOurSkill": [
      1
    ],
    "ModelId": 1013,
    "MinBody": 5000,
    "AttributeId": 19,
    "BeHitEffect": "effect/monster/p_fx_wizardgoblinsflux_fireball",
    "BirthEffect": "effect/monster/p_fx_wizardgoblinsflux_fireball",
    "DeathEffect": "effect/monster/p_fx_wizardgoblinsflux_meteorites_boom",
    "Tags": []
  },
  "1": {
    "Id": 1,
    "Name": "冰领域",
    "SkillId": 0,
    "Size": [
      8
    ],
    "BlockEnemySkill": [
      0
    ],
    "BlockOurSkill": [
      0
    ],
    "ModelId": 4,
    "MinBody": 10000,
    "AttributeId": 19,
    "BeHitEffect": "effect/skill/waterstaff/p_fx_waterstaff_skill_5_6",
    "BirthEffect": "",
    "DeathEffect": "",
    "Tags": [
      9,
      13,
      29,
      5,
      50,
      36
    ]
  },
  "2": {
    "Id": 2,
    "Name": "双斧3技能领域",
    "SkillId": 0,
    "Size": [
      5
    ],
    "BlockEnemySkill": [
      0
    ],
    "BlockOurSkill": [
      0
    ],
    "ModelId": 4,
    "MinBody": 10000,
    "AttributeId": 19,
    "BeHitEffect": "",
    "BirthEffect": "",
    "DeathEffect": "",
    "Tags": []
  },
  "3": {
    "Id": 3,
    "Name": "冰领域-六命",
    "SkillId": 0,
    "Size": [
      8
    ],
    "BlockEnemySkill": [
      0
    ],
    "BlockOurSkill": [
      0
    ],
    "ModelId": 4,
    "MinBody": 10000,
    "AttributeId": 19,
    "BeHitEffect": "effect/skill/waterstaff/p_fx_waterstaff_skill_5_6",
    "BirthEffect": "",
    "DeathEffect": "",
    "Tags": [
      9,
      13,
      29,
      5,
      50,
      36
    ]
  },
  "4": {
    "Id": 4,
    "Name": "依露娜丰饶领域",
    "SkillId": 0,
    "Size": [
      8
    ],
    "BlockEnemySkill": [
      0
    ],
    "BlockOurSkill": [
      0
    ],
    "ModelId": 4,
    "MinBody": 10000,
    "AttributeId": 19,
    "BeHitEffect": "",
    "BirthEffect": "",
    "DeathEffect": "",
    "Tags": []
  },
  "5": {
    "Id": 5,
    "Name": "治疗喷泉",
    "SkillId": 0,
    "Size": [
      8
    ],
    "BlockEnemySkill": [
      0
    ],
    "BlockOurSkill": [
      0
    ],
    "ModelId": 4,
    "MinBody": 10000,
    "AttributeId": 19,
    "BeHitEffect": "",
    "BirthEffect": "",
    "DeathEffect": "",
    "Tags": []
  },
  "6": {
    "Id": 6,
    "Name": "冰领域-新",
    "SkillId": 0,
    "Size": [
      8,
      0
    ],
    "BlockEnemySkill": [
      0
    ],
    "BlockOurSkill": [
      0
    ],
    "ModelId": 4,
    "MinBody": 0,
    "AttributeId": 19,
    "BeHitEffect": "effect/skill/waterstaff/p_fx_waterstaff_skill_5_6",
    "BirthEffect": "",
    "DeathEffect": "",
    "Tags": []
  },
  "7": {
    "Id": 7,
    "Name": "依露娜庇护领域",
    "SkillId": 0,
    "Size": [
      8,
      0
    ],
    "BlockEnemySkill": [
      0
    ],
    "BlockOurSkill": [
      0
    ],
    "ModelId": 4,
    "MinBody": 10000,
    "AttributeId": 19,
    "BeHitEffect": "",
    "BirthEffect": "",
    "DeathEffect": "",
    "Tags": []
  },
  "8": {
    "Id": 8,
    "Name": "法环草领域",
    "SkillId": 0,
    "Size": [
      2,
      0
    ],
    "BlockEnemySkill": [
      0
    ],
    "BlockOurSkill": [
      0
    ],
    "ModelId": 4,
    "MinBody": 10000,
    "AttributeId": 19,
    "BeHitEffect": "",
    "BirthEffect": "",
    "DeathEffect": "",
    "Tags": []
  },
  "9": {
    "Id": 9,
    "Name": "依露娜庇护领域",
    "SkillId": 0,
    "Size": [
      8,
      0
    ],
    "BlockEnemySkill": [
      0
    ],
    "BlockOurSkill": [
      0
    ],
    "ModelId": 4,
    "MinBody": 10000,
    "AttributeId": 19,
    "BeHitEffect": "",
    "BirthEffect": "",
    "DeathEffect": "",
    "Tags": []
  },
  "10": {
    "Id": 10,
    "Name": "科莫同调领域",
    "SkillId": 0,
    "Size": [
      8,
      0
    ],
    "BlockEnemySkill": [
      0
    ],
    "BlockOurSkill": [
      0
    ],
    "ModelId": 4,
    "MinBody": 10000,
    "AttributeId": 19,
    "BeHitEffect": "",
    "BirthEffect": "",
    "DeathEffect": "",
    "Tags": []
  },
  "11": {
    "Id": 11,
    "Name": "法法菈圣环",
    "SkillId": 0,
    "Size": [
      5,
      0
    ],
    "BlockEnemySkill": [
      0
    ],
    "BlockOurSkill": [
      0
    ],
    "ModelId": 4,
    "MinBody": 10000,
    "AttributeId": 19,
    "BeHitEffect": "",
    "BirthEffect": "",
    "DeathEffect": "",
    "Tags": []
  },
  "12": {
    "Id": 12,
    "Name": "法法菈神圣壁垒",
    "SkillId": 0,
    "Size": [
      5,
      0
    ],
    "BlockEnemySkill": [
      0
    ],
    "BlockOurSkill": [
      0
    ],
    "ModelId": 4,
    "MinBody": 10000,
    "AttributeId": 19,
    "BeHitEffect": "",
    "BirthEffect": "",
    "DeathEffect": "",
    "Tags": []
  },
  "13": {
    "Id": 13,
    "Name": "法环草领域消散",
    "SkillId": 0,
    "Size": [
      2,
      0
    ],
    "BlockEnemySkill": [
      0
    ],
    "BlockOurSkill": [
      0
    ],
    "ModelId": 4,
    "MinBody": 10000,
    "AttributeId": 19,
    "BeHitEffect": "",
    "BirthEffect": "",
    "DeathEffect": "",
    "Tags": []
  },
  "14": {
    "Id": 14,
    "Name": "吉他手琴弦",
    "SkillId": 0,
    "Size": [
      0
    ],
    "BlockEnemySkill": [
      0
    ],
    "BlockOurSkill": [
      0
    ],
    "ModelId": 4,
    "MinBody": 10000,
    "AttributeId": 19,
    "BeHitEffect": "",
    "BirthEffect": "",
    "DeathEffect": "",
    "Tags": []
  },
  "15": {
    "Id": 15,
    "Name": "吉他手琴弦-琴身",
    "SkillId": 0,
    "Size": [
      0
    ],
    "BlockEnemySkill": [
      0
    ],
    "BlockOurSkill": [
      0
    ],
    "ModelId": 4,
    "MinBody": 10000,
    "AttributeId": 19,
    "BeHitEffect": "",
    "BirthEffect": "",
    "DeathEffect": "",
    "Tags": []
  },
  "16": {
    "Id": 16,
    "Name": "吉他手琴弦-琴身-琴尾",
    "SkillId": 0,
    "Size": [
      0
    ],
    "BlockEnemySkill": [
      0
    ],
    "BlockOurSkill": [
      0
    ],
    "ModelId": 4,
    "MinBody": 10000,
    "AttributeId": 19,
    "BeHitEffect": "",
    "BirthEffect": "",
    "DeathEffect": "",
    "Tags": []
  },
  "3000": {
    "Id": 3000,
    "Name": "A1-虚蚀保护圈",
    "SkillId": 0,
    "Size": [
      8
    ],
    "BlockEnemySkill": [
      0
    ],
    "BlockOurSkill": [
      0
    ],
    "ModelId": 4,
    "MinBody": 0,
    "AttributeId": 19,
    "BeHitEffect": "",
    "BirthEffect": "",
    "DeathEffect": "",
    "Tags": []
  },
  "3001": {
    "Id": 3001,
    "Name": "哥布林酋长领域",
    "SkillId": 0,
    "Size": [
      19
    ],
    "BlockEnemySkill": [
      3
    ],
    "BlockOurSkill": [
      3
    ],
    "ModelId": 4,
    "MinBody": 6700,
    "AttributeId": 19,
    "BeHitEffect": "",
    "BirthEffect": "",
    "DeathEffect": "",
    "Tags": []
  },
  "3002": {
    "Id": 3002,
    "Name": "巨塔BOSS黑洞领域",
    "SkillId": 0,
    "Size": [
      4,
      0
    ],
    "BlockEnemySkill": [
      0
    ],
    "BlockOurSkill": [
      3
    ],
    "ModelId": 4,
    "MinBody": 10000,
    "AttributeId": 19,
    "BeHitEffect": "",
    "BirthEffect": "",
    "DeathEffect": "",
    "Tags": []
  },
  "3003": {
    "Id": 3003,
    "Name": "巨塔BOSS黑洞领域",
    "SkillId": 0,
    "Size": [
      8,
      0
    ],
    "BlockEnemySkill": [
      0
    ],
    "BlockOurSkill": [
      0
    ],
    "ModelId": 4,
    "MinBody": 10000,
    "AttributeId": 19,
    "BeHitEffect": "",
    "BirthEffect": "",
    "DeathEffect": "",
    "Tags": []
  },
  "3004": {
    "Id": 3004,
    "Name": "丹佛究极领域",
    "SkillId": 0,
    "Size": [
      19
    ],
    "BlockEnemySkill": [
      3
    ],
    "BlockOurSkill": [
      3
    ],
    "ModelId": 4,
    "MinBody": 6700,
    "AttributeId": 19,
    "BeHitEffect": "",
    "BirthEffect": "",
    "DeathEffect": "",
    "Tags": []
  },
  "3005": {
    "Id": 3005,
    "Name": "休闲玩法-缩圈领域",
    "SkillId": 0,
    "Size": [
      19
    ],
    "BlockEnemySkill": [
      3
    ],
    "BlockOurSkill": [
      3
    ],
    "ModelId": 4,
    "MinBody": 5000,
    "AttributeId": 19,
    "BeHitEffect": "",
    "BirthEffect": "",
    "DeathEffect": "",
    "Tags": []
  },
  "3006": {
    "Id": 3006,
    "Name": "休闲玩法-不缩圈领域",
    "SkillId": 0,
    "Size": [
      19
    ],
    "BlockEnemySkill": [
      3
    ],
    "BlockOurSkill": [
      3
    ],
    "ModelId": 4,
    "MinBody": 10000,
    "AttributeId": 19,
    "BeHitEffect": "",
    "BirthEffect": "",
    "DeathEffect": "",
    "Tags": []
  },
  "3010": {
    "Id": 3010,
    "Name": "哥布林酋长领域（不缩小）",
    "SkillId": 0,
    "Size": [
      19
    ],
    "BlockEnemySkill": [
      3
    ],
    "BlockOurSkill": [
      3
    ],
    "ModelId": 4,
    "MinBody": 10000,
    "AttributeId": 19,
    "BeHitEffect": "",
    "BirthEffect": "",
    "DeathEffect": "",
    "Tags": []
  },
  "3011": {
    "Id": 3011,
    "Name": "协会狩猎光源范围",
    "SkillId": 0,
    "Size": [
      0
    ],
    "BlockEnemySkill": [
      0
    ],
    "BlockOurSkill": [
      0
    ],
    "ModelId": 4,
    "MinBody": 0,
    "AttributeId": 19,
    "BeHitEffect": "",
    "BirthEffect": "",
    "DeathEffect": "",
    "Tags": []
  },
  "3012": {
    "Id": 3012,
    "Name": "哥布林酋长兜底领域",
    "SkillId": 0,
    "Size": [
      21
    ],
    "BlockEnemySkill": [
      3
    ],
    "BlockOurSkill": [
      3
    ],
    "ModelId": 4,
    "MinBody": 6700,
    "AttributeId": 19,
    "BeHitEffect": "",
    "BirthEffect": "",
    "DeathEffect": "",
    "Tags": []
  },
  "3020": {
    "Id": 3020,
    "Name": "虚蚀龙-火盾领域",
    "SkillId": 0,
    "Size": [
      3
    ],
    "BlockEnemySkill": [
      3
    ],
    "BlockOurSkill": [
      0
    ],
    "ModelId": 4,
    "MinBody": 10000,
    "AttributeId": 2,
    "BeHitEffect": "",
    "BirthEffect": "",
    "DeathEffect": "",
    "Tags": []
  },
  "3021": {
    "Id": 3021,
    "Name": "虚蚀龙-冰盾领域",
    "SkillId": 0,
    "Size": [
      3
    ],
    "BlockEnemySkill": [
      3
    ],
    "BlockOurSkill": [
      0
    ],
    "ModelId": 4,
    "MinBody": 10000,
    "AttributeId": 2,
    "BeHitEffect": "",
    "BirthEffect": "",
    "DeathEffect": "",
    "Tags": []
  },
  "3022": {
    "Id": 3022,
    "Name": "虚蚀龙-风盾领域",
    "SkillId": 0,
    "Size": [
      3
    ],
    "BlockEnemySkill": [
      3
    ],
    "BlockOurSkill": [
      0
    ],
    "ModelId": 4,
    "MinBody": 10000,
    "AttributeId": 2,
    "BeHitEffect": "",
    "BirthEffect": "",
    "DeathEffect": "",
    "Tags": []
  },
  "3023": {
    "Id": 3023,
    "Name": "虚蚀龙-雷盾领域",
    "SkillId": 0,
    "Size": [
      3
    ],
    "BlockEnemySkill": [
      3
    ],
    "BlockOurSkill": [
      0
    ],
    "ModelId": 4,
    "MinBody": 10000,
    "AttributeId": 2,
    "BeHitEffect": "",
    "BirthEffect": "",
    "DeathEffect": "",
    "Tags": []
  },
  "7005": {
    "Id": 7005,
    "Name": "艾露娜对波领域",
    "SkillId": 0,
    "Size": [
      19,
      0
    ],
    "BlockEnemySkill": [
      3
    ],
    "BlockOurSkill": [
      3
    ],
    "ModelId": 310006,
    "MinBody": 0,
    "AttributeId": 19,
    "BeHitEffect": "",
    "BirthEffect": "",
    "DeathEffect": "",
    "Tags": []
  },
  "100": {
    "Id": 100,
    "Name": "大秘境毒圈领域",
    "SkillId": 0,
    "Size": [
      8
    ],
    "BlockEnemySkill": [
      0
    ],
    "BlockOurSkill": [
      0
    ],
    "ModelId": 4,
    "MinBody": 0,
    "AttributeId": 19,
    "BeHitEffect": "effect/skill/waterstaff/p_fx_waterstaff_skill_5_6",
    "BirthEffect": "",
    "DeathEffect": "",
    "Tags": []
  },
  "20000": {
    "Id": 20000,
    "Name": "风墙",
    "SkillId": 0,
    "Size": [
      3
    ],
    "BlockEnemySkill": [
      3
    ],
    "BlockOurSkill": [
      0
    ],
    "ModelId": 4,
    "MinBody": 10000,
    "AttributeId": 19,
    "BeHitEffect": "",
    "BirthEffect": "",
    "DeathEffect": "",
    "Tags": []
  },
  "1701003": {
    "Id": 1701003,
    "Name": "多戈尔曼庇护领域",
    "SkillId": 0,
    "Size": [
      5
    ],
    "BlockEnemySkill": [
      3
    ],
    "BlockOurSkill": [
      0
    ],
    "ModelId": 4,
    "MinBody": 10000,
    "AttributeId": 19,
    "BeHitEffect": "",
    "BirthEffect": "",
    "DeathEffect": "",
    "Tags": []
  }
}