{
  "1": {
    "Id": 1,
    "DefPara": [],
    "HitPara": [],
    "CriToCrit": [
      4457,
      0
    ],
    "HasteToHastePct": [
      4457,
      0
    ],
    "LuckToLuckyStrikeProb": [
      4457,
      0
    ],
    "VersatilityToVersatilityPct": [
      2500,
      0
    ],
    "MasteryToMasteryPct": [
      4457,
      0
    ],
    "BlockToBlockRate": [
      4457,
      0
    ],
    "AoeAttenuation": 0.3,
    "SingleAttenuation": 1.9,
    "HateRate": [
      10.0,
      0.25
    ],
    "MstToPlayerDmgUp": [
      1.0,
      1.2,
      1.5,
      1.9,
      2.5,
      3.3,
      4.3,
      5.6,
      7.2,
      9.0,
      11.0,
      13.2,
      15.6,
      18.4,
      21.4
    ],
    "PlayerToMstDmgDown": [
      1.0,
      0.97,
      0.92,
      0.85,
      0.72,
      0.5,
      0.25,
      0.1
    ],
    "MaxDmg": 9999999,
    "ElementPowerToDam": [
      4457,
      0
    ],
    "ElementDefToDamRes": [
      4457,
      0
    ]
  }
}