{
  "1": {
    "Id": 1,
    "Name": "通用冰",
    "UIType": [],
    "UIShowType": 1,
    "ResIcon": "ui/atlas/fightres_number/fightres_numberice_",
    "EffectResPath": "ui/uieffect/prefab/ui_sfx_battle_main_node_window/p_fx_ice_",
    "StyleColor": "#73CEFE"
  },
  "11": {
    "Id": 11,
    "Name": "通用雷",
    "UIType": [
      1,
      30
    ],
    "UIShowType": 1,
    "ResIcon": "ui/atlas/fightres_number/fightres_numberthunder_",
    "EffectResPath": "ui/uieffect/prefab/ui_sfx_battle_main_node_window/p_fx_thunder_",
    "StyleColor": "#D6B4FF"
  },
  "12": {
    "Id": 12,
    "Name": "特殊雷",
    "UIType": [
      1,
      8
    ],
    "UIShowType": 3,
    "ResIcon": "ui/atlas/fightres_number/fightres_numberthunder_",
    "EffectResPath": "ui/uieffect/prefab/ui_sfx_battle_main_node_window/p_fx_thunder_01_",
    "StyleColor": ""
  },
  "21": {
    "Id": 21,
    "Name": "通用风",
    "UIType": [
      1,
      5
    ],
    "UIShowType": 1,
    "ResIcon": "ui/atlas/fightres_number/fightres_numberwind_",
    "EffectResPath": "ui/uieffect/prefab/ui_sfx_battle_main_node_window/p_fx_wind_",
    "StyleColor": "#51E1CF"
  },
  "22": {
    "Id": 22,
    "Name": "特殊风",
    "UIType": [
      2,
      2
    ],
    "UIShowType": 2,
    "ResIcon": "ui/atlas/fightres_number/fightres_icon_",
    "EffectResPath": "ui/uieffect/prefab/ui_sfx_battle_main_node_window/p_fx_wind_",
    "StyleColor": ""
  },
  "31": {
    "Id": 31,
    "Name": "通用岩",
    "UIType": [
      1,
      20
    ],
    "UIShowType": 1,
    "ResIcon": "ui/atlas/fightres_number/fightres_numberrock_",
    "EffectResPath": "ui/uieffect/prefab/ui_sfx_battle_main_node_window/p_fx_rock_",
    "StyleColor": "#FFC07D"
  },
  "41": {
    "Id": 41,
    "Name": "通用森",
    "UIType": [
      1,
      10
    ],
    "UIShowType": 1,
    "ResIcon": "ui/atlas/fightres_number/fightres_numberwood_",
    "EffectResPath": "ui/uieffect/prefab/ui_sfx_battle_main_node_window/p_fx_wood_",
    "StyleColor": "#80E56A"
  },
  "42": {
    "Id": 42,
    "Name": "法环用红花",
    "UIType": [
      1,
      1
    ],
    "UIShowType": 4,
    "ResIcon": "ui/atlas/fightres_number/fightres_flower_",
    "EffectResPath": "",
    "StyleColor": ""
  },
  "43": {
    "Id": 43,
    "Name": "法环用黄花",
    "UIType": [
      2,
      1
    ],
    "UIShowType": 4,
    "ResIcon": "ui/atlas/fightres_number/fightres_flower_",
    "EffectResPath": "",
    "StyleColor": ""
  },
  "44": {
    "Id": 44,
    "Name": "法环用蓝花",
    "UIType": [
      3,
      1
    ],
    "UIShowType": 4,
    "ResIcon": "ui/atlas/fightres_number/fightres_flower_",
    "EffectResPath": "",
    "StyleColor": ""
  },
  "45": {
    "Id": 45,
    "Name": "法环用底板",
    "UIType": [
      0,
      1
    ],
    "UIShowType": 4,
    "ResIcon": "ui/atlas/fightres_number/fightres_flower_",
    "EffectResPath": "",
    "StyleColor": ""
  },
  "51": {
    "Id": 51,
    "Name": "通用光",
    "UIType": [
      1,
      5
    ],
    "UIShowType": 1,
    "ResIcon": "ui/atlas/fightres_number/fightres_numberlight_",
    "EffectResPath": "ui/uieffect/prefab/ui_sfx_battle_main_node_window/p_fx_light_",
    "StyleColor": "#FFDC72"
  },
  "61": {
    "Id": 61,
    "Name": "通用无",
    "UIType": [
      1,
      10
    ],
    "UIShowType": 1,
    "ResIcon": "ui/atlas/fightres_number/fightres_numberwu_",
    "EffectResPath": "ui/uieffect/prefab/ui_sfx_battle_main_node_window/p_fx_wu_",
    "StyleColor": "#E2E2E2"
  },
  "71": {
    "Id": 71,
    "Name": "通用火",
    "UIType": [],
    "UIShowType": 1,
    "ResIcon": "ui/atlas/fightres_number/fightres_numberfire_",
    "EffectResPath": "ui/uieffect/prefab/ui_sfx_battle_main_node_window/p_fx_fire_",
    "StyleColor": "#FF6969"
  },
  "101": {
    "Id": 101,
    "Name": "剑盾用光",
    "UIType": [
      1,
      12
    ],
    "UIShowType": 1,
    "ResIcon": "ui/atlas/fightres_number/fightres_numberlight_",
    "EffectResPath": "ui/uieffect/prefab/ui_sfx_battle_main_node_window/p_fx_light_",
    "StyleColor": ""
  }
}