{
  "11001": {
    "Id": 11001,
    "Name": "当前战斗资源量-太刀镰",
    "CanCost": true,
    "ExactValue": 1
  },
  "11002": {
    "Id": 11002,
    "Name": "当前战斗资源上限-太刀镰_自身总值",
    "CanCost": false,
    "ExactValue": 1
  },
  "11003": {
    "Id": 11003,
    "Name": "当前战斗资源上限-太刀镰_加值",
    "CanCost": false,
    "ExactValue": 1
  },
  "11004": {
    "Id": 11004,
    "Name": "当前战斗资源上限-太刀镰_乘值",
    "CanCost": false,
    "ExactValue": 1
  },
  "11005": {
    "Id": 11005,
    "Name": "当前战斗资源上限-太刀镰_额外加值",
    "CanCost": false,
    "ExactValue": 1
  },
  "11006": {
    "Id": 11006,
    "Name": "当前战斗资源上限-太刀镰_额外乘值",
    "CanCost": false,
    "ExactValue": 1
  },
  "11007": {
    "Id": 11007,
    "Name": "当前战斗资源上限-太刀镰",
    "CanCost": false,
    "ExactValue": 1
  },
  "11021": {
    "Id": 11021,
    "Name": "当前战斗资源量-太刀镰II",
    "CanCost": true,
    "ExactValue": 1
  },
  "11022": {
    "Id": 11022,
    "Name": "当前战斗资源上限-太刀镰II_自身总值",
    "CanCost": false,
    "ExactValue": 1
  },
  "11023": {
    "Id": 11023,
    "Name": "当前战斗资源上限-太刀镰II_加值",
    "CanCost": false,
    "ExactValue": 1
  },
  "11024": {
    "Id": 11024,
    "Name": "当前战斗资源上限-太刀镰II_乘值",
    "CanCost": false,
    "ExactValue": 1
  },
  "11025": {
    "Id": 11025,
    "Name": "当前战斗资源上限-太刀镰II_额外加值",
    "CanCost": false,
    "ExactValue": 1
  },
  "11026": {
    "Id": 11026,
    "Name": "当前战斗资源上限-太刀镰II_额外乘值",
    "CanCost": false,
    "ExactValue": 1
  },
  "11027": {
    "Id": 11027,
    "Name": "当前战斗资源上限-太刀镰II",
    "CanCost": false,
    "ExactValue": 1
  },
  "12001": {
    "Id": 12001,
    "Name": "当前战斗资源量-冰晶",
    "CanCost": true,
    "ExactValue": 100
  },
  "12002": {
    "Id": 12002,
    "Name": "当前战斗资源上限-冰晶_自身总值",
    "CanCost": false,
    "ExactValue": 100
  },
  "12003": {
    "Id": 12003,
    "Name": "当前战斗资源上限-冰晶_加值",
    "CanCost": false,
    "ExactValue": 100
  },
  "12004": {
    "Id": 12004,
    "Name": "当前战斗资源上限-冰晶_乘值",
    "CanCost": false,
    "ExactValue": 1
  },
  "12005": {
    "Id": 12005,
    "Name": "当前战斗资源上限-冰晶_额外加值",
    "CanCost": false,
    "ExactValue": 100
  },
  "12006": {
    "Id": 12006,
    "Name": "当前战斗资源上限-冰晶_额外乘值",
    "CanCost": false,
    "ExactValue": 1
  },
  "12007": {
    "Id": 12007,
    "Name": "当前战斗资源上限-冰晶",
    "CanCost": false,
    "ExactValue": 100
  },
  "12021": {
    "Id": 12021,
    "Name": "当前战斗资源量-冰水法杖_玄冰",
    "CanCost": true,
    "ExactValue": 1
  },
  "12022": {
    "Id": 12022,
    "Name": "当前战斗资源上限-冰水法杖_玄冰_自身总值",
    "CanCost": false,
    "ExactValue": 1
  },
  "12023": {
    "Id": 12023,
    "Name": "当前战斗资源上限-冰水法杖_玄冰_加值",
    "CanCost": false,
    "ExactValue": 1
  },
  "12024": {
    "Id": 12024,
    "Name": "当前战斗资源上限-冰水法杖_玄冰_乘值",
    "CanCost": false,
    "ExactValue": 1
  },
  "12025": {
    "Id": 12025,
    "Name": "当前战斗资源上限-冰水法杖_玄冰_额外加值",
    "CanCost": false,
    "ExactValue": 1
  },
  "12026": {
    "Id": 12026,
    "Name": "当前战斗资源上限-冰水法杖_玄冰_额外乘值",
    "CanCost": false,
    "ExactValue": 1
  },
  "12027": {
    "Id": 12027,
    "Name": "当前战斗资源上限-冰水法杖_玄冰",
    "CanCost": false,
    "ExactValue": 1
  },
  "13001": {
    "Id": 13001,
    "Name": "当前战斗资源量-塔塔能量值",
    "CanCost": true,
    "ExactValue": 1
  },
  "13002": {
    "Id": 13002,
    "Name": "当前战斗资源上限-塔塔能量值_自身总值",
    "CanCost": false,
    "ExactValue": 1
  },
  "13003": {
    "Id": 13003,
    "Name": "当前战斗资源上限-塔塔能量值_加值",
    "CanCost": false,
    "ExactValue": 1
  },
  "13004": {
    "Id": 13004,
    "Name": "当前战斗资源上限-塔塔能量值_乘值",
    "CanCost": false,
    "ExactValue": 1
  },
  "13005": {
    "Id": 13005,
    "Name": "当前战斗资源上限-塔塔能量值_额外加值",
    "CanCost": false,
    "ExactValue": 1
  },
  "13006": {
    "Id": 13006,
    "Name": "当前战斗资源上限-塔塔能量值_额外乘值",
    "CanCost": false,
    "ExactValue": 1
  },
  "13007": {
    "Id": 13007,
    "Name": "当前战斗资源上限-塔塔能量值",
    "CanCost": false,
    "ExactValue": 1
  },
  "12041": {
    "Id": 12041,
    "Name": "当前战斗资源量-太刀镰_雷之印",
    "CanCost": true,
    "ExactValue": 1
  },
  "12042": {
    "Id": 12042,
    "Name": "当前战斗资源上限-太刀镰_雷之印_自身总值",
    "CanCost": false,
    "ExactValue": 1
  },
  "12043": {
    "Id": 12043,
    "Name": "当前战斗资源上限-太刀镰_雷之印_加值",
    "CanCost": false,
    "ExactValue": 1
  },
  "12044": {
    "Id": 12044,
    "Name": "当前战斗资源上限-太刀镰_雷之印_乘值",
    "CanCost": false,
    "ExactValue": 1
  },
  "12045": {
    "Id": 12045,
    "Name": "当前战斗资源上限-太刀镰_雷之印_额外加值",
    "CanCost": false,
    "ExactValue": 1
  },
  "12046": {
    "Id": 12046,
    "Name": "当前战斗资源上限-太刀镰_雷之印_额外乘值",
    "CanCost": false,
    "ExactValue": 1
  },
  "12047": {
    "Id": 12047,
    "Name": "当前战斗资源上限-太刀镰_雷之印",
    "CanCost": false,
    "ExactValue": 1
  },
  "12051": {
    "Id": 12051,
    "Name": "当前战斗资源量-奥尔维拉_能量值",
    "CanCost": true,
    "ExactValue": 1
  },
  "12052": {
    "Id": 12052,
    "Name": "当前战斗资源上限-奥尔维拉_能量值_自身总值",
    "CanCost": false,
    "ExactValue": 1
  },
  "12053": {
    "Id": 12053,
    "Name": "当前战斗资源上限-奥尔维拉_能量值_加值",
    "CanCost": false,
    "ExactValue": 1
  },
  "12054": {
    "Id": 12054,
    "Name": "当前战斗资源上限-奥尔维拉_能量值_乘值",
    "CanCost": false,
    "ExactValue": 1
  },
  "12055": {
    "Id": 12055,
    "Name": "当前战斗资源上限-奥尔维拉_能量值_额外加值",
    "CanCost": false,
    "ExactValue": 1
  },
  "12056": {
    "Id": 12056,
    "Name": "当前战斗资源上限-奥尔维拉_能量值_额外乘值",
    "CanCost": false,
    "ExactValue": 1
  },
  "12057": {
    "Id": 12057,
    "Name": "当前战斗资源上限-奥尔维拉_能量值",
    "CanCost": false,
    "ExactValue": 1
  },
  "14001": {
    "Id": 14001,
    "Name": "当前战斗资源量-蒂娜_战意点",
    "CanCost": true,
    "ExactValue": 1
  },
  "14002": {
    "Id": 14002,
    "Name": "当前战斗资源上限-蒂娜_战意点_自身总值",
    "CanCost": false,
    "ExactValue": 1
  },
  "14003": {
    "Id": 14003,
    "Name": "当前战斗资源上限-蒂娜_战意点_加值",
    "CanCost": false,
    "ExactValue": 1
  },
  "14004": {
    "Id": 14004,
    "Name": "当前战斗资源上限-蒂娜_战意点_乘值",
    "CanCost": false,
    "ExactValue": 1
  },
  "14005": {
    "Id": 14005,
    "Name": "当前战斗资源上限-蒂娜_战意点_额外加值",
    "CanCost": false,
    "ExactValue": 1
  },
  "14006": {
    "Id": 14006,
    "Name": "当前战斗资源上限-蒂娜_战意点_额外乘值",
    "CanCost": false,
    "ExactValue": 1
  },
  "14007": {
    "Id": 14007,
    "Name": "当前战斗资源上限-蒂娜_战意点",
    "CanCost": false,
    "ExactValue": 1
  },
  "14011": {
    "Id": 14011,
    "Name": "当前战斗资源量-蒂娜_能量值",
    "CanCost": true,
    "ExactValue": 100
  },
  "14012": {
    "Id": 14012,
    "Name": "当前战斗资源上限-蒂娜_能量值_自身总值",
    "CanCost": false,
    "ExactValue": 100
  },
  "14013": {
    "Id": 14013,
    "Name": "当前战斗资源上限-蒂娜_能量值_加值",
    "CanCost": false,
    "ExactValue": 100
  },
  "14014": {
    "Id": 14014,
    "Name": "当前战斗资源上限-蒂娜_能量值_乘值",
    "CanCost": false,
    "ExactValue": 1
  },
  "14015": {
    "Id": 14015,
    "Name": "当前战斗资源上限-蒂娜_能量值_额外加值",
    "CanCost": false,
    "ExactValue": 100
  },
  "14016": {
    "Id": 14016,
    "Name": "当前战斗资源上限-蒂娜_能量值_额外乘值",
    "CanCost": false,
    "ExactValue": 1
  },
  "14017": {
    "Id": 14017,
    "Name": "当前战斗资源上限-蒂娜_能量值",
    "CanCost": false,
    "ExactValue": 100
  },
  "15001": {
    "Id": 15001,
    "Name": "当前战斗资源量-艾露娜能量值",
    "CanCost": true,
    "ExactValue": 100
  },
  "15002": {
    "Id": 15002,
    "Name": "当前战斗资源上限-艾露娜能量值_自身总值",
    "CanCost": false,
    "ExactValue": 100
  },
  "15003": {
    "Id": 15003,
    "Name": "当前战斗资源上限-艾露娜能量值_加值",
    "CanCost": false,
    "ExactValue": 100
  },
  "15004": {
    "Id": 15004,
    "Name": "当前战斗资源上限-艾露娜能量值_乘值",
    "CanCost": false,
    "ExactValue": 1
  },
  "15005": {
    "Id": 15005,
    "Name": "当前战斗资源上限-艾露娜能量值_额外加值",
    "CanCost": false,
    "ExactValue": 100
  },
  "15006": {
    "Id": 15006,
    "Name": "当前战斗资源上限-艾露娜能量值_额外乘值",
    "CanCost": false,
    "ExactValue": 1
  },
  "15007": {
    "Id": 15007,
    "Name": "当前战斗资源上限-艾露娜能量值",
    "CanCost": false,
    "ExactValue": 100
  },
  "15011": {
    "Id": 15011,
    "Name": "当前战斗资源量-艾露娜_花花",
    "CanCost": true,
    "ExactValue": 1
  },
  "15012": {
    "Id": 15012,
    "Name": "当前战斗资源上限-艾露娜_花花_自身总值",
    "CanCost": false,
    "ExactValue": 1
  },
  "15013": {
    "Id": 15013,
    "Name": "当前战斗资源上限-艾露娜_花花_加值",
    "CanCost": false,
    "ExactValue": 1
  },
  "15014": {
    "Id": 15014,
    "Name": "当前战斗资源上限-艾露娜_花花_乘值",
    "CanCost": false,
    "ExactValue": 1
  },
  "15015": {
    "Id": 15015,
    "Name": "当前战斗资源上限-艾露娜_花花_额外加值",
    "CanCost": false,
    "ExactValue": 1
  },
  "15016": {
    "Id": 15016,
    "Name": "当前战斗资源上限-艾露娜_花花_额外乘值",
    "CanCost": false,
    "ExactValue": 1
  },
  "15017": {
    "Id": 15017,
    "Name": "当前战斗资源上限-艾露娜_花花",
    "CanCost": false,
    "ExactValue": 1
  },
  "18001": {
    "Id": 18001,
    "Name": "当前战斗资源量-陶洛斯_热力槽",
    "CanCost": true,
    "ExactValue": 1
  },
  "18002": {
    "Id": 18002,
    "Name": "当前战斗资源上限-陶洛斯_热力槽_自身总值",
    "CanCost": false,
    "ExactValue": 1
  },
  "18003": {
    "Id": 18003,
    "Name": "当前战斗资源上限-陶洛斯_热力槽_加值",
    "CanCost": false,
    "ExactValue": 1
  },
  "18004": {
    "Id": 18004,
    "Name": "当前战斗资源上限-陶洛斯_热力槽_乘值",
    "CanCost": false,
    "ExactValue": 1
  },
  "18005": {
    "Id": 18005,
    "Name": "当前战斗资源上限-陶洛斯_热力槽_额外加值",
    "CanCost": false,
    "ExactValue": 1
  },
  "18006": {
    "Id": 18006,
    "Name": "当前战斗资源上限-陶洛斯_热力槽_额外乘值",
    "CanCost": false,
    "ExactValue": 1
  },
  "18007": {
    "Id": 18007,
    "Name": "当前战斗资源上限-陶洛斯_热力槽",
    "CanCost": false,
    "ExactValue": 1
  },
  "20001": {
    "Id": 20001,
    "Name": "1+1战斗资源_当前值",
    "CanCost": true,
    "ExactValue": 1
  },
  "20002": {
    "Id": 20002,
    "Name": "1+1战斗资源_自身总值",
    "CanCost": false,
    "ExactValue": 1
  },
  "20003": {
    "Id": 20003,
    "Name": "1+1战斗资源_加值",
    "CanCost": false,
    "ExactValue": 1
  },
  "20004": {
    "Id": 20004,
    "Name": "1+1战斗资源_乘值",
    "CanCost": false,
    "ExactValue": 1
  },
  "20005": {
    "Id": 20005,
    "Name": "1+1战斗资源_额外加值",
    "CanCost": false,
    "ExactValue": 1
  },
  "20006": {
    "Id": 20006,
    "Name": "1+1战斗资源_额外乘值",
    "CanCost": false,
    "ExactValue": 1
  },
  "20007": {
    "Id": 20007,
    "Name": "1+1战斗资源上限",
    "CanCost": false,
    "ExactValue": 1
  },
  "19001": {
    "Id": 19001,
    "Name": "当前战斗资源量-杰拉德_怒气",
    "CanCost": true,
    "ExactValue": 1
  },
  "19002": {
    "Id": 19002,
    "Name": "当前战斗资源上限-杰拉德_怒气_自身总值",
    "CanCost": false,
    "ExactValue": 1
  },
  "19003": {
    "Id": 19003,
    "Name": "当前战斗资源上限-杰拉德_怒气_加值",
    "CanCost": false,
    "ExactValue": 1
  },
  "19004": {
    "Id": 19004,
    "Name": "当前战斗资源上限-杰拉德_怒气_乘值",
    "CanCost": false,
    "ExactValue": 1
  },
  "19005": {
    "Id": 19005,
    "Name": "当前战斗资源上限-杰拉德_怒气_额外加值",
    "CanCost": false,
    "ExactValue": 1
  },
  "19006": {
    "Id": 19006,
    "Name": "当前战斗资源上限-杰拉德_怒气_额外乘值",
    "CanCost": false,
    "ExactValue": 1
  },
  "19007": {
    "Id": 19007,
    "Name": "当前战斗资源上限-杰拉德_怒气",
    "CanCost": false,
    "ExactValue": 1
  },
  "19011": {
    "Id": 19011,
    "Name": "当前战斗资源量-杰拉德_砂晶石",
    "CanCost": true,
    "ExactValue": 1
  },
  "19012": {
    "Id": 19012,
    "Name": "当前战斗资源上限-杰拉德_砂晶石_自身总值",
    "CanCost": false,
    "ExactValue": 1
  },
  "19013": {
    "Id": 19013,
    "Name": "当前战斗资源上限-杰拉德_砂晶石_加值",
    "CanCost": false,
    "ExactValue": 1
  },
  "19014": {
    "Id": 19014,
    "Name": "当前战斗资源上限-杰拉德_砂晶石_乘值",
    "CanCost": false,
    "ExactValue": 1
  },
  "19015": {
    "Id": 19015,
    "Name": "当前战斗资源上限-杰拉德_砂晶石_额外加值",
    "CanCost": false,
    "ExactValue": 1
  },
  "19016": {
    "Id": 19016,
    "Name": "当前战斗资源上限-杰拉德_砂晶石_额外乘值",
    "CanCost": false,
    "ExactValue": 1
  },
  "19017": {
    "Id": 19017,
    "Name": "当前战斗资源上限-杰拉德_砂晶石",
    "CanCost": false,
    "ExactValue": 1
  },
  "21001": {
    "Id": 21001,
    "Name": "当前战斗资源量-罗罗拉_怒气",
    "CanCost": true,
    "ExactValue": 1
  },
  "21002": {
    "Id": 21002,
    "Name": "当前战斗资源上限-罗罗拉_怒气_自身总值",
    "CanCost": false,
    "ExactValue": 1
  },
  "21003": {
    "Id": 21003,
    "Name": "当前战斗资源上限-罗罗拉_怒气_加值",
    "CanCost": false,
    "ExactValue": 1
  },
  "21004": {
    "Id": 21004,
    "Name": "当前战斗资源上限-罗罗拉_怒气_乘值",
    "CanCost": false,
    "ExactValue": 1
  },
  "21005": {
    "Id": 21005,
    "Name": "当前战斗资源上限-罗罗拉_怒气_额外加值",
    "CanCost": false,
    "ExactValue": 1
  },
  "21006": {
    "Id": 21006,
    "Name": "当前战斗资源上限-罗罗拉_怒气_额外乘值",
    "CanCost": false,
    "ExactValue": 1
  },
  "21007": {
    "Id": 21007,
    "Name": "当前战斗资源上限-罗罗拉_怒气",
    "CanCost": false,
    "ExactValue": 1
  },
  "22001": {
    "Id": 22001,
    "Name": "当前战斗资源量-罗特罗亚尼-怒气",
    "CanCost": true,
    "ExactValue": 1
  },
  "22002": {
    "Id": 22002,
    "Name": "当前战斗资源上限-罗特罗亚尼-怒气_自身总值",
    "CanCost": false,
    "ExactValue": 1
  },
  "22003": {
    "Id": 22003,
    "Name": "当前战斗资源上限-罗特罗亚尼-怒气_加值",
    "CanCost": false,
    "ExactValue": 1
  },
  "22004": {
    "Id": 22004,
    "Name": "当前战斗资源上限-罗特罗亚尼-怒气_乘值",
    "CanCost": false,
    "ExactValue": 1
  },
  "22005": {
    "Id": 22005,
    "Name": "当前战斗资源上限-罗特罗亚尼-怒气_额外加值",
    "CanCost": false,
    "ExactValue": 1
  },
  "22006": {
    "Id": 22006,
    "Name": "当前战斗资源上限-罗特罗亚尼-怒气_额外乘值",
    "CanCost": false,
    "ExactValue": 1
  },
  "22007": {
    "Id": 22007,
    "Name": "当前战斗资源上限-罗特罗亚尼-怒气",
    "CanCost": false,
    "ExactValue": 1
  },
  "22011": {
    "Id": 22011,
    "Name": "当前战斗资源量-罗特罗亚尼-箭矢",
    "CanCost": true,
    "ExactValue": 1
  },
  "22012": {
    "Id": 22012,
    "Name": "当前战斗资源上限-罗特罗亚尼-箭矢_自身总值",
    "CanCost": false,
    "ExactValue": 1
  },
  "22013": {
    "Id": 22013,
    "Name": "当前战斗资源上限-罗特罗亚尼-箭矢_加值",
    "CanCost": false,
    "ExactValue": 1
  },
  "22014": {
    "Id": 22014,
    "Name": "当前战斗资源上限-罗特罗亚尼-箭矢_乘值",
    "CanCost": false,
    "ExactValue": 1
  },
  "22015": {
    "Id": 22015,
    "Name": "当前战斗资源上限-罗特罗亚尼-箭矢_额外加值",
    "CanCost": false,
    "ExactValue": 1
  },
  "22016": {
    "Id": 22016,
    "Name": "当前战斗资源上限-罗特罗亚尼-箭矢_额外乘值",
    "CanCost": false,
    "ExactValue": 1
  },
  "22017": {
    "Id": 22017,
    "Name": "当前战斗资源上限-罗特罗亚尼-箭矢",
    "CanCost": false,
    "ExactValue": 1
  },
  "23001": {
    "Id": 23001,
    "Name": "当前战斗资源量-灵魂乐手-演奏能量",
    "CanCost": true,
    "ExactValue": 100
  },
  "23002": {
    "Id": 23002,
    "Name": "当前战斗资源上限-灵魂乐手-演奏能量_自身总值",
    "CanCost": false,
    "ExactValue": 100
  },
  "23003": {
    "Id": 23003,
    "Name": "当前战斗资源上限-灵魂乐手-演奏能量_加值",
    "CanCost": false,
    "ExactValue": 100
  },
  "23004": {
    "Id": 23004,
    "Name": "当前战斗资源上限-灵魂乐手-演奏能量_乘值",
    "CanCost": false,
    "ExactValue": 100
  },
  "23005": {
    "Id": 23005,
    "Name": "当前战斗资源上限-灵魂乐手-演奏能量_额外加值",
    "CanCost": false,
    "ExactValue": 100
  },
  "23006": {
    "Id": 23006,
    "Name": "当前战斗资源上限-灵魂乐手-演奏能量_额外乘值",
    "CanCost": false,
    "ExactValue": 100
  },
  "23007": {
    "Id": 23007,
    "Name": "当前战斗资源上限-灵魂乐手-演奏能量",
    "CanCost": false,
    "ExactValue": 100
  },
  "23011": {
    "Id": 23011,
    "Name": "当前战斗资源量-灵魂乐手-演奏热情",
    "CanCost": true,
    "ExactValue": 1
  },
  "23012": {
    "Id": 23012,
    "Name": "当前战斗资源上限-灵魂乐手-演奏热情_自身总值",
    "CanCost": false,
    "ExactValue": 1
  },
  "23013": {
    "Id": 23013,
    "Name": "当前战斗资源上限-灵魂乐手-演奏热情_加值",
    "CanCost": false,
    "ExactValue": 1
  },
  "23014": {
    "Id": 23014,
    "Name": "当前战斗资源上限-灵魂乐手-演奏热情_乘值",
    "CanCost": false,
    "ExactValue": 1
  },
  "23015": {
    "Id": 23015,
    "Name": "当前战斗资源上限-灵魂乐手-演奏热情_额外加值",
    "CanCost": false,
    "ExactValue": 1
  },
  "23016": {
    "Id": 23016,
    "Name": "当前战斗资源上限-灵魂乐手-演奏热情_额外乘值",
    "CanCost": false,
    "ExactValue": 1
  },
  "23017": {
    "Id": 23017,
    "Name": "当前战斗资源上限-灵魂乐手-演奏热情",
    "CanCost": false,
    "ExactValue": 1
  },
  "23021": {
    "Id": 23021,
    "Name": "当前战斗资源量-灵魂乐手-律动",
    "CanCost": true,
    "ExactValue": 1
  },
  "23022": {
    "Id": 23022,
    "Name": "当前战斗资源上限-灵魂乐手-律动_自身总值",
    "CanCost": false,
    "ExactValue": 1
  },
  "23023": {
    "Id": 23023,
    "Name": "当前战斗资源上限-灵魂乐手-律动_加值",
    "CanCost": false,
    "ExactValue": 1
  },
  "23024": {
    "Id": 23024,
    "Name": "当前战斗资源上限-灵魂乐手-律动_乘值",
    "CanCost": false,
    "ExactValue": 1
  },
  "23025": {
    "Id": 23025,
    "Name": "当前战斗资源上限-灵魂乐手-律动_额外加值",
    "CanCost": false,
    "ExactValue": 1
  },
  "23026": {
    "Id": 23026,
    "Name": "当前战斗资源上限-灵魂乐手-律动_额外乘值",
    "CanCost": false,
    "ExactValue": 1
  },
  "23027": {
    "Id": 23027,
    "Name": "当前战斗资源上限-灵魂乐手-律动",
    "CanCost": false,
    "ExactValue": 1
  },
  "23031": {
    "Id": 23031,
    "Name": "当前战斗资源量-灵魂乐手-溢出治疗",
    "CanCost": true,
    "ExactValue": 1
  },
  "23032": {
    "Id": 23032,
    "Name": "当前战斗资源上限-灵魂乐手-溢出治疗_自身总值",
    "CanCost": false,
    "ExactValue": 1
  },
  "23033": {
    "Id": 23033,
    "Name": "当前战斗资源上限-灵魂乐手-溢出治疗_加值",
    "CanCost": false,
    "ExactValue": 1
  },
  "23034": {
    "Id": 23034,
    "Name": "当前战斗资源上限-灵魂乐手-溢出治疗_乘值",
    "CanCost": false,
    "ExactValue": 1
  },
  "23035": {
    "Id": 23035,
    "Name": "当前战斗资源上限-灵魂乐手-溢出治疗_额外加值",
    "CanCost": false,
    "ExactValue": 1
  },
  "23036": {
    "Id": 23036,
    "Name": "当前战斗资源上限-灵魂乐手-溢出治疗_额外乘值",
    "CanCost": false,
    "ExactValue": 1
  },
  "23037": {
    "Id": 23037,
    "Name": "当前战斗资源上限-灵魂乐手-溢出治疗",
    "CanCost": false,
    "ExactValue": 1
  },
  "24001": {
    "Id": 24001,
    "Name": "当前战斗资源量-法法菈-神圣能量",
    "CanCost": true,
    "ExactValue": 1
  },
  "24002": {
    "Id": 24002,
    "Name": "当前战斗资源上限-法法菈-神圣能量_自身总值",
    "CanCost": false,
    "ExactValue": 1
  },
  "24003": {
    "Id": 24003,
    "Name": "当前战斗资源上限-法法菈-神圣能量_加值",
    "CanCost": false,
    "ExactValue": 1
  },
  "24004": {
    "Id": 24004,
    "Name": "当前战斗资源上限-法法菈-神圣能量_乘值",
    "CanCost": false,
    "ExactValue": 1
  },
  "24005": {
    "Id": 24005,
    "Name": "当前战斗资源上限-法法菈-神圣能量_额外加值",
    "CanCost": false,
    "ExactValue": 1
  },
  "24006": {
    "Id": 24006,
    "Name": "当前战斗资源上限-法法菈-神圣能量_额外乘值",
    "CanCost": false,
    "ExactValue": 1
  },
  "24007": {
    "Id": 24007,
    "Name": "当前战斗资源上限-法法菈-神圣能量",
    "CanCost": false,
    "ExactValue": 1
  },
  "25001": {
    "Id": 25001,
    "Name": "当前战斗资源量-法法菈-圣令",
    "CanCost": true,
    "ExactValue": 1
  },
  "25002": {
    "Id": 25002,
    "Name": "当前战斗资源上限-法法菈-圣令_自身总值",
    "CanCost": false,
    "ExactValue": 1
  },
  "25003": {
    "Id": 25003,
    "Name": "当前战斗资源上限-法法菈-圣令_加值",
    "CanCost": false,
    "ExactValue": 1
  },
  "25004": {
    "Id": 25004,
    "Name": "当前战斗资源上限-法法菈-圣令_乘值",
    "CanCost": false,
    "ExactValue": 1
  },
  "25005": {
    "Id": 25005,
    "Name": "当前战斗资源上限-法法菈-圣令_额外加值",
    "CanCost": false,
    "ExactValue": 1
  },
  "25006": {
    "Id": 25006,
    "Name": "当前战斗资源上限-法法菈-圣令_额外乘值",
    "CanCost": false,
    "ExactValue": 1
  },
  "25007": {
    "Id": 25007,
    "Name": "当前战斗资源上限-法法菈-圣令",
    "CanCost": false,
    "ExactValue": 1
  },
  "26001": {
    "Id": 26001,
    "Name": "当前战斗资源量-法法菈-光铸屏障",
    "CanCost": true,
    "ExactValue": 1
  },
  "26002": {
    "Id": 26002,
    "Name": "当前战斗资源上限-法法菈-光铸屏障_自身总值",
    "CanCost": false,
    "ExactValue": 1
  },
  "26003": {
    "Id": 26003,
    "Name": "当前战斗资源上限-法法菈-光铸屏障_加值",
    "CanCost": false,
    "ExactValue": 1
  },
  "26004": {
    "Id": 26004,
    "Name": "当前战斗资源上限-法法菈-光铸屏障_乘值",
    "CanCost": false,
    "ExactValue": 1
  },
  "26005": {
    "Id": 26005,
    "Name": "当前战斗资源上限-法法菈-光铸屏障_额外加值",
    "CanCost": false,
    "ExactValue": 1
  },
  "26006": {
    "Id": 26006,
    "Name": "当前战斗资源上限-法法菈-光铸屏障_额外乘值",
    "CanCost": false,
    "ExactValue": 1
  },
  "26007": {
    "Id": 26007,
    "Name": "当前战斗资源上限-法法菈-光铸屏障",
    "CanCost": false,
    "ExactValue": 1
  },
  "27001": {
    "Id": 27001,
    "Name": "当前战斗资源量-法法菈-盾条",
    "CanCost": true,
    "ExactValue": 1
  },
  "27002": {
    "Id": 27002,
    "Name": "当前战斗资源上限-法法菈-盾条_自身总值",
    "CanCost": false,
    "ExactValue": 1
  },
  "27003": {
    "Id": 27003,
    "Name": "当前战斗资源上限-法法菈-盾条_加值",
    "CanCost": false,
    "ExactValue": 1
  },
  "27004": {
    "Id": 27004,
    "Name": "当前战斗资源上限-法法菈-盾条_乘值",
    "CanCost": false,
    "ExactValue": 1
  },
  "27005": {
    "Id": 27005,
    "Name": "当前战斗资源上限-法法菈-盾条_额外加值",
    "CanCost": false,
    "ExactValue": 1
  },
  "27006": {
    "Id": 27006,
    "Name": "当前战斗资源上限-法法菈-盾条_额外乘值",
    "CanCost": false,
    "ExactValue": 1
  },
  "27007": {
    "Id": 27007,
    "Name": "当前战斗资源上限-法法菈-盾条",
    "CanCost": false,
    "ExactValue": 1
  }
}