{
  "1": {
    "Id": 1,
    "ResIDs": [],
    "Desc": "太刀|雷之印",
    "IntParams": [],
    "IntParams1": [],
    "IntParams2": [],
    "UIType": [
      2,
      1
    ],
    "SecondsCost": [],
    "BindElemental": [
      [
        "1",
        "#f8ac39"
      ]
    ],
    "OpenBuff": [],
    "ResIcon": "ui/atlas/battle_weapon_thunder/main_thunder_",
    "ResEffect": "ui/uieffect/prefab/ui_sfx_battle_001/ui_sfx_group_battle_001_purple",
    "PrefabPath": "ui/prefabs/main/battle_weapon/main_thunder_tpl",
    "EffectShowBuff": [
      [
        "0",
        "2200151",
        "0",
        "ui/uieffect/prefab/ui_sfx_battle_weapon_001/ui_sfx_group_tdl_fankui_loop"
      ],
      [
        "0",
        "2200601",
        "0",
        "ui/uieffect/prefab/ui_sfx_battle_weapon_001/ui_sfx_group_tdl_fankui_loop"
      ],
      [
        "1",
        "43101",
        "1",
        "0"
      ],
      [
        "1",
        "43201",
        "1",
        "0"
      ]
    ]
  },
  "2": {
    "Id": 2,
    "ResIDs": [
      12001,
      12021
    ],
    "Desc": "法杖|魔力值",
    "IntParams": [],
    "IntParams1": [],
    "IntParams2": [],
    "UIType": [
      2,
      1
    ],
    "SecondsCost": [],
    "BindElemental": [
      [
        "1",
        "#f8ac39"
      ]
    ],
    "OpenBuff": [
      0,
      27013
    ],
    "ResIcon": "ui/atlas/battle_weapon_snow/main_snow_",
    "ResEffect": "ui/uieffect/prefab/ui_sfx_battle_001/ui_sfx_group_battle_001_blue",
    "PrefabPath": "ui/prefabs/main/battle_weapon/main_snow_tpl",
    "EffectShowBuff": [
      [
        "1",
        "27007",
        "1",
        "0"
      ],
      [
        "0",
        "2204371",
        "1",
        "ui/uieffect/prefab/ui_sfx_battle_weapon_001/ui_sfx_group_fz_guangxiao_loop"
      ],
      [
        "0",
        "2204551",
        "1",
        "ui/uieffect/prefab/ui_sfx_battle_weapon_001/ui_sfx_group_fz_guangxiao_loop"
      ]
    ]
  },
  "4": {
    "Id": 4,
    "ResIDs": [
      13001
    ],
    "Desc": "双斧精力条",
    "IntParams": [],
    "IntParams1": [],
    "IntParams2": [],
    "UIType": [
      2
    ],
    "SecondsCost": [],
    "BindElemental": [],
    "OpenBuff": [],
    "ResIcon": "",
    "ResEffect": "",
    "PrefabPath": "",
    "EffectShowBuff": []
  },
  "5": {
    "Id": 5,
    "ResIDs": [
      14011,
      14001
    ],
    "Desc": "长枪|勇气值/锐利",
    "IntParams": [],
    "IntParams1": [],
    "IntParams2": [],
    "UIType": [
      2,
      1
    ],
    "SecondsCost": [],
    "BindElemental": [
      [
        "1",
        "#f8ac39"
      ]
    ],
    "OpenBuff": [
      0,
      2205040
    ],
    "ResIcon": "ui/atlas/battle_weapon_lance/main_lance_",
    "ResEffect": "ui/uieffect/prefab/ui_sfx_battle_001/ui_sfx_group_battle_001_green",
    "PrefabPath": "ui/prefabs/main/battle_weapon/main_lance_tpl",
    "EffectShowBuff": [
      [
        "1",
        "31201",
        "1",
        "0"
      ]
    ]
  },
  "8": {
    "Id": 8,
    "ResIDs": [
      18001
    ],
    "Desc": "陶洛斯热力槽",
    "IntParams": [],
    "IntParams1": [],
    "IntParams2": [],
    "UIType": [
      2
    ],
    "SecondsCost": [],
    "BindElemental": [],
    "OpenBuff": [],
    "ResIcon": "",
    "ResEffect": "",
    "PrefabPath": "",
    "EffectShowBuff": []
  },
  "9": {
    "Id": 9,
    "ResIDs": [
      19001,
      19011
    ],
    "Desc": "卫刃|怒气/砂晶石",
    "IntParams": [],
    "IntParams1": [],
    "IntParams2": [],
    "UIType": [
      2,
      1
    ],
    "SecondsCost": [],
    "BindElemental": [
      [
        "1",
        "#f8ac39"
      ]
    ],
    "OpenBuff": [],
    "ResIcon": "ui/atlas/battle_weapon_rock/main_rock_",
    "ResEffect": "ui/uieffect/prefab/ui_sfx_battle_001/ui_sfx_group_battle_001_brown",
    "PrefabPath": "ui/prefabs/main/battle_weapon/main_rock_tpl",
    "EffectShowBuff": [
      [
        "1",
        "2201461",
        "1",
        "0"
      ],
      [
        "1",
        "50050",
        "1",
        "0"
      ]
    ]
  },
  "10": {
    "Id": 10,
    "ResIDs": [
      21001
    ],
    "Desc": "罗罗拉晦暗",
    "IntParams": [],
    "IntParams1": [],
    "IntParams2": [],
    "UIType": [
      2
    ],
    "SecondsCost": [],
    "BindElemental": [],
    "OpenBuff": [],
    "ResIcon": "",
    "ResEffect": "",
    "PrefabPath": "",
    "EffectShowBuff": []
  },
  "11": {
    "Id": 11,
    "ResIDs": [
      22001,
      22011
    ],
    "Desc": "弓箭|秘能值",
    "IntParams": [],
    "IntParams1": [],
    "IntParams2": [],
    "UIType": [
      2,
      1
    ],
    "SecondsCost": [],
    "BindElemental": [
      [
        "1",
        "#f8ac39"
      ]
    ],
    "OpenBuff": [
      0,
      55237
    ],
    "ResIcon": "ui/atlas/battle_weapon_shooter/main_arrow_",
    "ResEffect": "ui/uieffect/prefab/ui_sfx_battle_001/ui_sfx_group_battle_001_yellow",
    "PrefabPath": "ui/prefabs/main/battle_weapon/main_shooter_tpl",
    "EffectShowBuff": [
      [
        "1",
        "55223",
        "1",
        "0"
      ]
    ]
  },
  "13": {
    "Id": 13,
    "ResIDs": [
      15001,
      15011
    ],
    "Desc": "法环|能量/花蕾",
    "IntParams": [],
    "IntParams1": [],
    "IntParams2": [],
    "UIType": [
      2,
      1
    ],
    "SecondsCost": [],
    "BindElemental": [
      [
        "1",
        "#f8ac39"
      ]
    ],
    "OpenBuff": [
      0,
      2202050
    ],
    "ResIcon": "ui/atlas/battle_weapon_milk/main_flor_",
    "ResEffect": "ui/uieffect/prefab/ui_sfx_battle_001/ui_sfx_group_battle_001_red",
    "PrefabPath": "ui/prefabs/main/battle_weapon/main_milk_tpl",
    "EffectShowBuff": [
      [
        "1",
        "2202561",
        "1",
        "0"
      ],
      [
        "0",
        "2202751",
        "0",
        "ui/uieffect/prefab/ui_sfx_battle_weapon_001/ui_sfx_group_fh_fankui_loop"
      ],
      [
        "1",
        "2202706",
        "1",
        "1"
      ]
    ]
  },
  "12": {
    "Id": 12,
    "ResIDs": [
      24001,
      25001,
      27001
    ],
    "Desc": "剑盾|神圣能量/圣令",
    "IntParams": [],
    "IntParams1": [
      [
        25001,
        10
      ],
      [
        27001,
        11320,
        100,
        100
      ]
    ],
    "IntParams2": [],
    "UIType": [
      2,
      1,
      4
    ],
    "SecondsCost": [
      [
        25001,
        10
      ]
    ],
    "BindElemental": [
      [
        "1",
        "#f8ac39"
      ]
    ],
    "OpenBuff": [
      0,
      0,
      2206011
    ],
    "ResIcon": "ui/atlas/battle_weapon_sword/main_holy_",
    "ResEffect": "ui/uieffect/prefab/ui_sfx_battle_001/ui_sfx_group_battle_001_yellow",
    "PrefabPath": "ui/prefabs/main/battle_weapon/main_sword_tpl",
    "EffectShowBuff": [
      [
        "2",
        "2206031",
        "1",
        "ui/uieffect/prefab/ui_sfx_battle_weapon_001/ui_sfx_group_jd_guangxiao_loop"
      ],
      [
        "0",
        "2206171",
        "0",
        "ui/uieffect/prefab/ui_sfx_battle_weapon_001/ui_sfx_group_jd_fankui_loop"
      ],
      [
        "1",
        "55412",
        "1",
        "0"
      ],
      [
        "1",
        "55417",
        "1",
        "0"
      ]
    ]
  },
  "14": {
    "Id": 14,
    "ResIDs": [
      23001,
      23011,
      23021,
      23031
    ],
    "Desc": "吉他|演奏能量/演奏热情/律动/溢出治疗",
    "IntParams": [],
    "IntParams1": [
      [
        23021,
        11340,
        1,
        30
      ],
      [
        23031,
        11320,
        1,
        5
      ]
    ],
    "IntParams2": [],
    "UIType": [
      3,
      1,
      2,
      2
    ],
    "SecondsCost": [
      [
        23011,
        4
      ]
    ],
    "BindElemental": [],
    "OpenBuff": [
      0,
      0,
      2207620,
      2207150
    ],
    "ResIcon": "ui/atlas/battle_weapon_guitar/main_guitar_",
    "ResEffect": "ui/uieffect/prefab/ui_sfx_battle_001/ui_sfx_group_battle_001_red",
    "PrefabPath": "ui/prefabs/main/battle_weapon/main_guitar_tpl",
    "EffectShowBuff": []
  },
  "10001": {
    "Id": 10001,
    "ResIDs": [
      20001
    ],
    "Desc": "输出",
    "IntParams": [
      1000,
      20001,
      7
    ],
    "IntParams1": [],
    "IntParams2": [],
    "UIType": [],
    "SecondsCost": [],
    "BindElemental": [],
    "OpenBuff": [],
    "ResIcon": "",
    "ResEffect": "",
    "PrefabPath": "",
    "EffectShowBuff": []
  },
  "10002": {
    "Id": 10002,
    "ResIDs": [
      20001
    ],
    "Desc": "辅助",
    "IntParams": [
      1000,
      20001,
      7
    ],
    "IntParams1": [],
    "IntParams2": [],
    "UIType": [],
    "SecondsCost": [],
    "BindElemental": [],
    "OpenBuff": [],
    "ResIcon": "",
    "ResEffect": "",
    "PrefabPath": "",
    "EffectShowBuff": []
  },
  "10003": {
    "Id": 10003,
    "ResIDs": [
      20001
    ],
    "Desc": "生存",
    "IntParams": [
      1000,
      20001,
      7
    ],
    "IntParams1": [],
    "IntParams2": [],
    "UIType": [],
    "SecondsCost": [],
    "BindElemental": [],
    "OpenBuff": [],
    "ResIcon": "",
    "ResEffect": "",
    "PrefabPath": "",
    "EffectShowBuff": []
  }
}