{
  "1": {
    "FishingLevel": 1,
    "Exp": 330,
    "ItemAward": 0,
    "UnlockFunction": [],
    "UnlockFunctionDesc": [],
    "ExtraText": "He crouched down and started digging with his hands. <br>Soon, he unearthed a box with a letter inside."
  },
  "2": {
    "FishingLevel": 2,
    "Exp": 720,
    "ItemAward": 21000020,
    "UnlockFunction": [],
    "UnlockFunctionDesc": [],
    "ExtraText": "Rewards for Fishing Lv.2"
  },
  "3": {
    "FishingLevel": 3,
    "Exp": 1170,
    "ItemAward": 21000030,
    "UnlockFunction": [],
    "UnlockFunctionDesc": [],
    "ExtraText": "Rewards for Fishing Lv.3"
  },
  "4": {
    "FishingLevel": 4,
    "Exp": 1680,
    "ItemAward": 21000040,
    "UnlockFunction": [],
    "UnlockFunctionDesc": [],
    "ExtraText": "Rewards for Fishing Lv.4"
  },
  "5": {
    "FishingLevel": 5,
    "Exp": 2250,
    "ItemAward": 21000050,
    "UnlockFunction": [],
    "UnlockFunctionDesc": [
      "Unlock special emote:{*val*}"
    ],
    "ExtraText": "Rewards for Fishing Lv.5"
  },
  "6": {
    "FishingLevel": 6,
    "Exp": 2880,
    "ItemAward": 21000060,
    "UnlockFunction": [],
    "UnlockFunctionDesc": [],
    "ExtraText": "Rewards for Fishing Lv.6"
  },
  "7": {
    "FishingLevel": 7,
    "Exp": 3570,
    "ItemAward": 21000070,
    "UnlockFunction": [],
    "UnlockFunctionDesc": [],
    "ExtraText": "Rewards for Fishing Lv.7"
  },
  "8": {
    "FishingLevel": 8,
    "Exp": 4320,
    "ItemAward": 21000080,
    "UnlockFunction": [],
    "UnlockFunctionDesc": [],
    "ExtraText": "Rewards for Fishing Lv.8"
  },
  "9": {
    "FishingLevel": 9,
    "Exp": 5130,
    "ItemAward": 21000090,
    "UnlockFunction": [],
    "UnlockFunctionDesc": [],
    "ExtraText": "Rewards for Fishing Lv.9"
  },
  "10": {
    "FishingLevel": 10,
    "Exp": 6000,
    "ItemAward": 21000100,
    "UnlockFunction": [],
    "UnlockFunctionDesc": [],
    "ExtraText": "Rewards for Fishing Lv.10"
  },
  "11": {
    "FishingLevel": 11,
    "Exp": 6930,
    "ItemAward": 21000110,
    "UnlockFunction": [],
    "UnlockFunctionDesc": [],
    "ExtraText": "Rewards for Fishing Lv.11"
  },
  "12": {
    "FishingLevel": 12,
    "Exp": 7920,
    "ItemAward": 21000120,
    "UnlockFunction": [],
    "UnlockFunctionDesc": [],
    "ExtraText": "Rewards for Fishing Lv.12"
  },
  "13": {
    "FishingLevel": 13,
    "Exp": 8970,
    "ItemAward": 21000130,
    "UnlockFunction": [],
    "UnlockFunctionDesc": [],
    "ExtraText": "Rewards for Fishing Lv.13"
  },
  "14": {
    "FishingLevel": 14,
    "Exp": 10080,
    "ItemAward": 21000140,
    "UnlockFunction": [],
    "UnlockFunctionDesc": [],
    "ExtraText": "Rewards for Fishing Lv.14"
  },
  "15": {
    "FishingLevel": 15,
    "Exp": 11250,
    "ItemAward": 21000150,
    "UnlockFunction": [],
    "UnlockFunctionDesc": [],
    "ExtraText": "Rewards for Fishing Lv.15"
  },
  "16": {
    "FishingLevel": 16,
    "Exp": 12480,
    "ItemAward": 21000160,
    "UnlockFunction": [],
    "UnlockFunctionDesc": [],
    "ExtraText": "Rewards for Fishing Lv.16"
  },
  "17": {
    "FishingLevel": 17,
    "Exp": 13770,
    "ItemAward": 21000170,
    "UnlockFunction": [],
    "UnlockFunctionDesc": [],
    "ExtraText": "Rewards for Fishing Lv.17"
  },
  "18": {
    "FishingLevel": 18,
    "Exp": 15120,
    "ItemAward": 21000180,
    "UnlockFunction": [],
    "UnlockFunctionDesc": [],
    "ExtraText": "Rewards for Fishing Lv.18"
  },
  "19": {
    "FishingLevel": 19,
    "Exp": 16530,
    "ItemAward": 21000190,
    "UnlockFunction": [],
    "UnlockFunctionDesc": [],
    "ExtraText": "Rewards for Fishing Lv.19"
  },
  "20": {
    "FishingLevel": 20,
    "Exp": 18000,
    "ItemAward": 21000200,
    "UnlockFunction": [],
    "UnlockFunctionDesc": [],
    "ExtraText": "Rewards for Fishing Lv.20"
  }
}