{
  "1094001": {
    "FishId": 1094001,
    "Name": "Asterscad",
    "ModelId": 2104,
    "FishingIcon": "ui/textures/fishing/fishing_icon_03",
    "FishingShadowIcon": "ui/atlas/fishing/fishing_icon_03_blue",
    "BaitId": [],
    "Condition": [],
    "Quality": 1,
    "Type": 1,
    "DefaultSize": 55.0,
    "Size": [
      [
        15,
        20
      ],
      [
        20,
        25
      ],
      [
        25,
        30
      ],
      [
        30,
        35
      ],
      [
        35,
        45
      ]
    ],
    "FishingHint": true,
    "BuoyRandomTime": [
      1,
      2
    ],
    "FishingAttrId": 10000,
    "IfResearch": 1,
    "FishingResearchExp": [
      3,
      8,
      18,
      40
    ],
    "FishingTemplateId": [
      40001,
      40002,
      40003,
      40004
    ],
    "FishingSucessExp": 1,
    "FishingSucessDurabilityCost": 2,
    "Sort": 2005,
    "QuickJumpType": 1,
    "QuickJumpParam": [
      8,
      5,
      4732
    ],
    "LockedWords": "Fish in the water area",
    "SpecialWords": "ui/textures/fishing/fishing_icon_03"
  },
  "1094002": {
    "FishId": 1094002,
    "Name": "Continental Puffer",
    "ModelId": 2103,
    "FishingIcon": "ui/textures/fishing/fishing_icon_06",
    "FishingShadowIcon": "ui/atlas/fishing/fishing_icon_06_blue",
    "BaitId": [
      1054008,
      1054016,
      1054017
    ],
    "Condition": [],
    "Quality": 1,
    "Type": 1,
    "DefaultSize": 55.0,
    "Size": [
      [
        20,
        28
      ],
      [
        28,
        36
      ],
      [
        36,
        44
      ],
      [
        44,
        52
      ],
      [
        52,
        70
      ]
    ],
    "FishingHint": true,
    "BuoyRandomTime": [
      2,
      4
    ],
    "FishingAttrId": 10001,
    "IfResearch": 1,
    "FishingResearchExp": [
      3,
      8,
      18,
      40
    ],
    "FishingTemplateId": [
      40005,
      40006,
      40007,
      40008
    ],
    "FishingSucessExp": 2,
    "FishingSucessDurabilityCost": 5,
    "Sort": 1003,
    "QuickJumpType": 1,
    "QuickJumpParam": [
      7,
      5,
      17616
    ],
    "LockedWords": "Fish in the water area",
    "SpecialWords": "ui/textures/fishing/fishing_icon_03"
  },
  "1094003": {
    "FishId": 1094003,
    "Name": "Rockpea",
    "ModelId": 2102,
    "FishingIcon": "ui/textures/fishing/fishing_icon_05",
    "FishingShadowIcon": "ui/atlas/fishing/fishing_icon_05_blue",
    "BaitId": [
      1054008,
      1054016,
      1054017
    ],
    "Condition": [],
    "Quality": 2,
    "Type": 1,
    "DefaultSize": 55.0,
    "Size": [
      [
        13,
        24
      ],
      [
        24,
        34
      ],
      [
        34,
        44
      ],
      [
        44,
        54
      ],
      [
        54,
        64
      ]
    ],
    "FishingHint": true,
    "BuoyRandomTime": [
      2,
      4
    ],
    "FishingAttrId": 10002,
    "IfResearch": 1,
    "FishingResearchExp": [
      3,
      8,
      18,
      40
    ],
    "FishingTemplateId": [
      40009,
      40010,
      40011,
      40012
    ],
    "FishingSucessExp": 3,
    "FishingSucessDurabilityCost": 5,
    "Sort": 1002,
    "QuickJumpType": 1,
    "QuickJumpParam": [
      7,
      5,
      17616
    ],
    "LockedWords": "Fish in the water area",
    "SpecialWords": "ui/textures/fishing/fishing_icon_03"
  },
  "1094004": {
    "FishId": 1094004,
    "Name": "Azure Damsel",
    "ModelId": 2101,
    "FishingIcon": "ui/textures/fishing/fishing_icon_01",
    "FishingShadowIcon": "ui/atlas/fishing/fishing_icon_01_blue",
    "BaitId": [
      1054017
    ],
    "Condition": [],
    "Quality": 3,
    "Type": 1,
    "DefaultSize": 55.0,
    "Size": [
      [
        34,
        59
      ],
      [
        59,
        83
      ],
      [
        83,
        108
      ],
      [
        108,
        132
      ],
      [
        132,
        156
      ]
    ],
    "FishingHint": true,
    "BuoyRandomTime": [
      2,
      4
    ],
    "FishingAttrId": 10003,
    "IfResearch": 1,
    "FishingResearchExp": [
      3,
      8,
      18,
      40
    ],
    "FishingTemplateId": [
      40013,
      40014,
      40015,
      40016
    ],
    "FishingSucessExp": 4,
    "FishingSucessDurabilityCost": 10,
    "Sort": 1001,
    "QuickJumpType": 1,
    "QuickJumpParam": [
      7,
      5,
      17616
    ],
    "LockedWords": "Fish in the water area",
    "SpecialWords": "ui/textures/fishing/fishing_icon_03"
  },
  "1094005": {
    "FishId": 1094005,
    "Name": "Astermackere",
    "ModelId": 2106,
    "FishingIcon": "ui/textures/fishing/fishing_icon_02",
    "FishingShadowIcon": "ui/atlas/fishing/fishing_icon_02_blue",
    "BaitId": [],
    "Condition": [],
    "Quality": 1,
    "Type": 1,
    "DefaultSize": 55.0,
    "Size": [
      [
        15,
        20
      ],
      [
        20,
        25
      ],
      [
        25,
        30
      ],
      [
        30,
        35
      ],
      [
        35,
        45
      ]
    ],
    "FishingHint": true,
    "BuoyRandomTime": [
      2,
      4
    ],
    "FishingAttrId": 10000,
    "IfResearch": 1,
    "FishingResearchExp": [
      3,
      8,
      18,
      40
    ],
    "FishingTemplateId": [
      40017,
      40018,
      40019,
      40020
    ],
    "FishingSucessExp": 1,
    "FishingSucessDurabilityCost": 2,
    "Sort": 2004,
    "QuickJumpType": 1,
    "QuickJumpParam": [
      7,
      5,
      17616
    ],
    "LockedWords": "Fish in the water area",
    "SpecialWords": "ui/textures/fishing/fishing_icon_03"
  },
  "1094006": {
    "FishId": 1094006,
    "Name": "Regnus Bighead",
    "ModelId": 2105,
    "FishingIcon": "ui/textures/fishing/fishing_icon_04",
    "FishingShadowIcon": "ui/atlas/fishing/fishing_icon_04_blue",
    "BaitId": [
      1054008,
      1054016,
      1054017
    ],
    "Condition": [],
    "Quality": 1,
    "Type": 1,
    "DefaultSize": 55.0,
    "Size": [
      [
        20,
        28
      ],
      [
        28,
        36
      ],
      [
        36,
        44
      ],
      [
        44,
        52
      ],
      [
        52,
        70
      ]
    ],
    "FishingHint": true,
    "BuoyRandomTime": [
      2,
      4
    ],
    "FishingAttrId": 10001,
    "IfResearch": 1,
    "FishingResearchExp": [
      3,
      8,
      18,
      40
    ],
    "FishingTemplateId": [
      40021,
      40022,
      40023,
      40024
    ],
    "FishingSucessExp": 2,
    "FishingSucessDurabilityCost": 5,
    "Sort": 2003,
    "QuickJumpType": 1,
    "QuickJumpParam": [
      8,
      5,
      4732
    ],
    "LockedWords": "Fish in the water area",
    "SpecialWords": "ui/textures/fishing/fishing_icon_03"
  },
  "1094007": {
    "FishId": 1094007,
    "Name": "Stellar Squirrelfish",
    "ModelId": 2107,
    "FishingIcon": "ui/textures/fishing/fishing_icon_08",
    "FishingShadowIcon": "ui/atlas/fishing/fishing_icon_08_blue",
    "BaitId": [
      1054008,
      1054016,
      1054017
    ],
    "Condition": [],
    "Quality": 2,
    "Type": 1,
    "DefaultSize": 55.0,
    "Size": [
      [
        13,
        24
      ],
      [
        24,
        34
      ],
      [
        34,
        44
      ],
      [
        44,
        54
      ],
      [
        54,
        64
      ]
    ],
    "FishingHint": true,
    "BuoyRandomTime": [
      1,
      2
    ],
    "FishingAttrId": 10004,
    "IfResearch": 1,
    "FishingResearchExp": [
      3,
      8,
      18,
      40
    ],
    "FishingTemplateId": [
      40025,
      40026,
      40027,
      40028
    ],
    "FishingSucessExp": 3,
    "FishingSucessDurabilityCost": 10,
    "Sort": 2002,
    "QuickJumpType": 1,
    "QuickJumpParam": [
      8,
      5,
      4732
    ],
    "LockedWords": "Fish in the water area",
    "SpecialWords": "ui/textures/fishing/fishing_icon_03"
  },
  "1094008": {
    "FishId": 1094008,
    "Name": "Lantern Puffer",
    "ModelId": 2108,
    "FishingIcon": "ui/textures/fishing/fishing_icon_09",
    "FishingShadowIcon": "ui/atlas/fishing/fishing_icon_09_blue",
    "BaitId": [
      1054017
    ],
    "Condition": [],
    "Quality": 3,
    "Type": 1,
    "DefaultSize": 55.0,
    "Size": [
      [
        34,
        59
      ],
      [
        59,
        83
      ],
      [
        83,
        108
      ],
      [
        108,
        132
      ],
      [
        132,
        156
      ]
    ],
    "FishingHint": true,
    "BuoyRandomTime": [
      2,
      4
    ],
    "FishingAttrId": 10005,
    "IfResearch": 1,
    "FishingResearchExp": [
      3,
      8,
      18,
      40
    ],
    "FishingTemplateId": [
      40029,
      40030,
      40031,
      40032
    ],
    "FishingSucessExp": 4,
    "FishingSucessDurabilityCost": 10,
    "Sort": 2001,
    "QuickJumpType": 1,
    "QuickJumpParam": [
      8,
      5,
      4732
    ],
    "LockedWords": "Fish in the water area",
    "SpecialWords": "ui/textures/fishing/fishing_icon_03"
  },
  "1094009": {
    "FishId": 1094009,
    "Name": "Flaming Grouper",
    "ModelId": 2109,
    "FishingIcon": "ui/textures/fishing/fishing_icon_10",
    "FishingShadowIcon": "ui/atlas/fishing/fishing_icon_10_blue",
    "BaitId": [],
    "Condition": [],
    "Quality": 1,
    "Type": 1,
    "DefaultSize": 55.0,
    "Size": [
      [
        15,
        20
      ],
      [
        20,
        25
      ],
      [
        25,
        30
      ],
      [
        30,
        35
      ],
      [
        35,
        45
      ]
    ],
    "FishingHint": true,
    "BuoyRandomTime": [
      2,
      4
    ],
    "FishingAttrId": 10000,
    "IfResearch": 1,
    "FishingResearchExp": [
      3,
      8,
      18,
      40
    ],
    "FishingTemplateId": [
      40033,
      40034,
      40035,
      40036
    ],
    "FishingSucessExp": 1,
    "FishingSucessDurabilityCost": 2,
    "Sort": 3005,
    "QuickJumpType": 1,
    "QuickJumpParam": [
      7,
      5,
      17745
    ],
    "LockedWords": "Fish in the water area",
    "SpecialWords": "ui/textures/fishing/fishing_icon_03"
  },
  "1094010": {
    "FishId": 1094010,
    "Name": "Snowy Bighead",
    "ModelId": 2110,
    "FishingIcon": "ui/textures/fishing/fishing_icon_11",
    "FishingShadowIcon": "ui/atlas/fishing/fishing_icon_11_blue",
    "BaitId": [
      1054008,
      1054016,
      1054017
    ],
    "Condition": [],
    "Quality": 2,
    "Type": 1,
    "DefaultSize": 55.0,
    "Size": [
      [
        13,
        24
      ],
      [
        24,
        34
      ],
      [
        34,
        44
      ],
      [
        44,
        54
      ],
      [
        54,
        64
      ]
    ],
    "FishingHint": true,
    "BuoyRandomTime": [
      2,
      4
    ],
    "FishingAttrId": 10004,
    "IfResearch": 1,
    "FishingResearchExp": [
      3,
      8,
      18,
      40
    ],
    "FishingTemplateId": [
      40037,
      40038,
      40039,
      40040
    ],
    "FishingSucessExp": 2,
    "FishingSucessDurabilityCost": 5,
    "Sort": 3004,
    "QuickJumpType": 1,
    "QuickJumpParam": [
      7,
      5,
      17745
    ],
    "LockedWords": "Fish in the water area",
    "SpecialWords": "ui/textures/fishing/fishing_icon_03"
  },
  "1094011": {
    "FishId": 1094011,
    "Name": "Hanikon Bighead",
    "ModelId": 2111,
    "FishingIcon": "ui/textures/fishing/fishing_icon_12",
    "FishingShadowIcon": "ui/atlas/fishing/fishing_icon_12_blue",
    "BaitId": [
      1054017
    ],
    "Condition": [],
    "Quality": 3,
    "Type": 1,
    "DefaultSize": 55.0,
    "Size": [
      [
        34,
        59
      ],
      [
        59,
        83
      ],
      [
        83,
        108
      ],
      [
        108,
        132
      ],
      [
        132,
        156
      ]
    ],
    "FishingHint": true,
    "BuoyRandomTime": [
      2,
      4
    ],
    "FishingAttrId": 10005,
    "IfResearch": 1,
    "FishingResearchExp": [
      3,
      8,
      18,
      40
    ],
    "FishingTemplateId": [
      40041,
      40042,
      40043,
      40044
    ],
    "FishingSucessExp": 3,
    "FishingSucessDurabilityCost": 10,
    "Sort": 3003,
    "QuickJumpType": 1,
    "QuickJumpParam": [
      7,
      5,
      17745
    ],
    "LockedWords": "Fish in the water area",
    "SpecialWords": "ui/textures/fishing/fishing_icon_03"
  },
  "1094099": {
    "FishId": 1094099,
    "Name": "Whale",
    "ModelId": 2101,
    "FishingIcon": "ui/textures/fishing/fishing_icon_01",
    "FishingShadowIcon": "ui/atlas/fishing/fishing_icon_15_blue",
    "BaitId": [
      1054008
    ],
    "Condition": [],
    "Quality": 3,
    "Type": 99,
    "DefaultSize": 0.0,
    "Size": [],
    "FishingHint": true,
    "BuoyRandomTime": [
      1,
      2
    ],
    "FishingAttrId": 10003,
    "IfResearch": 0,
    "FishingResearchExp": [
      3,
      8,
      18,
      40
    ],
    "FishingTemplateId": [
      50001,
      50002,
      50003,
      50004
    ],
    "FishingSucessExp": 5,
    "FishingSucessDurabilityCost": 10,
    "Sort": 3001,
    "QuickJumpType": 0,
    "QuickJumpParam": [],
    "LockedWords": "Legendary creature, awaiting exploration...",
    "SpecialWords": "In Asterleeds, a \"Storm Year\" occurs periodically, accompanied by a legend of a sea beast. Every year, rumors of sightings of this sea beast emerge, but no concrete evidence has been found so far.<br>Does it really exist in the vast ocean of Asterleeds?"
  },
  "1095001": {
    "FishId": 1095001,
    "Name": "Starfish",
    "ModelId": 3101,
    "FishingIcon": "ui/textures/fishing/fishing_icon_haixing",
    "FishingShadowIcon": "ui/atlas/fishing/fishing_icon_haixing_blue",
    "BaitId": [
      1054008,
      1054016,
      1054017
    ],
    "Condition": [],
    "Quality": 2,
    "Type": 2,
    "DefaultSize": 0.0,
    "Size": [],
    "FishingHint": true,
    "BuoyRandomTime": [
      2,
      4
    ],
    "FishingAttrId": 10002,
    "IfResearch": 0,
    "FishingResearchExp": [],
    "FishingTemplateId": [],
    "FishingSucessExp": 5,
    "FishingSucessDurabilityCost": 5,
    "Sort": 3002,
    "QuickJumpType": 1,
    "QuickJumpParam": [
      8,
      5,
      4732
    ],
    "LockedWords": "Fish in the water area",
    "SpecialWords": "ui/textures/fishing/fishing_icon_03"
  },
  "1095002": {
    "FishId": 1095002,
    "Name": "Jellyfish",
    "ModelId": 3102,
    "FishingIcon": "ui/textures/fishing/fishing_icon_shuimu",
    "FishingShadowIcon": "ui/atlas/fishing/fishing_icon_shuimu_blue",
    "BaitId": [
      1054008,
      1054016,
      1054017
    ],
    "Condition": [],
    "Quality": 2,
    "Type": 2,
    "DefaultSize": 0.0,
    "Size": [],
    "FishingHint": true,
    "BuoyRandomTime": [
      1,
      2
    ],
    "FishingAttrId": 10003,
    "IfResearch": 0,
    "FishingResearchExp": [],
    "FishingTemplateId": [],
    "FishingSucessExp": 5,
    "FishingSucessDurabilityCost": 5,
    "Sort": 3001,
    "QuickJumpType": 1,
    "QuickJumpParam": [
      7,
      5,
      17616
    ],
    "LockedWords": "Fish in the water area",
    "SpecialWords": "ui/textures/fishing/fishing_icon_03"
  },
  "1095003": {
    "FishId": 1095003,
    "Name": "Coral",
    "ModelId": 3103,
    "FishingIcon": "ui/textures/fishing/fishing_icon_shanhu",
    "FishingShadowIcon": "ui/atlas/fishing/fishing_icon_shanhu_blue",
    "BaitId": [
      1054008,
      1054016,
      1054017
    ],
    "Condition": [],
    "Quality": 2,
    "Type": 2,
    "DefaultSize": 0.0,
    "Size": [],
    "FishingHint": true,
    "BuoyRandomTime": [
      1,
      2
    ],
    "FishingAttrId": 10003,
    "IfResearch": 0,
    "FishingResearchExp": [],
    "FishingTemplateId": [],
    "FishingSucessExp": 5,
    "FishingSucessDurabilityCost": 5,
    "Sort": 3001,
    "QuickJumpType": 1,
    "QuickJumpParam": [
      7,
      5,
      17745
    ],
    "LockedWords": "Fish in the water area",
    "SpecialWords": "ui/textures/fishing/fishing_icon_03"
  },
  "1096001": {
    "FishId": 1096001,
    "Name": "Glass Bottle",
    "ModelId": 4101,
    "FishingIcon": "ui/textures/fishing/fishing_icon_rubbish01",
    "FishingShadowIcon": "ui/atlas/fishing/fishing_icon_rubbish01_blue",
    "BaitId": [
      1054008,
      1054017
    ],
    "Condition": [],
    "Quality": 1,
    "Type": 5,
    "DefaultSize": 0.0,
    "Size": [],
    "FishingHint": true,
    "BuoyRandomTime": [
      2,
      4
    ],
    "FishingAttrId": 20000,
    "IfResearch": 0,
    "FishingResearchExp": [],
    "FishingTemplateId": [],
    "FishingSucessExp": 1,
    "FishingSucessDurabilityCost": 2,
    "Sort": 1,
    "QuickJumpType": 1,
    "QuickJumpParam": [
      8,
      5,
      4732
    ],
    "LockedWords": "Common marine debris",
    "SpecialWords": "ui/textures/fishing/fishing_icon_03"
  },
  "1096002": {
    "FishId": 1096002,
    "Name": "Jar",
    "ModelId": 4102,
    "FishingIcon": "ui/textures/fishing/fishing_icon_rubbish02",
    "FishingShadowIcon": "ui/atlas/fishing/fishing_icon_rubbish02_blue",
    "BaitId": [
      1054008,
      1054017
    ],
    "Condition": [],
    "Quality": 1,
    "Type": 5,
    "DefaultSize": 0.0,
    "Size": [],
    "FishingHint": true,
    "BuoyRandomTime": [
      2,
      4
    ],
    "FishingAttrId": 20001,
    "IfResearch": 0,
    "FishingResearchExp": [],
    "FishingTemplateId": [],
    "FishingSucessExp": 1,
    "FishingSucessDurabilityCost": 2,
    "Sort": 1,
    "QuickJumpType": 1,
    "QuickJumpParam": [
      8,
      5,
      4732
    ],
    "LockedWords": "Common marine debris",
    "SpecialWords": "ui/textures/fishing/fishing_icon_03"
  },
  "1096003": {
    "FishId": 1096003,
    "Name": "Floatie",
    "ModelId": 4103,
    "FishingIcon": "ui/textures/fishing/fishing_icon_rubbish03",
    "FishingShadowIcon": "ui/atlas/fishing/fishing_icon_rubbish03_blue",
    "BaitId": [
      1054008,
      1054017
    ],
    "Condition": [],
    "Quality": 1,
    "Type": 5,
    "DefaultSize": 0.0,
    "Size": [],
    "FishingHint": true,
    "BuoyRandomTime": [
      2,
      4
    ],
    "FishingAttrId": 20001,
    "IfResearch": 0,
    "FishingResearchExp": [],
    "FishingTemplateId": [],
    "FishingSucessExp": 1,
    "FishingSucessDurabilityCost": 2,
    "Sort": 1,
    "QuickJumpType": 1,
    "QuickJumpParam": [
      8,
      5,
      4732
    ],
    "LockedWords": "Common marine debris",
    "SpecialWords": "ui/textures/fishing/fishing_icon_03"
  },
  "1096004": {
    "FishId": 1096004,
    "Name": "Night Lamp",
    "ModelId": 4104,
    "FishingIcon": "ui/textures/fishing/fishing_icon_rubbish04",
    "FishingShadowIcon": "ui/atlas/fishing/fishing_icon_rubbish04_blue",
    "BaitId": [
      1054008,
      1054017
    ],
    "Condition": [],
    "Quality": 1,
    "Type": 5,
    "DefaultSize": 0.0,
    "Size": [],
    "FishingHint": true,
    "BuoyRandomTime": [
      2,
      4
    ],
    "FishingAttrId": 20001,
    "IfResearch": 0,
    "FishingResearchExp": [],
    "FishingTemplateId": [],
    "FishingSucessExp": 1,
    "FishingSucessDurabilityCost": 2,
    "Sort": 1,
    "QuickJumpType": 1,
    "QuickJumpParam": [
      8,
      5,
      4732
    ],
    "LockedWords": "Common marine debris",
    "SpecialWords": "ui/textures/fishing/fishing_icon_03"
  },
  "1096005": {
    "FishId": 1096005,
    "Name": "Legacy Part #1",
    "ModelId": 4105,
    "FishingIcon": "ui/textures/fishing/fishing_icon_rubbish05",
    "FishingShadowIcon": "ui/atlas/fishing/fishing_icon_rubbish05_blue",
    "BaitId": [
      1054008,
      1054017
    ],
    "Condition": [],
    "Quality": 1,
    "Type": 5,
    "DefaultSize": 0.0,
    "Size": [],
    "FishingHint": true,
    "BuoyRandomTime": [
      2,
      4
    ],
    "FishingAttrId": 20002,
    "IfResearch": 0,
    "FishingResearchExp": [],
    "FishingTemplateId": [],
    "FishingSucessExp": 1,
    "FishingSucessDurabilityCost": 2,
    "Sort": 1,
    "QuickJumpType": 1,
    "QuickJumpParam": [
      8,
      5,
      4732
    ],
    "LockedWords": "Common marine debris",
    "SpecialWords": "ui/textures/fishing/fishing_icon_03"
  },
  "1096006": {
    "FishId": 1096006,
    "Name": "Legacy Part #2",
    "ModelId": 4106,
    "FishingIcon": "ui/textures/fishing/fishing_icon_rubbish06",
    "FishingShadowIcon": "ui/atlas/fishing/fishing_icon_rubbish06_blue",
    "BaitId": [
      1054008,
      1054017
    ],
    "Condition": [],
    "Quality": 1,
    "Type": 5,
    "DefaultSize": 0.0,
    "Size": [],
    "FishingHint": true,
    "BuoyRandomTime": [
      2,
      4
    ],
    "FishingAttrId": 20002,
    "IfResearch": 0,
    "FishingResearchExp": [],
    "FishingTemplateId": [],
    "FishingSucessExp": 1,
    "FishingSucessDurabilityCost": 2,
    "Sort": 1,
    "QuickJumpType": 1,
    "QuickJumpParam": [
      7,
      5,
      17616
    ],
    "LockedWords": "Common marine debris",
    "SpecialWords": "ui/textures/fishing/fishing_icon_03"
  },
  "1096007": {
    "FishId": 1096007,
    "Name": "Legacy Part #3",
    "ModelId": 4107,
    "FishingIcon": "ui/textures/fishing/fishing_icon_rubbish07",
    "FishingShadowIcon": "ui/atlas/fishing/fishing_icon_rubbish07_blue",
    "BaitId": [
      1054008,
      1054017
    ],
    "Condition": [],
    "Quality": 1,
    "Type": 5,
    "DefaultSize": 0.0,
    "Size": [],
    "FishingHint": true,
    "BuoyRandomTime": [
      2,
      4
    ],
    "FishingAttrId": 20002,
    "IfResearch": 0,
    "FishingResearchExp": [],
    "FishingTemplateId": [],
    "FishingSucessExp": 1,
    "FishingSucessDurabilityCost": 2,
    "Sort": 1,
    "QuickJumpType": 1,
    "QuickJumpParam": [
      7,
      5,
      17616
    ],
    "LockedWords": "Common marine debris",
    "SpecialWords": "ui/textures/fishing/fishing_icon_03"
  },
  "1096008": {
    "FishId": 1096008,
    "Name": "Legacy Part #4",
    "ModelId": 4108,
    "FishingIcon": "ui/textures/fishing/fishing_icon_rubbish08",
    "FishingShadowIcon": "ui/atlas/fishing/fishing_icon_rubbish08_blue",
    "BaitId": [
      1054008,
      1054017
    ],
    "Condition": [],
    "Quality": 1,
    "Type": 5,
    "DefaultSize": 0.0,
    "Size": [],
    "FishingHint": true,
    "BuoyRandomTime": [
      2,
      4
    ],
    "FishingAttrId": 20002,
    "IfResearch": 0,
    "FishingResearchExp": [],
    "FishingTemplateId": [],
    "FishingSucessExp": 1,
    "FishingSucessDurabilityCost": 2,
    "Sort": 1,
    "QuickJumpType": 1,
    "QuickJumpParam": [
      7,
      5,
      17616
    ],
    "LockedWords": "Common marine debris",
    "SpecialWords": "ui/textures/fishing/fishing_icon_03"
  },
  "1096009": {
    "FishId": 1096009,
    "Name": "Artisan Tools",
    "ModelId": 4109,
    "FishingIcon": "ui/textures/fishing/fishing_icon_rubbish09",
    "FishingShadowIcon": "ui/atlas/fishing/fishing_icon_rubbish09_blue",
    "BaitId": [
      1054008,
      1054017
    ],
    "Condition": [],
    "Quality": 1,
    "Type": 5,
    "DefaultSize": 0.0,
    "Size": [],
    "FishingHint": true,
    "BuoyRandomTime": [
      2,
      4
    ],
    "FishingAttrId": 20000,
    "IfResearch": 0,
    "FishingResearchExp": [],
    "FishingTemplateId": [],
    "FishingSucessExp": 1,
    "FishingSucessDurabilityCost": 2,
    "Sort": 1,
    "QuickJumpType": 1,
    "QuickJumpParam": [
      7,
      5,
      17616
    ],
    "LockedWords": "Common marine debris",
    "SpecialWords": "ui/textures/fishing/fishing_icon_03"
  },
  "1096010": {
    "FishId": 1096010,
    "Name": "Billboard #1",
    "ModelId": 4110,
    "FishingIcon": "ui/textures/fishing/fishing_icon_rubbish10",
    "FishingShadowIcon": "ui/atlas/fishing/fishing_icon_rubbish10_blue",
    "BaitId": [
      1054008,
      1054017
    ],
    "Condition": [],
    "Quality": 1,
    "Type": 5,
    "DefaultSize": 0.0,
    "Size": [],
    "FishingHint": true,
    "BuoyRandomTime": [
      2,
      4
    ],
    "FishingAttrId": 20001,
    "IfResearch": 0,
    "FishingResearchExp": [],
    "FishingTemplateId": [],
    "FishingSucessExp": 1,
    "FishingSucessDurabilityCost": 2,
    "Sort": 1,
    "QuickJumpType": 1,
    "QuickJumpParam": [
      7,
      5,
      17616
    ],
    "LockedWords": "Common marine debris",
    "SpecialWords": "ui/textures/fishing/fishing_icon_03"
  },
  "1096011": {
    "FishId": 1096011,
    "Name": "Aluminum Billboard",
    "ModelId": 4111,
    "FishingIcon": "ui/textures/fishing/fishing_icon_rubbish11",
    "FishingShadowIcon": "ui/atlas/fishing/fishing_icon_rubbish11_blue",
    "BaitId": [
      1054008,
      1054017
    ],
    "Condition": [],
    "Quality": 1,
    "Type": 5,
    "DefaultSize": 0.0,
    "Size": [],
    "FishingHint": true,
    "BuoyRandomTime": [
      2,
      4
    ],
    "FishingAttrId": 20001,
    "IfResearch": 0,
    "FishingResearchExp": [],
    "FishingTemplateId": [],
    "FishingSucessExp": 1,
    "FishingSucessDurabilityCost": 2,
    "Sort": 1,
    "QuickJumpType": 1,
    "QuickJumpParam": [
      7,
      5,
      17745
    ],
    "LockedWords": "Common marine debris",
    "SpecialWords": "ui/textures/fishing/fishing_icon_03"
  },
  "1096012": {
    "FishId": 1096012,
    "Name": "Abandoned Billboard",
    "ModelId": 4112,
    "FishingIcon": "ui/textures/fishing/fishing_icon_rubbish12",
    "FishingShadowIcon": "ui/atlas/fishing/fishing_icon_rubbish12_blue",
    "BaitId": [
      1054008,
      1054017
    ],
    "Condition": [],
    "Quality": 1,
    "Type": 5,
    "DefaultSize": 0.0,
    "Size": [],
    "FishingHint": true,
    "BuoyRandomTime": [
      2,
      4
    ],
    "FishingAttrId": 20001,
    "IfResearch": 0,
    "FishingResearchExp": [],
    "FishingTemplateId": [],
    "FishingSucessExp": 1,
    "FishingSucessDurabilityCost": 2,
    "Sort": 1,
    "QuickJumpType": 1,
    "QuickJumpParam": [
      7,
      5,
      17745
    ],
    "LockedWords": "Common marine debris",
    "SpecialWords": "ui/textures/fishing/fishing_icon_03"
  },
  "1096013": {
    "FishId": 1096013,
    "Name": "Abandoned Signboard",
    "ModelId": 4113,
    "FishingIcon": "ui/textures/fishing/fishing_icon_rubbish13",
    "FishingShadowIcon": "ui/atlas/fishing/fishing_icon_rubbish13_blue",
    "BaitId": [
      1054008,
      1054017
    ],
    "Condition": [],
    "Quality": 1,
    "Type": 5,
    "DefaultSize": 0.0,
    "Size": [],
    "FishingHint": true,
    "BuoyRandomTime": [
      2,
      4
    ],
    "FishingAttrId": 20001,
    "IfResearch": 0,
    "FishingResearchExp": [],
    "FishingTemplateId": [],
    "FishingSucessExp": 1,
    "FishingSucessDurabilityCost": 2,
    "Sort": 1,
    "QuickJumpType": 1,
    "QuickJumpParam": [
      7,
      5,
      17745
    ],
    "LockedWords": "Common marine debris",
    "SpecialWords": "ui/textures/fishing/fishing_icon_03"
  },
  "1096014": {
    "FishId": 1096014,
    "Name": "Wooden Billboard",
    "ModelId": 4114,
    "FishingIcon": "ui/textures/fishing/fishing_icon_rubbish14",
    "FishingShadowIcon": "ui/atlas/fishing/fishing_icon_rubbish14_blue",
    "BaitId": [
      1054008,
      1054017
    ],
    "Condition": [],
    "Quality": 1,
    "Type": 5,
    "DefaultSize": 0.0,
    "Size": [],
    "FishingHint": true,
    "BuoyRandomTime": [
      2,
      4
    ],
    "FishingAttrId": 20001,
    "IfResearch": 0,
    "FishingResearchExp": [],
    "FishingTemplateId": [],
    "FishingSucessExp": 1,
    "FishingSucessDurabilityCost": 2,
    "Sort": 1,
    "QuickJumpType": 1,
    "QuickJumpParam": [
      7,
      5,
      17745
    ],
    "LockedWords": "Common marine debris",
    "SpecialWords": "ui/textures/fishing/fishing_icon_03"
  },
  "1096015": {
    "FishId": 1096015,
    "Name": "Aluminum Signboard",
    "ModelId": 4115,
    "FishingIcon": "ui/textures/fishing/fishing_icon_rubbish15",
    "FishingShadowIcon": "ui/atlas/fishing/fishing_icon_rubbish15_blue",
    "BaitId": [
      1054008,
      1054017
    ],
    "Condition": [],
    "Quality": 1,
    "Type": 5,
    "DefaultSize": 0.0,
    "Size": [],
    "FishingHint": true,
    "BuoyRandomTime": [
      2,
      4
    ],
    "FishingAttrId": 20001,
    "IfResearch": 0,
    "FishingResearchExp": [],
    "FishingTemplateId": [],
    "FishingSucessExp": 1,
    "FishingSucessDurabilityCost": 2,
    "Sort": 1,
    "QuickJumpType": 1,
    "QuickJumpParam": [
      7,
      5,
      17745
    ],
    "LockedWords": "Common marine debris",
    "SpecialWords": "ui/textures/fishing/fishing_icon_03"
  },
  "1096016": {
    "FishId": 1096016,
    "Name": "Wooden Chest",
    "ModelId": 4199,
    "FishingIcon": "ui/textures/fishing/fishing_icon_rubbish16",
    "FishingShadowIcon": "ui/atlas/fishing/fishing_icon_muxiang_blue",
    "BaitId": [
      1054008,
      1054017
    ],
    "Condition": [],
    "Quality": 1,
    "Type": 5,
    "DefaultSize": 0.0,
    "Size": [],
    "FishingHint": true,
    "BuoyRandomTime": [
      2,
      4
    ],
    "FishingAttrId": 20000,
    "IfResearch": 0,
    "FishingResearchExp": [],
    "FishingTemplateId": [],
    "FishingSucessExp": 1,
    "FishingSucessDurabilityCost": 2,
    "Sort": 1,
    "QuickJumpType": 1,
    "QuickJumpParam": [
      7,
      5,
      17745
    ],
    "LockedWords": "Common marine debris",
    "SpecialWords": "ui/textures/fishing/fishing_icon_03"
  }
}