{
  "100103": {
    "Id": 100103,
    "Sort": 1,
    "QuickJumpType": 0,
    "QuickJumpParam": [],
    "Guild": 0,
    "ParentName": 0,
    "SkipPack": 0,
    "IsHide": 0
  },
  "800505": {
    "Id": 800505,
    "Sort": 2,
    "QuickJumpType": 0,
    "QuickJumpParam": [],
    "Guild": 0,
    "ParentName": 0,
    "SkipPack": 0,
    "IsHide": 0
  },
  "800100": {
    "Id": 800100,
    "Sort": 3,
    "QuickJumpType": 5,
    "QuickJumpParam": [
      122010
    ],
    "Guild": 0,
    "ParentName": 0,
    "SkipPack": 0,
    "IsHide": 0
  },
  "800818": {
    "Id": 800818,
    "Sort": 4,
    "QuickJumpType": 0,
    "QuickJumpParam": [],
    "Guild": 0,
    "ParentName": 0,
    "SkipPack": 1,
    "IsHide": 0
  },
  "300301": {
    "Id": 300301,
    "Sort": 5,
    "QuickJumpType": 1,
    "QuickJumpParam": [
      8,
      2,
      3399
    ],
    "Guild": 0,
    "ParentName": 0,
    "SkipPack": 0,
    "IsHide": 0
  },
  "300205": {
    "Id": 300205,
    "Sort": 6,
    "QuickJumpType": 4,
    "QuickJumpParam": [
      2,
      107
    ],
    "Guild": 0,
    "ParentName": 0,
    "SkipPack": 0,
    "IsHide": 0
  },
  "801102": {
    "Id": 801102,
    "Sort": 7,
    "QuickJumpType": 5,
    "QuickJumpParam": [
      122015
    ],
    "Guild": 0,
    "ParentName": 0,
    "SkipPack": 0,
    "IsHide": 0
  },
  "801103": {
    "Id": 801103,
    "Sort": 8,
    "QuickJumpType": 5,
    "QuickJumpParam": [
      122015
    ],
    "Guild": 0,
    "ParentName": 0,
    "SkipPack": 0,
    "IsHide": 1
  },
  "100805": {
    "Id": 100805,
    "Sort": 202,
    "QuickJumpType": 0,
    "QuickJumpParam": [],
    "Guild": 0,
    "ParentName": 0,
    "SkipPack": 0,
    "IsHide": 0
  },
  "100806": {
    "Id": 100806,
    "Sort": 203,
    "QuickJumpType": 0,
    "QuickJumpParam": [],
    "Guild": 0,
    "ParentName": 0,
    "SkipPack": 0,
    "IsHide": 0
  },
  "800400": {
    "Id": 800400,
    "Sort": 11,
    "QuickJumpType": 0,
    "QuickJumpParam": [],
    "Guild": 0,
    "ParentName": 0,
    "SkipPack": 0,
    "IsHide": 0
  },
  "200101": {
    "Id": 200101,
    "Sort": 12,
    "QuickJumpType": 0,
    "QuickJumpParam": [],
    "Guild": 0,
    "ParentName": 0,
    "SkipPack": 0,
    "IsHide": 0
  },
  "600101": {
    "Id": 600101,
    "Sort": 13,
    "QuickJumpType": 5,
    "QuickJumpParam": [
      122016
    ],
    "Guild": 0,
    "ParentName": 0,
    "SkipPack": 0,
    "IsHide": 0
  },
  "600100": {
    "Id": 600100,
    "Sort": 14,
    "QuickJumpType": 0,
    "QuickJumpParam": [],
    "Guild": 0,
    "ParentName": 0,
    "SkipPack": 0,
    "IsHide": 0
  },
  "800503": {
    "Id": 800503,
    "Sort": 15,
    "QuickJumpType": 0,
    "QuickJumpParam": [],
    "Guild": 0,
    "ParentName": 0,
    "SkipPack": 0,
    "IsHide": 0
  },
  "800504": {
    "Id": 800504,
    "Sort": 16,
    "QuickJumpType": 0,
    "QuickJumpParam": [],
    "Guild": 0,
    "ParentName": 0,
    "SkipPack": 0,
    "IsHide": 0
  },
  "800509": {
    "Id": 800509,
    "Sort": 17,
    "QuickJumpType": 0,
    "QuickJumpParam": [],
    "Guild": 0,
    "ParentName": 0,
    "SkipPack": 0,
    "IsHide": 0
  },
  "800602": {
    "Id": 800602,
    "Sort": 18,
    "QuickJumpType": 0,
    "QuickJumpParam": [],
    "Guild": 0,
    "ParentName": 0,
    "SkipPack": 0,
    "IsHide": 0
  },
  "300206": {
    "Id": 300206,
    "Sort": 19,
    "QuickJumpType": 4,
    "QuickJumpParam": [
      2,
      107
    ],
    "Guild": 0,
    "ParentName": 0,
    "SkipPack": 0,
    "IsHide": 0
  },
  "800902": {
    "Id": 800902,
    "Sort": 20,
    "QuickJumpType": 1,
    "QuickJumpParam": [
      8,
      2,
      504024
    ],
    "Guild": 0,
    "ParentName": 0,
    "SkipPack": 0,
    "IsHide": 0
  },
  "100804": {
    "Id": 100804,
    "Sort": 201,
    "QuickJumpType": 0,
    "QuickJumpParam": [],
    "Guild": 0,
    "ParentName": 0,
    "SkipPack": 0,
    "IsHide": 0
  },
  "100245": {
    "Id": 100245,
    "Sort": 22,
    "QuickJumpType": 1,
    "QuickJumpParam": [
      8,
      2,
      799
    ],
    "Guild": 0,
    "ParentName": 0,
    "SkipPack": 0,
    "IsHide": 1
  },
  "500122": {
    "Id": 500122,
    "Sort": 23,
    "QuickJumpType": 1,
    "QuickJumpParam": [
      12000,
      2,
      42
    ],
    "Guild": 1,
    "ParentName": 0,
    "SkipPack": 0,
    "IsHide": 0
  },
  "500151": {
    "Id": 500151,
    "Sort": 24,
    "QuickJumpType": 5,
    "QuickJumpParam": [
      122023
    ],
    "Guild": 1,
    "ParentName": 0,
    "SkipPack": 0,
    "IsHide": 0
  },
  "100233": {
    "Id": 100233,
    "Sort": 25,
    "QuickJumpType": 1,
    "QuickJumpParam": [
      12000,
      2,
      11
    ],
    "Guild": 1,
    "ParentName": 0,
    "SkipPack": 0,
    "IsHide": 0
  },
  "800811": {
    "Id": 800811,
    "Sort": 26,
    "QuickJumpType": 0,
    "QuickJumpParam": [],
    "Guild": 0,
    "ParentName": 0,
    "SkipPack": 1,
    "IsHide": 0
  },
  "800803": {
    "Id": 800803,
    "Sort": 27,
    "QuickJumpType": 5,
    "QuickJumpParam": [
      122011
    ],
    "Guild": 0,
    "ParentName": 0,
    "SkipPack": 0,
    "IsHide": 0
  },
  "800819": {
    "Id": 800819,
    "Sort": 28,
    "QuickJumpType": 0,
    "QuickJumpParam": [],
    "Guild": 0,
    "ParentName": 0,
    "SkipPack": 1,
    "IsHide": 0
  },
  "800804": {
    "Id": 800804,
    "Sort": 30,
    "QuickJumpType": 0,
    "QuickJumpParam": [],
    "Guild": 0,
    "ParentName": 0,
    "SkipPack": 1,
    "IsHide": 1
  },
  "800820": {
    "Id": 800820,
    "Sort": 9,
    "QuickJumpType": 0,
    "QuickJumpParam": [],
    "Guild": 0,
    "ParentName": 0,
    "SkipPack": 0,
    "IsHide": 0
  },
  "800817": {
    "Id": 800817,
    "Sort": 33,
    "QuickJumpType": 0,
    "QuickJumpParam": [],
    "Guild": 0,
    "ParentName": 0,
    "SkipPack": 1,
    "IsHide": 0
  },
  "801001": {
    "Id": 801001,
    "Sort": 34,
    "QuickJumpType": 5,
    "QuickJumpParam": [
      122002
    ],
    "Guild": 0,
    "ParentName": 0,
    "SkipPack": 0,
    "IsHide": 1
  },
  "801101": {
    "Id": 801101,
    "Sort": 35,
    "QuickJumpType": 5,
    "QuickJumpParam": [
      122002
    ],
    "Guild": 0,
    "ParentName": 0,
    "SkipPack": 0,
    "IsHide": 0
  },
  "100802": {
    "Id": 100802,
    "Sort": 36,
    "QuickJumpType": 0,
    "QuickJumpParam": [],
    "Guild": 0,
    "ParentName": 0,
    "SkipPack": 0,
    "IsHide": 0
  },
  "600901": {
    "Id": 600901,
    "Sort": 37,
    "QuickJumpType": 4,
    "QuickJumpParam": [
      3,
      118
    ],
    "Guild": 0,
    "ParentName": 0,
    "SkipPack": 0,
    "IsHide": 1
  },
  "300000": {
    "Id": 300000,
    "Sort": 38,
    "QuickJumpType": 0,
    "QuickJumpParam": [],
    "Guild": 0,
    "ParentName": 0,
    "SkipPack": 0,
    "IsHide": 0
  },
  "600301": {
    "Id": 600301,
    "Sort": 39,
    "QuickJumpType": 5,
    "QuickJumpParam": [
      122002
    ],
    "Guild": 0,
    "ParentName": 0,
    "SkipPack": 0,
    "IsHide": 1
  },
  "800901": {
    "Id": 800901,
    "Sort": 40,
    "QuickJumpType": 5,
    "QuickJumpParam": [
      122002
    ],
    "Guild": 0,
    "ParentName": 0,
    "SkipPack": 0,
    "IsHide": 0
  },
  "100244": {
    "Id": 100244,
    "Sort": 41,
    "QuickJumpType": 4,
    "QuickJumpParam": [
      3,
      118
    ],
    "Guild": 0,
    "ParentName": 0,
    "SkipPack": 0,
    "IsHide": 0
  },
  "200504": {
    "Id": 200504,
    "Sort": 42,
    "QuickJumpType": 4,
    "QuickJumpParam": [
      1,
      200504
    ],
    "Guild": 0,
    "ParentName": 0,
    "SkipPack": 0,
    "IsHide": 0
  },
  "800507": {
    "Id": 800507,
    "Sort": 43,
    "QuickJumpType": 0,
    "QuickJumpParam": [],
    "Guild": 0,
    "ParentName": 0,
    "SkipPack": 0,
    "IsHide": 0
  },
  "800508": {
    "Id": 800508,
    "Sort": 44,
    "QuickJumpType": 0,
    "QuickJumpParam": [],
    "Guild": 0,
    "ParentName": 0,
    "SkipPack": 0,
    "IsHide": 0
  },
  "104212": {
    "Id": 104212,
    "Sort": 45,
    "QuickJumpType": 4,
    "QuickJumpParam": [
      1,
      104212
    ],
    "Guild": 0,
    "ParentName": 0,
    "SkipPack": 0,
    "IsHide": 0
  },
  "100707": {
    "Id": 100707,
    "Sort": 46,
    "QuickJumpType": 4,
    "QuickJumpParam": [
      1,
      100707
    ],
    "Guild": 0,
    "ParentName": 0,
    "SkipPack": 0,
    "IsHide": 0
  },
  "100234": {
    "Id": 100234,
    "Sort": 47,
    "QuickJumpType": 4,
    "QuickJumpParam": [
      1,
      100234
    ],
    "Guild": 0,
    "ParentName": 0,
    "SkipPack": 0,
    "IsHide": 1
  },
  "100239": {
    "Id": 100239,
    "Sort": 48,
    "QuickJumpType": 4,
    "QuickJumpParam": [
      1,
      100239
    ],
    "Guild": 0,
    "ParentName": 0,
    "SkipPack": 0,
    "IsHide": 1
  },
  "102313": {
    "Id": 102313,
    "Sort": 49,
    "QuickJumpType": 0,
    "QuickJumpParam": [],
    "Guild": 0,
    "ParentName": 0,
    "SkipPack": 0,
    "IsHide": 0
  },
  "102314": {
    "Id": 102314,
    "Sort": 50,
    "QuickJumpType": 5,
    "QuickJumpParam": [
      130106
    ],
    "Guild": 0,
    "ParentName": 0,
    "SkipPack": 0,
    "IsHide": 0
  },
  "300003": {
    "Id": 300003,
    "Sort": 51,
    "QuickJumpType": 0,
    "QuickJumpParam": [],
    "Guild": 0,
    "ParentName": 0,
    "SkipPack": 0,
    "IsHide": 0
  },
  "800101": {
    "Id": 800101,
    "Sort": 52,
    "QuickJumpType": 5,
    "QuickJumpParam": [
      122002
    ],
    "Guild": 0,
    "ParentName": 0,
    "SkipPack": 0,
    "IsHide": 0
  },
  "800606": {
    "Id": 800606,
    "Sort": 53,
    "QuickJumpType": 0,
    "QuickJumpParam": [],
    "Guild": 0,
    "ParentName": 0,
    "SkipPack": 0,
    "IsHide": 1
  },
  "300102": {
    "Id": 300102,
    "Sort": 54,
    "QuickJumpType": 4,
    "QuickJumpParam": [
      2,
      116
    ],
    "Guild": 0,
    "ParentName": 0,
    "SkipPack": 0,
    "IsHide": 0
  },
  "300103": {
    "Id": 300103,
    "Sort": 55,
    "QuickJumpType": 4,
    "QuickJumpParam": [
      2,
      109
    ],
    "Guild": 0,
    "ParentName": 0,
    "SkipPack": 0,
    "IsHide": 0
  },
  "100235": {
    "Id": 100235,
    "Sort": 999,
    "QuickJumpType": 4,
    "QuickJumpParam": [
      1,
      100235
    ],
    "Guild": 0,
    "ParentName": 0,
    "SkipPack": 0,
    "IsHide": 1
  },
  "100237": {
    "Id": 100237,
    "Sort": 999,
    "QuickJumpType": 4,
    "QuickJumpParam": [
      1,
      100237
    ],
    "Guild": 0,
    "ParentName": 0,
    "SkipPack": 0,
    "IsHide": 1
  },
  "100238": {
    "Id": 100238,
    "Sort": 999,
    "QuickJumpType": 4,
    "QuickJumpParam": [
      1,
      100238
    ],
    "Guild": 0,
    "ParentName": 0,
    "SkipPack": 0,
    "IsHide": 1
  },
  "100240": {
    "Id": 100240,
    "Sort": 999,
    "QuickJumpType": 4,
    "QuickJumpParam": [
      1,
      100240
    ],
    "Guild": 0,
    "ParentName": 0,
    "SkipPack": 0,
    "IsHide": 1
  },
  "300201": {
    "Id": 300201,
    "Sort": 999,
    "QuickJumpType": 4,
    "QuickJumpParam": [
      2,
      107
    ],
    "Guild": 0,
    "ParentName": 0,
    "SkipPack": 0,
    "IsHide": 1
  },
  "300202": {
    "Id": 300202,
    "Sort": 999,
    "QuickJumpType": 4,
    "QuickJumpParam": [
      2,
      107
    ],
    "Guild": 0,
    "ParentName": 0,
    "SkipPack": 0,
    "IsHide": 1
  },
  "300203": {
    "Id": 300203,
    "Sort": 999,
    "QuickJumpType": 4,
    "QuickJumpParam": [
      2,
      107
    ],
    "Guild": 0,
    "ParentName": 0,
    "SkipPack": 0,
    "IsHide": 1
  },
  "300204": {
    "Id": 300204,
    "Sort": 999,
    "QuickJumpType": 4,
    "QuickJumpParam": [
      2,
      107
    ],
    "Guild": 0,
    "ParentName": 0,
    "SkipPack": 0,
    "IsHide": 1
  },
  "800812": {
    "Id": 800812,
    "Sort": 999,
    "QuickJumpType": 0,
    "QuickJumpParam": [],
    "Guild": 0,
    "ParentName": 0,
    "SkipPack": 1,
    "IsHide": 0
  },
  "800813": {
    "Id": 800813,
    "Sort": 999,
    "QuickJumpType": 0,
    "QuickJumpParam": [],
    "Guild": 0,
    "ParentName": 0,
    "SkipPack": 0,
    "IsHide": 1
  },
  "800814": {
    "Id": 800814,
    "Sort": 999,
    "QuickJumpType": 0,
    "QuickJumpParam": [],
    "Guild": 0,
    "ParentName": 0,
    "SkipPack": 0,
    "IsHide": 1
  },
  "800815": {
    "Id": 800815,
    "Sort": 999,
    "QuickJumpType": 0,
    "QuickJumpParam": [],
    "Guild": 0,
    "ParentName": 0,
    "SkipPack": 0,
    "IsHide": 1
  },
  "800816": {
    "Id": 800816,
    "Sort": 999,
    "QuickJumpType": 0,
    "QuickJumpParam": [],
    "Guild": 0,
    "ParentName": 0,
    "SkipPack": 1,
    "IsHide": 0
  },
  "800603": {
    "Id": 800603,
    "Sort": 999,
    "QuickJumpType": 0,
    "QuickJumpParam": [],
    "Guild": 0,
    "ParentName": 0,
    "SkipPack": 0,
    "IsHide": 1
  },
  "800604": {
    "Id": 800604,
    "Sort": 999,
    "QuickJumpType": 0,
    "QuickJumpParam": [],
    "Guild": 0,
    "ParentName": 0,
    "SkipPack": 0,
    "IsHide": 1
  },
  "800605": {
    "Id": 800605,
    "Sort": 999,
    "QuickJumpType": 0,
    "QuickJumpParam": [],
    "Guild": 0,
    "ParentName": 0,
    "SkipPack": 0,
    "IsHide": 1
  },
  "800607": {
    "Id": 800607,
    "Sort": 999,
    "QuickJumpType": 0,
    "QuickJumpParam": [],
    "Guild": 0,
    "ParentName": 0,
    "SkipPack": 0,
    "IsHide": 1
  },
  "800608": {
    "Id": 800608,
    "Sort": 999,
    "QuickJumpType": 0,
    "QuickJumpParam": [],
    "Guild": 0,
    "ParentName": 0,
    "SkipPack": 0,
    "IsHide": 1
  },
  "800609": {
    "Id": 800609,
    "Sort": 999,
    "QuickJumpType": 0,
    "QuickJumpParam": [],
    "Guild": 0,
    "ParentName": 0,
    "SkipPack": 0,
    "IsHide": 1
  },
  "800610": {
    "Id": 800610,
    "Sort": 999,
    "QuickJumpType": 0,
    "QuickJumpParam": [],
    "Guild": 0,
    "ParentName": 0,
    "SkipPack": 0,
    "IsHide": 1
  },
  "800501": {
    "Id": 800501,
    "Sort": 999,
    "QuickJumpType": 0,
    "QuickJumpParam": [],
    "Guild": 0,
    "ParentName": 0,
    "SkipPack": 0,
    "IsHide": 1
  },
  "110811": {
    "Id": 110811,
    "Sort": 999,
    "QuickJumpType": 4,
    "QuickJumpParam": [
      3,
      117
    ],
    "Guild": 0,
    "ParentName": 0,
    "SkipPack": 0,
    "IsHide": 1
  },
  "500109": {
    "Id": 500109,
    "Sort": 56,
    "QuickJumpType": 5,
    "QuickJumpParam": [
      122014
    ],
    "Guild": 1,
    "ParentName": 0,
    "SkipPack": 0,
    "IsHide": 0
  },
  "100808": {
    "Id": 100808,
    "Sort": 57,
    "QuickJumpType": 5,
    "QuickJumpParam": [
      122002
    ],
    "Guild": 0,
    "ParentName": 0,
    "SkipPack": 0,
    "IsHide": 1
  },
  "800511": {
    "Id": 800511,
    "Sort": 58,
    "QuickJumpType": 5,
    "QuickJumpParam": [
      122017
    ],
    "Guild": 0,
    "ParentName": 0,
    "SkipPack": 0,
    "IsHide": 0
  },
  "100247": {
    "Id": 100247,
    "Sort": 59,
    "QuickJumpType": 4,
    "QuickJumpParam": [
      1,
      100247
    ],
    "Guild": 0,
    "ParentName": 0,
    "SkipPack": 0,
    "IsHide": 0
  },
  "100809": {
    "Id": 100809,
    "Sort": 60,
    "QuickJumpType": 5,
    "QuickJumpParam": [
      122018
    ],
    "Guild": 0,
    "ParentName": 0,
    "SkipPack": 0,
    "IsHide": 0
  },
  "100810": {
    "Id": 100810,
    "Sort": 61,
    "QuickJumpType": 5,
    "QuickJumpParam": [
      122019
    ],
    "Guild": 0,
    "ParentName": 0,
    "SkipPack": 0,
    "IsHide": 0
  },
  "100811": {
    "Id": 100811,
    "Sort": 62,
    "QuickJumpType": 5,
    "QuickJumpParam": [
      122020
    ],
    "Guild": 0,
    "ParentName": 0,
    "SkipPack": 0,
    "IsHide": 0
  },
  "100812": {
    "Id": 100812,
    "Sort": 63,
    "QuickJumpType": 5,
    "QuickJumpParam": [
      122021
    ],
    "Guild": 0,
    "ParentName": 0,
    "SkipPack": 0,
    "IsHide": 0
  },
  "100813": {
    "Id": 100813,
    "Sort": 64,
    "QuickJumpType": 5,
    "QuickJumpParam": [
      122022
    ],
    "Guild": 0,
    "ParentName": 0,
    "SkipPack": 0,
    "IsHide": 0
  },
  "300006": {
    "Id": 300006,
    "Sort": 65,
    "QuickJumpType": 0,
    "QuickJumpParam": [],
    "Guild": 0,
    "ParentName": 0,
    "SkipPack": 0,
    "IsHide": 0
  },
  "800831": {
    "Id": 800831,
    "Sort": 101,
    "QuickJumpType": 0,
    "QuickJumpParam": [],
    "Guild": 0,
    "ParentName": 1,
    "SkipPack": 1,
    "IsHide": 0
  },
  "800832": {
    "Id": 800832,
    "Sort": 102,
    "QuickJumpType": 0,
    "QuickJumpParam": [],
    "Guild": 0,
    "ParentName": 1,
    "SkipPack": 1,
    "IsHide": 0
  },
  "800833": {
    "Id": 800833,
    "Sort": 103,
    "QuickJumpType": 0,
    "QuickJumpParam": [],
    "Guild": 0,
    "ParentName": 1,
    "SkipPack": 1,
    "IsHide": 0
  },
  "800834": {
    "Id": 800834,
    "Sort": 104,
    "QuickJumpType": 0,
    "QuickJumpParam": [],
    "Guild": 0,
    "ParentName": 1,
    "SkipPack": 1,
    "IsHide": 0
  },
  "800841": {
    "Id": 800841,
    "Sort": 105,
    "QuickJumpType": 0,
    "QuickJumpParam": [],
    "Guild": 0,
    "ParentName": 1,
    "SkipPack": 1,
    "IsHide": 0
  },
  "800842": {
    "Id": 800842,
    "Sort": 106,
    "QuickJumpType": 0,
    "QuickJumpParam": [],
    "Guild": 0,
    "ParentName": 1,
    "SkipPack": 1,
    "IsHide": 0
  },
  "800830": {
    "Id": 800830,
    "Sort": 107,
    "QuickJumpType": 0,
    "QuickJumpParam": [],
    "Guild": 0,
    "ParentName": 0,
    "SkipPack": 1,
    "IsHide": 0
  },
  "800840": {
    "Id": 800840,
    "Sort": 108,
    "QuickJumpType": 0,
    "QuickJumpParam": [],
    "Guild": 0,
    "ParentName": 0,
    "SkipPack": 1,
    "IsHide": 0
  },
  "501001": {
    "Id": 501001,
    "Sort": 109,
    "QuickJumpType": 0,
    "QuickJumpParam": [],
    "Guild": 0,
    "ParentName": 0,
    "SkipPack": 0,
    "IsHide": 0
  },
  "501002": {
    "Id": 501002,
    "Sort": 110,
    "QuickJumpType": 0,
    "QuickJumpParam": [],
    "Guild": 0,
    "ParentName": 0,
    "SkipPack": 0,
    "IsHide": 0
  },
  "501003": {
    "Id": 501003,
    "Sort": 111,
    "QuickJumpType": 0,
    "QuickJumpParam": [],
    "Guild": 0,
    "ParentName": 0,
    "SkipPack": 0,
    "IsHide": 0
  },
  "501004": {
    "Id": 501004,
    "Sort": 112,
    "QuickJumpType": 0,
    "QuickJumpParam": [],
    "Guild": 0,
    "ParentName": 0,
    "SkipPack": 0,
    "IsHide": 0
  },
  "501005": {
    "Id": 501005,
    "Sort": 113,
    "QuickJumpType": 0,
    "QuickJumpParam": [],
    "Guild": 0,
    "ParentName": 0,
    "SkipPack": 0,
    "IsHide": 0
  },
  "501006": {
    "Id": 501006,
    "Sort": 114,
    "QuickJumpType": 0,
    "QuickJumpParam": [],
    "Guild": 0,
    "ParentName": 0,
    "SkipPack": 0,
    "IsHide": 0
  },
  "501007": {
    "Id": 501007,
    "Sort": 115,
    "QuickJumpType": 0,
    "QuickJumpParam": [],
    "Guild": 0,
    "ParentName": 0,
    "SkipPack": 0,
    "IsHide": 0
  },
  "501008": {
    "Id": 501008,
    "Sort": 116,
    "QuickJumpType": 0,
    "QuickJumpParam": [],
    "Guild": 0,
    "ParentName": 0,
    "SkipPack": 0,
    "IsHide": 0
  },
  "100248": {
    "Id": 100248,
    "Sort": 117,
    "QuickJumpType": 1,
    "QuickJumpParam": [
      8,
      2,
      799
    ],
    "Guild": 0,
    "ParentName": 0,
    "SkipPack": 0,
    "IsHide": 0
  },
  "100249": {
    "Id": 100249,
    "Sort": 118,
    "QuickJumpType": 1,
    "QuickJumpParam": [
      8,
      2,
      799
    ],
    "Guild": 0,
    "ParentName": 0,
    "SkipPack": 0,
    "IsHide": 1
  },
  "800513": {
    "Id": 800513,
    "Sort": 119,
    "QuickJumpType": 5,
    "QuickJumpParam": [
      122026
    ],
    "Guild": 0,
    "ParentName": 0,
    "SkipPack": 0,
    "IsHide": 0
  },
  "800823": {
    "Id": 800823,
    "Sort": 120,
    "QuickJumpType": 0,
    "QuickJumpParam": [],
    "Guild": 0,
    "ParentName": 0,
    "SkipPack": 1,
    "IsHide": 0
  },
  "100250": {
    "Id": 100250,
    "Sort": 121,
    "QuickJumpType": 4,
    "QuickJumpParam": [
      3,
      412
    ],
    "Guild": 0,
    "ParentName": 0,
    "SkipPack": 0,
    "IsHide": 0
  },
  "100251": {
    "Id": 100251,
    "Sort": 122,
    "QuickJumpType": 4,
    "QuickJumpParam": [
      3,
      413
    ],
    "Guild": 0,
    "ParentName": 0,
    "SkipPack": 0,
    "IsHide": 0
  },
  "100252": {
    "Id": 100252,
    "Sort": 123,
    "QuickJumpType": 4,
    "QuickJumpParam": [
      3,
      414
    ],
    "Guild": 0,
    "ParentName": 0,
    "SkipPack": 0,
    "IsHide": 0
  },
  "100253": {
    "Id": 100253,
    "Sort": 124,
    "QuickJumpType": 4,
    "QuickJumpParam": [
      3,
      411
    ],
    "Guild": 0,
    "ParentName": 0,
    "SkipPack": 0,
    "IsHide": 0
  },
  "100711": {
    "Id": 100711,
    "Sort": 999,
    "QuickJumpType": 1,
    "QuickJumpParam": [
      8,
      2,
      504026
    ],
    "Guild": 0,
    "ParentName": 0,
    "SkipPack": 0,
    "IsHide": 1
  },
  "103004": {
    "Id": 103004,
    "Sort": 999,
    "QuickJumpType": 0,
    "QuickJumpParam": [],
    "Guild": 0,
    "ParentName": 0,
    "SkipPack": 0,
    "IsHide": 1
  },
  "104213": {
    "Id": 104213,
    "Sort": 999,
    "QuickJumpType": 1,
    "QuickJumpParam": [
      8,
      2,
      504025
    ],
    "Guild": 0,
    "ParentName": 0,
    "SkipPack": 0,
    "IsHide": 1
  },
  "200505": {
    "Id": 200505,
    "Sort": 125,
    "QuickJumpType": 4,
    "QuickJumpParam": [
      1,
      200505
    ],
    "Guild": 0,
    "ParentName": 0,
    "SkipPack": 0,
    "IsHide": 0
  },
  "101106": {
    "Id": 101106,
    "Sort": 125,
    "QuickJumpType": 0,
    "QuickJumpParam": [],
    "Guild": 0,
    "ParentName": 0,
    "SkipPack": 0,
    "IsHide": 0
  },
  "501201": {
    "Id": 501201,
    "Sort": 126,
    "QuickJumpType": 1,
    "QuickJumpParam": [
      8,
      2,
      108
    ],
    "Guild": 0,
    "ParentName": 0,
    "SkipPack": 0,
    "IsHide": 1
  },
  "800835": {
    "Id": 800835,
    "Sort": 127,
    "QuickJumpType": 0,
    "QuickJumpParam": [],
    "Guild": 0,
    "ParentName": 1,
    "SkipPack": 1,
    "IsHide": 0
  },
  "800836": {
    "Id": 800836,
    "Sort": 128,
    "QuickJumpType": 0,
    "QuickJumpParam": [],
    "Guild": 0,
    "ParentName": 1,
    "SkipPack": 1,
    "IsHide": 0
  },
  "800843": {
    "Id": 800843,
    "Sort": 129,
    "QuickJumpType": 0,
    "QuickJumpParam": [],
    "Guild": 0,
    "ParentName": 1,
    "SkipPack": 1,
    "IsHide": 0
  },
  "800844": {
    "Id": 800844,
    "Sort": 130,
    "QuickJumpType": 0,
    "QuickJumpParam": [],
    "Guild": 0,
    "ParentName": 1,
    "SkipPack": 1,
    "IsHide": 0
  },
  "800845": {
    "Id": 800845,
    "Sort": 131,
    "QuickJumpType": 0,
    "QuickJumpParam": [],
    "Guild": 0,
    "ParentName": 1,
    "SkipPack": 1,
    "IsHide": 0
  },
  "800846": {
    "Id": 800846,
    "Sort": 132,
    "QuickJumpType": 0,
    "QuickJumpParam": [],
    "Guild": 0,
    "ParentName": 1,
    "SkipPack": 1,
    "IsHide": 0
  },
  "800850": {
    "Id": 800850,
    "Sort": 133,
    "QuickJumpType": 0,
    "QuickJumpParam": [],
    "Guild": 0,
    "ParentName": 0,
    "SkipPack": 1,
    "IsHide": 0
  },
  "800851": {
    "Id": 800851,
    "Sort": 134,
    "QuickJumpType": 0,
    "QuickJumpParam": [],
    "Guild": 0,
    "ParentName": 1,
    "SkipPack": 1,
    "IsHide": 0
  },
  "800852": {
    "Id": 800852,
    "Sort": 135,
    "QuickJumpType": 0,
    "QuickJumpParam": [],
    "Guild": 0,
    "ParentName": 1,
    "SkipPack": 1,
    "IsHide": 0
  },
  "800853": {
    "Id": 800853,
    "Sort": 136,
    "QuickJumpType": 0,
    "QuickJumpParam": [],
    "Guild": 0,
    "ParentName": 1,
    "SkipPack": 1,
    "IsHide": 0
  },
  "800854": {
    "Id": 800854,
    "Sort": 137,
    "QuickJumpType": 0,
    "QuickJumpParam": [],
    "Guild": 0,
    "ParentName": 1,
    "SkipPack": 1,
    "IsHide": 0
  },
  "800855": {
    "Id": 800855,
    "Sort": 138,
    "QuickJumpType": 0,
    "QuickJumpParam": [],
    "Guild": 0,
    "ParentName": 1,
    "SkipPack": 1,
    "IsHide": 0
  },
  "800856": {
    "Id": 800856,
    "Sort": 139,
    "QuickJumpType": 0,
    "QuickJumpParam": [],
    "Guild": 0,
    "ParentName": 1,
    "SkipPack": 1,
    "IsHide": 0
  },
  "800860": {
    "Id": 800860,
    "Sort": 140,
    "QuickJumpType": 0,
    "QuickJumpParam": [],
    "Guild": 0,
    "ParentName": 0,
    "SkipPack": 1,
    "IsHide": 0
  },
  "800861": {
    "Id": 800861,
    "Sort": 141,
    "QuickJumpType": 0,
    "QuickJumpParam": [],
    "Guild": 0,
    "ParentName": 1,
    "SkipPack": 1,
    "IsHide": 0
  },
  "800862": {
    "Id": 800862,
    "Sort": 142,
    "QuickJumpType": 0,
    "QuickJumpParam": [],
    "Guild": 0,
    "ParentName": 1,
    "SkipPack": 1,
    "IsHide": 0
  },
  "800863": {
    "Id": 800863,
    "Sort": 143,
    "QuickJumpType": 0,
    "QuickJumpParam": [],
    "Guild": 0,
    "ParentName": 1,
    "SkipPack": 1,
    "IsHide": 0
  },
  "800864": {
    "Id": 800864,
    "Sort": 144,
    "QuickJumpType": 0,
    "QuickJumpParam": [],
    "Guild": 0,
    "ParentName": 1,
    "SkipPack": 1,
    "IsHide": 0
  },
  "800865": {
    "Id": 800865,
    "Sort": 145,
    "QuickJumpType": 0,
    "QuickJumpParam": [],
    "Guild": 0,
    "ParentName": 1,
    "SkipPack": 1,
    "IsHide": 0
  },
  "800866": {
    "Id": 800866,
    "Sort": 146,
    "QuickJumpType": 0,
    "QuickJumpParam": [],
    "Guild": 0,
    "ParentName": 1,
    "SkipPack": 1,
    "IsHide": 0
  },
  "800801": {
    "Id": 800801,
    "Sort": 147,
    "QuickJumpType": 0,
    "QuickJumpParam": [],
    "Guild": 0,
    "ParentName": 0,
    "SkipPack": 0,
    "IsHide": 0
  },
  "800401": {
    "Id": 800401,
    "Sort": 148,
    "QuickJumpType": 0,
    "QuickJumpParam": [],
    "Guild": 0,
    "ParentName": 1,
    "SkipPack": 0,
    "IsHide": 0
  },
  "801200": {
    "Id": 801200,
    "Sort": 149,
    "QuickJumpType": 0,
    "QuickJumpParam": [],
    "Guild": 0,
    "ParentName": 0,
    "SkipPack": 0,
    "IsHide": 0
  },
  "501101": {
    "Id": 501101,
    "Sort": 150,
    "QuickJumpType": 0,
    "QuickJumpParam": [],
    "Guild": 0,
    "ParentName": 0,
    "SkipPack": 0,
    "IsHide": 0
  },
  "100814": {
    "Id": 100814,
    "Sort": 151,
    "QuickJumpType": 5,
    "QuickJumpParam": [
      122002
    ],
    "Guild": 0,
    "ParentName": 0,
    "SkipPack": 0,
    "IsHide": 0
  },
  "801301": {
    "Id": 801301,
    "Sort": 152,
    "QuickJumpType": 0,
    "QuickJumpParam": [],
    "Guild": 0,
    "ParentName": 0,
    "SkipPack": 0,
    "IsHide": 0
  },
  "801302": {
    "Id": 801302,
    "Sort": 153,
    "QuickJumpType": 0,
    "QuickJumpParam": [],
    "Guild": 0,
    "ParentName": 0,
    "SkipPack": 0,
    "IsHide": 1
  },
  "100255": {
    "Id": 100255,
    "Sort": 154,
    "QuickJumpType": 1,
    "QuickJumpParam": [
      8,
      2,
      504711
    ],
    "Guild": 0,
    "ParentName": 0,
    "SkipPack": 0,
    "IsHide": 0
  },
  "100256": {
    "Id": 100256,
    "Sort": 155,
    "QuickJumpType": 1,
    "QuickJumpParam": [
      8,
      2,
      3122
    ],
    "Guild": 0,
    "ParentName": 0,
    "SkipPack": 0,
    "IsHide": 0
  },
  "100257": {
    "Id": 100257,
    "Sort": 156,
    "QuickJumpType": 1,
    "QuickJumpParam": [
      8,
      2,
      2647
    ],
    "Guild": 0,
    "ParentName": 0,
    "SkipPack": 0,
    "IsHide": 0
  },
  "101105": {
    "Id": 101105,
    "Sort": 157,
    "QuickJumpType": 0,
    "QuickJumpParam": [],
    "Guild": 0,
    "ParentName": 0,
    "SkipPack": 0,
    "IsHide": 0
  },
  "100254": {
    "Id": 100254,
    "Sort": 158,
    "QuickJumpType": 4,
    "QuickJumpParam": [
      1,
      100254
    ],
    "Guild": 0,
    "ParentName": 0,
    "SkipPack": 0,
    "IsHide": 0
  },
  "500888": {
    "Id": 500888,
    "Sort": 159,
    "QuickJumpType": 1,
    "QuickJumpParam": [
      8,
      2,
      503376
    ],
    "Guild": 0,
    "ParentName": 0,
    "SkipPack": 0,
    "IsHide": 0
  },
  "300214": {
    "Id": 300214,
    "Sort": 160,
    "QuickJumpType": 4,
    "QuickJumpParam": [
      2,
      107
    ],
    "Guild": 0,
    "ParentName": 0,
    "SkipPack": 0,
    "IsHide": 0
  },
  "501000": {
    "Id": 501000,
    "Sort": 161,
    "QuickJumpType": 0,
    "QuickJumpParam": [],
    "Guild": 0,
    "ParentName": 0,
    "SkipPack": 0,
    "IsHide": 0
  },
  "102503": {
    "Id": 102503,
    "Sort": 162,
    "QuickJumpType": 5,
    "QuickJumpParam": [
      122028
    ],
    "Guild": 0,
    "ParentName": 0,
    "SkipPack": 0,
    "IsHide": 0
  },
  "102504": {
    "Id": 102504,
    "Sort": 163,
    "QuickJumpType": 5,
    "QuickJumpParam": [
      122033
    ],
    "Guild": 0,
    "ParentName": 0,
    "SkipPack": 0,
    "IsHide": 0
  },
  "102505": {
    "Id": 102505,
    "Sort": 164,
    "QuickJumpType": 5,
    "QuickJumpParam": [
      122027
    ],
    "Guild": 0,
    "ParentName": 0,
    "SkipPack": 0,
    "IsHide": 0
  },
  "102508": {
    "Id": 102508,
    "Sort": 165,
    "QuickJumpType": 5,
    "QuickJumpParam": [
      122031
    ],
    "Guild": 0,
    "ParentName": 1,
    "SkipPack": 0,
    "IsHide": 0
  },
  "102510": {
    "Id": 102510,
    "Sort": 166,
    "QuickJumpType": 5,
    "QuickJumpParam": [
      122032
    ],
    "Guild": 0,
    "ParentName": 0,
    "SkipPack": 0,
    "IsHide": 0
  },
  "102511": {
    "Id": 102511,
    "Sort": 167,
    "QuickJumpType": 5,
    "QuickJumpParam": [
      122029
    ],
    "Guild": 0,
    "ParentName": 1,
    "SkipPack": 0,
    "IsHide": 0
  },
  "102512": {
    "Id": 102512,
    "Sort": 168,
    "QuickJumpType": 5,
    "QuickJumpParam": [
      122030
    ],
    "Guild": 0,
    "ParentName": 1,
    "SkipPack": 0,
    "IsHide": 0
  },
  "100713": {
    "Id": 100713,
    "Sort": 169,
    "QuickJumpType": 1,
    "QuickJumpParam": [
      8,
      2,
      505299
    ],
    "Guild": 0,
    "ParentName": 0,
    "SkipPack": 0,
    "IsHide": 0
  },
  "100258": {
    "Id": 100258,
    "Sort": 170,
    "QuickJumpType": 1,
    "QuickJumpParam": [
      8,
      2,
      4287
    ],
    "Guild": 0,
    "ParentName": 0,
    "SkipPack": 0,
    "IsHide": 0
  },
  "100259": {
    "Id": 100259,
    "Sort": 171,
    "QuickJumpType": 1,
    "QuickJumpParam": [
      8,
      2,
      505299
    ],
    "Guild": 0,
    "ParentName": 0,
    "SkipPack": 0,
    "IsHide": 1
  },
  "100268": {
    "Id": 100268,
    "Sort": 999,
    "QuickJumpType": 1,
    "QuickJumpParam": [
      8,
      2,
      505299
    ],
    "Guild": 0,
    "ParentName": 0,
    "SkipPack": 0,
    "IsHide": 0
  },
  "100261": {
    "Id": 100261,
    "Sort": 172,
    "QuickJumpType": 4,
    "QuickJumpParam": [
      3,
      423
    ],
    "Guild": 0,
    "ParentName": 0,
    "SkipPack": 0,
    "IsHide": 0
  },
  "100262": {
    "Id": 100262,
    "Sort": 173,
    "QuickJumpType": 4,
    "QuickJumpParam": [
      3,
      424
    ],
    "Guild": 0,
    "ParentName": 0,
    "SkipPack": 0,
    "IsHide": 0
  },
  "100263": {
    "Id": 100263,
    "Sort": 174,
    "QuickJumpType": 1,
    "QuickJumpParam": [
      8,
      2,
      503893
    ],
    "Guild": 0,
    "ParentName": 0,
    "SkipPack": 0,
    "IsHide": 0
  },
  "100264": {
    "Id": 100264,
    "Sort": 175,
    "QuickJumpType": 1,
    "QuickJumpParam": [
      8,
      2,
      503894
    ],
    "Guild": 0,
    "ParentName": 0,
    "SkipPack": 0,
    "IsHide": 0
  },
  "100265": {
    "Id": 100265,
    "Sort": 176,
    "QuickJumpType": 1,
    "QuickJumpParam": [
      8,
      2,
      503895
    ],
    "Guild": 0,
    "ParentName": 0,
    "SkipPack": 0,
    "IsHide": 0
  },
  "102500": {
    "Id": 102500,
    "Sort": 177,
    "QuickJumpType": 0,
    "QuickJumpParam": [],
    "Guild": 0,
    "ParentName": 0,
    "SkipPack": 0,
    "IsHide": 1
  },
  "501009": {
    "Id": 501009,
    "Sort": 178,
    "QuickJumpType": 0,
    "QuickJumpParam": [],
    "Guild": 0,
    "ParentName": 0,
    "SkipPack": 0,
    "IsHide": 0
  },
  "800821": {
    "Id": 800821,
    "Sort": 179,
    "QuickJumpType": 0,
    "QuickJumpParam": [],
    "Guild": 0,
    "ParentName": 0,
    "SkipPack": 0,
    "IsHide": 0
  },
  "800871": {
    "Id": 800871,
    "Sort": 180,
    "QuickJumpType": 0,
    "QuickJumpParam": [],
    "Guild": 0,
    "ParentName": 0,
    "SkipPack": 0,
    "IsHide": 1
  },
  "800872": {
    "Id": 800872,
    "Sort": 181,
    "QuickJumpType": 0,
    "QuickJumpParam": [],
    "Guild": 0,
    "ParentName": 0,
    "SkipPack": 0,
    "IsHide": 1
  },
  "802102": {
    "Id": 802102,
    "Sort": 182,
    "QuickJumpType": 0,
    "QuickJumpParam": [],
    "Guild": 0,
    "ParentName": 1,
    "SkipPack": 0,
    "IsHide": 0
  },
  "819301": {
    "Id": 819301,
    "Sort": 183,
    "QuickJumpType": 0,
    "QuickJumpParam": [],
    "Guild": 0,
    "ParentName": 0,
    "SkipPack": 0,
    "IsHide": 1
  },
  "802103": {
    "Id": 802103,
    "Sort": 184,
    "QuickJumpType": 0,
    "QuickJumpParam": [],
    "Guild": 0,
    "ParentName": 1,
    "SkipPack": 0,
    "IsHide": 0
  },
  "800200": {
    "Id": 800200,
    "Sort": 185,
    "QuickJumpType": 0,
    "QuickJumpParam": [],
    "Guild": 0,
    "ParentName": 0,
    "SkipPack": 0,
    "IsHide": 0
  },
  "100266": {
    "Id": 100266,
    "Sort": 999,
    "QuickJumpType": 1,
    "QuickJumpParam": [
      8,
      2,
      799
    ],
    "Guild": 0,
    "ParentName": 0,
    "SkipPack": 0,
    "IsHide": 0
  },
  "100267": {
    "Id": 100267,
    "Sort": 999,
    "QuickJumpType": 1,
    "QuickJumpParam": [
      8,
      2,
      799
    ],
    "Guild": 0,
    "ParentName": 0,
    "SkipPack": 0,
    "IsHide": 1
  },
  "800941": {
    "Id": 800941,
    "Sort": 186,
    "QuickJumpType": 5,
    "QuickJumpParam": [
      122033
    ],
    "Guild": 0,
    "ParentName": 1,
    "SkipPack": 0,
    "IsHide": 0
  },
  "800951": {
    "Id": 800951,
    "Sort": 187,
    "QuickJumpType": 5,
    "QuickJumpParam": [
      122033
    ],
    "Guild": 0,
    "ParentName": 1,
    "SkipPack": 0,
    "IsHide": 0
  },
  "800952": {
    "Id": 800952,
    "Sort": 188,
    "QuickJumpType": 5,
    "QuickJumpParam": [
      122033
    ],
    "Guild": 0,
    "ParentName": 1,
    "SkipPack": 0,
    "IsHide": 0
  },
  "800953": {
    "Id": 800953,
    "Sort": 189,
    "QuickJumpType": 5,
    "QuickJumpParam": [
      122033
    ],
    "Guild": 0,
    "ParentName": 1,
    "SkipPack": 0,
    "IsHide": 0
  },
  "800954": {
    "Id": 800954,
    "Sort": 190,
    "QuickJumpType": 5,
    "QuickJumpParam": [
      122033
    ],
    "Guild": 0,
    "ParentName": 1,
    "SkipPack": 0,
    "IsHide": 0
  },
  "800955": {
    "Id": 800955,
    "Sort": 191,
    "QuickJumpType": 5,
    "QuickJumpParam": [
      122033
    ],
    "Guild": 0,
    "ParentName": 1,
    "SkipPack": 0,
    "IsHide": 0
  },
  "800956": {
    "Id": 800956,
    "Sort": 192,
    "QuickJumpType": 5,
    "QuickJumpParam": [
      122033
    ],
    "Guild": 0,
    "ParentName": 1,
    "SkipPack": 0,
    "IsHide": 0
  },
  "800957": {
    "Id": 800957,
    "Sort": 193,
    "QuickJumpType": 5,
    "QuickJumpParam": [
      122033
    ],
    "Guild": 0,
    "ParentName": 1,
    "SkipPack": 0,
    "IsHide": 0
  },
  "800958": {
    "Id": 800958,
    "Sort": 194,
    "QuickJumpType": 5,
    "QuickJumpParam": [
      122033
    ],
    "Guild": 0,
    "ParentName": 1,
    "SkipPack": 0,
    "IsHide": 0
  },
  "800959": {
    "Id": 800959,
    "Sort": 195,
    "QuickJumpType": 5,
    "QuickJumpParam": [
      122033
    ],
    "Guild": 0,
    "ParentName": 1,
    "SkipPack": 0,
    "IsHide": 0
  },
  "800971": {
    "Id": 800971,
    "Sort": 196,
    "QuickJumpType": 5,
    "QuickJumpParam": [
      122033
    ],
    "Guild": 0,
    "ParentName": 1,
    "SkipPack": 0,
    "IsHide": 0
  },
  "800972": {
    "Id": 800972,
    "Sort": 197,
    "QuickJumpType": 5,
    "QuickJumpParam": [
      122033
    ],
    "Guild": 0,
    "ParentName": 1,
    "SkipPack": 0,
    "IsHide": 0
  },
  "800973": {
    "Id": 800973,
    "Sort": 198,
    "QuickJumpType": 5,
    "QuickJumpParam": [
      122033
    ],
    "Guild": 0,
    "ParentName": 1,
    "SkipPack": 0,
    "IsHide": 0
  },
  "800974": {
    "Id": 800974,
    "Sort": 199,
    "QuickJumpType": 5,
    "QuickJumpParam": [
      122033
    ],
    "Guild": 0,
    "ParentName": 1,
    "SkipPack": 0,
    "IsHide": 0
  },
  "800975": {
    "Id": 800975,
    "Sort": 200,
    "QuickJumpType": 5,
    "QuickJumpParam": [
      122033
    ],
    "Guild": 0,
    "ParentName": 1,
    "SkipPack": 0,
    "IsHide": 0
  },
  "800976": {
    "Id": 800976,
    "Sort": 201,
    "QuickJumpType": 5,
    "QuickJumpParam": [
      122033
    ],
    "Guild": 0,
    "ParentName": 1,
    "SkipPack": 0,
    "IsHide": 0
  },
  "800977": {
    "Id": 800977,
    "Sort": 202,
    "QuickJumpType": 5,
    "QuickJumpParam": [
      122033
    ],
    "Guild": 0,
    "ParentName": 1,
    "SkipPack": 0,
    "IsHide": 0
  },
  "800978": {
    "Id": 800978,
    "Sort": 203,
    "QuickJumpType": 5,
    "QuickJumpParam": [
      122033
    ],
    "Guild": 0,
    "ParentName": 1,
    "SkipPack": 0,
    "IsHide": 0
  },
  "800979": {
    "Id": 800979,
    "Sort": 204,
    "QuickJumpType": 5,
    "QuickJumpParam": [
      122033
    ],
    "Guild": 0,
    "ParentName": 1,
    "SkipPack": 0,
    "IsHide": 0
  },
  "800980": {
    "Id": 800980,
    "Sort": 205,
    "QuickJumpType": 5,
    "QuickJumpParam": [
      122033
    ],
    "Guild": 0,
    "ParentName": 1,
    "SkipPack": 0,
    "IsHide": 0
  },
  "800960": {
    "Id": 800960,
    "Sort": 206,
    "QuickJumpType": 5,
    "QuickJumpParam": [
      122033
    ],
    "Guild": 0,
    "ParentName": 1,
    "SkipPack": 0,
    "IsHide": 0
  },
  "106199": {
    "Id": 106199,
    "Sort": 999,
    "QuickJumpType": 0,
    "QuickJumpParam": [],
    "Guild": 0,
    "ParentName": 0,
    "SkipPack": 0,
    "IsHide": 1
  },
  "810010": {
    "Id": 810010,
    "Sort": 207,
    "QuickJumpType": 5,
    "QuickJumpParam": [
      122034
    ],
    "Guild": 0,
    "ParentName": 0,
    "SkipPack": 0,
    "IsHide": 0
  },
  "810011": {
    "Id": 810011,
    "Sort": 208,
    "QuickJumpType": 5,
    "QuickJumpParam": [
      122035
    ],
    "Guild": 0,
    "ParentName": 0,
    "SkipPack": 0,
    "IsHide": 0
  }
}