{
  "11120001": {
    "Id": 11120001,
    "Name": "郁金香种子",
    "Type": 1
  },
  "11120002": {
    "Id": 11120002,
    "Name": "郁金香种子",
    "Type": 1
  },
  "11120101": {
    "Id": 11120101,
    "Name": "玫瑰种子",
    "Type": 2
  },
  "11120102": {
    "Id": 11120102,
    "Name": "玫瑰种子",
    "Type": 2
  },
  "11120201": {
    "Id": 11120201,
    "Name": "绣球花种子",
    "Type": 3
  },
  "11120202": {
    "Id": 11120202,
    "Name": "绣球花种子",
    "Type": 3
  }
}