{
  "1000": {
    "Id": 1000,
    "FunctionIds": []
  },
  "1001": {
    "Id": 1001,
    "FunctionIds": []
  },
  "1002": {
    "Id": 1002,
    "FunctionIds": []
  },
  "1003": {
    "Id": 1003,
    "FunctionIds": []
  },
  "1004": {
    "Id": 1004,
    "FunctionIds": []
  },
  "1005": {
    "Id": 1005,
    "FunctionIds": []
  },
  "1006": {
    "Id": 1006,
    "FunctionIds": []
  },
  "1007": {
    "Id": 1007,
    "FunctionIds": []
  },
  "1008": {
    "Id": 1008,
    "FunctionIds": []
  },
  "1009": {
    "Id": 1009,
    "FunctionIds": []
  },
  "1010": {
    "Id": 1010,
    "FunctionIds": []
  },
  "1011": {
    "Id": 1011,
    "FunctionIds": []
  },
  "1012": {
    "Id": 1012,
    "FunctionIds": []
  },
  "1013": {
    "Id": 1013,
    "FunctionIds": []
  },
  "1014": {
    "Id": 1014,
    "FunctionIds": []
  },
  "1015": {
    "Id": 1015,
    "FunctionIds": []
  },
  "1016": {
    "Id": 1016,
    "FunctionIds": []
  },
  "1017": {
    "Id": 1017,
    "FunctionIds": []
  },
  "1018": {
    "Id": 1018,
    "FunctionIds": []
  },
  "1019": {
    "Id": 1019,
    "FunctionIds": []
  },
  "1020": {
    "Id": 1020,
    "FunctionIds": []
  },
  "1021": {
    "Id": 1021,
    "FunctionIds": []
  },
  "1022": {
    "Id": 1022,
    "FunctionIds": []
  },
  "1023": {
    "Id": 1023,
    "FunctionIds": []
  },
  "1024": {
    "Id": 1024,
    "FunctionIds": []
  },
  "1025": {
    "Id": 1025,
    "FunctionIds": []
  },
  "1026": {
    "Id": 1026,
    "FunctionIds": []
  },
  "1027": {
    "Id": 1027,
    "FunctionIds": []
  },
  "1028": {
    "Id": 1028,
    "FunctionIds": []
  },
  "1029": {
    "Id": 1029,
    "FunctionIds": []
  },
  "1030": {
    "Id": 1030,
    "FunctionIds": []
  },
  "1031": {
    "Id": 1031,
    "FunctionIds": []
  },
  "1032": {
    "Id": 1032,
    "FunctionIds": []
  },
  "1033": {
    "Id": 1033,
    "FunctionIds": []
  },
  "1034": {
    "Id": 1034,
    "FunctionIds": []
  },
  "1035": {
    "Id": 1035,
    "FunctionIds": []
  },
  "1036": {
    "Id": 1036,
    "FunctionIds": []
  },
  "1037": {
    "Id": 1037,
    "FunctionIds": []
  },
  "1038": {
    "Id": 1038,
    "FunctionIds": []
  },
  "1039": {
    "Id": 1039,
    "FunctionIds": []
  },
  "1040": {
    "Id": 1040,
    "FunctionIds": []
  },
  "1041": {
    "Id": 1041,
    "FunctionIds": []
  },
  "1042": {
    "Id": 1042,
    "FunctionIds": []
  },
  "1043": {
    "Id": 1043,
    "FunctionIds": []
  },
  "1044": {
    "Id": 1044,
    "FunctionIds": []
  },
  "1045": {
    "Id": 1045,
    "FunctionIds": []
  },
  "1046": {
    "Id": 1046,
    "FunctionIds": []
  },
  "1047": {
    "Id": 1047,
    "FunctionIds": []
  },
  "1048": {
    "Id": 1048,
    "FunctionIds": []
  },
  "1049": {
    "Id": 1049,
    "FunctionIds": []
  },
  "1050": {
    "Id": 1050,
    "FunctionIds": []
  },
  "1051": {
    "Id": 1051,
    "FunctionIds": []
  },
  "1052": {
    "Id": 1052,
    "FunctionIds": []
  },
  "1053": {
    "Id": 1053,
    "FunctionIds": []
  },
  "1054": {
    "Id": 1054,
    "FunctionIds": []
  },
  "1055": {
    "Id": 1055,
    "FunctionIds": []
  },
  "1056": {
    "Id": 1056,
    "FunctionIds": []
  },
  "1057": {
    "Id": 1057,
    "FunctionIds": []
  },
  "1058": {
    "Id": 1058,
    "FunctionIds": []
  },
  "1059": {
    "Id": 1059,
    "FunctionIds": []
  },
  "1060": {
    "Id": 1060,
    "FunctionIds": []
  },
  "1061": {
    "Id": 1061,
    "FunctionIds": []
  },
  "1062": {
    "Id": 1062,
    "FunctionIds": []
  },
  "1063": {
    "Id": 1063,
    "FunctionIds": []
  },
  "2000": {
    "Id": 2000,
    "FunctionIds": []
  },
  "2001": {
    "Id": 2001,
    "FunctionIds": []
  },
  "2002": {
    "Id": 2002,
    "FunctionIds": []
  },
  "2003": {
    "Id": 2003,
    "FunctionIds": []
  },
  "2004": {
    "Id": 2004,
    "FunctionIds": []
  },
  "2005": {
    "Id": 2005,
    "FunctionIds": []
  },
  "2006": {
    "Id": 2006,
    "FunctionIds": []
  },
  "2007": {
    "Id": 2007,
    "FunctionIds": []
  },
  "2008": {
    "Id": 2008,
    "FunctionIds": []
  },
  "2009": {
    "Id": 2009,
    "FunctionIds": []
  },
  "2010": {
    "Id": 2010,
    "FunctionIds": []
  },
  "2011": {
    "Id": 2011,
    "FunctionIds": []
  },
  "2012": {
    "Id": 2012,
    "FunctionIds": []
  },
  "2013": {
    "Id": 2013,
    "FunctionIds": []
  },
  "2014": {
    "Id": 2014,
    "FunctionIds": []
  },
  "2015": {
    "Id": 2015,
    "FunctionIds": []
  },
  "2016": {
    "Id": 2016,
    "FunctionIds": []
  },
  "2017": {
    "Id": 2017,
    "FunctionIds": []
  },
  "2018": {
    "Id": 2018,
    "FunctionIds": []
  },
  "2019": {
    "Id": 2019,
    "FunctionIds": []
  },
  "2020": {
    "Id": 2020,
    "FunctionIds": []
  },
  "2021": {
    "Id": 2021,
    "FunctionIds": []
  },
  "2022": {
    "Id": 2022,
    "FunctionIds": []
  },
  "2023": {
    "Id": 2023,
    "FunctionIds": []
  },
  "2024": {
    "Id": 2024,
    "FunctionIds": []
  },
  "2025": {
    "Id": 2025,
    "FunctionIds": []
  },
  "2026": {
    "Id": 2026,
    "FunctionIds": []
  },
  "2027": {
    "Id": 2027,
    "FunctionIds": []
  },
  "2028": {
    "Id": 2028,
    "FunctionIds": []
  },
  "2029": {
    "Id": 2029,
    "FunctionIds": []
  },
  "2030": {
    "Id": 2030,
    "FunctionIds": []
  },
  "2031": {
    "Id": 2031,
    "FunctionIds": []
  },
  "2032": {
    "Id": 2032,
    "FunctionIds": []
  },
  "2033": {
    "Id": 2033,
    "FunctionIds": []
  },
  "2034": {
    "Id": 2034,
    "FunctionIds": []
  },
  "2035": {
    "Id": 2035,
    "FunctionIds": []
  },
  "2036": {
    "Id": 2036,
    "FunctionIds": []
  },
  "2037": {
    "Id": 2037,
    "FunctionIds": []
  },
  "2038": {
    "Id": 2038,
    "FunctionIds": []
  },
  "2039": {
    "Id": 2039,
    "FunctionIds": []
  },
  "2040": {
    "Id": 2040,
    "FunctionIds": []
  },
  "2041": {
    "Id": 2041,
    "FunctionIds": []
  },
  "2042": {
    "Id": 2042,
    "FunctionIds": []
  },
  "2043": {
    "Id": 2043,
    "FunctionIds": []
  },
  "2044": {
    "Id": 2044,
    "FunctionIds": []
  },
  "2045": {
    "Id": 2045,
    "FunctionIds": []
  },
  "2046": {
    "Id": 2046,
    "FunctionIds": []
  },
  "2047": {
    "Id": 2047,
    "FunctionIds": []
  },
  "2048": {
    "Id": 2048,
    "FunctionIds": []
  },
  "2049": {
    "Id": 2049,
    "FunctionIds": []
  },
  "2050": {
    "Id": 2050,
    "FunctionIds": []
  },
  "2051": {
    "Id": 2051,
    "FunctionIds": []
  },
  "2052": {
    "Id": 2052,
    "FunctionIds": []
  },
  "2053": {
    "Id": 2053,
    "FunctionIds": []
  },
  "2054": {
    "Id": 2054,
    "FunctionIds": []
  },
  "2055": {
    "Id": 2055,
    "FunctionIds": []
  },
  "2056": {
    "Id": 2056,
    "FunctionIds": []
  },
  "2057": {
    "Id": 2057,
    "FunctionIds": []
  },
  "2058": {
    "Id": 2058,
    "FunctionIds": []
  },
  "2059": {
    "Id": 2059,
    "FunctionIds": []
  },
  "2060": {
    "Id": 2060,
    "FunctionIds": []
  },
  "2061": {
    "Id": 2061,
    "FunctionIds": []
  },
  "2062": {
    "Id": 2062,
    "FunctionIds": []
  },
  "2063": {
    "Id": 2063,
    "FunctionIds": []
  }
}