{
  "1000": {
    "Id": 1000,
    "Title": "He crouched down and started digging with his hands. <br>Soon, he unearthed a box with a letter inside.",
    "NpcId": 1200012,
    "NpcName": "He crouched down and started digging with his hands. <br>Soon, he unearthed a box with a letter inside.",
    "Content": "He crouched down and started digging with his hands. <br>Soon, he unearthed a box with a letter inside.",
    "AwardId": 0,
    "MailGroupContent": [],
    "ExpireTime": 30,
    "MailType": 0,
    "Important": 0,
    "LimitType": 0
  },
  "1001": {
    "Id": 1001,
    "Title": "He crouched down and started digging with his hands. <br>Soon, he unearthed a box with a letter inside.",
    "NpcId": 1200012,
    "NpcName": "He crouched down and started digging with his hands. <br>Soon, he unearthed a box with a letter inside.",
    "Content": "He crouched down and started digging with his hands. <br>Soon, he unearthed a box with a letter inside.",
    "AwardId": 0,
    "MailGroupContent": [],
    "ExpireTime": 30,
    "MailType": 0,
    "Important": 0,
    "LimitType": 0
  },
  "1002": {
    "Id": 1002,
    "Title": "He crouched down and started digging with his hands. <br>Soon, he unearthed a box with a letter inside.",
    "NpcId": 1200012,
    "NpcName": "He crouched down and started digging with his hands. <br>Soon, he unearthed a box with a letter inside.",
    "Content": "He crouched down and started digging with his hands. <br>Soon, he unearthed a box with a letter inside.",
    "AwardId": 0,
    "MailGroupContent": [],
    "ExpireTime": 30,
    "MailType": 0,
    "Important": 0,
    "LimitType": 0
  },
  "1003": {
    "Id": 1003,
    "Title": "He crouched down and started digging with his hands. <br>Soon, he unearthed a box with a letter inside.",
    "NpcId": 1200012,
    "NpcName": "He crouched down and started digging with his hands. <br>Soon, he unearthed a box with a letter inside.",
    "Content": "He crouched down and started digging with his hands. <br>Soon, he unearthed a box with a letter inside.",
    "AwardId": 0,
    "MailGroupContent": [],
    "ExpireTime": 30,
    "MailType": 0,
    "Important": 0,
    "LimitType": 0
  },
  "1004": {
    "Id": 1004,
    "Title": "He crouched down and started digging with his hands. <br>Soon, he unearthed a box with a letter inside.",
    "NpcId": 1200012,
    "NpcName": "He crouched down and started digging with his hands. <br>Soon, he unearthed a box with a letter inside.",
    "Content": "He crouched down and started digging with his hands. <br>Soon, he unearthed a box with a letter inside.",
    "AwardId": 0,
    "MailGroupContent": [],
    "ExpireTime": 0,
    "MailType": 0,
    "Important": 0,
    "LimitType": 0
  },
  "1005": {
    "Id": 1005,
    "Title": "He crouched down and started digging with his hands. <br>Soon, he unearthed a box with a letter inside.",
    "NpcId": 1200012,
    "NpcName": "He crouched down and started digging with his hands. <br>Soon, he unearthed a box with a letter inside.",
    "Content": "He crouched down and started digging with his hands. <br>Soon, he unearthed a box with a letter inside.",
    "AwardId": 0,
    "MailGroupContent": [],
    "ExpireTime": 30,
    "MailType": 0,
    "Important": 0,
    "LimitType": 0
  },
  "1006": {
    "Id": 1006,
    "Title": "He crouched down and started digging with his hands. <br>Soon, he unearthed a box with a letter inside.",
    "NpcId": 1200012,
    "NpcName": "He crouched down and started digging with his hands. <br>Soon, he unearthed a box with a letter inside.",
    "Content": "He crouched down and started digging with his hands. <br>Soon, he unearthed a box with a letter inside.",
    "AwardId": 0,
    "MailGroupContent": [],
    "ExpireTime": 30,
    "MailType": 0,
    "Important": 0,
    "LimitType": 0
  },
  "1007": {
    "Id": 1007,
    "Title": "He crouched down and started digging with his hands. <br>Soon, he unearthed a box with a letter inside.",
    "NpcId": 1200012,
    "NpcName": "He crouched down and started digging with his hands. <br>Soon, he unearthed a box with a letter inside.",
    "Content": "He crouched down and started digging with his hands. <br>Soon, he unearthed a box with a letter inside.",
    "AwardId": 0,
    "MailGroupContent": [],
    "ExpireTime": 30,
    "MailType": 0,
    "Important": 0,
    "LimitType": 0
  },
  "1008": {
    "Id": 1008,
    "Title": "He crouched down and started digging with his hands. <br>Soon, he unearthed a box with a letter inside.",
    "NpcId": 1200012,
    "NpcName": "He crouched down and started digging with his hands. <br>Soon, he unearthed a box with a letter inside.",
    "Content": "He crouched down and started digging with his hands. <br>Soon, he unearthed a box with a letter inside.",
    "AwardId": 0,
    "MailGroupContent": [],
    "ExpireTime": 30,
    "MailType": 0,
    "Important": 0,
    "LimitType": 0
  },
  "1009": {
    "Id": 1009,
    "Title": "Ding~ You are here",
    "NpcId": 1200012,
    "NpcName": "System",
    "Content": "Welcome to Asteria Plains, may you have a pleasant adventure",
    "AwardId": 0,
    "MailGroupContent": [],
    "ExpireTime": 30,
    "MailType": 0,
    "Important": 0,
    "LimitType": 0
  },
  "1010": {
    "Id": 1010,
    "Title": "He crouched down and started digging with his hands. <br>Soon, he unearthed a box with a letter inside.",
    "NpcId": 1200012,
    "NpcName": "He crouched down and started digging with his hands. <br>Soon, he unearthed a box with a letter inside.",
    "Content": "He crouched down and started digging with his hands. <br>Soon, he unearthed a box with a letter inside.",
    "AwardId": 0,
    "MailGroupContent": [],
    "ExpireTime": 30,
    "MailType": 0,
    "Important": 0,
    "LimitType": 0
  },
  "1011": {
    "Id": 1011,
    "Title": "He crouched down and started digging with his hands. <br>Soon, he unearthed a box with a letter inside.",
    "NpcId": 1200012,
    "NpcName": "He crouched down and started digging with his hands. <br>Soon, he unearthed a box with a letter inside.",
    "Content": "He crouched down and started digging with his hands. <br>Soon, he unearthed a box with a letter inside.",
    "AwardId": 0,
    "MailGroupContent": [],
    "ExpireTime": 30,
    "MailType": 0,
    "Important": 0,
    "LimitType": 0
  },
  "1012": {
    "Id": 1012,
    "Title": "He crouched down and started digging with his hands. <br>Soon, he unearthed a box with a letter inside.",
    "NpcId": 1200012,
    "NpcName": "He crouched down and started digging with his hands. <br>Soon, he unearthed a box with a letter inside.",
    "Content": "He crouched down and started digging with his hands. <br>Soon, he unearthed a box with a letter inside.",
    "AwardId": 0,
    "MailGroupContent": [],
    "ExpireTime": 30,
    "MailType": 0,
    "Important": 0,
    "LimitType": 0
  },
  "1013": {
    "Id": 1013,
    "Title": "He crouched down and started digging with his hands. <br>Soon, he unearthed a box with a letter inside.",
    "NpcId": 1200012,
    "NpcName": "He crouched down and started digging with his hands. <br>Soon, he unearthed a box with a letter inside.",
    "Content": "He crouched down and started digging with his hands. <br>Soon, he unearthed a box with a letter inside.",
    "AwardId": 0,
    "MailGroupContent": [],
    "ExpireTime": 30,
    "MailType": 0,
    "Important": 0,
    "LimitType": 0
  },
  "1014": {
    "Id": 1014,
    "Title": "He crouched down and started digging with his hands. <br>Soon, he unearthed a box with a letter inside.",
    "NpcId": 1200012,
    "NpcName": "He crouched down and started digging with his hands. <br>Soon, he unearthed a box with a letter inside.",
    "Content": "He crouched down and started digging with his hands. <br>Soon, he unearthed a box with a letter inside.",
    "AwardId": 0,
    "MailGroupContent": [],
    "ExpireTime": 30,
    "MailType": 0,
    "Important": 0,
    "LimitType": 0
  },
  "1015": {
    "Id": 1015,
    "Title": "WeChat Game Starter Pack",
    "NpcId": 1200012,
    "NpcName": "WeChat Game",
    "Content": "Your daily login reward unlocked in WeChat Games has arrived! Claim it now!",
    "AwardId": 71000010,
    "MailGroupContent": [],
    "ExpireTime": 30,
    "MailType": 1,
    "Important": 0,
    "LimitType": 0
  },
  "1016": {
    "Id": 1016,
    "Title": "QQ Game Center Starter Pack",
    "NpcId": 1200012,
    "NpcName": "QQ Game Center",
    "Content": "Your daily login reward unlocked in QQ Game Center has arrived! Claim it now!",
    "AwardId": 71000010,
    "MailGroupContent": [],
    "ExpireTime": 30,
    "MailType": 1,
    "Important": 0,
    "LimitType": 0
  },
  "1017": {
    "Id": 1017,
    "Title": "He crouched down and started digging with his hands. <br>Soon, he unearthed a box with a letter inside.",
    "NpcId": 1200012,
    "NpcName": "He crouched down and started digging with his hands. <br>Soon, he unearthed a box with a letter inside.",
    "Content": "He crouched down and started digging with his hands. <br>Soon, he unearthed a box with a letter inside.",
    "AwardId": 0,
    "MailGroupContent": [],
    "ExpireTime": 30,
    "MailType": 0,
    "Important": 0,
    "LimitType": 0
  },
  "1018": {
    "Id": 1018,
    "Title": "He crouched down and started digging with his hands. <br>Soon, he unearthed a box with a letter inside.",
    "NpcId": 1200012,
    "NpcName": "He crouched down and started digging with his hands. <br>Soon, he unearthed a box with a letter inside.",
    "Content": "He crouched down and started digging with his hands. <br>Soon, he unearthed a box with a letter inside.",
    "AwardId": 0,
    "MailGroupContent": [],
    "ExpireTime": 30,
    "MailType": 0,
    "Important": 0,
    "LimitType": 0
  },
  "1019": {
    "Id": 1019,
    "Title": "He crouched down and started digging with his hands. <br>Soon, he unearthed a box with a letter inside.",
    "NpcId": 1200012,
    "NpcName": "He crouched down and started digging with his hands. <br>Soon, he unearthed a box with a letter inside.",
    "Content": "He crouched down and started digging with his hands. <br>Soon, he unearthed a box with a letter inside.",
    "AwardId": 0,
    "MailGroupContent": [],
    "ExpireTime": 0,
    "MailType": 0,
    "Important": 0,
    "LimitType": 0
  },
  "1020": {
    "Id": 1020,
    "Title": "Guild [{*str[1]*}] successfully created!",
    "NpcId": 1200001,
    "NpcName": "Laura",
    "Content": "[{*str[1]*}] Guild created! Start inviting adventurers!",
    "AwardId": 0,
    "MailGroupContent": [],
    "ExpireTime": 30,
    "MailType": 1,
    "Important": 0,
    "LimitType": 0
  },
  "1021": {
    "Id": 1021,
    "Title": "Welcome To The [{*str[1]*}] Guild!",
    "NpcId": 1200001,
    "NpcName": "Laura",
    "Content": "Welcome to the [{*str[1]*}] guild! Proud to have you with us as we grow together!",
    "AwardId": 0,
    "MailGroupContent": [],
    "ExpireTime": 30,
    "MailType": 1,
    "Important": 0,
    "LimitType": 0
  },
  "1022": {
    "Id": 1022,
    "Title": "Congratulations On Becoming The Vice Master",
    "NpcId": 1200001,
    "NpcName": "Laura",
    "Content": "{*str[1]*} appoints you as the Vice Master, assist in developing the Guild together!",
    "AwardId": 0,
    "MailGroupContent": [],
    "ExpireTime": 30,
    "MailType": 1,
    "Important": 0,
    "LimitType": 0
  },
  "1023": {
    "Id": 1023,
    "Title": "Guild Position Change Notification",
    "NpcId": 1200001,
    "NpcName": "Laura",
    "Content": "{*str[1]*} has removed you from the Vice Master. Thank you for your contributions~",
    "AwardId": 0,
    "MailGroupContent": [],
    "ExpireTime": 30,
    "MailType": 1,
    "Important": 0,
    "LimitType": 0
  },
  "1024": {
    "Id": 1024,
    "Title": "Congratulations On Becoming An Administrator",
    "NpcId": 1200001,
    "NpcName": "Laura",
    "Content": "{*str[1]*} appoints you as an Administrator, assist in developing the Guild together!",
    "AwardId": 0,
    "MailGroupContent": [],
    "ExpireTime": 30,
    "MailType": 1,
    "Important": 0,
    "LimitType": 0
  },
  "1025": {
    "Id": 1025,
    "Title": "Guild Position Change Notification",
    "NpcId": 1200001,
    "NpcName": "Laura",
    "Content": "{*str[1]*} has removed you from the Administrator role. Thank you for your contributions~",
    "AwardId": 0,
    "MailGroupContent": [],
    "ExpireTime": 30,
    "MailType": 1,
    "Important": 0,
    "LimitType": 0
  },
  "1026": {
    "Id": 1026,
    "Title": "World Event Reward",
    "NpcId": 487,
    "NpcName": "Airona",
    "Content": "You have unclaimed world event rewards, please check!",
    "AwardId": 0,
    "MailGroupContent": [],
    "ExpireTime": 30,
    "MailType": 1,
    "Important": 0,
    "LimitType": 0
  },
  "1027": {
    "Id": 1027,
    "Title": "Season Rewards",
    "NpcId": 487,
    "NpcName": "Airona",
    "Content": "You activated last season's advanced pass. Please claim your rewards in time!",
    "AwardId": 0,
    "MailGroupContent": [],
    "ExpireTime": 30,
    "MailType": 1,
    "Important": 0,
    "LimitType": 0
  },
  "1028": {
    "Id": 1028,
    "Title": "Guild Hunt Event",
    "NpcId": 1200001,
    "NpcName": "Laura",
    "Content": "Thanks for joining the guild hunt! You've got rewards waiting-please claim them!",
    "AwardId": 0,
    "MailGroupContent": [],
    "ExpireTime": 30,
    "MailType": 1,
    "Important": 0,
    "LimitType": 0
  },
  "1030": {
    "Id": 1030,
    "Title": "Item Temporary Storage",
    "NpcId": 487,
    "NpcName": "Airona",
    "Content": "Your Inventory is full and cannot hold more items. Please clear your Inventory and retrieve items from your mail to avoid loss.",
    "AwardId": 0,
    "MailGroupContent": [],
    "ExpireTime": 30,
    "MailType": 1,
    "Important": 0,
    "LimitType": 0
  },
  "1040": {
    "Id": 1040,
    "Title": "Points Store Items",
    "NpcId": 487,
    "NpcName": "Airona",
    "Content": "Your Season Store purchase is available",
    "AwardId": 0,
    "MailGroupContent": [],
    "ExpireTime": 30,
    "MailType": 1,
    "Important": 0,
    "LimitType": 0
  },
  "1050": {
    "Id": 1050,
    "Title": "Survey Rewards",
    "NpcId": 1200012,
    "NpcName": "System",
    "Content": "Thank you for your feedback. Your survey has been received. Here is a small gift as our thanks~",
    "AwardId": 0,
    "MailGroupContent": [],
    "ExpireTime": 30,
    "MailType": 1,
    "Important": 0,
    "LimitType": 0
  },
  "1060": {
    "Id": 1060,
    "Title": "Nickname adjustment required",
    "NpcId": 1200012,
    "NpcName": "System",
    "Content": "Your previous nickname contained disallowed content and has been reset",
    "AwardId": 0,
    "MailGroupContent": [
      [
        1070001,
        1,
        0
      ]
    ],
    "ExpireTime": 30,
    "MailType": 1,
    "Important": 0,
    "LimitType": 0
  },
  "1070": {
    "Id": 1070,
    "Title": "Weekly Guild Activity Rewards",
    "NpcId": 1200001,
    "NpcName": "Laura",
    "Content": "Weekly Guild Activity reward, please check!",
    "AwardId": 0,
    "MailGroupContent": [],
    "ExpireTime": 30,
    "MailType": 1,
    "Important": 0,
    "LimitType": 0
  },
  "1080": {
    "Id": 1080,
    "Title": "Trading Center",
    "NpcId": 487,
    "NpcName": "Airona",
    "Content": "You have items in the Trading Center, please check!",
    "AwardId": 0,
    "MailGroupContent": [],
    "ExpireTime": 30,
    "MailType": 1,
    "Important": 0,
    "LimitType": 0
  },
  "1090": {
    "Id": 1090,
    "Title": "Shared Warehouse Item Return",
    "NpcId": 487,
    "NpcName": "Shared warehouse administrator",
    "Content": "You have left the shared warehouse, personal items are returned via mail. Please claim them soon.",
    "AwardId": 0,
    "MailGroupContent": [],
    "ExpireTime": 30,
    "MailType": 1,
    "Important": 0,
    "LimitType": 0
  },
  "1091": {
    "Id": 1091,
    "Title": "Left Shared Warehouse",
    "NpcId": 487,
    "NpcName": "Shared warehouse administrator",
    "Content": "You have left the shared warehouse. No personal items remain stored. Looking forward to next time!",
    "AwardId": 0,
    "MailGroupContent": [],
    "ExpireTime": 30,
    "MailType": 1,
    "Important": 0,
    "LimitType": 0
  },
  "1100": {
    "Id": 1100,
    "Title": "Trading Center Pre-order Result",
    "NpcId": 487,
    "NpcName": "Trading center administrator",
    "Content": "Congratulations! Your pre-order was successful. Please check the attachment!",
    "AwardId": 0,
    "MailGroupContent": [],
    "ExpireTime": 30,
    "MailType": 1,
    "Important": 0,
    "LimitType": 0
  },
  "1101": {
    "Id": 1101,
    "Title": "Trading Center Pre-order Result",
    "NpcId": 487,
    "NpcName": "Trading center administrator",
    "Content": "Your pre-order failed. The refunded amount is in the attachment. Please check!",
    "AwardId": 0,
    "MailGroupContent": [],
    "ExpireTime": 30,
    "MailType": 1,
    "Important": 0,
    "LimitType": 0
  },
  "1102": {
    "Id": 1102,
    "Title": "Consignment Successful",
    "NpcId": 487,
    "NpcName": "Trading center administrator",
    "Content": "Your Rose Orb consignment was successful. Please check the attachment!",
    "AwardId": 0,
    "MailGroupContent": [],
    "ExpireTime": 30,
    "MailType": 1,
    "Important": 0,
    "LimitType": 0
  },
  "1201": {
    "Id": 1201,
    "Title": "Guild Exit Notice",
    "NpcId": 1200001,
    "NpcName": "Laura",
    "Content": "You have voluntarily left the Guild. You can join another Guild later.",
    "AwardId": 0,
    "MailGroupContent": [],
    "ExpireTime": 30,
    "MailType": 1,
    "Important": 0,
    "LimitType": 0
  },
  "1202": {
    "Id": 1202,
    "Title": "Guild Exit Notice",
    "NpcId": 1200001,
    "NpcName": "Laura",
    "Content": "You have been removed from the Guild. You can join another Guild later.",
    "AwardId": 0,
    "MailGroupContent": [],
    "ExpireTime": 30,
    "MailType": 1,
    "Important": 0,
    "LimitType": 0
  },
  "1211": {
    "Id": 1211,
    "Title": "World Boss Crusade Reward",
    "NpcId": 1200012,
    "NpcName": "System",
    "Content": "You have unclaimed personal point rewards from the World Boss Crudade. Please check!",
    "AwardId": 0,
    "MailGroupContent": [],
    "ExpireTime": 30,
    "MailType": 1,
    "Important": 0,
    "LimitType": 0
  },
  "1212": {
    "Id": 1212,
    "Title": "World Boss Crusade Reward",
    "NpcId": 1200012,
    "NpcName": "System",
    "Content": "You have unclaimed world progress rewards in the World Boss Crudade. Please check!",
    "AwardId": 0,
    "MailGroupContent": [],
    "ExpireTime": 30,
    "MailType": 1,
    "Important": 0,
    "LimitType": 0
  },
  "1213": {
    "Id": 1213,
    "Title": "World Boss Crusade End Notice",
    "NpcId": 487,
    "NpcName": "Airona",
    "Content": "Today is the last day of the World Boss Crusade. Don't forget to claim your personal points and world progress rewards. You can still participate tonight if you haven't reached the goals!",
    "AwardId": 0,
    "MailGroupContent": [],
    "ExpireTime": 30,
    "MailType": 1,
    "Important": 0,
    "LimitType": 0
  },
  "1301": {
    "Id": 1301,
    "Title": "{*str[1]*} Reward",
    "NpcId": 487,
    "NpcName": "Airona",
    "Content": "You cleared {*str[1]*} as a team member and rolled the highest number. You've received a Lucky Participation Reward. Please check it!",
    "AwardId": 0,
    "MailGroupContent": [],
    "ExpireTime": 30,
    "MailType": 1,
    "Important": 0,
    "LimitType": 0
  },
  "1302": {
    "Id": 1302,
    "Title": "{*str[1]*} Reward",
    "NpcId": 487,
    "NpcName": "Airona",
    "Content": "You cleared {*str[1]*} as a team member and rolled a low number. You've received a Regular Participation Reward. Please check it!",
    "AwardId": 0,
    "MailGroupContent": [],
    "ExpireTime": 30,
    "MailType": 1,
    "Important": 0,
    "LimitType": 0
  },
  "1303": {
    "Id": 1303,
    "Title": "Treasure Rewards",
    "NpcId": 487,
    "NpcName": "Airona",
    "Content": "You cleared the level in {*str[1]*} and killed the treasure monster, here is your reward!",
    "AwardId": 0,
    "MailGroupContent": [],
    "ExpireTime": 30,
    "MailType": 1,
    "Important": 0,
    "LimitType": 0
  },
  "1401": {
    "Id": 1401,
    "Title": "Stimen Vaults Reward Reissue",
    "NpcId": 1200012,
    "NpcName": "System",
    "Content": "This is an unclaimed reward from Stimen Vaults Floor {*str[1]*}. Please check it.",
    "AwardId": 0,
    "MailGroupContent": [],
    "ExpireTime": 30,
    "MailType": 1,
    "Important": 0,
    "LimitType": 0
  },
  "1402": {
    "Id": 1402,
    "Title": "Stimen Vaults Progress Reward Reissue",
    "NpcId": 1200012,
    "NpcName": "System",
    "Content": "You joined the ruins exploration but missed the key reward! We've sent it again-make sure to claim it next time~",
    "AwardId": 0,
    "MailGroupContent": [],
    "ExpireTime": 30,
    "MailType": 1,
    "Important": 0,
    "LimitType": 0
  },
  "1403": {
    "Id": 1403,
    "Title": "Extreme Weekly Reward Unclaimed Reissue",
    "NpcId": 1200012,
    "NpcName": "System",
    "Content": "You have unclaimed target rewards in this week's Chaotic Realm. Please check!",
    "AwardId": 0,
    "MailGroupContent": [],
    "ExpireTime": 30,
    "MailType": 1,
    "Important": 0,
    "LimitType": 0
  },
  "1405": {
    "Id": 1405,
    "Title": "Compensated Rewards for Master Competition",
    "NpcId": 1200012,
    "NpcName": "System",
    "Content": "You scored {*str[1]*} points in Master last season-here's the reward you missed! Claim it now!",
    "AwardId": 0,
    "MailGroupContent": [],
    "ExpireTime": 30,
    "MailType": 1,
    "Important": 0,
    "LimitType": 0
  },
  "1501": {
    "Id": 1501,
    "Title": "Unclaimed Membership Box Reissue",
    "NpcId": 1200012,
    "NpcName": "Meowlux Member Center",
    "Content": "The unclaimed Meowlux monthly membership Box has been temporarily stored in your mailbox, thank you for your support!",
    "AwardId": 0,
    "MailGroupContent": [],
    "ExpireTime": 30,
    "MailType": 1,
    "Important": 0,
    "LimitType": 0
  },
  "1588": {
    "Id": 1588,
    "Title": "Homestead Warehouse Item Reimbursement",
    "NpcId": 0,
    "NpcName": "He crouched down and started digging with his hands. <br>Soon, he unearthed a box with a letter inside.",
    "Content": "Hey, have you forgotten something? Here are all the items you stored at the Shared Warehouse. We look forward to welcoming you to your new home soon!",
    "AwardId": 0,
    "MailGroupContent": [],
    "ExpireTime": 30,
    "MailType": 1,
    "Important": 0,
    "LimitType": 0
  },
  "1589": {
    "Id": 1589,
    "Title": "Island ownership deeds and furniture reimbursemt",
    "NpcId": 0,
    "NpcName": "He crouched down and started digging with his hands. <br>Soon, he unearthed a box with a letter inside.",
    "Content": "Moving is hard work. Here are your Island ownership deeds. You can use it to return to your old home when you don't own a home. Also, all your furniture has been packed and stored in your Inventory. You can take the furniture out when you move into a new home. We wish you joy in your new home!",
    "AwardId": 0,
    "MailGroupContent": [],
    "ExpireTime": 30,
    "MailType": 1,
    "Important": 0,
    "LimitType": 0
  },
  "1590": {
    "Id": 1590,
    "Title": "Temporary Furniture Mail:",
    "NpcId": 0,
    "NpcName": "He crouched down and started digging with his hands. <br>Soon, he unearthed a box with a letter inside.",
    "Content": "Oh no! Your furniture storage is full. New furniture will be temporarily stored here. Please clear some space!",
    "AwardId": 0,
    "MailGroupContent": [],
    "ExpireTime": 30,
    "MailType": 1,
    "Important": 0,
    "LimitType": 0
  },
  "2001": {
    "Id": 2001,
    "Title": "Guild Dance Reward",
    "NpcId": 1200012,
    "NpcName": "System",
    "Content": "Oops, you danced but didn't get your reward! We're sending it now-don't forget next time!",
    "AwardId": 20500700,
    "MailGroupContent": [],
    "ExpireTime": 30,
    "MailType": 1,
    "Important": 0,
    "LimitType": 0
  },
  "2100": {
    "Id": 2100,
    "Title": "Reward: Homestead Level 2 Upgrade",
    "NpcId": 0,
    "NpcName": "He crouched down and started digging with his hands. <br>Soon, he unearthed a box with a letter inside.",
    "Content": "Rewards",
    "AwardId": 23000010,
    "MailGroupContent": [],
    "ExpireTime": 30,
    "MailType": 1,
    "Important": 0,
    "LimitType": 0
  },
  "2101": {
    "Id": 2101,
    "Title": "Reward: Homestead Level 3 Upgrade",
    "NpcId": 0,
    "NpcName": "He crouched down and started digging with his hands. <br>Soon, he unearthed a box with a letter inside.",
    "Content": "Rewards",
    "AwardId": 23000020,
    "MailGroupContent": [],
    "ExpireTime": 30,
    "MailType": 1,
    "Important": 0,
    "LimitType": 0
  },
  "2102": {
    "Id": 2102,
    "Title": "Reward: Homestead Level 4 Upgrade",
    "NpcId": 0,
    "NpcName": "He crouched down and started digging with his hands. <br>Soon, he unearthed a box with a letter inside.",
    "Content": "Rewards",
    "AwardId": 23000030,
    "MailGroupContent": [],
    "ExpireTime": 30,
    "MailType": 1,
    "Important": 0,
    "LimitType": 0
  },
  "2103": {
    "Id": 2103,
    "Title": "Reward: Homestead Level 5 Upgrade",
    "NpcId": 0,
    "NpcName": "He crouched down and started digging with his hands. <br>Soon, he unearthed a box with a letter inside.",
    "Content": "Rewards",
    "AwardId": 23000040,
    "MailGroupContent": [],
    "ExpireTime": 30,
    "MailType": 1,
    "Important": 0,
    "LimitType": 0
  },
  "2104": {
    "Id": 2104,
    "Title": "Reward: Homestead Level 6 Upgrade",
    "NpcId": 0,
    "NpcName": "He crouched down and started digging with his hands. <br>Soon, he unearthed a box with a letter inside.",
    "Content": "Rewards",
    "AwardId": 23000050,
    "MailGroupContent": [],
    "ExpireTime": 30,
    "MailType": 1,
    "Important": 0,
    "LimitType": 0
  },
  "2105": {
    "Id": 2105,
    "Title": "Reward: Homestead Level 7 Upgrade",
    "NpcId": 0,
    "NpcName": "He crouched down and started digging with his hands. <br>Soon, he unearthed a box with a letter inside.",
    "Content": "Rewards",
    "AwardId": 23000060,
    "MailGroupContent": [],
    "ExpireTime": 30,
    "MailType": 1,
    "Important": 0,
    "LimitType": 0
  },
  "2106": {
    "Id": 2106,
    "Title": "Reward: Homestead Level 8 Upgrade",
    "NpcId": 0,
    "NpcName": "He crouched down and started digging with his hands. <br>Soon, he unearthed a box with a letter inside.",
    "Content": "Rewards",
    "AwardId": 23000070,
    "MailGroupContent": [],
    "ExpireTime": 30,
    "MailType": 1,
    "Important": 0,
    "LimitType": 0
  },
  "2200": {
    "Id": 2200,
    "Title": "Reward: Fishing World Ranking",
    "NpcId": 1200001,
    "NpcName": "Laura",
    "Content": "You achieved a great result in the last global fishing rankings-{*val*} place! Here's a gift for you",
    "AwardId": 0,
    "MailGroupContent": [],
    "ExpireTime": 30,
    "MailType": 1,
    "Important": 0,
    "LimitType": 0
  },
  "2201": {
    "Id": 2201,
    "Title": "Reward: Fishing World Ranking by Fishing Guild",
    "NpcId": 1200001,
    "NpcName": "Laura",
    "Content": "You achieved a great result in the last global fishing rankings! Here's a gift for you",
    "AwardId": 0,
    "MailGroupContent": [],
    "ExpireTime": 30,
    "MailType": 1,
    "Important": 0,
    "LimitType": 0
  },
  "2251": {
    "Id": 2251,
    "Title": "Seabreeze Gifts",
    "NpcId": 1200012,
    "NpcName": "He crouched down and started digging with his hands. <br>Soon, he unearthed a box with a letter inside.",
    "Content": "Dear Adventurer, <br><br>We detected you haven't claimed your Seabreeze Gifts sign-in reward. It has now been re-sent to your mailbox. <br><br>This gift from the sea includes exclusive rewards for your continued dedication. Perhaps it's shining Stardust, practical supplies, or limited-edition decorations, each a warm companion on your journey. <br><br>May the sea breeze guide you toward new and wondrous adventures!",
    "AwardId": 0,
    "MailGroupContent": [],
    "ExpireTime": 30,
    "MailType": 1,
    "Important": 0,
    "LimitType": 0
  },
  "2252": {
    "Id": 2252,
    "Title": "Voyage's Memento​",
    "NpcId": 1200012,
    "NpcName": "He crouched down and started digging with his hands. <br>Soon, he unearthed a box with a letter inside.",
    "Content": "Dear Adventurer, <br><br>We detected you haven't claimed your Voyage's Memento​ sign-in reward. It has not been re-sent to your mailbox.<br><br> As summer fades and autumn arrives, time moves on. Yet, the traces of a life well-lived are never forgotten.<br><br>May this joy accompany you on your journey toward even greater adventures!",
    "AwardId": 0,
    "MailGroupContent": [],
    "ExpireTime": 30,
    "MailType": 1,
    "Important": 0,
    "LimitType": 0
  },
  "2300": {
    "Id": 2300,
    "Title": "[Reward] Redeem Code",
    "NpcId": 0,
    "NpcName": "System Mail",
    "Content": "Dear Adventurer,<br><br>Please claim the rewards you have obtained via the redemption code~",
    "AwardId": 0,
    "MailGroupContent": [],
    "ExpireTime": 30,
    "MailType": 1,
    "Important": 0,
    "LimitType": 0
  },
  "3002": {
    "Id": 3002,
    "Title": "Your Monthly Crunchyroll Rewards",
    "NpcId": 1200012,
    "NpcName": "Valeria",
    "Content": "Dear Adventurer,<br><br>Your loyalty and courage shine brighter than a thousand stars! The Pioneer Bureau has prepared treasures worthy of your legendary deeds for this month! Grab them swiftly, for your next adventure will not wait!",
    "AwardId": 0,
    "MailGroupContent": [],
    "ExpireTime": 30,
    "MailType": 1,
    "Important": 0,
    "LimitType": 0
  },
  "3003": {
    "Id": 3003,
    "Title": "Twitch Viewing Event Reward",
    "NpcId": 487,
    "NpcName": "Airona",
    "Content": "Dear Adventurer,<br><br>Thank you for joining the Blue Protocol: Star Resonance Twitch Drops event! You've earned the following rewards.<br><br>Enjoy your adventure!",
    "AwardId": 0,
    "MailGroupContent": [],
    "ExpireTime": 30,
    "MailType": 1,
    "Important": 0,
    "LimitType": 0
  }
}