{
  "1070101": {
    "Id": 1070101,
    "Name": "外观五折券（测试）",
    "Type": 1,
    "CurrencyItem": 10003,
    "CouponsTypeParameter": 50,
    "EffectiveType": 1,
    "EffectiveTypeParameter": [],
    "ShowSort": 1,
    "IsHide": 1,
    "LimitNum": 1
  },
  "1070102": {
    "Id": 1070102,
    "Name": "外观八折券（测试）",
    "Type": 1,
    "CurrencyItem": 10003,
    "CouponsTypeParameter": 80,
    "EffectiveType": 1,
    "EffectiveTypeParameter": [],
    "ShowSort": 2,
    "IsHide": 1,
    "LimitNum": 1
  },
  "1070103": {
    "Id": 1070103,
    "Name": "载具八折券（测试）",
    "Type": 1,
    "CurrencyItem": 10003,
    "CouponsTypeParameter": 80,
    "EffectiveType": 1,
    "EffectiveTypeParameter": [
      800841
    ],
    "ShowSort": 3,
    "IsHide": 1,
    "LimitNum": 1
  },
  "1070104": {
    "Id": 1070104,
    "Name": "武器皮肤八折券（测试）",
    "Type": 1,
    "CurrencyItem": 10003,
    "CouponsTypeParameter": 80,
    "EffectiveType": 1,
    "EffectiveTypeParameter": [
      800842
    ],
    "ShowSort": 4,
    "IsHide": 1,
    "LimitNum": 1
  },
  "1070105": {
    "Id": 1070105,
    "Name": "外观50蔷薇宝石代金券（测试）",
    "Type": 2,
    "CurrencyItem": 10003,
    "CouponsTypeParameter": 50,
    "EffectiveType": 1,
    "EffectiveTypeParameter": [],
    "ShowSort": 5,
    "IsHide": 1,
    "LimitNum": 3
  },
  "1070106": {
    "Id": 1070106,
    "Name": "外观100蔷薇宝石代金券（测试）",
    "Type": 2,
    "CurrencyItem": 10003,
    "CouponsTypeParameter": 100,
    "EffectiveType": 1,
    "EffectiveTypeParameter": [],
    "ShowSort": 6,
    "IsHide": 1,
    "LimitNum": 2
  },
  "1070107": {
    "Id": 1070107,
    "Name": "外观500蔷薇宝石代金券（测试）",
    "Type": 2,
    "CurrencyItem": 10003,
    "CouponsTypeParameter": 500,
    "EffectiveType": 1,
    "EffectiveTypeParameter": [],
    "ShowSort": 7,
    "IsHide": 1,
    "LimitNum": 1
  },
  "1070108": {
    "Id": 1070108,
    "Name": "载具50蔷薇宝石代金券（测试）",
    "Type": 2,
    "CurrencyItem": 10003,
    "CouponsTypeParameter": 50,
    "EffectiveType": 1,
    "EffectiveTypeParameter": [
      800841
    ],
    "ShowSort": 8,
    "IsHide": 1,
    "LimitNum": 1
  },
  "1070109": {
    "Id": 1070109,
    "Name": "载具100蔷薇宝石代金券（测试）",
    "Type": 2,
    "CurrencyItem": 10003,
    "CouponsTypeParameter": 100,
    "EffectiveType": 1,
    "EffectiveTypeParameter": [
      800841
    ],
    "ShowSort": 9,
    "IsHide": 1,
    "LimitNum": 1
  },
  "1070110": {
    "Id": 1070110,
    "Name": "武器皮肤50蔷薇宝石代金券（测试）",
    "Type": 2,
    "CurrencyItem": 10003,
    "CouponsTypeParameter": 50,
    "EffectiveType": 1,
    "EffectiveTypeParameter": [
      800842
    ],
    "ShowSort": 10,
    "IsHide": 1,
    "LimitNum": 1
  },
  "1070111": {
    "Id": 1070111,
    "Name": "指定外观100蔷薇宝石代金券（测试）",
    "Type": 2,
    "CurrencyItem": 10003,
    "CouponsTypeParameter": 100,
    "EffectiveType": 2,
    "EffectiveTypeParameter": [
      831001,
      831002,
      831003,
      831004
    ],
    "ShowSort": 11,
    "IsHide": 1,
    "LimitNum": 1
  }
}