{
  "1": {
    "Id": 1,
    "FunctionId": 800811,
    "Name": "Orb Store",
    "ShowType": 0,
    "ViewType": 0,
    "SubViewType": [],
    "HasFatherType": 2,
    "MallPageId": 0,
    "MallType": 0,
    "RefreshIntervalType": 0,
    "WeightId": [],
    "TimerId": 0,
    "Sort": 71,
    "ShowCountDown": 0,
    "MallManualRefresh": 0,
    "RefreshCostItem": [],
    "Icon": "ui/atlas/item/c_tab_icon/com_icon_tab_129",
    "CurrencyDisplay": [
      10008,
      10002,
      10005,
      10003
    ]
  },
  "2": {
    "Id": 2,
    "FunctionId": 800816,
    "Name": "Colorful Store",
    "ShowType": 0,
    "ViewType": 1,
    "SubViewType": [],
    "HasFatherType": 0,
    "MallPageId": 0,
    "MallType": 0,
    "RefreshIntervalType": 0,
    "WeightId": [],
    "TimerId": 0,
    "Sort": 70,
    "ShowCountDown": 0,
    "MallManualRefresh": 0,
    "RefreshCostItem": [],
    "Icon": "ui/atlas/item/c_tab_icon/com_icon_tab_123",
    "CurrencyDisplay": [
      10006,
      1070020,
      10004,
      1070012
    ]
  },
  "3": {
    "Id": 3,
    "FunctionId": 800817,
    "Name": "Friendship",
    "ShowType": 0,
    "ViewType": 0,
    "SubViewType": [],
    "HasFatherType": 2,
    "MallPageId": 0,
    "MallType": 0,
    "RefreshIntervalType": 0,
    "WeightId": [],
    "TimerId": 0,
    "Sort": 72,
    "ShowCountDown": 0,
    "MallManualRefresh": 0,
    "RefreshCostItem": [],
    "Icon": "",
    "CurrencyDisplay": [
      10004
    ]
  },
  "6": {
    "Id": 6,
    "FunctionId": 800803,
    "Name": "Mystery Store",
    "ShowType": 0,
    "ViewType": 5,
    "SubViewType": [],
    "HasFatherType": 0,
    "MallPageId": 0,
    "MallType": 1,
    "RefreshIntervalType": 15,
    "WeightId": [],
    "TimerId": 0,
    "Sort": 60,
    "ShowCountDown": 1,
    "MallManualRefresh": 0,
    "RefreshCostItem": [],
    "Icon": "ui/atlas/item/c_tab_icon/com_icon_tab_125",
    "CurrencyDisplay": [
      10008,
      10002,
      10005,
      10003
    ]
  },
  "7": {
    "Id": 7,
    "FunctionId": 800804,
    "Name": "Style shop",
    "ShowType": 0,
    "ViewType": 4,
    "SubViewType": [],
    "HasFatherType": 0,
    "MallPageId": 0,
    "MallType": 0,
    "RefreshIntervalType": 0,
    "WeightId": [],
    "TimerId": 0,
    "Sort": 99999,
    "ShowCountDown": 0,
    "MallManualRefresh": 0,
    "RefreshCostItem": [],
    "Icon": "ui/atlas/item/c_tab_icon/com_icon_tab_128",
    "CurrencyDisplay": [
      10008,
      10002,
      10005,
      10003
    ]
  },
  "8": {
    "Id": 8,
    "FunctionId": 800818,
    "Name": "Honor Coin",
    "ShowType": 0,
    "ViewType": 0,
    "SubViewType": [],
    "HasFatherType": 2,
    "MallPageId": 0,
    "MallType": 0,
    "RefreshIntervalType": 0,
    "WeightId": [],
    "TimerId": 0,
    "Sort": 73,
    "ShowCountDown": 0,
    "MallManualRefresh": 0,
    "RefreshCostItem": [],
    "Icon": "",
    "CurrencyDisplay": [
      10006
    ]
  },
  "9": {
    "Id": 9,
    "FunctionId": 800819,
    "Name": "Reputation",
    "ShowType": 0,
    "ViewType": 0,
    "SubViewType": [],
    "HasFatherType": 2,
    "MallPageId": 0,
    "MallType": 0,
    "RefreshIntervalType": 0,
    "WeightId": [],
    "TimerId": 0,
    "Sort": 74,
    "ShowCountDown": 0,
    "MallManualRefresh": 0,
    "RefreshCostItem": [],
    "Icon": "",
    "CurrencyDisplay": [
      1070020
    ]
  },
  "11": {
    "Id": 11,
    "FunctionId": 300003,
    "Name": "Fishing Store",
    "ShowType": 2,
    "ViewType": 0,
    "SubViewType": [],
    "HasFatherType": 0,
    "MallPageId": 0,
    "MallType": 0,
    "RefreshIntervalType": 0,
    "WeightId": [],
    "TimerId": 0,
    "Sort": 999,
    "ShowCountDown": 0,
    "MallManualRefresh": 0,
    "RefreshCostItem": [],
    "Icon": "",
    "CurrencyDisplay": [
      10008
    ]
  },
  "12": {
    "Id": 12,
    "FunctionId": 102504,
    "Name": "Homestead Store",
    "ShowType": 4,
    "ViewType": 0,
    "SubViewType": [],
    "HasFatherType": 12,
    "MallPageId": 0,
    "MallType": 0,
    "RefreshIntervalType": 0,
    "WeightId": [],
    "TimerId": 0,
    "Sort": 999,
    "ShowCountDown": 0,
    "MallManualRefresh": 0,
    "RefreshCostItem": [],
    "Icon": "",
    "CurrencyDisplay": [
      10010
    ]
  },
  "14": {
    "Id": 14,
    "FunctionId": 801200,
    "Name": "Monthly Card",
    "ShowType": 0,
    "ViewType": 3,
    "SubViewType": [],
    "HasFatherType": 0,
    "MallPageId": 0,
    "MallType": 0,
    "RefreshIntervalType": 0,
    "WeightId": [],
    "TimerId": 0,
    "Sort": 30,
    "ShowCountDown": 0,
    "MallManualRefresh": 0,
    "RefreshCostItem": [],
    "Icon": "ui/atlas/item/c_tab_icon/com_icon_tab_184",
    "CurrencyDisplay": [
      10008,
      10002,
      10005,
      10003
    ]
  },
  "15": {
    "Id": 15,
    "FunctionId": 800801,
    "Name": "Rose Orb",
    "ShowType": 0,
    "ViewType": 6,
    "SubViewType": [],
    "HasFatherType": 0,
    "MallPageId": 0,
    "MallType": 0,
    "RefreshIntervalType": 0,
    "WeightId": [],
    "TimerId": 0,
    "Sort": 9999,
    "ShowCountDown": 0,
    "MallManualRefresh": 0,
    "RefreshCostItem": [],
    "Icon": "ui/atlas/item/c_tab_icon/com_icon_tab_208",
    "CurrencyDisplay": [
      10008,
      10002,
      10005,
      10003
    ]
  },
  "34": {
    "Id": 34,
    "FunctionId": 801301,
    "Name": "Themed Bundle",
    "ShowType": 0,
    "ViewType": 2,
    "SubViewType": [],
    "HasFatherType": 0,
    "MallPageId": 0,
    "MallType": 0,
    "RefreshIntervalType": 0,
    "WeightId": [],
    "TimerId": 0,
    "Sort": 10,
    "ShowCountDown": 0,
    "MallManualRefresh": 0,
    "RefreshCostItem": [],
    "Icon": "ui/atlas/item/c_tab_icon/com_icon_tab_185",
    "CurrencyDisplay": [
      10008,
      10002,
      10005,
      10003
    ]
  },
  "35": {
    "Id": 35,
    "FunctionId": 801302,
    "Name": "Themed Bundle",
    "ShowType": 0,
    "ViewType": 2,
    "SubViewType": [],
    "HasFatherType": 0,
    "MallPageId": 0,
    "MallType": 0,
    "RefreshIntervalType": 0,
    "WeightId": [],
    "TimerId": 0,
    "Sort": 11,
    "ShowCountDown": 0,
    "MallManualRefresh": 0,
    "RefreshCostItem": [],
    "Icon": "ui/atlas/item/c_tab_icon/com_icon_tab_185",
    "CurrencyDisplay": [
      10008,
      10002,
      10005,
      10003
    ]
  },
  "100": {
    "Id": 100,
    "FunctionId": 800830,
    "Name": "Style shop",
    "ShowType": 0,
    "ViewType": 4,
    "SubViewType": [],
    "HasFatherType": 0,
    "MallPageId": 0,
    "MallType": 0,
    "RefreshIntervalType": 0,
    "WeightId": [],
    "TimerId": 0,
    "Sort": 50,
    "ShowCountDown": 0,
    "MallManualRefresh": 0,
    "RefreshCostItem": [],
    "Icon": "ui/atlas/item/c_tab_icon/com_icon_tab_128",
    "CurrencyDisplay": [
      10008,
      10002,
      10005,
      10003
    ]
  },
  "101": {
    "Id": 101,
    "FunctionId": 800831,
    "Name": "Gift Box",
    "ShowType": 0,
    "ViewType": 0,
    "SubViewType": [
      2,
      1
    ],
    "HasFatherType": 100,
    "MallPageId": 0,
    "MallType": 0,
    "RefreshIntervalType": 0,
    "WeightId": [],
    "TimerId": 0,
    "Sort": 102,
    "ShowCountDown": 0,
    "MallManualRefresh": 0,
    "RefreshCostItem": [],
    "Icon": "ui/atlas/item/c_tab_icon/com_icon_tab_128",
    "CurrencyDisplay": [
      10008,
      10002,
      10005,
      10003
    ]
  },
  "102": {
    "Id": 102,
    "FunctionId": 800832,
    "Name": "Outfit",
    "ShowType": 0,
    "ViewType": 0,
    "SubViewType": [
      1,
      2
    ],
    "HasFatherType": 100,
    "MallPageId": 800832,
    "MallType": 0,
    "RefreshIntervalType": 0,
    "WeightId": [],
    "TimerId": 0,
    "Sort": 103,
    "ShowCountDown": 0,
    "MallManualRefresh": 0,
    "RefreshCostItem": [],
    "Icon": "ui/atlas/item/c_tab_icon/com_icon_tab_128",
    "CurrencyDisplay": [
      10008,
      10002,
      10005,
      10003
    ]
  },
  "103": {
    "Id": 103,
    "FunctionId": 800833,
    "Name": "Accessory",
    "ShowType": 0,
    "ViewType": 0,
    "SubViewType": [
      1,
      2
    ],
    "HasFatherType": 100,
    "MallPageId": 800833,
    "MallType": 0,
    "RefreshIntervalType": 0,
    "WeightId": [],
    "TimerId": 0,
    "Sort": 104,
    "ShowCountDown": 0,
    "MallManualRefresh": 0,
    "RefreshCostItem": [],
    "Icon": "ui/atlas/item/c_tab_icon/com_icon_tab_128",
    "CurrencyDisplay": [
      10008,
      10002,
      10005,
      10003
    ]
  },
  "104": {
    "Id": 104,
    "FunctionId": 800834,
    "Name": "Weapon",
    "ShowType": 0,
    "ViewType": 0,
    "SubViewType": [
      3,
      0
    ],
    "HasFatherType": 100,
    "MallPageId": 800834,
    "MallType": 0,
    "RefreshIntervalType": 0,
    "WeightId": [],
    "TimerId": 0,
    "Sort": 105,
    "ShowCountDown": 0,
    "MallManualRefresh": 0,
    "RefreshCostItem": [],
    "Icon": "ui/atlas/item/c_tab_icon/com_icon_tab_128",
    "CurrencyDisplay": [
      10008,
      10002,
      10005,
      10003
    ]
  },
  "105": {
    "Id": 105,
    "FunctionId": 800835,
    "Name": "Mount",
    "ShowType": 0,
    "ViewType": 0,
    "SubViewType": [
      4,
      0
    ],
    "HasFatherType": 100,
    "MallPageId": 0,
    "MallType": 0,
    "RefreshIntervalType": 0,
    "WeightId": [],
    "TimerId": 0,
    "Sort": 106,
    "ShowCountDown": 0,
    "MallManualRefresh": 0,
    "RefreshCostItem": [],
    "Icon": "",
    "CurrencyDisplay": [
      10008,
      10002,
      10005,
      10003
    ]
  },
  "106": {
    "Id": 106,
    "FunctionId": 800836,
    "Name": "Other",
    "ShowType": 0,
    "ViewType": 0,
    "SubViewType": [
      5,
      0
    ],
    "HasFatherType": 100,
    "MallPageId": 0,
    "MallType": 0,
    "RefreshIntervalType": 0,
    "WeightId": [],
    "TimerId": 0,
    "Sort": 107,
    "ShowCountDown": 0,
    "MallManualRefresh": 0,
    "RefreshCostItem": [],
    "Icon": "",
    "CurrencyDisplay": [
      10008,
      10002,
      10005,
      10003
    ]
  },
  "1000": {
    "Id": 1000,
    "FunctionId": 800812,
    "Name": "Meow Store",
    "ShowType": 3,
    "ViewType": 1,
    "SubViewType": [],
    "HasFatherType": 0,
    "MallPageId": 0,
    "MallType": 0,
    "RefreshIntervalType": 0,
    "WeightId": [],
    "TimerId": 0,
    "Sort": 1000,
    "ShowCountDown": 0,
    "MallManualRefresh": 0,
    "RefreshCostItem": [],
    "Icon": "ui/atlas/item/c_tab_icon/com_icon_tab_218",
    "CurrencyDisplay": [
      1070011,
      1070012
    ]
  },
  "1100": {
    "Id": 1100,
    "FunctionId": 800850,
    "Name": "Premium Store",
    "ShowType": 3,
    "ViewType": 4,
    "SubViewType": [],
    "HasFatherType": 0,
    "MallPageId": 0,
    "MallType": 0,
    "RefreshIntervalType": 0,
    "WeightId": [],
    "TimerId": 0,
    "Sort": 1100,
    "ShowCountDown": 0,
    "MallManualRefresh": 0,
    "RefreshCostItem": [],
    "Icon": "",
    "CurrencyDisplay": [
      1070011
    ]
  },
  "1101": {
    "Id": 1101,
    "FunctionId": 800851,
    "Name": "Gift Box",
    "ShowType": 3,
    "ViewType": 0,
    "SubViewType": [
      2,
      1
    ],
    "HasFatherType": 1100,
    "MallPageId": 0,
    "MallType": 0,
    "RefreshIntervalType": 0,
    "WeightId": [],
    "TimerId": 0,
    "Sort": 1101,
    "ShowCountDown": 0,
    "MallManualRefresh": 0,
    "RefreshCostItem": [],
    "Icon": "",
    "CurrencyDisplay": [
      1070011
    ]
  },
  "1102": {
    "Id": 1102,
    "FunctionId": 800852,
    "Name": "Outfit",
    "ShowType": 3,
    "ViewType": 0,
    "SubViewType": [
      1,
      2
    ],
    "HasFatherType": 1100,
    "MallPageId": 800852,
    "MallType": 0,
    "RefreshIntervalType": 0,
    "WeightId": [],
    "TimerId": 0,
    "Sort": 1102,
    "ShowCountDown": 0,
    "MallManualRefresh": 0,
    "RefreshCostItem": [],
    "Icon": "",
    "CurrencyDisplay": [
      1070011
    ]
  },
  "1103": {
    "Id": 1103,
    "FunctionId": 800853,
    "Name": "Accessory",
    "ShowType": 3,
    "ViewType": 0,
    "SubViewType": [
      1,
      2
    ],
    "HasFatherType": 1100,
    "MallPageId": 800853,
    "MallType": 0,
    "RefreshIntervalType": 0,
    "WeightId": [],
    "TimerId": 0,
    "Sort": 1103,
    "ShowCountDown": 0,
    "MallManualRefresh": 0,
    "RefreshCostItem": [],
    "Icon": "",
    "CurrencyDisplay": [
      1070011
    ]
  },
  "1104": {
    "Id": 1104,
    "FunctionId": 800854,
    "Name": "Weapon",
    "ShowType": 3,
    "ViewType": 0,
    "SubViewType": [
      3,
      0
    ],
    "HasFatherType": 1100,
    "MallPageId": 800854,
    "MallType": 0,
    "RefreshIntervalType": 0,
    "WeightId": [],
    "TimerId": 0,
    "Sort": 1104,
    "ShowCountDown": 0,
    "MallManualRefresh": 0,
    "RefreshCostItem": [],
    "Icon": "",
    "CurrencyDisplay": [
      1070011
    ]
  },
  "1105": {
    "Id": 1105,
    "FunctionId": 800855,
    "Name": "Mount",
    "ShowType": 3,
    "ViewType": 0,
    "SubViewType": [
      4,
      0
    ],
    "HasFatherType": 1100,
    "MallPageId": 0,
    "MallType": 0,
    "RefreshIntervalType": 0,
    "WeightId": [],
    "TimerId": 0,
    "Sort": 1105,
    "ShowCountDown": 0,
    "MallManualRefresh": 0,
    "RefreshCostItem": [],
    "Icon": "",
    "CurrencyDisplay": [
      1070011
    ]
  },
  "1106": {
    "Id": 1106,
    "FunctionId": 800856,
    "Name": "Other",
    "ShowType": 3,
    "ViewType": 0,
    "SubViewType": [
      5,
      0
    ],
    "HasFatherType": 1100,
    "MallPageId": 0,
    "MallType": 0,
    "RefreshIntervalType": 0,
    "WeightId": [],
    "TimerId": 0,
    "Sort": 1106,
    "ShowCountDown": 0,
    "MallManualRefresh": 0,
    "RefreshCostItem": [],
    "Icon": "",
    "CurrencyDisplay": [
      1070011
    ]
  },
  "1200": {
    "Id": 1200,
    "FunctionId": 800860,
    "Name": "Membership Store (formerly the Trade Coin Store)",
    "ShowType": 3,
    "ViewType": 4,
    "SubViewType": [],
    "HasFatherType": 0,
    "MallPageId": 0,
    "MallType": 0,
    "RefreshIntervalType": 0,
    "WeightId": [],
    "TimerId": 0,
    "Sort": 1200,
    "ShowCountDown": 0,
    "MallManualRefresh": 0,
    "RefreshCostItem": [],
    "Icon": "",
    "CurrencyDisplay": [
      10009
    ]
  },
  "1201": {
    "Id": 1201,
    "FunctionId": 800861,
    "Name": "Gift Box",
    "ShowType": 3,
    "ViewType": 0,
    "SubViewType": [
      2,
      1
    ],
    "HasFatherType": 1200,
    "MallPageId": 0,
    "MallType": 0,
    "RefreshIntervalType": 0,
    "WeightId": [],
    "TimerId": 0,
    "Sort": 1201,
    "ShowCountDown": 0,
    "MallManualRefresh": 0,
    "RefreshCostItem": [],
    "Icon": "",
    "CurrencyDisplay": [
      10009
    ]
  },
  "1202": {
    "Id": 1202,
    "FunctionId": 800862,
    "Name": "Outfit",
    "ShowType": 3,
    "ViewType": 0,
    "SubViewType": [
      1,
      2
    ],
    "HasFatherType": 1200,
    "MallPageId": 800862,
    "MallType": 0,
    "RefreshIntervalType": 0,
    "WeightId": [],
    "TimerId": 0,
    "Sort": 1202,
    "ShowCountDown": 0,
    "MallManualRefresh": 0,
    "RefreshCostItem": [],
    "Icon": "",
    "CurrencyDisplay": [
      10009
    ]
  },
  "1203": {
    "Id": 1203,
    "FunctionId": 800863,
    "Name": "Accessory",
    "ShowType": 3,
    "ViewType": 0,
    "SubViewType": [
      1,
      2
    ],
    "HasFatherType": 1200,
    "MallPageId": 800863,
    "MallType": 0,
    "RefreshIntervalType": 0,
    "WeightId": [],
    "TimerId": 0,
    "Sort": 1203,
    "ShowCountDown": 0,
    "MallManualRefresh": 0,
    "RefreshCostItem": [],
    "Icon": "",
    "CurrencyDisplay": [
      10009
    ]
  },
  "1204": {
    "Id": 1204,
    "FunctionId": 800864,
    "Name": "Weapon",
    "ShowType": 3,
    "ViewType": 0,
    "SubViewType": [
      3,
      0
    ],
    "HasFatherType": 1200,
    "MallPageId": 800864,
    "MallType": 0,
    "RefreshIntervalType": 0,
    "WeightId": [],
    "TimerId": 0,
    "Sort": 1204,
    "ShowCountDown": 0,
    "MallManualRefresh": 0,
    "RefreshCostItem": [],
    "Icon": "",
    "CurrencyDisplay": [
      10009
    ]
  },
  "1205": {
    "Id": 1205,
    "FunctionId": 800865,
    "Name": "Mount",
    "ShowType": 3,
    "ViewType": 0,
    "SubViewType": [
      4,
      0
    ],
    "HasFatherType": 1200,
    "MallPageId": 0,
    "MallType": 0,
    "RefreshIntervalType": 0,
    "WeightId": [],
    "TimerId": 0,
    "Sort": 1205,
    "ShowCountDown": 0,
    "MallManualRefresh": 0,
    "RefreshCostItem": [],
    "Icon": "",
    "CurrencyDisplay": [
      10009
    ]
  },
  "1206": {
    "Id": 1206,
    "FunctionId": 800866,
    "Name": "Other",
    "ShowType": 3,
    "ViewType": 0,
    "SubViewType": [
      5,
      0
    ],
    "HasFatherType": 1200,
    "MallPageId": 0,
    "MallType": 0,
    "RefreshIntervalType": 0,
    "WeightId": [],
    "TimerId": 0,
    "Sort": 1206,
    "ShowCountDown": 0,
    "MallManualRefresh": 0,
    "RefreshCostItem": [],
    "Icon": "",
    "CurrencyDisplay": [
      10009
    ]
  },
  "1207": {
    "Id": 1207,
    "FunctionId": 800940,
    "Name": "Floral Arrangements",
    "ShowType": 4,
    "ViewType": 0,
    "SubViewType": [],
    "HasFatherType": 0,
    "MallPageId": 0,
    "MallType": 0,
    "RefreshIntervalType": 0,
    "WeightId": [],
    "TimerId": 0,
    "Sort": 1209,
    "ShowCountDown": 0,
    "MallManualRefresh": 0,
    "RefreshCostItem": [],
    "Icon": "",
    "CurrencyDisplay": [
      10010
    ]
  },
  "1208": {
    "Id": 1208,
    "FunctionId": 800941,
    "Name": "Plant",
    "ShowType": 4,
    "ViewType": 0,
    "SubViewType": [],
    "HasFatherType": 1207,
    "MallPageId": 800941,
    "MallType": 0,
    "RefreshIntervalType": 0,
    "WeightId": [],
    "TimerId": 0,
    "Sort": 1208,
    "ShowCountDown": 0,
    "MallManualRefresh": 0,
    "RefreshCostItem": [],
    "Icon": "",
    "CurrencyDisplay": [
      10010
    ]
  },
  "1209": {
    "Id": 1209,
    "FunctionId": 800950,
    "Name": "Furniture",
    "ShowType": 4,
    "ViewType": 0,
    "SubViewType": [],
    "HasFatherType": 0,
    "MallPageId": 0,
    "MallType": 0,
    "RefreshIntervalType": 0,
    "WeightId": [],
    "TimerId": 0,
    "Sort": 1207,
    "ShowCountDown": 0,
    "MallManualRefresh": 0,
    "RefreshCostItem": [],
    "Icon": "",
    "CurrencyDisplay": [
      10010
    ]
  },
  "1210": {
    "Id": 1210,
    "FunctionId": 800951,
    "Name": "Building Materials",
    "ShowType": 4,
    "ViewType": 0,
    "SubViewType": [],
    "HasFatherType": 1209,
    "MallPageId": 800951,
    "MallType": 0,
    "RefreshIntervalType": 0,
    "WeightId": [],
    "TimerId": 0,
    "Sort": 1210,
    "ShowCountDown": 0,
    "MallManualRefresh": 0,
    "RefreshCostItem": [],
    "Icon": "",
    "CurrencyDisplay": [
      10010
    ]
  },
  "1211": {
    "Id": 1211,
    "FunctionId": 800952,
    "Name": "Basic Furniture",
    "ShowType": 4,
    "ViewType": 0,
    "SubViewType": [],
    "HasFatherType": 1209,
    "MallPageId": 800952,
    "MallType": 0,
    "RefreshIntervalType": 0,
    "WeightId": [],
    "TimerId": 0,
    "Sort": 2,
    "ShowCountDown": 0,
    "MallManualRefresh": 0,
    "RefreshCostItem": [],
    "Icon": "",
    "CurrencyDisplay": [
      10010
    ]
  },
  "1212": {
    "Id": 1212,
    "FunctionId": 800953,
    "Name": "Gardening",
    "ShowType": 4,
    "ViewType": 0,
    "SubViewType": [],
    "HasFatherType": 1209,
    "MallPageId": 800953,
    "MallType": 0,
    "RefreshIntervalType": 0,
    "WeightId": [],
    "TimerId": 0,
    "Sort": 7,
    "ShowCountDown": 0,
    "MallManualRefresh": 0,
    "RefreshCostItem": [],
    "Icon": "",
    "CurrencyDisplay": [
      10010
    ]
  },
  "1213": {
    "Id": 1213,
    "FunctionId": 800954,
    "Name": "Floor Furniture",
    "ShowType": 4,
    "ViewType": 0,
    "SubViewType": [],
    "HasFatherType": 1209,
    "MallPageId": 800954,
    "MallType": 0,
    "RefreshIntervalType": 0,
    "WeightId": [],
    "TimerId": 0,
    "Sort": 3,
    "ShowCountDown": 0,
    "MallManualRefresh": 0,
    "RefreshCostItem": [],
    "Icon": "",
    "CurrencyDisplay": [
      10010
    ]
  },
  "1214": {
    "Id": 1214,
    "FunctionId": 800955,
    "Name": "Wall Decor",
    "ShowType": 4,
    "ViewType": 0,
    "SubViewType": [],
    "HasFatherType": 1209,
    "MallPageId": 800955,
    "MallType": 0,
    "RefreshIntervalType": 0,
    "WeightId": [],
    "TimerId": 0,
    "Sort": 4,
    "ShowCountDown": 0,
    "MallManualRefresh": 0,
    "RefreshCostItem": [],
    "Icon": "",
    "CurrencyDisplay": [
      10010
    ]
  },
  "1215": {
    "Id": 1215,
    "FunctionId": 800956,
    "Name": "Ornament",
    "ShowType": 4,
    "ViewType": 0,
    "SubViewType": [],
    "HasFatherType": 1209,
    "MallPageId": 800956,
    "MallType": 0,
    "RefreshIntervalType": 0,
    "WeightId": [],
    "TimerId": 0,
    "Sort": 5,
    "ShowCountDown": 0,
    "MallManualRefresh": 0,
    "RefreshCostItem": [],
    "Icon": "",
    "CurrencyDisplay": [
      10010
    ]
  },
  "1216": {
    "Id": 1216,
    "FunctionId": 800957,
    "Name": "Partition Wallpaper",
    "ShowType": 4,
    "ViewType": 0,
    "SubViewType": [],
    "HasFatherType": 1209,
    "MallPageId": 800957,
    "MallType": 0,
    "RefreshIntervalType": 0,
    "WeightId": [],
    "TimerId": 0,
    "Sort": 9,
    "ShowCountDown": 0,
    "MallManualRefresh": 0,
    "RefreshCostItem": [],
    "Icon": "",
    "CurrencyDisplay": [
      10010
    ]
  },
  "1217": {
    "Id": 1217,
    "FunctionId": 800958,
    "Name": "Partition",
    "ShowType": 4,
    "ViewType": 0,
    "SubViewType": [],
    "HasFatherType": 1209,
    "MallPageId": 800958,
    "MallType": 0,
    "RefreshIntervalType": 0,
    "WeightId": [],
    "TimerId": 0,
    "Sort": 8,
    "ShowCountDown": 0,
    "MallManualRefresh": 0,
    "RefreshCostItem": [],
    "Icon": "",
    "CurrencyDisplay": [
      10010
    ]
  },
  "1218": {
    "Id": 1218,
    "FunctionId": 800959,
    "Name": "Floor And Wall Design",
    "ShowType": 4,
    "ViewType": 0,
    "SubViewType": [],
    "HasFatherType": 1209,
    "MallPageId": 800959,
    "MallType": 0,
    "RefreshIntervalType": 0,
    "WeightId": [],
    "TimerId": 0,
    "Sort": 1,
    "ShowCountDown": 0,
    "MallManualRefresh": 0,
    "RefreshCostItem": [],
    "Icon": "",
    "CurrencyDisplay": [
      10010
    ]
  },
  "1230": {
    "Id": 1230,
    "FunctionId": 800960,
    "Name": "Lighting",
    "ShowType": 4,
    "ViewType": 0,
    "SubViewType": [],
    "HasFatherType": 1209,
    "MallPageId": 800960,
    "MallType": 0,
    "RefreshIntervalType": 0,
    "WeightId": [],
    "TimerId": 0,
    "Sort": 6,
    "ShowCountDown": 0,
    "MallManualRefresh": 0,
    "RefreshCostItem": [],
    "Icon": "",
    "CurrencyDisplay": [
      10010
    ]
  },
  "1219": {
    "Id": 1219,
    "FunctionId": 800970,
    "Name": "Materials",
    "ShowType": 4,
    "ViewType": 0,
    "SubViewType": [],
    "HasFatherType": 0,
    "MallPageId": 0,
    "MallType": 0,
    "RefreshIntervalType": 0,
    "WeightId": [],
    "TimerId": 0,
    "Sort": 1225,
    "ShowCountDown": 0,
    "MallManualRefresh": 0,
    "RefreshCostItem": [],
    "Icon": "",
    "CurrencyDisplay": [
      10010
    ]
  },
  "1220": {
    "Id": 1220,
    "FunctionId": 800971,
    "Name": "Botany",
    "ShowType": 4,
    "ViewType": 0,
    "SubViewType": [],
    "HasFatherType": 1219,
    "MallPageId": 800971,
    "MallType": 0,
    "RefreshIntervalType": 0,
    "WeightId": [],
    "TimerId": 0,
    "Sort": 1220,
    "ShowCountDown": 0,
    "MallManualRefresh": 0,
    "RefreshCostItem": [],
    "Icon": "",
    "CurrencyDisplay": [
      10010
    ]
  },
  "1221": {
    "Id": 1221,
    "FunctionId": 800972,
    "Name": "Mineralogy",
    "ShowType": 4,
    "ViewType": 0,
    "SubViewType": [],
    "HasFatherType": 1219,
    "MallPageId": 800972,
    "MallType": 0,
    "RefreshIntervalType": 0,
    "WeightId": [],
    "TimerId": 0,
    "Sort": 1221,
    "ShowCountDown": 0,
    "MallManualRefresh": 0,
    "RefreshCostItem": [],
    "Icon": "",
    "CurrencyDisplay": [
      10010
    ]
  },
  "1222": {
    "Id": 1222,
    "FunctionId": 800973,
    "Name": "Gemology",
    "ShowType": 4,
    "ViewType": 0,
    "SubViewType": [],
    "HasFatherType": 1219,
    "MallPageId": 800973,
    "MallType": 0,
    "RefreshIntervalType": 0,
    "WeightId": [],
    "TimerId": 0,
    "Sort": 1222,
    "ShowCountDown": 0,
    "MallManualRefresh": 0,
    "RefreshCostItem": [],
    "Icon": "",
    "CurrencyDisplay": [
      10010
    ]
  },
  "1223": {
    "Id": 1223,
    "FunctionId": 800974,
    "Name": "Culinary",
    "ShowType": 4,
    "ViewType": 0,
    "SubViewType": [],
    "HasFatherType": 1219,
    "MallPageId": 800974,
    "MallType": 0,
    "RefreshIntervalType": 0,
    "WeightId": [],
    "TimerId": 0,
    "Sort": 1223,
    "ShowCountDown": 0,
    "MallManualRefresh": 0,
    "RefreshCostItem": [],
    "Icon": "",
    "CurrencyDisplay": [
      10010
    ]
  },
  "1224": {
    "Id": 1224,
    "FunctionId": 800975,
    "Name": "Alchemy",
    "ShowType": 4,
    "ViewType": 0,
    "SubViewType": [],
    "HasFatherType": 1219,
    "MallPageId": 800975,
    "MallType": 0,
    "RefreshIntervalType": 0,
    "WeightId": [],
    "TimerId": 0,
    "Sort": 1224,
    "ShowCountDown": 0,
    "MallManualRefresh": 0,
    "RefreshCostItem": [],
    "Icon": "",
    "CurrencyDisplay": [
      10010
    ]
  },
  "1225": {
    "Id": 1225,
    "FunctionId": 800976,
    "Name": "Smelting",
    "ShowType": 4,
    "ViewType": 0,
    "SubViewType": [],
    "HasFatherType": 1219,
    "MallPageId": 800976,
    "MallType": 0,
    "RefreshIntervalType": 0,
    "WeightId": [],
    "TimerId": 0,
    "Sort": 1225,
    "ShowCountDown": 0,
    "MallManualRefresh": 0,
    "RefreshCostItem": [],
    "Icon": "",
    "CurrencyDisplay": [
      10010
    ]
  },
  "1226": {
    "Id": 1226,
    "FunctionId": 800977,
    "Name": "Gemcrafting",
    "ShowType": 4,
    "ViewType": 0,
    "SubViewType": [],
    "HasFatherType": 1219,
    "MallPageId": 800977,
    "MallType": 0,
    "RefreshIntervalType": 0,
    "WeightId": [],
    "TimerId": 0,
    "Sort": 1226,
    "ShowCountDown": 0,
    "MallManualRefresh": 0,
    "RefreshCostItem": [],
    "Icon": "",
    "CurrencyDisplay": [
      10010
    ]
  },
  "1227": {
    "Id": 1227,
    "FunctionId": 800978,
    "Name": "Artisanry",
    "ShowType": 4,
    "ViewType": 0,
    "SubViewType": [],
    "HasFatherType": 1219,
    "MallPageId": 800978,
    "MallType": 0,
    "RefreshIntervalType": 0,
    "WeightId": [],
    "TimerId": 0,
    "Sort": 1227,
    "ShowCountDown": 0,
    "MallManualRefresh": 0,
    "RefreshCostItem": [],
    "Icon": "",
    "CurrencyDisplay": [
      10010
    ]
  },
  "1228": {
    "Id": 1228,
    "FunctionId": 800979,
    "Name": "Weaving",
    "ShowType": 4,
    "ViewType": 0,
    "SubViewType": [],
    "HasFatherType": 1219,
    "MallPageId": 800979,
    "MallType": 0,
    "RefreshIntervalType": 0,
    "WeightId": [],
    "TimerId": 0,
    "Sort": 1228,
    "ShowCountDown": 0,
    "MallManualRefresh": 0,
    "RefreshCostItem": [],
    "Icon": "",
    "CurrencyDisplay": [
      10010
    ]
  },
  "1229": {
    "Id": 1229,
    "FunctionId": 800980,
    "Name": "Other",
    "ShowType": 4,
    "ViewType": 0,
    "SubViewType": [],
    "HasFatherType": 1219,
    "MallPageId": 800980,
    "MallType": 0,
    "RefreshIntervalType": 0,
    "WeightId": [],
    "TimerId": 0,
    "Sort": 1229,
    "ShowCountDown": 0,
    "MallManualRefresh": 0,
    "RefreshCostItem": [],
    "Icon": "",
    "CurrencyDisplay": [
      10010
    ]
  },
  "1300": {
    "Id": 1300,
    "FunctionId": 800840,
    "Name": "Vault Store",
    "ShowType": 3,
    "ViewType": 4,
    "SubViewType": [],
    "HasFatherType": 0,
    "MallPageId": 0,
    "MallType": 0,
    "RefreshIntervalType": 0,
    "WeightId": [],
    "TimerId": 0,
    "Sort": 1300,
    "ShowCountDown": 0,
    "MallManualRefresh": 0,
    "RefreshCostItem": [],
    "Icon": "",
    "CurrencyDisplay": [
      1070012
    ]
  },
  "1301": {
    "Id": 1301,
    "FunctionId": 800841,
    "Name": "Gift Box",
    "ShowType": 3,
    "ViewType": 0,
    "SubViewType": [
      2,
      1
    ],
    "HasFatherType": 1300,
    "MallPageId": 0,
    "MallType": 0,
    "RefreshIntervalType": 0,
    "WeightId": [],
    "TimerId": 0,
    "Sort": 1301,
    "ShowCountDown": 0,
    "MallManualRefresh": 0,
    "RefreshCostItem": [],
    "Icon": "",
    "CurrencyDisplay": [
      1070012
    ]
  },
  "1302": {
    "Id": 1302,
    "FunctionId": 800842,
    "Name": "Outfit",
    "ShowType": 3,
    "ViewType": 0,
    "SubViewType": [
      1,
      2
    ],
    "HasFatherType": 1300,
    "MallPageId": 800842,
    "MallType": 0,
    "RefreshIntervalType": 0,
    "WeightId": [],
    "TimerId": 0,
    "Sort": 1302,
    "ShowCountDown": 0,
    "MallManualRefresh": 0,
    "RefreshCostItem": [],
    "Icon": "",
    "CurrencyDisplay": [
      1070012
    ]
  },
  "1303": {
    "Id": 1303,
    "FunctionId": 800843,
    "Name": "Accessory",
    "ShowType": 3,
    "ViewType": 0,
    "SubViewType": [
      1,
      2
    ],
    "HasFatherType": 1300,
    "MallPageId": 800843,
    "MallType": 0,
    "RefreshIntervalType": 0,
    "WeightId": [],
    "TimerId": 0,
    "Sort": 1303,
    "ShowCountDown": 0,
    "MallManualRefresh": 0,
    "RefreshCostItem": [],
    "Icon": "",
    "CurrencyDisplay": [
      1070012
    ]
  },
  "1304": {
    "Id": 1304,
    "FunctionId": 800844,
    "Name": "Weapon",
    "ShowType": 3,
    "ViewType": 0,
    "SubViewType": [
      3,
      0
    ],
    "HasFatherType": 1300,
    "MallPageId": 800844,
    "MallType": 0,
    "RefreshIntervalType": 0,
    "WeightId": [],
    "TimerId": 0,
    "Sort": 1304,
    "ShowCountDown": 0,
    "MallManualRefresh": 0,
    "RefreshCostItem": [],
    "Icon": "",
    "CurrencyDisplay": [
      1070012
    ]
  },
  "1305": {
    "Id": 1305,
    "FunctionId": 800845,
    "Name": "Mount",
    "ShowType": 3,
    "ViewType": 0,
    "SubViewType": [
      4,
      0
    ],
    "HasFatherType": 1300,
    "MallPageId": 0,
    "MallType": 0,
    "RefreshIntervalType": 0,
    "WeightId": [],
    "TimerId": 0,
    "Sort": 1305,
    "ShowCountDown": 0,
    "MallManualRefresh": 0,
    "RefreshCostItem": [],
    "Icon": "",
    "CurrencyDisplay": [
      1070012
    ]
  },
  "1306": {
    "Id": 1306,
    "FunctionId": 800846,
    "Name": "Other",
    "ShowType": 3,
    "ViewType": 0,
    "SubViewType": [
      5,
      0
    ],
    "HasFatherType": 1300,
    "MallPageId": 0,
    "MallType": 0,
    "RefreshIntervalType": 0,
    "WeightId": [],
    "TimerId": 0,
    "Sort": 1306,
    "ShowCountDown": 0,
    "MallManualRefresh": 0,
    "RefreshCostItem": [],
    "Icon": "",
    "CurrencyDisplay": [
      1070012
    ]
  },
  "1400": {
    "Id": 1400,
    "FunctionId": 802100,
    "Name": "Style Vault: 90% Off",
    "ShowType": 0,
    "ViewType": 4,
    "SubViewType": [],
    "HasFatherType": 0,
    "MallPageId": 0,
    "MallType": 0,
    "RefreshIntervalType": 0,
    "WeightId": [],
    "TimerId": 0,
    "Sort": 20,
    "ShowCountDown": 0,
    "MallManualRefresh": 0,
    "RefreshCostItem": [],
    "Icon": "",
    "CurrencyDisplay": [
      10008,
      10002,
      10005,
      10003
    ]
  },
  "1401": {
    "Id": 1401,
    "FunctionId": 802101,
    "Name": "Gift Box",
    "ShowType": 0,
    "ViewType": 0,
    "SubViewType": [
      2,
      1
    ],
    "HasFatherType": 1400,
    "MallPageId": 0,
    "MallType": 0,
    "RefreshIntervalType": 0,
    "WeightId": [],
    "TimerId": 0,
    "Sort": 1401,
    "ShowCountDown": 0,
    "MallManualRefresh": 0,
    "RefreshCostItem": [],
    "Icon": "",
    "CurrencyDisplay": [
      10008,
      10002,
      10005,
      10003
    ]
  },
  "1402": {
    "Id": 1402,
    "FunctionId": 802102,
    "Name": "Outfit",
    "ShowType": 0,
    "ViewType": 0,
    "SubViewType": [
      1,
      2
    ],
    "HasFatherType": 1400,
    "MallPageId": 802102,
    "MallType": 0,
    "RefreshIntervalType": 0,
    "WeightId": [],
    "TimerId": 0,
    "Sort": 1402,
    "ShowCountDown": 0,
    "MallManualRefresh": 0,
    "RefreshCostItem": [],
    "Icon": "",
    "CurrencyDisplay": [
      10008,
      10002,
      10005,
      10003
    ]
  },
  "1403": {
    "Id": 1403,
    "FunctionId": 802103,
    "Name": "Accessory",
    "ShowType": 0,
    "ViewType": 0,
    "SubViewType": [
      1,
      2
    ],
    "HasFatherType": 1400,
    "MallPageId": 802103,
    "MallType": 0,
    "RefreshIntervalType": 0,
    "WeightId": [],
    "TimerId": 0,
    "Sort": 1403,
    "ShowCountDown": 0,
    "MallManualRefresh": 0,
    "RefreshCostItem": [],
    "Icon": "",
    "CurrencyDisplay": [
      10008,
      10002,
      10005,
      10003
    ]
  },
  "1404": {
    "Id": 1404,
    "FunctionId": 802104,
    "Name": "Weapon",
    "ShowType": 0,
    "ViewType": 0,
    "SubViewType": [
      3,
      0
    ],
    "HasFatherType": 1400,
    "MallPageId": 802104,
    "MallType": 0,
    "RefreshIntervalType": 0,
    "WeightId": [],
    "TimerId": 0,
    "Sort": 1404,
    "ShowCountDown": 0,
    "MallManualRefresh": 0,
    "RefreshCostItem": [],
    "Icon": "",
    "CurrencyDisplay": [
      10008,
      10002,
      10005,
      10003
    ]
  },
  "1405": {
    "Id": 1405,
    "FunctionId": 802105,
    "Name": "Mount",
    "ShowType": 0,
    "ViewType": 0,
    "SubViewType": [
      4,
      0
    ],
    "HasFatherType": 1400,
    "MallPageId": 0,
    "MallType": 0,
    "RefreshIntervalType": 0,
    "WeightId": [],
    "TimerId": 0,
    "Sort": 1405,
    "ShowCountDown": 0,
    "MallManualRefresh": 0,
    "RefreshCostItem": [],
    "Icon": "",
    "CurrencyDisplay": [
      10008,
      10002,
      10005,
      10003
    ]
  },
  "1406": {
    "Id": 1406,
    "FunctionId": 802106,
    "Name": "Other",
    "ShowType": 0,
    "ViewType": 0,
    "SubViewType": [
      5,
      0
    ],
    "HasFatherType": 1400,
    "MallPageId": 0,
    "MallType": 0,
    "RefreshIntervalType": 0,
    "WeightId": [],
    "TimerId": 0,
    "Sort": 1406,
    "ShowCountDown": 0,
    "MallManualRefresh": 0,
    "RefreshCostItem": [],
    "Icon": "",
    "CurrencyDisplay": [
      10008,
      10002,
      10005,
      10003
    ]
  },
  "2001": {
    "Id": 2001,
    "FunctionId": 800871,
    "Name": "Gameplay",
    "ShowType": 5,
    "ViewType": 1,
    "SubViewType": [],
    "HasFatherType": 0,
    "MallPageId": 0,
    "MallType": 0,
    "RefreshIntervalType": 0,
    "WeightId": [],
    "TimerId": 0,
    "Sort": 2001,
    "ShowCountDown": 0,
    "MallManualRefresh": 0,
    "RefreshCostItem": [],
    "Icon": "",
    "CurrencyDisplay": [
      10011
    ]
  },
  "2002": {
    "Id": 2002,
    "FunctionId": 800872,
    "Name": "Activity",
    "ShowType": 5,
    "ViewType": 1,
    "SubViewType": [],
    "HasFatherType": 0,
    "MallPageId": 0,
    "MallType": 0,
    "RefreshIntervalType": 0,
    "WeightId": [],
    "TimerId": 0,
    "Sort": 2002,
    "ShowCountDown": 0,
    "MallManualRefresh": 0,
    "RefreshCostItem": [],
    "Icon": "",
    "CurrencyDisplay": [
      10011
    ]
  },
  "3001": {
    "Id": 3001,
    "FunctionId": 800601,
    "Name": "Season Store",
    "ShowType": 1,
    "ViewType": 0,
    "SubViewType": [],
    "HasFatherType": 0,
    "MallPageId": 0,
    "MallType": 0,
    "RefreshIntervalType": 0,
    "WeightId": [],
    "TimerId": 0,
    "Sort": 3001,
    "ShowCountDown": 0,
    "MallManualRefresh": 0,
    "RefreshCostItem": [],
    "Icon": "",
    "CurrencyDisplay": [
      10001
    ]
  },
  "3002": {
    "Id": 3002,
    "FunctionId": 800602,
    "Name": "Exchange",
    "ShowType": 1,
    "ViewType": 0,
    "SubViewType": [],
    "HasFatherType": 0,
    "MallPageId": 0,
    "MallType": 0,
    "RefreshIntervalType": 0,
    "WeightId": [],
    "TimerId": 0,
    "Sort": 3002,
    "ShowCountDown": 0,
    "MallManualRefresh": 0,
    "RefreshCostItem": [],
    "Icon": "",
    "CurrencyDisplay": [
      10001
    ]
  },
  "3003": {
    "Id": 3003,
    "FunctionId": 800603,
    "Name": "ui/atlas/item/c_tab_icon/com_icon_tab_129",
    "ShowType": 1,
    "ViewType": 0,
    "SubViewType": [],
    "HasFatherType": 0,
    "MallPageId": 0,
    "MallType": 0,
    "RefreshIntervalType": 0,
    "WeightId": [],
    "TimerId": 0,
    "Sort": 3003,
    "ShowCountDown": 0,
    "MallManualRefresh": 0,
    "RefreshCostItem": [],
    "Icon": "",
    "CurrencyDisplay": [
      10001
    ]
  },
  "3004": {
    "Id": 3004,
    "FunctionId": 800604,
    "Name": "ui/atlas/item/c_tab_icon/com_icon_tab_129",
    "ShowType": 1,
    "ViewType": 0,
    "SubViewType": [],
    "HasFatherType": 0,
    "MallPageId": 0,
    "MallType": 0,
    "RefreshIntervalType": 0,
    "WeightId": [],
    "TimerId": 0,
    "Sort": 3004,
    "ShowCountDown": 0,
    "MallManualRefresh": 0,
    "RefreshCostItem": [],
    "Icon": "",
    "CurrencyDisplay": [
      10001
    ]
  },
  "3005": {
    "Id": 3005,
    "FunctionId": 800605,
    "Name": "ui/atlas/item/c_tab_icon/com_icon_tab_129",
    "ShowType": 1,
    "ViewType": 0,
    "SubViewType": [],
    "HasFatherType": 0,
    "MallPageId": 0,
    "MallType": 0,
    "RefreshIntervalType": 0,
    "WeightId": [],
    "TimerId": 0,
    "Sort": 3005,
    "ShowCountDown": 0,
    "MallManualRefresh": 0,
    "RefreshCostItem": [],
    "Icon": "",
    "CurrencyDisplay": [
      10001
    ]
  },
  "3006": {
    "Id": 3006,
    "FunctionId": 800606,
    "Name": "Commemorative",
    "ShowType": 1,
    "ViewType": 0,
    "SubViewType": [],
    "HasFatherType": 0,
    "MallPageId": 0,
    "MallType": 0,
    "RefreshIntervalType": 0,
    "WeightId": [],
    "TimerId": 0,
    "Sort": 3006,
    "ShowCountDown": 0,
    "MallManualRefresh": 0,
    "RefreshCostItem": [],
    "Icon": "",
    "CurrencyDisplay": [
      10001
    ]
  },
  "3007": {
    "Id": 3007,
    "FunctionId": 800607,
    "Name": "ui/atlas/item/c_tab_icon/com_icon_tab_129",
    "ShowType": 1,
    "ViewType": 0,
    "SubViewType": [],
    "HasFatherType": 0,
    "MallPageId": 0,
    "MallType": 0,
    "RefreshIntervalType": 0,
    "WeightId": [],
    "TimerId": 0,
    "Sort": 3007,
    "ShowCountDown": 0,
    "MallManualRefresh": 0,
    "RefreshCostItem": [],
    "Icon": "",
    "CurrencyDisplay": [
      10001
    ]
  },
  "3008": {
    "Id": 3008,
    "FunctionId": 800608,
    "Name": "ui/atlas/item/c_tab_icon/com_icon_tab_129",
    "ShowType": 1,
    "ViewType": 0,
    "SubViewType": [],
    "HasFatherType": 0,
    "MallPageId": 0,
    "MallType": 0,
    "RefreshIntervalType": 0,
    "WeightId": [],
    "TimerId": 0,
    "Sort": 3008,
    "ShowCountDown": 0,
    "MallManualRefresh": 0,
    "RefreshCostItem": [],
    "Icon": "",
    "CurrencyDisplay": [
      10001
    ]
  },
  "3009": {
    "Id": 3009,
    "FunctionId": 800609,
    "Name": "ui/atlas/item/c_tab_icon/com_icon_tab_129",
    "ShowType": 1,
    "ViewType": 0,
    "SubViewType": [],
    "HasFatherType": 0,
    "MallPageId": 0,
    "MallType": 0,
    "RefreshIntervalType": 0,
    "WeightId": [],
    "TimerId": 0,
    "Sort": 3009,
    "ShowCountDown": 0,
    "MallManualRefresh": 0,
    "RefreshCostItem": [],
    "Icon": "",
    "CurrencyDisplay": [
      10001
    ]
  },
  "3010": {
    "Id": 3010,
    "FunctionId": 800610,
    "Name": "ui/atlas/item/c_tab_icon/com_icon_tab_129",
    "ShowType": 1,
    "ViewType": 0,
    "SubViewType": [],
    "HasFatherType": 0,
    "MallPageId": 0,
    "MallType": 0,
    "RefreshIntervalType": 0,
    "WeightId": [],
    "TimerId": 0,
    "Sort": 3010,
    "ShowCountDown": 0,
    "MallManualRefresh": 0,
    "RefreshCostItem": [],
    "Icon": "",
    "CurrencyDisplay": [
      10001
    ]
  },
  "3020": {
    "Id": 3020,
    "FunctionId": 800620,
    "Name": "ui/atlas/item/c_tab_icon/com_icon_tab_129",
    "ShowType": 1,
    "ViewType": 0,
    "SubViewType": [],
    "HasFatherType": 0,
    "MallPageId": 0,
    "MallType": 0,
    "RefreshIntervalType": 0,
    "WeightId": [],
    "TimerId": 0,
    "Sort": 3020,
    "ShowCountDown": 0,
    "MallManualRefresh": 0,
    "RefreshCostItem": [],
    "Icon": "",
    "CurrencyDisplay": [
      10001
    ]
  },
  "3021": {
    "Id": 3021,
    "FunctionId": 800621,
    "Name": "ui/atlas/item/c_tab_icon/com_icon_tab_129",
    "ShowType": 1,
    "ViewType": 0,
    "SubViewType": [],
    "HasFatherType": 0,
    "MallPageId": 0,
    "MallType": 0,
    "RefreshIntervalType": 0,
    "WeightId": [],
    "TimerId": 0,
    "Sort": 3021,
    "ShowCountDown": 0,
    "MallManualRefresh": 0,
    "RefreshCostItem": [],
    "Icon": "",
    "CurrencyDisplay": [
      10001
    ]
  },
  "3022": {
    "Id": 3022,
    "FunctionId": 800622,
    "Name": "ui/atlas/item/c_tab_icon/com_icon_tab_129",
    "ShowType": 1,
    "ViewType": 0,
    "SubViewType": [],
    "HasFatherType": 0,
    "MallPageId": 0,
    "MallType": 0,
    "RefreshIntervalType": 0,
    "WeightId": [],
    "TimerId": 0,
    "Sort": 3022,
    "ShowCountDown": 0,
    "MallManualRefresh": 0,
    "RefreshCostItem": [],
    "Icon": "",
    "CurrencyDisplay": [
      10001
    ]
  },
  "10000": {
    "Id": 10000,
    "FunctionId": 819301,
    "Name": "Seabreeze Store",
    "ShowType": 6,
    "ViewType": 1,
    "SubViewType": [],
    "HasFatherType": 0,
    "MallPageId": 0,
    "MallType": 0,
    "RefreshIntervalType": 0,
    "WeightId": [],
    "TimerId": 40014,
    "Sort": 10001,
    "ShowCountDown": 0,
    "MallManualRefresh": 0,
    "RefreshCostItem": [],
    "Icon": "ui/atlas/item/c_tab_icon/com_icon_tab_123",
    "CurrencyDisplay": [
      11001,
      11002
    ]
  }
}