{
  "10001": {
    "Id": 10001
  },
  "10002": {
    "Id": 10002
  },
  "10003": {
    "Id": 10003
  },
  "10004": {
    "Id": 10004
  },
  "10005": {
    "Id": 10005
  },
  "10006": {
    "Id": 10006
  },
  "20001": {
    "Id": 20001
  },
  "20002": {
    "Id": 20002
  },
  "20003": {
    "Id": 20003
  },
  "20004": {
    "Id": 20004
  },
  "20005": {
    "Id": 20005
  },
  "20006": {
    "Id": 20006
  },
  "20007": {
    "Id": 20007
  },
  "20008": {
    "Id": 20008
  },
  "20009": {
    "Id": 20009
  },
  "20010": {
    "Id": 20010
  },
  "20011": {
    "Id": 20011
  },
  "20012": {
    "Id": 20012
  },
  "20013": {
    "Id": 20013
  },
  "20014": {
    "Id": 20014
  },
  "20015": {
    "Id": 20015
  },
  "20016": {
    "Id": 20016
  },
  "20017": {
    "Id": 20017
  },
  "20018": {
    "Id": 20018
  },
  "20019": {
    "Id": 20019
  },
  "20020": {
    "Id": 20020
  },
  "20021": {
    "Id": 20021
  },
  "20022": {
    "Id": 20022
  },
  "20023": {
    "Id": 20023
  },
  "20024": {
    "Id": 20024
  },
  "20025": {
    "Id": 20025
  },
  "14001": {
    "Id": 14001
  },
  "14002": {
    "Id": 14002
  },
  "14003": {
    "Id": 14003
  },
  "14004": {
    "Id": 14004
  },
  "14011": {
    "Id": 14011
  },
  "14012": {
    "Id": 14012
  },
  "14013": {
    "Id": 14013
  },
  "14014": {
    "Id": 14014
  },
  "11001": {
    "Id": 11001
  },
  "11002": {
    "Id": 11002
  },
  "11003": {
    "Id": 11003
  },
  "11004": {
    "Id": 11004
  },
  "12000": {
    "Id": 12000
  },
  "12001": {
    "Id": 12001
  },
  "12002": {
    "Id": 12002
  },
  "12003": {
    "Id": 12003
  },
  "12004": {
    "Id": 12004
  },
  "12005": {
    "Id": 12005
  },
  "12006": {
    "Id": 12006
  },
  "12007": {
    "Id": 12007
  },
  "12008": {
    "Id": 12008
  },
  "12009": {
    "Id": 12009
  },
  "16001": {
    "Id": 16001
  },
  "16002": {
    "Id": 16002
  },
  "16003": {
    "Id": 16003
  },
  "16004": {
    "Id": 16004
  },
  "16005": {
    "Id": 16005
  },
  "16006": {
    "Id": 16006
  },
  "16007": {
    "Id": 16007
  },
  "16008": {
    "Id": 16008
  },
  "16009": {
    "Id": 16009
  },
  "16010": {
    "Id": 16010
  },
  "16011": {
    "Id": 16011
  },
  "16012": {
    "Id": 16012
  },
  "16013": {
    "Id": 16013
  },
  "16014": {
    "Id": 16014
  },
  "16015": {
    "Id": 16015
  },
  "16016": {
    "Id": 16016
  },
  "16017": {
    "Id": 16017
  },
  "16018": {
    "Id": 16018
  },
  "16019": {
    "Id": 16019
  },
  "16020": {
    "Id": 16020
  },
  "16021": {
    "Id": 16021
  },
  "16022": {
    "Id": 16022
  },
  "16023": {
    "Id": 16023
  },
  "16024": {
    "Id": 16024
  },
  "16025": {
    "Id": 16025
  },
  "16026": {
    "Id": 16026
  },
  "16027": {
    "Id": 16027
  },
  "16028": {
    "Id": 16028
  },
  "16029": {
    "Id": 16029
  },
  "16030": {
    "Id": 16030
  },
  "16031": {
    "Id": 16031
  },
  "16032": {
    "Id": 16032
  }
}