{
  "1": {
    "Id": 1,
    "Type": 1,
    "Sprite": "ui/atlas/unity_sprite/knob"
  },
  "2": {
    "Id": 2,
    "Type": 2,
    "Sprite": "ui/atlas/unity_sprite/knob"
  },
  "3": {
    "Id": 3,
    "Type": 3,
    "Sprite": "ui/atlas/unity_sprite/knob"
  },
  "4": {
    "Id": 4,
    "Type": 4,
    "Sprite": "ui/atlas/unity_sprite/knob"
  },
  "5": {
    "Id": 5,
    "Type": 5,
    "Sprite": "ui/atlas/unity_sprite/knob"
  },
  "10": {
    "Id": 10,
    "Type": 10,
    "Sprite": "ui/atlas/unity_sprite/knob"
  },
  "11": {
    "Id": 11,
    "Type": 11,
    "Sprite": "ui/atlas/unity_sprite/knob"
  }
}