{
  "9040001": {
    "Id": 9040001,
    "Name": "Great Traveler",
    "Type": 1,
    "UnlockDes": "Unlock all landmarks by illuminating the journey gameplay.",
    "Image": "personalzone_medal_icon_01_09",
    "Tex": "badge/ch_badge_001/tex/ch_badge_005_d",
    "TargetId": 0,
    "Sort": 21,
    "NotUnlock": 0,
    "IsHide": 0,
    "Condition": []
  },
  "9040002": {
    "Id": 9040002,
    "Name": "Fisherman",
    "Type": 1,
    "UnlockDes": "Obtained by reaching Fishing Lv.17",
    "Image": "personalzone_medal_icon_01_07",
    "Tex": "badge/ch_badge_001/tex/ch_badge_001_d",
    "TargetId": 0,
    "Sort": 25,
    "NotUnlock": 0,
    "IsHide": 0,
    "Condition": []
  },
  "9040003": {
    "Id": 9040003,
    "Name": "Chef",
    "Type": 1,
    "UnlockDes": "personalzone_medal_icon_01_09",
    "Image": "personalzone_medal_icon_01_06",
    "Tex": "badge/ch_badge_001/tex/ch_badge_003_d",
    "TargetId": 0,
    "Sort": 999,
    "NotUnlock": 0,
    "IsHide": 1,
    "Condition": []
  },
  "9040005": {
    "Id": 9040005,
    "Name": "Fashionista",
    "Type": 1,
    "UnlockDes": "personalzone_medal_icon_01_09",
    "Image": "personalzone_medal_icon_01_08",
    "Tex": "badge/ch_badge_001/tex/ch_badge_004_d",
    "TargetId": 0,
    "Sort": 999,
    "NotUnlock": 0,
    "IsHide": 1,
    "Condition": []
  },
  "9040006": {
    "Id": 9040006,
    "Name": "Mindrealm Battle",
    "Type": 3,
    "UnlockDes": "personalzone_medal_icon_01_09",
    "Image": "personalzone_medal_icon_01_10",
    "Tex": "badge/ch_badge_001/tex/ch_badge_011_d",
    "TargetId": 0,
    "Sort": 999,
    "NotUnlock": 0,
    "IsHide": 1,
    "Condition": []
  },
  "9040007": {
    "Id": 9040007,
    "Name": "Towering Ruin Battle",
    "Type": 3,
    "UnlockDes": "personalzone_medal_icon_01_09",
    "Image": "personalzone_medal_icon_01_11",
    "Tex": "badge/ch_badge_001/tex/ch_badge_012_d",
    "TargetId": 0,
    "Sort": 999,
    "NotUnlock": 0,
    "IsHide": 1,
    "Condition": []
  },
  "9040008": {
    "Id": 9040008,
    "Name": "Transcender - Power",
    "Type": 1,
    "UnlockDes": "Complete Path of Attack 30 with 2 stars to obtain.",
    "Image": "personalzone_medal_icon_01_13",
    "Tex": "badge/ch_badge_001/tex/ch_badge_014_d",
    "TargetId": 0,
    "Sort": 18,
    "NotUnlock": 0,
    "IsHide": 0,
    "Condition": []
  },
  "9040009": {
    "Id": 9040009,
    "Name": "Transcender - Guard",
    "Type": 1,
    "UnlockDes": "Complete Path of Guardian 30 with 2 stars to obtain.",
    "Image": "personalzone_medal_icon_01_20",
    "Tex": "badge/ch_badge_001/tex/ch_badge_015_d",
    "TargetId": 0,
    "Sort": 19,
    "NotUnlock": 0,
    "IsHide": 0,
    "Condition": []
  },
  "9040010": {
    "Id": 9040010,
    "Name": "Transcender - Support",
    "Type": 1,
    "UnlockDes": "Complete Path of Support 30 with 2 stars to obtain.",
    "Image": "personalzone_medal_icon_01_19",
    "Tex": "badge/ch_badge_001/tex/ch_badge_013_d",
    "TargetId": 0,
    "Sort": 20,
    "NotUnlock": 0,
    "IsHide": 0,
    "Condition": []
  },
  "9040011": {
    "Id": 9040011,
    "Name": "Drink Mixing Genius",
    "Type": 1,
    "UnlockDes": "Obtain by completing the \"Purple is Melancholy Purple\" series of side quests.",
    "Image": "personalzone_medal_icon_01_12",
    "Tex": "badge/ch_badge_001/tex/ch_badge_010_d",
    "TargetId": 0,
    "Sort": 17,
    "NotUnlock": 0,
    "IsHide": 0,
    "Condition": []
  },
  "9040012": {
    "Id": 9040012,
    "Name": "Tina Extreme",
    "Type": 1,
    "UnlockDes": "Obtainable from completing the achievement \"Dream & Shadow.\" View details in the Achievements system.",
    "Image": "personalzone_medal_icon_01_15",
    "Tex": "badge/ch_badge_001/tex/ch_badge_006_d",
    "TargetId": 0,
    "Sort": 39,
    "NotUnlock": 0,
    "IsHide": 0,
    "Condition": []
  },
  "9040013": {
    "Id": 9040013,
    "Name": "Tower Extreme",
    "Type": 1,
    "UnlockDes": "Obtainable from completing the achievement \"The Name Engraved in Ruins.\" View details in the Achievements system.",
    "Image": "personalzone_medal_icon_01_17",
    "Tex": "badge/ch_badge_001/tex/ch_badge_008_d",
    "TargetId": 0,
    "Sort": 40,
    "NotUnlock": 0,
    "IsHide": 0,
    "Condition": []
  },
  "9040014": {
    "Id": 9040014,
    "Name": "Kanamia Extreme",
    "Type": 1,
    "UnlockDes": "Obtainable from completing the achievement \"The Silence of Branch Shadows.\" View details in the Achievements system.",
    "Image": "personalzone_medal_icon_01_18",
    "Tex": "badge/ch_badge_001/tex/ch_badge_009_d",
    "TargetId": 0,
    "Sort": 41,
    "NotUnlock": 0,
    "IsHide": 0,
    "Condition": []
  },
  "9040015": {
    "Id": 9040015,
    "Name": "Dragon Extreme",
    "Type": 1,
    "UnlockDes": "Obtainable from completing the achievement \"When the Sky Holds Its Breath.\" View details in the Achievements system.",
    "Image": "personalzone_medal_icon_01_16",
    "Tex": "badge/ch_badge_001/tex/ch_badge_007_d",
    "TargetId": 0,
    "Sort": 42,
    "NotUnlock": 0,
    "IsHide": 0,
    "Condition": []
  },
  "9040016": {
    "Id": 9040016,
    "Name": "Monster Expert",
    "Type": 1,
    "UnlockDes": "Obtained by reaching Monster Manual Lv.6",
    "Image": "personalzone_medal_icon_01_21",
    "Tex": "badge/ch_badge_001/tex/ch_badge_016_d",
    "TargetId": 0,
    "Sort": 26,
    "NotUnlock": 0,
    "IsHide": 0,
    "Condition": []
  },
  "9040017": {
    "Id": 9040017,
    "Name": "Tencent Channel Exclusive",
    "Type": 1,
    "UnlockDes": "Obtained through operational events.",
    "Image": "personalzone_medal_icon_01_62",
    "Tex": "",
    "TargetId": 0,
    "Sort": 103,
    "NotUnlock": 1,
    "IsHide": 0,
    "Condition": []
  },
  "9040018": {
    "Id": 9040018,
    "Name": "Goblin Extreme",
    "Type": 1,
    "UnlockDes": "Obtainable from completing the achievement \"Goblin Eradicator.\" View details in the Achievements system.",
    "Image": "personalzone_medal_icon_01_22",
    "Tex": "badge/ch_badge_001/tex/ch_badge_017_d",
    "TargetId": 0,
    "Sort": 43,
    "NotUnlock": 0,
    "IsHide": 0,
    "Condition": []
  },
  "9040019": {
    "Id": 9040019,
    "Name": "Artisanry",
    "Type": 1,
    "UnlockDes": "personalzone_medal_icon_01_09",
    "Image": "personalzone_medal_icon_01_23",
    "Tex": "badge/ch_badge_001/tex/ch_badge_021_d",
    "TargetId": 0,
    "Sort": 999,
    "NotUnlock": 0,
    "IsHide": 1,
    "Condition": []
  },
  "9040020": {
    "Id": 9040020,
    "Name": "Mineralogy",
    "Type": 1,
    "UnlockDes": "Obtained when Life Skill: Mineralogy reaches Lv.20",
    "Image": "personalzone_medal_icon_01_24",
    "Tex": "badge/ch_badge_001/tex/ch_badge_020_d",
    "TargetId": 0,
    "Sort": 28,
    "NotUnlock": 0,
    "IsHide": 0,
    "Condition": []
  },
  "9040021": {
    "Id": 9040021,
    "Name": "Gemcrafting",
    "Type": 1,
    "UnlockDes": "Obtained when Life Skills: Gemcrafting reaches Level 40.",
    "Image": "personalzone_medal_icon_01_25",
    "Tex": "badge/ch_badge_001/tex/ch_badge_019_d",
    "TargetId": 0,
    "Sort": 34,
    "NotUnlock": 0,
    "IsHide": 0,
    "Condition": []
  },
  "9040022": {
    "Id": 9040022,
    "Name": "Alchemy",
    "Type": 1,
    "UnlockDes": "Obtained when Life Skills: Alchemy reaches Level 40.",
    "Image": "personalzone_medal_icon_01_26",
    "Tex": "badge/ch_badge_001/tex/ch_badge_018_d",
    "TargetId": 0,
    "Sort": 32,
    "NotUnlock": 0,
    "IsHide": 0,
    "Condition": []
  },
  "9040023": {
    "Id": 9040023,
    "Name": "Culinary",
    "Type": 1,
    "UnlockDes": "Obtained when Life Skills: Culinary reaches Level 40.",
    "Image": "personalzone_medal_icon_01_27",
    "Tex": "badge/ch_badge_001/tex/ch_badge_022_d",
    "TargetId": 0,
    "Sort": 30,
    "NotUnlock": 0,
    "IsHide": 0,
    "Condition": []
  },
  "9040024": {
    "Id": 9040024,
    "Name": "Gemology",
    "Type": 1,
    "UnlockDes": "Obtained when Life Skill: Gemology reaches Lv.20",
    "Image": "personalzone_medal_icon_01_28",
    "Tex": "badge/ch_badge_001/tex/ch_badge_023_d",
    "TargetId": 0,
    "Sort": 29,
    "NotUnlock": 0,
    "IsHide": 0,
    "Condition": []
  },
  "9040025": {
    "Id": 9040025,
    "Name": "Botany",
    "Type": 1,
    "UnlockDes": "Obtained when Life Skill: Botany reaches Lv.20",
    "Image": "personalzone_medal_icon_01_29",
    "Tex": "badge/ch_badge_001/tex/ch_badge_025_d",
    "TargetId": 0,
    "Sort": 27,
    "NotUnlock": 0,
    "IsHide": 0,
    "Condition": []
  },
  "9040026": {
    "Id": 9040026,
    "Name": "Smelting",
    "Type": 1,
    "UnlockDes": "Obtained when Life Skills: Smelting reaches Level 40.",
    "Image": "personalzone_medal_icon_01_30",
    "Tex": "badge/ch_badge_001/tex/ch_badge_024_d",
    "TargetId": 0,
    "Sort": 33,
    "NotUnlock": 0,
    "IsHide": 0,
    "Condition": []
  },
  "9040027": {
    "Id": 9040027,
    "Name": "Good Luck Continues",
    "Type": 1,
    "UnlockDes": "The achievement \"Law of Conservation of Luck II\" must be completed to obtain this item. Further details may be viewed within the Achievement System.",
    "Image": "personalzone_medal_icon_01_31",
    "Tex": "badge/ch_badge_001/tex/ch_badge_027_d",
    "TargetId": 0,
    "Sort": 36,
    "NotUnlock": 0,
    "IsHide": 0,
    "Condition": []
  },
  "9040028": {
    "Id": 9040028,
    "Name": "Full of luck",
    "Type": 1,
    "UnlockDes": "The achievement \"Law of Conservation of Luck V\" must be completed to obtain this item. Further details may be viewed within the Achievement System.",
    "Image": "personalzone_medal_icon_01_33",
    "Tex": "badge/ch_badge_001/tex/ch_badge_028_d",
    "TargetId": 0,
    "Sort": 38,
    "NotUnlock": 0,
    "IsHide": 0,
    "Condition": []
  },
  "9040029": {
    "Id": 9040029,
    "Name": "Shiny debut",
    "Type": 1,
    "UnlockDes": "The achievement \"Law of Conservation of Luck IV\" must be completed to obtain this item. Further details may be viewed within the Achievement System.",
    "Image": "personalzone_medal_icon_01_34",
    "Tex": "badge/ch_badge_001/tex/ch_badge_026_d",
    "TargetId": 0,
    "Sort": 37,
    "NotUnlock": 0,
    "IsHide": 0,
    "Condition": []
  },
  "9040030": {
    "Id": 9040030,
    "Name": "Good friend - Tina",
    "Type": 1,
    "UnlockDes": "Obtained when the total friendship Lv.4",
    "Image": "personalzone_medal_icon_01_35",
    "Tex": "badge/ch_badge_001/tex/ch_badge_031_d",
    "TargetId": 0,
    "Sort": 22,
    "NotUnlock": 0,
    "IsHide": 0,
    "Condition": []
  },
  "9040031": {
    "Id": 9040031,
    "Name": "Good friend - Olvera",
    "Type": 1,
    "UnlockDes": "Obtained when the total friendship Lv.5",
    "Image": "personalzone_medal_icon_01_36",
    "Tex": "badge/ch_badge_001/tex/ch_badge_029_d",
    "TargetId": 0,
    "Sort": 23,
    "NotUnlock": 0,
    "IsHide": 0,
    "Condition": []
  },
  "9040032": {
    "Id": 9040032,
    "Name": "Bestie - Heart Gesture",
    "Type": 1,
    "UnlockDes": "Obtained when the total friendship Lv.7",
    "Image": "personalzone_medal_icon_01_37",
    "Tex": "badge/ch_badge_001/tex/ch_badge_030_d",
    "TargetId": 0,
    "Sort": 24,
    "NotUnlock": 0,
    "IsHide": 0,
    "Condition": []
  },
  "9040033": {
    "Id": 9040033,
    "Name": "Rose Attire",
    "Type": 1,
    "UnlockDes": "Given as a gift when purchasing the Rose Attire Design Book from the Vault Store.",
    "Image": "personalzone_medal_icon_01_38",
    "Tex": "badge/ch_badge_001/tex/ch_badge_032_d",
    "TargetId": 0,
    "Sort": 6,
    "NotUnlock": 0,
    "IsHide": 0,
    "Condition": []
  },
  "9040034": {
    "Id": 9040034,
    "Name": "Royal Attire",
    "Type": 1,
    "UnlockDes": "Given as a gift when purchasing the Royal Attire Pack from the Vault Store.",
    "Image": "personalzone_medal_icon_01_39",
    "Tex": "badge/ch_badge_001/tex/ch_badge_033_d",
    "TargetId": 0,
    "Sort": 5,
    "NotUnlock": 0,
    "IsHide": 0,
    "Condition": []
  },
  "9040035": {
    "Id": 9040035,
    "Name": "Flawless Domain",
    "Type": 1,
    "UnlockDes": "Given as a gift when purchasing the Flawless Domain Pack from the Vault Store.",
    "Image": "personalzone_medal_icon_01_41",
    "Tex": "badge/ch_badge_001/tex/ch_badge_035_d",
    "TargetId": 0,
    "Sort": 3,
    "NotUnlock": 0,
    "IsHide": 0,
    "Condition": []
  },
  "9040036": {
    "Id": 9040036,
    "Name": "Starry Domain",
    "Type": 1,
    "UnlockDes": "Given as a gift when purchasing the Starry Domain from the Vault Store.",
    "Image": "personalzone_medal_icon_01_40",
    "Tex": "badge/ch_badge_001/tex/ch_badge_034_d",
    "TargetId": 0,
    "Sort": 4,
    "NotUnlock": 0,
    "IsHide": 0,
    "Condition": []
  },
  "9040037": {
    "Id": 9040037,
    "Name": "Solsticera",
    "Type": 1,
    "UnlockDes": "Can be obtained through Solsticera Box in Wish.",
    "Image": "personalzone_medal_icon_01_61",
    "Tex": "",
    "TargetId": 0,
    "Sort": 1,
    "NotUnlock": 0,
    "IsHide": 0,
    "Condition": []
  },
  "9040038": {
    "Id": 9040038,
    "Name": "Coral Solsticera",
    "Type": 1,
    "UnlockDes": "Obtain as a bonus when purchasing the Coral Solsticera from the Vault Store.",
    "Image": "personalzone_medal_icon_01_60",
    "Tex": "",
    "TargetId": 0,
    "Sort": 2,
    "NotUnlock": 0,
    "IsHide": 0,
    "Condition": []
  },
  "9040039": {
    "Id": 9040039,
    "Name": "Battle Mech",
    "Type": 1,
    "UnlockDes": "personalzone_medal_icon_01_09",
    "Image": "",
    "Tex": "",
    "TargetId": 0,
    "Sort": 99,
    "NotUnlock": 0,
    "IsHide": 1,
    "Condition": []
  },
  "9040040": {
    "Id": 9040040,
    "Name": "Battle Mech - Light",
    "Type": 1,
    "UnlockDes": "personalzone_medal_icon_01_09",
    "Image": "",
    "Tex": "",
    "TargetId": 0,
    "Sort": 99,
    "NotUnlock": 0,
    "IsHide": 1,
    "Condition": []
  },
  "9040041": {
    "Id": 9040041,
    "Name": "Shimmering Beautifish",
    "Type": 1,
    "UnlockDes": "Can be obtained through Shimmering Beautifish Box in Wish.",
    "Image": "personalzone_medal_icon_01_47",
    "Tex": "",
    "TargetId": 0,
    "Sort": 7,
    "NotUnlock": 0,
    "IsHide": 0,
    "Condition": []
  },
  "9040042": {
    "Id": 9040042,
    "Name": "Solstic Beautifish",
    "Type": 1,
    "UnlockDes": "Bonus item for purchasing \"Solstic Beautifish\" at the Vault Store.",
    "Image": "personalzone_medal_icon_01_46",
    "Tex": "",
    "TargetId": 0,
    "Sort": 8,
    "NotUnlock": 0,
    "IsHide": 0,
    "Condition": []
  },
  "9040043": {
    "Id": 9040043,
    "Name": "Radiant Beautifish",
    "Type": 1,
    "UnlockDes": "personalzone_medal_icon_01_09",
    "Image": "",
    "Tex": "",
    "TargetId": 0,
    "Sort": 99,
    "NotUnlock": 0,
    "IsHide": 1,
    "Condition": []
  },
  "9040044": {
    "Id": 9040044,
    "Name": "Royal Horse: Platinum",
    "Type": 1,
    "UnlockDes": "Obtain as a bonus when purchasing the Royal Horse: Platinum from the Vault Store.",
    "Image": "personalzone_medal_icon_01_51",
    "Tex": "",
    "TargetId": 0,
    "Sort": 9,
    "NotUnlock": 0,
    "IsHide": 0,
    "Condition": []
  },
  "9040045": {
    "Id": 9040045,
    "Name": "Royal Horse - Golden Black",
    "Type": 1,
    "UnlockDes": "Obtain as a bonus when purchasing the Royal Horse - Golden Black from the Vault Store.",
    "Image": "personalzone_medal_icon_01_50",
    "Tex": "",
    "TargetId": 0,
    "Sort": 10,
    "NotUnlock": 0,
    "IsHide": 0,
    "Condition": []
  },
  "9040046": {
    "Id": 9040046,
    "Name": "Mini Golem",
    "Type": 1,
    "UnlockDes": "Obtain as a bonus when purchasing the Mini Golem from the Vault Store.",
    "Image": "personalzone_medal_icon_01_44",
    "Tex": "",
    "TargetId": 0,
    "Sort": 11,
    "NotUnlock": 0,
    "IsHide": 0,
    "Condition": []
  },
  "9040047": {
    "Id": 9040047,
    "Name": "Scarlet Golem",
    "Type": 1,
    "UnlockDes": "Obtain as a bonus when purchasing the Scarlet Golem from the Vault Store.",
    "Image": "personalzone_medal_icon_01_43",
    "Tex": "",
    "TargetId": 0,
    "Sort": 12,
    "NotUnlock": 0,
    "IsHide": 0,
    "Condition": []
  },
  "9040048": {
    "Id": 9040048,
    "Name": "Electro Golem",
    "Type": 1,
    "UnlockDes": "Bonus item for purchasing \"Electro Golem\" at the Vault Store.",
    "Image": "personalzone_medal_icon_01_42",
    "Tex": "",
    "TargetId": 0,
    "Sort": 13,
    "NotUnlock": 0,
    "IsHide": 0,
    "Condition": []
  },
  "9040049": {
    "Id": 9040049,
    "Name": "Byrnhald Golem",
    "Type": 1,
    "UnlockDes": "Obtain as a bonus when purchasing the Giant Golem from the Vault Store.",
    "Image": "personalzone_medal_icon_01_54",
    "Tex": "",
    "TargetId": 0,
    "Sort": 14,
    "NotUnlock": 0,
    "IsHide": 0,
    "Condition": []
  },
  "9040050": {
    "Id": 9040050,
    "Name": "Pearl Golem",
    "Type": 1,
    "UnlockDes": "Obtain as a bonus when purchasing the Pearl Golem from the Vault Store.",
    "Image": "personalzone_medal_icon_01_53",
    "Tex": "",
    "TargetId": 0,
    "Sort": 15,
    "NotUnlock": 0,
    "IsHide": 0,
    "Condition": []
  },
  "9040051": {
    "Id": 9040051,
    "Name": "Cyan Golem",
    "Type": 1,
    "UnlockDes": "Obtain as a bonus when purchasing the Cyan Golem from the Vault Store.",
    "Image": "personalzone_medal_icon_01_52",
    "Tex": "",
    "TargetId": 0,
    "Sort": 16,
    "NotUnlock": 0,
    "IsHide": 0,
    "Condition": []
  },
  "9040052": {
    "Id": 9040052,
    "Name": "Dark Mist Fortress Limits",
    "Type": 1,
    "UnlockDes": "Complete the achievement \"Ruler of the Veiled Depths\" to obtain. View details in the Achievements system.",
    "Image": "personalzone_medal_icon_01_59",
    "Tex": "",
    "TargetId": 0,
    "Sort": 44,
    "NotUnlock": 0,
    "IsHide": 0,
    "Condition": []
  },
  "9040053": {
    "Id": 9040053,
    "Name": "Artisanry",
    "Type": 1,
    "UnlockDes": "Obtained when Artisanry reaches Lv.40",
    "Image": "personalzone_medal_icon_01_64",
    "Tex": "",
    "TargetId": 0,
    "Sort": 31,
    "NotUnlock": 0,
    "IsHide": 0,
    "Condition": []
  },
  "9040054": {
    "Id": 9040054,
    "Name": "Weaving",
    "Type": 1,
    "UnlockDes": "Unlocks when Weaving reaches Lv.40",
    "Image": "personalzone_medal_icon_01_63",
    "Tex": "",
    "TargetId": 0,
    "Sort": 35,
    "NotUnlock": 0,
    "IsHide": 0,
    "Condition": []
  },
  "9040055": {
    "Id": 9040055,
    "Name": "\"Star Awakening Test\"",
    "Type": 1,
    "UnlockDes": "Obtained through operational events.",
    "Image": "personalzone_medal_icon_01_65",
    "Tex": "",
    "TargetId": 0,
    "Sort": 101,
    "NotUnlock": 1,
    "IsHide": 0,
    "Condition": []
  },
  "9040056": {
    "Id": 9040056,
    "Name": "\"Resonance Test\"",
    "Type": 1,
    "UnlockDes": "Obtained through operational events.",
    "Image": "personalzone_medal_icon_01_66",
    "Tex": "",
    "TargetId": 0,
    "Sort": 102,
    "NotUnlock": 1,
    "IsHide": 0,
    "Condition": []
  },
  "9040057": {
    "Id": 9040057,
    "Name": "Tina",
    "Type": 1,
    "UnlockDes": "personalzone_medal_icon_01_09",
    "Image": "personalzone_medal_icon_01_67",
    "Tex": "",
    "TargetId": 0,
    "Sort": 103,
    "NotUnlock": 0,
    "IsHide": 1,
    "Condition": []
  },
  "9040058": {
    "Id": 9040058,
    "Name": "Seabreeze Festival: Rab",
    "Type": 1,
    "UnlockDes": "Exchangeable at the 2025 \"Seabreeze Festival\" event store.",
    "Image": "personalzone_medal_icon_01_68",
    "Tex": "",
    "TargetId": 0,
    "Sort": 45,
    "NotUnlock": 0,
    "IsHide": 0,
    "Condition": []
  },
  "9040059": {
    "Id": 9040059,
    "Name": "Seabreeze Festival: Vita",
    "Type": 1,
    "UnlockDes": "Exchangeable at the 2025 \"Seabreeze Festival\" event store.",
    "Image": "personalzone_medal_icon_01_69",
    "Tex": "",
    "TargetId": 0,
    "Sort": 46,
    "NotUnlock": 0,
    "IsHide": 0,
    "Condition": []
  },
  "9040060": {
    "Id": 9040060,
    "Name": "Phantom Devourer",
    "Type": 1,
    "UnlockDes": "Obtainable through the 2025 Seabreeze Festival limited-time event \"Master's Trial: Scorching Warfare.\"",
    "Image": "personalzone_medal_icon_01_70",
    "Tex": "",
    "TargetId": 0,
    "Sort": 47,
    "NotUnlock": 0,
    "IsHide": 0,
    "Condition": []
  },
  "9040061": {
    "Id": 9040061,
    "Name": "Starlit Promise",
    "Type": 1,
    "UnlockDes": "A special token of thanks from the Pioneer Team.",
    "Image": "personalzone_medal_icon_01_71",
    "Tex": "",
    "TargetId": 0,
    "Sort": 48,
    "NotUnlock": 1,
    "IsHide": 0,
    "Condition": []
  },
  "9040062": {
    "Id": 9040062,
    "Name": "Core Drive",
    "Type": 1,
    "UnlockDes": "Obtain through Core Drive Box in Wish.",
    "Image": "personalzone_medal_icon_01_55",
    "Tex": "",
    "TargetId": 0,
    "Sort": 49,
    "NotUnlock": 0,
    "IsHide": 0,
    "Condition": [
      [
        9,
        80202
      ]
    ]
  },
  "9040063": {
    "Id": 9040063,
    "Name": "Awakened Drive",
    "Type": 1,
    "UnlockDes": "Bonus item for purchasing the Awakened Drive Design Book from the Premium Store.",
    "Image": "personalzone_medal_icon_01_56",
    "Tex": "",
    "TargetId": 0,
    "Sort": 50,
    "NotUnlock": 0,
    "IsHide": 0,
    "Condition": [
      [
        9,
        80202
      ]
    ]
  },
  "9040064": {
    "Id": 9040064,
    "Name": "Xeno Mimic",
    "Type": 1,
    "UnlockDes": "Bonus item for purchasing the Xeno Mimic - Set Box from the Premium Store.",
    "Image": "personalzone_medal_icon_01_72",
    "Tex": "",
    "TargetId": 0,
    "Sort": 51,
    "NotUnlock": 0,
    "IsHide": 0,
    "Condition": [
      [
        9,
        80202
      ]
    ]
  },
  "9040065": {
    "Id": 9040065,
    "Name": "Disorder Mimic",
    "Type": 1,
    "UnlockDes": "Bonus item for purchasing the Disorder Mimic Design Book from the Premium Store.",
    "Image": "personalzone_medal_icon_01_73",
    "Tex": "",
    "TargetId": 0,
    "Sort": 52,
    "NotUnlock": 0,
    "IsHide": 0,
    "Condition": [
      [
        9,
        80202
      ]
    ]
  },
  "9040066": {
    "Id": 9040066,
    "Name": "Hyper Impulse",
    "Type": 1,
    "UnlockDes": "Obtain through Hyper Impulse Box in Wish.",
    "Image": "personalzone_medal_icon_01_57",
    "Tex": "",
    "TargetId": 0,
    "Sort": 53,
    "NotUnlock": 0,
    "IsHide": 0,
    "Condition": [
      [
        9,
        80202
      ]
    ]
  },
  "9040067": {
    "Id": 9040067,
    "Name": "Firestorm Impulse",
    "Type": 1,
    "UnlockDes": "Bonus item for purchasing the Firestorm Impulse from the Premium Store.",
    "Image": "personalzone_medal_icon_01_58",
    "Tex": "",
    "TargetId": 0,
    "Sort": 54,
    "NotUnlock": 0,
    "IsHide": 0,
    "Condition": [
      [
        9,
        80202
      ]
    ]
  },
  "9040068": {
    "Id": 9040068,
    "Name": "Golem Foxen",
    "Type": 1,
    "UnlockDes": "Bonus item for purchasing the Golem Fox from the Premium Store.",
    "Image": "personalzone_medal_icon_01_49",
    "Tex": "",
    "TargetId": 0,
    "Sort": 55,
    "NotUnlock": 0,
    "IsHide": 0,
    "Condition": [
      [
        9,
        80202
      ]
    ]
  },
  "9040069": {
    "Id": 9040069,
    "Name": "Abyss Foxen",
    "Type": 1,
    "UnlockDes": "Bonus item for purchasing the Abyss Foxen from the Premium Store.",
    "Image": "personalzone_medal_icon_01_48",
    "Tex": "",
    "TargetId": 0,
    "Sort": 56,
    "NotUnlock": 0,
    "IsHide": 0,
    "Condition": [
      [
        9,
        80202
      ]
    ]
  }
}