{
  "1": {
    "Id": 1,
    "InitializationId": 101,
    "LinkNumOne": 1,
    "LinkNumTwo": 0,
    "LinkNumThree": 0,
    "Weight": 450
  },
  "2": {
    "Id": 2,
    "InitializationId": 101,
    "LinkNumOne": 2,
    "LinkNumTwo": 0,
    "LinkNumThree": 0,
    "Weight": 700
  },
  "3": {
    "Id": 3,
    "InitializationId": 101,
    "LinkNumOne": 3,
    "LinkNumTwo": 0,
    "LinkNumThree": 0,
    "Weight": 900
  },
  "4": {
    "Id": 4,
    "InitializationId": 101,
    "LinkNumOne": 4,
    "LinkNumTwo": 0,
    "LinkNumThree": 0,
    "Weight": 1050
  },
  "5": {
    "Id": 5,
    "InitializationId": 101,
    "LinkNumOne": 5,
    "LinkNumTwo": 0,
    "LinkNumThree": 0,
    "Weight": 1650
  },
  "6": {
    "Id": 6,
    "InitializationId": 101,
    "LinkNumOne": 6,
    "LinkNumTwo": 0,
    "LinkNumThree": 0,
    "Weight": 2100
  },
  "7": {
    "Id": 7,
    "InitializationId": 101,
    "LinkNumOne": 7,
    "LinkNumTwo": 0,
    "LinkNumThree": 0,
    "Weight": 1760
  },
  "8": {
    "Id": 8,
    "InitializationId": 101,
    "LinkNumOne": 8,
    "LinkNumTwo": 0,
    "LinkNumThree": 0,
    "Weight": 1000
  },
  "9": {
    "Id": 9,
    "InitializationId": 101,
    "LinkNumOne": 9,
    "LinkNumTwo": 0,
    "LinkNumThree": 0,
    "Weight": 300
  },
  "10": {
    "Id": 10,
    "InitializationId": 101,
    "LinkNumOne": 10,
    "LinkNumTwo": 0,
    "LinkNumThree": 0,
    "Weight": 90
  },
  "11": {
    "Id": 11,
    "InitializationId": 102,
    "LinkNumOne": 1,
    "LinkNumTwo": 1,
    "LinkNumThree": 0,
    "Weight": 20
  },
  "12": {
    "Id": 12,
    "InitializationId": 102,
    "LinkNumOne": 1,
    "LinkNumTwo": 2,
    "LinkNumThree": 0,
    "Weight": 25
  },
  "13": {
    "Id": 13,
    "InitializationId": 102,
    "LinkNumOne": 1,
    "LinkNumTwo": 3,
    "LinkNumThree": 0,
    "Weight": 40
  },
  "14": {
    "Id": 14,
    "InitializationId": 102,
    "LinkNumOne": 1,
    "LinkNumTwo": 4,
    "LinkNumThree": 0,
    "Weight": 75
  },
  "15": {
    "Id": 15,
    "InitializationId": 102,
    "LinkNumOne": 1,
    "LinkNumTwo": 5,
    "LinkNumThree": 0,
    "Weight": 100
  },
  "16": {
    "Id": 16,
    "InitializationId": 102,
    "LinkNumOne": 1,
    "LinkNumTwo": 6,
    "LinkNumThree": 0,
    "Weight": 134
  },
  "17": {
    "Id": 17,
    "InitializationId": 102,
    "LinkNumOne": 1,
    "LinkNumTwo": 7,
    "LinkNumThree": 0,
    "Weight": 143
  },
  "18": {
    "Id": 18,
    "InitializationId": 102,
    "LinkNumOne": 1,
    "LinkNumTwo": 8,
    "LinkNumThree": 0,
    "Weight": 375
  },
  "19": {
    "Id": 19,
    "InitializationId": 102,
    "LinkNumOne": 1,
    "LinkNumTwo": 9,
    "LinkNumThree": 0,
    "Weight": 667
  },
  "20": {
    "Id": 20,
    "InitializationId": 102,
    "LinkNumOne": 1,
    "LinkNumTwo": 10,
    "LinkNumThree": 0,
    "Weight": 1000
  },
  "21": {
    "Id": 21,
    "InitializationId": 102,
    "LinkNumOne": 2,
    "LinkNumTwo": 1,
    "LinkNumThree": 0,
    "Weight": 25
  },
  "22": {
    "Id": 22,
    "InitializationId": 102,
    "LinkNumOne": 2,
    "LinkNumTwo": 2,
    "LinkNumThree": 0,
    "Weight": 40
  },
  "23": {
    "Id": 23,
    "InitializationId": 102,
    "LinkNumOne": 2,
    "LinkNumTwo": 3,
    "LinkNumThree": 0,
    "Weight": 75
  },
  "24": {
    "Id": 24,
    "InitializationId": 102,
    "LinkNumOne": 2,
    "LinkNumTwo": 4,
    "LinkNumThree": 0,
    "Weight": 100
  },
  "25": {
    "Id": 25,
    "InitializationId": 102,
    "LinkNumOne": 2,
    "LinkNumTwo": 5,
    "LinkNumThree": 0,
    "Weight": 134
  },
  "26": {
    "Id": 26,
    "InitializationId": 102,
    "LinkNumOne": 2,
    "LinkNumTwo": 6,
    "LinkNumThree": 0,
    "Weight": 143
  },
  "27": {
    "Id": 27,
    "InitializationId": 102,
    "LinkNumOne": 2,
    "LinkNumTwo": 7,
    "LinkNumThree": 0,
    "Weight": 375
  },
  "28": {
    "Id": 28,
    "InitializationId": 102,
    "LinkNumOne": 2,
    "LinkNumTwo": 8,
    "LinkNumThree": 0,
    "Weight": 667
  },
  "29": {
    "Id": 29,
    "InitializationId": 102,
    "LinkNumOne": 2,
    "LinkNumTwo": 9,
    "LinkNumThree": 0,
    "Weight": 1000
  },
  "30": {
    "Id": 30,
    "InitializationId": 102,
    "LinkNumOne": 2,
    "LinkNumTwo": 10,
    "LinkNumThree": 0,
    "Weight": 1654
  },
  "31": {
    "Id": 31,
    "InitializationId": 102,
    "LinkNumOne": 3,
    "LinkNumTwo": 1,
    "LinkNumThree": 0,
    "Weight": 40
  },
  "32": {
    "Id": 32,
    "InitializationId": 102,
    "LinkNumOne": 3,
    "LinkNumTwo": 2,
    "LinkNumThree": 0,
    "Weight": 75
  },
  "33": {
    "Id": 33,
    "InitializationId": 102,
    "LinkNumOne": 3,
    "LinkNumTwo": 3,
    "LinkNumThree": 0,
    "Weight": 100
  },
  "34": {
    "Id": 34,
    "InitializationId": 102,
    "LinkNumOne": 3,
    "LinkNumTwo": 4,
    "LinkNumThree": 0,
    "Weight": 134
  },
  "35": {
    "Id": 35,
    "InitializationId": 102,
    "LinkNumOne": 3,
    "LinkNumTwo": 5,
    "LinkNumThree": 0,
    "Weight": 143
  },
  "36": {
    "Id": 36,
    "InitializationId": 102,
    "LinkNumOne": 3,
    "LinkNumTwo": 6,
    "LinkNumThree": 0,
    "Weight": 375
  },
  "37": {
    "Id": 37,
    "InitializationId": 102,
    "LinkNumOne": 3,
    "LinkNumTwo": 7,
    "LinkNumThree": 0,
    "Weight": 667
  },
  "38": {
    "Id": 38,
    "InitializationId": 102,
    "LinkNumOne": 3,
    "LinkNumTwo": 8,
    "LinkNumThree": 0,
    "Weight": 1000
  },
  "39": {
    "Id": 39,
    "InitializationId": 102,
    "LinkNumOne": 3,
    "LinkNumTwo": 9,
    "LinkNumThree": 0,
    "Weight": 1654
  },
  "40": {
    "Id": 40,
    "InitializationId": 102,
    "LinkNumOne": 3,
    "LinkNumTwo": 10,
    "LinkNumThree": 0,
    "Weight": 750
  },
  "41": {
    "Id": 41,
    "InitializationId": 102,
    "LinkNumOne": 4,
    "LinkNumTwo": 1,
    "LinkNumThree": 0,
    "Weight": 75
  },
  "42": {
    "Id": 42,
    "InitializationId": 102,
    "LinkNumOne": 4,
    "LinkNumTwo": 2,
    "LinkNumThree": 0,
    "Weight": 100
  },
  "43": {
    "Id": 43,
    "InitializationId": 102,
    "LinkNumOne": 4,
    "LinkNumTwo": 3,
    "LinkNumThree": 0,
    "Weight": 134
  },
  "44": {
    "Id": 44,
    "InitializationId": 102,
    "LinkNumOne": 4,
    "LinkNumTwo": 4,
    "LinkNumThree": 0,
    "Weight": 143
  },
  "45": {
    "Id": 45,
    "InitializationId": 102,
    "LinkNumOne": 4,
    "LinkNumTwo": 5,
    "LinkNumThree": 0,
    "Weight": 375
  },
  "46": {
    "Id": 46,
    "InitializationId": 102,
    "LinkNumOne": 4,
    "LinkNumTwo": 6,
    "LinkNumThree": 0,
    "Weight": 667
  },
  "47": {
    "Id": 47,
    "InitializationId": 102,
    "LinkNumOne": 4,
    "LinkNumTwo": 7,
    "LinkNumThree": 0,
    "Weight": 1000
  },
  "48": {
    "Id": 48,
    "InitializationId": 102,
    "LinkNumOne": 4,
    "LinkNumTwo": 8,
    "LinkNumThree": 0,
    "Weight": 1654
  },
  "49": {
    "Id": 49,
    "InitializationId": 102,
    "LinkNumOne": 4,
    "LinkNumTwo": 9,
    "LinkNumThree": 0,
    "Weight": 750
  },
  "50": {
    "Id": 50,
    "InitializationId": 102,
    "LinkNumOne": 4,
    "LinkNumTwo": 10,
    "LinkNumThree": 0,
    "Weight": 428
  },
  "51": {
    "Id": 51,
    "InitializationId": 102,
    "LinkNumOne": 5,
    "LinkNumTwo": 1,
    "LinkNumThree": 0,
    "Weight": 100
  },
  "52": {
    "Id": 52,
    "InitializationId": 102,
    "LinkNumOne": 5,
    "LinkNumTwo": 2,
    "LinkNumThree": 0,
    "Weight": 134
  },
  "53": {
    "Id": 53,
    "InitializationId": 102,
    "LinkNumOne": 5,
    "LinkNumTwo": 3,
    "LinkNumThree": 0,
    "Weight": 143
  },
  "54": {
    "Id": 54,
    "InitializationId": 102,
    "LinkNumOne": 5,
    "LinkNumTwo": 4,
    "LinkNumThree": 0,
    "Weight": 375
  },
  "55": {
    "Id": 55,
    "InitializationId": 102,
    "LinkNumOne": 5,
    "LinkNumTwo": 5,
    "LinkNumThree": 0,
    "Weight": 667
  },
  "56": {
    "Id": 56,
    "InitializationId": 102,
    "LinkNumOne": 5,
    "LinkNumTwo": 6,
    "LinkNumThree": 0,
    "Weight": 1000
  },
  "57": {
    "Id": 57,
    "InitializationId": 102,
    "LinkNumOne": 5,
    "LinkNumTwo": 7,
    "LinkNumThree": 0,
    "Weight": 1654
  },
  "58": {
    "Id": 58,
    "InitializationId": 102,
    "LinkNumOne": 5,
    "LinkNumTwo": 8,
    "LinkNumThree": 0,
    "Weight": 750
  },
  "59": {
    "Id": 59,
    "InitializationId": 102,
    "LinkNumOne": 5,
    "LinkNumTwo": 9,
    "LinkNumThree": 0,
    "Weight": 428
  },
  "60": {
    "Id": 60,
    "InitializationId": 102,
    "LinkNumOne": 5,
    "LinkNumTwo": 10,
    "LinkNumThree": 0,
    "Weight": 83
  },
  "61": {
    "Id": 61,
    "InitializationId": 102,
    "LinkNumOne": 6,
    "LinkNumTwo": 1,
    "LinkNumThree": 0,
    "Weight": 134
  },
  "62": {
    "Id": 62,
    "InitializationId": 102,
    "LinkNumOne": 6,
    "LinkNumTwo": 2,
    "LinkNumThree": 0,
    "Weight": 143
  },
  "63": {
    "Id": 63,
    "InitializationId": 102,
    "LinkNumOne": 6,
    "LinkNumTwo": 3,
    "LinkNumThree": 0,
    "Weight": 375
  },
  "64": {
    "Id": 64,
    "InitializationId": 102,
    "LinkNumOne": 6,
    "LinkNumTwo": 4,
    "LinkNumThree": 0,
    "Weight": 667
  },
  "65": {
    "Id": 65,
    "InitializationId": 102,
    "LinkNumOne": 6,
    "LinkNumTwo": 5,
    "LinkNumThree": 0,
    "Weight": 1000
  },
  "66": {
    "Id": 66,
    "InitializationId": 102,
    "LinkNumOne": 6,
    "LinkNumTwo": 6,
    "LinkNumThree": 0,
    "Weight": 1654
  },
  "67": {
    "Id": 67,
    "InitializationId": 102,
    "LinkNumOne": 6,
    "LinkNumTwo": 7,
    "LinkNumThree": 0,
    "Weight": 750
  },
  "68": {
    "Id": 68,
    "InitializationId": 102,
    "LinkNumOne": 6,
    "LinkNumTwo": 8,
    "LinkNumThree": 0,
    "Weight": 428
  },
  "69": {
    "Id": 69,
    "InitializationId": 102,
    "LinkNumOne": 6,
    "LinkNumTwo": 9,
    "LinkNumThree": 0,
    "Weight": 83
  },
  "70": {
    "Id": 70,
    "InitializationId": 102,
    "LinkNumOne": 6,
    "LinkNumTwo": 10,
    "LinkNumThree": 0,
    "Weight": 36
  },
  "71": {
    "Id": 71,
    "InitializationId": 102,
    "LinkNumOne": 7,
    "LinkNumTwo": 1,
    "LinkNumThree": 0,
    "Weight": 143
  },
  "72": {
    "Id": 72,
    "InitializationId": 102,
    "LinkNumOne": 7,
    "LinkNumTwo": 2,
    "LinkNumThree": 0,
    "Weight": 375
  },
  "73": {
    "Id": 73,
    "InitializationId": 102,
    "LinkNumOne": 7,
    "LinkNumTwo": 3,
    "LinkNumThree": 0,
    "Weight": 667
  },
  "74": {
    "Id": 74,
    "InitializationId": 102,
    "LinkNumOne": 7,
    "LinkNumTwo": 4,
    "LinkNumThree": 0,
    "Weight": 1000
  },
  "75": {
    "Id": 75,
    "InitializationId": 102,
    "LinkNumOne": 7,
    "LinkNumTwo": 5,
    "LinkNumThree": 0,
    "Weight": 1654
  },
  "76": {
    "Id": 76,
    "InitializationId": 102,
    "LinkNumOne": 7,
    "LinkNumTwo": 6,
    "LinkNumThree": 0,
    "Weight": 750
  },
  "77": {
    "Id": 77,
    "InitializationId": 102,
    "LinkNumOne": 7,
    "LinkNumTwo": 7,
    "LinkNumThree": 0,
    "Weight": 428
  },
  "78": {
    "Id": 78,
    "InitializationId": 102,
    "LinkNumOne": 7,
    "LinkNumTwo": 8,
    "LinkNumThree": 0,
    "Weight": 83
  },
  "79": {
    "Id": 79,
    "InitializationId": 102,
    "LinkNumOne": 7,
    "LinkNumTwo": 9,
    "LinkNumThree": 0,
    "Weight": 36
  },
  "80": {
    "Id": 80,
    "InitializationId": 102,
    "LinkNumOne": 7,
    "LinkNumTwo": 10,
    "LinkNumThree": 0,
    "Weight": 29
  },
  "81": {
    "Id": 81,
    "InitializationId": 102,
    "LinkNumOne": 8,
    "LinkNumTwo": 1,
    "LinkNumThree": 0,
    "Weight": 375
  },
  "82": {
    "Id": 82,
    "InitializationId": 102,
    "LinkNumOne": 8,
    "LinkNumTwo": 2,
    "LinkNumThree": 0,
    "Weight": 667
  },
  "83": {
    "Id": 83,
    "InitializationId": 102,
    "LinkNumOne": 8,
    "LinkNumTwo": 3,
    "LinkNumThree": 0,
    "Weight": 1000
  },
  "84": {
    "Id": 84,
    "InitializationId": 102,
    "LinkNumOne": 8,
    "LinkNumTwo": 4,
    "LinkNumThree": 0,
    "Weight": 1654
  },
  "85": {
    "Id": 85,
    "InitializationId": 102,
    "LinkNumOne": 8,
    "LinkNumTwo": 5,
    "LinkNumThree": 0,
    "Weight": 750
  },
  "86": {
    "Id": 86,
    "InitializationId": 102,
    "LinkNumOne": 8,
    "LinkNumTwo": 6,
    "LinkNumThree": 0,
    "Weight": 428
  },
  "87": {
    "Id": 87,
    "InitializationId": 102,
    "LinkNumOne": 8,
    "LinkNumTwo": 7,
    "LinkNumThree": 0,
    "Weight": 83
  },
  "88": {
    "Id": 88,
    "InitializationId": 102,
    "LinkNumOne": 8,
    "LinkNumTwo": 8,
    "LinkNumThree": 0,
    "Weight": 36
  },
  "89": {
    "Id": 89,
    "InitializationId": 102,
    "LinkNumOne": 8,
    "LinkNumTwo": 9,
    "LinkNumThree": 0,
    "Weight": 29
  },
  "90": {
    "Id": 90,
    "InitializationId": 102,
    "LinkNumOne": 8,
    "LinkNumTwo": 10,
    "LinkNumThree": 0,
    "Weight": 20
  },
  "91": {
    "Id": 91,
    "InitializationId": 102,
    "LinkNumOne": 9,
    "LinkNumTwo": 1,
    "LinkNumThree": 0,
    "Weight": 667
  },
  "92": {
    "Id": 92,
    "InitializationId": 102,
    "LinkNumOne": 9,
    "LinkNumTwo": 2,
    "LinkNumThree": 0,
    "Weight": 1000
  },
  "93": {
    "Id": 93,
    "InitializationId": 102,
    "LinkNumOne": 9,
    "LinkNumTwo": 3,
    "LinkNumThree": 0,
    "Weight": 1654
  },
  "94": {
    "Id": 94,
    "InitializationId": 102,
    "LinkNumOne": 9,
    "LinkNumTwo": 4,
    "LinkNumThree": 0,
    "Weight": 750
  },
  "95": {
    "Id": 95,
    "InitializationId": 102,
    "LinkNumOne": 9,
    "LinkNumTwo": 5,
    "LinkNumThree": 0,
    "Weight": 428
  },
  "96": {
    "Id": 96,
    "InitializationId": 102,
    "LinkNumOne": 9,
    "LinkNumTwo": 6,
    "LinkNumThree": 0,
    "Weight": 83
  },
  "97": {
    "Id": 97,
    "InitializationId": 102,
    "LinkNumOne": 9,
    "LinkNumTwo": 7,
    "LinkNumThree": 0,
    "Weight": 36
  },
  "98": {
    "Id": 98,
    "InitializationId": 102,
    "LinkNumOne": 9,
    "LinkNumTwo": 8,
    "LinkNumThree": 0,
    "Weight": 29
  },
  "99": {
    "Id": 99,
    "InitializationId": 102,
    "LinkNumOne": 9,
    "LinkNumTwo": 9,
    "LinkNumThree": 0,
    "Weight": 20
  },
  "100": {
    "Id": 100,
    "InitializationId": 102,
    "LinkNumOne": 9,
    "LinkNumTwo": 10,
    "LinkNumThree": 0,
    "Weight": 10
  },
  "101": {
    "Id": 101,
    "InitializationId": 102,
    "LinkNumOne": 10,
    "LinkNumTwo": 1,
    "LinkNumThree": 0,
    "Weight": 1000
  },
  "102": {
    "Id": 102,
    "InitializationId": 102,
    "LinkNumOne": 10,
    "LinkNumTwo": 2,
    "LinkNumThree": 0,
    "Weight": 1654
  },
  "103": {
    "Id": 103,
    "InitializationId": 102,
    "LinkNumOne": 10,
    "LinkNumTwo": 3,
    "LinkNumThree": 0,
    "Weight": 750
  },
  "104": {
    "Id": 104,
    "InitializationId": 102,
    "LinkNumOne": 10,
    "LinkNumTwo": 4,
    "LinkNumThree": 0,
    "Weight": 428
  },
  "105": {
    "Id": 105,
    "InitializationId": 102,
    "LinkNumOne": 10,
    "LinkNumTwo": 5,
    "LinkNumThree": 0,
    "Weight": 83
  },
  "106": {
    "Id": 106,
    "InitializationId": 102,
    "LinkNumOne": 10,
    "LinkNumTwo": 6,
    "LinkNumThree": 0,
    "Weight": 36
  },
  "107": {
    "Id": 107,
    "InitializationId": 102,
    "LinkNumOne": 10,
    "LinkNumTwo": 7,
    "LinkNumThree": 0,
    "Weight": 29
  },
  "108": {
    "Id": 108,
    "InitializationId": 102,
    "LinkNumOne": 10,
    "LinkNumTwo": 8,
    "LinkNumThree": 0,
    "Weight": 20
  },
  "109": {
    "Id": 109,
    "InitializationId": 102,
    "LinkNumOne": 10,
    "LinkNumTwo": 9,
    "LinkNumThree": 0,
    "Weight": 10
  },
  "110": {
    "Id": 110,
    "InitializationId": 102,
    "LinkNumOne": 10,
    "LinkNumTwo": 10,
    "LinkNumThree": 0,
    "Weight": 1
  },
  "111": {
    "Id": 111,
    "InitializationId": 103,
    "LinkNumOne": 1,
    "LinkNumTwo": 1,
    "LinkNumThree": 1,
    "Weight": 2
  },
  "112": {
    "Id": 112,
    "InitializationId": 103,
    "LinkNumOne": 1,
    "LinkNumTwo": 2,
    "LinkNumThree": 1,
    "Weight": 3
  },
  "113": {
    "Id": 113,
    "InitializationId": 103,
    "LinkNumOne": 1,
    "LinkNumTwo": 3,
    "LinkNumThree": 1,
    "Weight": 4
  },
  "114": {
    "Id": 114,
    "InitializationId": 103,
    "LinkNumOne": 1,
    "LinkNumTwo": 4,
    "LinkNumThree": 1,
    "Weight": 5
  },
  "115": {
    "Id": 115,
    "InitializationId": 103,
    "LinkNumOne": 1,
    "LinkNumTwo": 5,
    "LinkNumThree": 1,
    "Weight": 10
  },
  "116": {
    "Id": 116,
    "InitializationId": 103,
    "LinkNumOne": 1,
    "LinkNumTwo": 6,
    "LinkNumThree": 1,
    "Weight": 50
  },
  "117": {
    "Id": 117,
    "InitializationId": 103,
    "LinkNumOne": 1,
    "LinkNumTwo": 7,
    "LinkNumThree": 1,
    "Weight": 70
  },
  "118": {
    "Id": 118,
    "InitializationId": 103,
    "LinkNumOne": 1,
    "LinkNumTwo": 8,
    "LinkNumThree": 1,
    "Weight": 80
  },
  "119": {
    "Id": 119,
    "InitializationId": 103,
    "LinkNumOne": 1,
    "LinkNumTwo": 9,
    "LinkNumThree": 1,
    "Weight": 300
  },
  "120": {
    "Id": 120,
    "InitializationId": 103,
    "LinkNumOne": 1,
    "LinkNumTwo": 10,
    "LinkNumThree": 1,
    "Weight": 500
  },
  "121": {
    "Id": 121,
    "InitializationId": 103,
    "LinkNumOne": 2,
    "LinkNumTwo": 1,
    "LinkNumThree": 1,
    "Weight": 3
  },
  "122": {
    "Id": 122,
    "InitializationId": 103,
    "LinkNumOne": 2,
    "LinkNumTwo": 2,
    "LinkNumThree": 1,
    "Weight": 4
  },
  "123": {
    "Id": 123,
    "InitializationId": 103,
    "LinkNumOne": 2,
    "LinkNumTwo": 3,
    "LinkNumThree": 1,
    "Weight": 5
  },
  "124": {
    "Id": 124,
    "InitializationId": 103,
    "LinkNumOne": 2,
    "LinkNumTwo": 4,
    "LinkNumThree": 1,
    "Weight": 10
  },
  "125": {
    "Id": 125,
    "InitializationId": 103,
    "LinkNumOne": 2,
    "LinkNumTwo": 5,
    "LinkNumThree": 1,
    "Weight": 50
  },
  "126": {
    "Id": 126,
    "InitializationId": 103,
    "LinkNumOne": 2,
    "LinkNumTwo": 6,
    "LinkNumThree": 1,
    "Weight": 70
  },
  "127": {
    "Id": 127,
    "InitializationId": 103,
    "LinkNumOne": 2,
    "LinkNumTwo": 7,
    "LinkNumThree": 1,
    "Weight": 80
  },
  "128": {
    "Id": 128,
    "InitializationId": 103,
    "LinkNumOne": 2,
    "LinkNumTwo": 8,
    "LinkNumThree": 1,
    "Weight": 300
  },
  "129": {
    "Id": 129,
    "InitializationId": 103,
    "LinkNumOne": 2,
    "LinkNumTwo": 9,
    "LinkNumThree": 1,
    "Weight": 500
  },
  "130": {
    "Id": 130,
    "InitializationId": 103,
    "LinkNumOne": 2,
    "LinkNumTwo": 10,
    "LinkNumThree": 1,
    "Weight": 800
  },
  "131": {
    "Id": 131,
    "InitializationId": 103,
    "LinkNumOne": 3,
    "LinkNumTwo": 1,
    "LinkNumThree": 1,
    "Weight": 4
  },
  "132": {
    "Id": 132,
    "InitializationId": 103,
    "LinkNumOne": 3,
    "LinkNumTwo": 2,
    "LinkNumThree": 1,
    "Weight": 5
  },
  "133": {
    "Id": 133,
    "InitializationId": 103,
    "LinkNumOne": 3,
    "LinkNumTwo": 3,
    "LinkNumThree": 1,
    "Weight": 10
  },
  "134": {
    "Id": 134,
    "InitializationId": 103,
    "LinkNumOne": 3,
    "LinkNumTwo": 4,
    "LinkNumThree": 1,
    "Weight": 50
  },
  "135": {
    "Id": 135,
    "InitializationId": 103,
    "LinkNumOne": 3,
    "LinkNumTwo": 5,
    "LinkNumThree": 1,
    "Weight": 70
  },
  "136": {
    "Id": 136,
    "InitializationId": 103,
    "LinkNumOne": 3,
    "LinkNumTwo": 6,
    "LinkNumThree": 1,
    "Weight": 80
  },
  "137": {
    "Id": 137,
    "InitializationId": 103,
    "LinkNumOne": 3,
    "LinkNumTwo": 7,
    "LinkNumThree": 1,
    "Weight": 300
  },
  "138": {
    "Id": 138,
    "InitializationId": 103,
    "LinkNumOne": 3,
    "LinkNumTwo": 8,
    "LinkNumThree": 1,
    "Weight": 500
  },
  "139": {
    "Id": 139,
    "InitializationId": 103,
    "LinkNumOne": 3,
    "LinkNumTwo": 9,
    "LinkNumThree": 1,
    "Weight": 800
  },
  "140": {
    "Id": 140,
    "InitializationId": 103,
    "LinkNumOne": 3,
    "LinkNumTwo": 10,
    "LinkNumThree": 1,
    "Weight": 1000
  },
  "141": {
    "Id": 141,
    "InitializationId": 103,
    "LinkNumOne": 4,
    "LinkNumTwo": 1,
    "LinkNumThree": 1,
    "Weight": 5
  },
  "142": {
    "Id": 142,
    "InitializationId": 103,
    "LinkNumOne": 4,
    "LinkNumTwo": 2,
    "LinkNumThree": 1,
    "Weight": 10
  },
  "143": {
    "Id": 143,
    "InitializationId": 103,
    "LinkNumOne": 4,
    "LinkNumTwo": 3,
    "LinkNumThree": 1,
    "Weight": 50
  },
  "144": {
    "Id": 144,
    "InitializationId": 103,
    "LinkNumOne": 4,
    "LinkNumTwo": 4,
    "LinkNumThree": 1,
    "Weight": 70
  },
  "145": {
    "Id": 145,
    "InitializationId": 103,
    "LinkNumOne": 4,
    "LinkNumTwo": 5,
    "LinkNumThree": 1,
    "Weight": 80
  },
  "146": {
    "Id": 146,
    "InitializationId": 103,
    "LinkNumOne": 4,
    "LinkNumTwo": 6,
    "LinkNumThree": 1,
    "Weight": 300
  },
  "147": {
    "Id": 147,
    "InitializationId": 103,
    "LinkNumOne": 4,
    "LinkNumTwo": 7,
    "LinkNumThree": 1,
    "Weight": 500
  },
  "148": {
    "Id": 148,
    "InitializationId": 103,
    "LinkNumOne": 4,
    "LinkNumTwo": 8,
    "LinkNumThree": 1,
    "Weight": 800
  },
  "149": {
    "Id": 149,
    "InitializationId": 103,
    "LinkNumOne": 4,
    "LinkNumTwo": 9,
    "LinkNumThree": 1,
    "Weight": 1000
  },
  "150": {
    "Id": 150,
    "InitializationId": 103,
    "LinkNumOne": 4,
    "LinkNumTwo": 10,
    "LinkNumThree": 1,
    "Weight": 600
  },
  "151": {
    "Id": 151,
    "InitializationId": 103,
    "LinkNumOne": 5,
    "LinkNumTwo": 1,
    "LinkNumThree": 1,
    "Weight": 10
  },
  "152": {
    "Id": 152,
    "InitializationId": 103,
    "LinkNumOne": 5,
    "LinkNumTwo": 2,
    "LinkNumThree": 1,
    "Weight": 50
  },
  "153": {
    "Id": 153,
    "InitializationId": 103,
    "LinkNumOne": 5,
    "LinkNumTwo": 3,
    "LinkNumThree": 1,
    "Weight": 70
  },
  "154": {
    "Id": 154,
    "InitializationId": 103,
    "LinkNumOne": 5,
    "LinkNumTwo": 4,
    "LinkNumThree": 1,
    "Weight": 80
  },
  "155": {
    "Id": 155,
    "InitializationId": 103,
    "LinkNumOne": 5,
    "LinkNumTwo": 5,
    "LinkNumThree": 1,
    "Weight": 300
  },
  "156": {
    "Id": 156,
    "InitializationId": 103,
    "LinkNumOne": 5,
    "LinkNumTwo": 6,
    "LinkNumThree": 1,
    "Weight": 500
  },
  "157": {
    "Id": 157,
    "InitializationId": 103,
    "LinkNumOne": 5,
    "LinkNumTwo": 7,
    "LinkNumThree": 1,
    "Weight": 800
  },
  "158": {
    "Id": 158,
    "InitializationId": 103,
    "LinkNumOne": 5,
    "LinkNumTwo": 8,
    "LinkNumThree": 1,
    "Weight": 1000
  },
  "159": {
    "Id": 159,
    "InitializationId": 103,
    "LinkNumOne": 5,
    "LinkNumTwo": 9,
    "LinkNumThree": 1,
    "Weight": 600
  },
  "160": {
    "Id": 160,
    "InitializationId": 103,
    "LinkNumOne": 5,
    "LinkNumTwo": 10,
    "LinkNumThree": 1,
    "Weight": 300
  },
  "161": {
    "Id": 161,
    "InitializationId": 103,
    "LinkNumOne": 6,
    "LinkNumTwo": 1,
    "LinkNumThree": 1,
    "Weight": 50
  },
  "162": {
    "Id": 162,
    "InitializationId": 103,
    "LinkNumOne": 6,
    "LinkNumTwo": 2,
    "LinkNumThree": 1,
    "Weight": 70
  },
  "163": {
    "Id": 163,
    "InitializationId": 103,
    "LinkNumOne": 6,
    "LinkNumTwo": 3,
    "LinkNumThree": 1,
    "Weight": 80
  },
  "164": {
    "Id": 164,
    "InitializationId": 103,
    "LinkNumOne": 6,
    "LinkNumTwo": 4,
    "LinkNumThree": 1,
    "Weight": 300
  },
  "165": {
    "Id": 165,
    "InitializationId": 103,
    "LinkNumOne": 6,
    "LinkNumTwo": 5,
    "LinkNumThree": 1,
    "Weight": 500
  },
  "166": {
    "Id": 166,
    "InitializationId": 103,
    "LinkNumOne": 6,
    "LinkNumTwo": 6,
    "LinkNumThree": 1,
    "Weight": 800
  },
  "167": {
    "Id": 167,
    "InitializationId": 103,
    "LinkNumOne": 6,
    "LinkNumTwo": 7,
    "LinkNumThree": 1,
    "Weight": 1000
  },
  "168": {
    "Id": 168,
    "InitializationId": 103,
    "LinkNumOne": 6,
    "LinkNumTwo": 8,
    "LinkNumThree": 1,
    "Weight": 600
  },
  "169": {
    "Id": 169,
    "InitializationId": 103,
    "LinkNumOne": 6,
    "LinkNumTwo": 9,
    "LinkNumThree": 1,
    "Weight": 300
  },
  "170": {
    "Id": 170,
    "InitializationId": 103,
    "LinkNumOne": 6,
    "LinkNumTwo": 10,
    "LinkNumThree": 1,
    "Weight": 120
  },
  "171": {
    "Id": 171,
    "InitializationId": 103,
    "LinkNumOne": 7,
    "LinkNumTwo": 1,
    "LinkNumThree": 1,
    "Weight": 70
  },
  "172": {
    "Id": 172,
    "InitializationId": 103,
    "LinkNumOne": 7,
    "LinkNumTwo": 2,
    "LinkNumThree": 1,
    "Weight": 80
  },
  "173": {
    "Id": 173,
    "InitializationId": 103,
    "LinkNumOne": 7,
    "LinkNumTwo": 3,
    "LinkNumThree": 1,
    "Weight": 300
  },
  "174": {
    "Id": 174,
    "InitializationId": 103,
    "LinkNumOne": 7,
    "LinkNumTwo": 4,
    "LinkNumThree": 1,
    "Weight": 500
  },
  "175": {
    "Id": 175,
    "InitializationId": 103,
    "LinkNumOne": 7,
    "LinkNumTwo": 5,
    "LinkNumThree": 1,
    "Weight": 800
  },
  "176": {
    "Id": 176,
    "InitializationId": 103,
    "LinkNumOne": 7,
    "LinkNumTwo": 6,
    "LinkNumThree": 1,
    "Weight": 1000
  },
  "177": {
    "Id": 177,
    "InitializationId": 103,
    "LinkNumOne": 7,
    "LinkNumTwo": 7,
    "LinkNumThree": 1,
    "Weight": 600
  },
  "178": {
    "Id": 178,
    "InitializationId": 103,
    "LinkNumOne": 7,
    "LinkNumTwo": 8,
    "LinkNumThree": 1,
    "Weight": 300
  },
  "179": {
    "Id": 179,
    "InitializationId": 103,
    "LinkNumOne": 7,
    "LinkNumTwo": 9,
    "LinkNumThree": 1,
    "Weight": 120
  },
  "180": {
    "Id": 180,
    "InitializationId": 103,
    "LinkNumOne": 7,
    "LinkNumTwo": 10,
    "LinkNumThree": 1,
    "Weight": 90
  },
  "181": {
    "Id": 181,
    "InitializationId": 103,
    "LinkNumOne": 8,
    "LinkNumTwo": 1,
    "LinkNumThree": 1,
    "Weight": 80
  },
  "182": {
    "Id": 182,
    "InitializationId": 103,
    "LinkNumOne": 8,
    "LinkNumTwo": 2,
    "LinkNumThree": 1,
    "Weight": 300
  },
  "183": {
    "Id": 183,
    "InitializationId": 103,
    "LinkNumOne": 8,
    "LinkNumTwo": 3,
    "LinkNumThree": 1,
    "Weight": 500
  },
  "184": {
    "Id": 184,
    "InitializationId": 103,
    "LinkNumOne": 8,
    "LinkNumTwo": 4,
    "LinkNumThree": 1,
    "Weight": 800
  },
  "185": {
    "Id": 185,
    "InitializationId": 103,
    "LinkNumOne": 8,
    "LinkNumTwo": 5,
    "LinkNumThree": 1,
    "Weight": 1000
  },
  "186": {
    "Id": 186,
    "InitializationId": 103,
    "LinkNumOne": 8,
    "LinkNumTwo": 6,
    "LinkNumThree": 1,
    "Weight": 600
  },
  "187": {
    "Id": 187,
    "InitializationId": 103,
    "LinkNumOne": 8,
    "LinkNumTwo": 7,
    "LinkNumThree": 1,
    "Weight": 300
  },
  "188": {
    "Id": 188,
    "InitializationId": 103,
    "LinkNumOne": 8,
    "LinkNumTwo": 8,
    "LinkNumThree": 1,
    "Weight": 120
  },
  "189": {
    "Id": 189,
    "InitializationId": 103,
    "LinkNumOne": 8,
    "LinkNumTwo": 9,
    "LinkNumThree": 1,
    "Weight": 90
  },
  "190": {
    "Id": 190,
    "InitializationId": 103,
    "LinkNumOne": 8,
    "LinkNumTwo": 10,
    "LinkNumThree": 1,
    "Weight": 80
  },
  "191": {
    "Id": 191,
    "InitializationId": 103,
    "LinkNumOne": 9,
    "LinkNumTwo": 1,
    "LinkNumThree": 1,
    "Weight": 300
  },
  "192": {
    "Id": 192,
    "InitializationId": 103,
    "LinkNumOne": 9,
    "LinkNumTwo": 2,
    "LinkNumThree": 1,
    "Weight": 500
  },
  "193": {
    "Id": 193,
    "InitializationId": 103,
    "LinkNumOne": 9,
    "LinkNumTwo": 3,
    "LinkNumThree": 1,
    "Weight": 800
  },
  "194": {
    "Id": 194,
    "InitializationId": 103,
    "LinkNumOne": 9,
    "LinkNumTwo": 4,
    "LinkNumThree": 1,
    "Weight": 1000
  },
  "195": {
    "Id": 195,
    "InitializationId": 103,
    "LinkNumOne": 9,
    "LinkNumTwo": 5,
    "LinkNumThree": 1,
    "Weight": 600
  },
  "196": {
    "Id": 196,
    "InitializationId": 103,
    "LinkNumOne": 9,
    "LinkNumTwo": 6,
    "LinkNumThree": 1,
    "Weight": 300
  },
  "197": {
    "Id": 197,
    "InitializationId": 103,
    "LinkNumOne": 9,
    "LinkNumTwo": 7,
    "LinkNumThree": 1,
    "Weight": 120
  },
  "198": {
    "Id": 198,
    "InitializationId": 103,
    "LinkNumOne": 9,
    "LinkNumTwo": 8,
    "LinkNumThree": 1,
    "Weight": 90
  },
  "199": {
    "Id": 199,
    "InitializationId": 103,
    "LinkNumOne": 9,
    "LinkNumTwo": 9,
    "LinkNumThree": 1,
    "Weight": 80
  },
  "200": {
    "Id": 200,
    "InitializationId": 103,
    "LinkNumOne": 9,
    "LinkNumTwo": 10,
    "LinkNumThree": 1,
    "Weight": 10
  },
  "201": {
    "Id": 201,
    "InitializationId": 103,
    "LinkNumOne": 10,
    "LinkNumTwo": 1,
    "LinkNumThree": 1,
    "Weight": 500
  },
  "202": {
    "Id": 202,
    "InitializationId": 103,
    "LinkNumOne": 10,
    "LinkNumTwo": 2,
    "LinkNumThree": 1,
    "Weight": 800
  },
  "203": {
    "Id": 203,
    "InitializationId": 103,
    "LinkNumOne": 10,
    "LinkNumTwo": 3,
    "LinkNumThree": 1,
    "Weight": 1000
  },
  "204": {
    "Id": 204,
    "InitializationId": 103,
    "LinkNumOne": 10,
    "LinkNumTwo": 4,
    "LinkNumThree": 1,
    "Weight": 600
  },
  "205": {
    "Id": 205,
    "InitializationId": 103,
    "LinkNumOne": 10,
    "LinkNumTwo": 5,
    "LinkNumThree": 1,
    "Weight": 300
  },
  "206": {
    "Id": 206,
    "InitializationId": 103,
    "LinkNumOne": 10,
    "LinkNumTwo": 6,
    "LinkNumThree": 1,
    "Weight": 120
  },
  "207": {
    "Id": 207,
    "InitializationId": 103,
    "LinkNumOne": 10,
    "LinkNumTwo": 7,
    "LinkNumThree": 1,
    "Weight": 90
  },
  "208": {
    "Id": 208,
    "InitializationId": 103,
    "LinkNumOne": 10,
    "LinkNumTwo": 8,
    "LinkNumThree": 1,
    "Weight": 80
  },
  "209": {
    "Id": 209,
    "InitializationId": 103,
    "LinkNumOne": 10,
    "LinkNumTwo": 9,
    "LinkNumThree": 1,
    "Weight": 10
  },
  "210": {
    "Id": 210,
    "InitializationId": 103,
    "LinkNumOne": 10,
    "LinkNumTwo": 10,
    "LinkNumThree": 1,
    "Weight": 6
  },
  "211": {
    "Id": 211,
    "InitializationId": 103,
    "LinkNumOne": 1,
    "LinkNumTwo": 1,
    "LinkNumThree": 2,
    "Weight": 5
  },
  "212": {
    "Id": 212,
    "InitializationId": 103,
    "LinkNumOne": 1,
    "LinkNumTwo": 2,
    "LinkNumThree": 2,
    "Weight": 8
  },
  "213": {
    "Id": 213,
    "InitializationId": 103,
    "LinkNumOne": 1,
    "LinkNumTwo": 3,
    "LinkNumThree": 2,
    "Weight": 10
  },
  "214": {
    "Id": 214,
    "InitializationId": 103,
    "LinkNumOne": 1,
    "LinkNumTwo": 4,
    "LinkNumThree": 2,
    "Weight": 20
  },
  "215": {
    "Id": 215,
    "InitializationId": 103,
    "LinkNumOne": 1,
    "LinkNumTwo": 5,
    "LinkNumThree": 2,
    "Weight": 50
  },
  "216": {
    "Id": 216,
    "InitializationId": 103,
    "LinkNumOne": 1,
    "LinkNumTwo": 6,
    "LinkNumThree": 2,
    "Weight": 100
  },
  "217": {
    "Id": 217,
    "InitializationId": 103,
    "LinkNumOne": 1,
    "LinkNumTwo": 7,
    "LinkNumThree": 2,
    "Weight": 140
  },
  "218": {
    "Id": 218,
    "InitializationId": 103,
    "LinkNumOne": 1,
    "LinkNumTwo": 8,
    "LinkNumThree": 2,
    "Weight": 200
  },
  "219": {
    "Id": 219,
    "InitializationId": 103,
    "LinkNumOne": 1,
    "LinkNumTwo": 9,
    "LinkNumThree": 2,
    "Weight": 600
  },
  "220": {
    "Id": 220,
    "InitializationId": 103,
    "LinkNumOne": 1,
    "LinkNumTwo": 10,
    "LinkNumThree": 2,
    "Weight": 800
  },
  "221": {
    "Id": 221,
    "InitializationId": 103,
    "LinkNumOne": 2,
    "LinkNumTwo": 1,
    "LinkNumThree": 2,
    "Weight": 8
  },
  "222": {
    "Id": 222,
    "InitializationId": 103,
    "LinkNumOne": 2,
    "LinkNumTwo": 2,
    "LinkNumThree": 2,
    "Weight": 10
  },
  "223": {
    "Id": 223,
    "InitializationId": 103,
    "LinkNumOne": 2,
    "LinkNumTwo": 3,
    "LinkNumThree": 2,
    "Weight": 20
  },
  "224": {
    "Id": 224,
    "InitializationId": 103,
    "LinkNumOne": 2,
    "LinkNumTwo": 4,
    "LinkNumThree": 2,
    "Weight": 50
  },
  "225": {
    "Id": 225,
    "InitializationId": 103,
    "LinkNumOne": 2,
    "LinkNumTwo": 5,
    "LinkNumThree": 2,
    "Weight": 100
  },
  "226": {
    "Id": 226,
    "InitializationId": 103,
    "LinkNumOne": 2,
    "LinkNumTwo": 6,
    "LinkNumThree": 2,
    "Weight": 140
  },
  "227": {
    "Id": 227,
    "InitializationId": 103,
    "LinkNumOne": 2,
    "LinkNumTwo": 7,
    "LinkNumThree": 2,
    "Weight": 200
  },
  "228": {
    "Id": 228,
    "InitializationId": 103,
    "LinkNumOne": 2,
    "LinkNumTwo": 8,
    "LinkNumThree": 2,
    "Weight": 600
  },
  "229": {
    "Id": 229,
    "InitializationId": 103,
    "LinkNumOne": 2,
    "LinkNumTwo": 9,
    "LinkNumThree": 2,
    "Weight": 800
  },
  "230": {
    "Id": 230,
    "InitializationId": 103,
    "LinkNumOne": 2,
    "LinkNumTwo": 10,
    "LinkNumThree": 2,
    "Weight": 1654
  },
  "231": {
    "Id": 231,
    "InitializationId": 103,
    "LinkNumOne": 3,
    "LinkNumTwo": 1,
    "LinkNumThree": 2,
    "Weight": 10
  },
  "232": {
    "Id": 232,
    "InitializationId": 103,
    "LinkNumOne": 3,
    "LinkNumTwo": 2,
    "LinkNumThree": 2,
    "Weight": 20
  },
  "233": {
    "Id": 233,
    "InitializationId": 103,
    "LinkNumOne": 3,
    "LinkNumTwo": 3,
    "LinkNumThree": 2,
    "Weight": 50
  },
  "234": {
    "Id": 234,
    "InitializationId": 103,
    "LinkNumOne": 3,
    "LinkNumTwo": 4,
    "LinkNumThree": 2,
    "Weight": 100
  },
  "235": {
    "Id": 235,
    "InitializationId": 103,
    "LinkNumOne": 3,
    "LinkNumTwo": 5,
    "LinkNumThree": 2,
    "Weight": 140
  },
  "236": {
    "Id": 236,
    "InitializationId": 103,
    "LinkNumOne": 3,
    "LinkNumTwo": 6,
    "LinkNumThree": 2,
    "Weight": 200
  },
  "237": {
    "Id": 237,
    "InitializationId": 103,
    "LinkNumOne": 3,
    "LinkNumTwo": 7,
    "LinkNumThree": 2,
    "Weight": 600
  },
  "238": {
    "Id": 238,
    "InitializationId": 103,
    "LinkNumOne": 3,
    "LinkNumTwo": 8,
    "LinkNumThree": 2,
    "Weight": 800
  },
  "239": {
    "Id": 239,
    "InitializationId": 103,
    "LinkNumOne": 3,
    "LinkNumTwo": 9,
    "LinkNumThree": 2,
    "Weight": 1654
  },
  "240": {
    "Id": 240,
    "InitializationId": 103,
    "LinkNumOne": 3,
    "LinkNumTwo": 10,
    "LinkNumThree": 2,
    "Weight": 1500
  },
  "241": {
    "Id": 241,
    "InitializationId": 103,
    "LinkNumOne": 4,
    "LinkNumTwo": 1,
    "LinkNumThree": 2,
    "Weight": 20
  },
  "242": {
    "Id": 242,
    "InitializationId": 103,
    "LinkNumOne": 4,
    "LinkNumTwo": 2,
    "LinkNumThree": 2,
    "Weight": 50
  },
  "243": {
    "Id": 243,
    "InitializationId": 103,
    "LinkNumOne": 4,
    "LinkNumTwo": 3,
    "LinkNumThree": 2,
    "Weight": 100
  },
  "244": {
    "Id": 244,
    "InitializationId": 103,
    "LinkNumOne": 4,
    "LinkNumTwo": 4,
    "LinkNumThree": 2,
    "Weight": 140
  },
  "245": {
    "Id": 245,
    "InitializationId": 103,
    "LinkNumOne": 4,
    "LinkNumTwo": 5,
    "LinkNumThree": 2,
    "Weight": 200
  },
  "246": {
    "Id": 246,
    "InitializationId": 103,
    "LinkNumOne": 4,
    "LinkNumTwo": 6,
    "LinkNumThree": 2,
    "Weight": 600
  },
  "247": {
    "Id": 247,
    "InitializationId": 103,
    "LinkNumOne": 4,
    "LinkNumTwo": 7,
    "LinkNumThree": 2,
    "Weight": 800
  },
  "248": {
    "Id": 248,
    "InitializationId": 103,
    "LinkNumOne": 4,
    "LinkNumTwo": 8,
    "LinkNumThree": 2,
    "Weight": 1654
  },
  "249": {
    "Id": 249,
    "InitializationId": 103,
    "LinkNumOne": 4,
    "LinkNumTwo": 9,
    "LinkNumThree": 2,
    "Weight": 1500
  },
  "250": {
    "Id": 250,
    "InitializationId": 103,
    "LinkNumOne": 4,
    "LinkNumTwo": 10,
    "LinkNumThree": 2,
    "Weight": 800
  },
  "251": {
    "Id": 251,
    "InitializationId": 103,
    "LinkNumOne": 5,
    "LinkNumTwo": 1,
    "LinkNumThree": 2,
    "Weight": 50
  },
  "252": {
    "Id": 252,
    "InitializationId": 103,
    "LinkNumOne": 5,
    "LinkNumTwo": 2,
    "LinkNumThree": 2,
    "Weight": 100
  },
  "253": {
    "Id": 253,
    "InitializationId": 103,
    "LinkNumOne": 5,
    "LinkNumTwo": 3,
    "LinkNumThree": 2,
    "Weight": 140
  },
  "254": {
    "Id": 254,
    "InitializationId": 103,
    "LinkNumOne": 5,
    "LinkNumTwo": 4,
    "LinkNumThree": 2,
    "Weight": 200
  },
  "255": {
    "Id": 255,
    "InitializationId": 103,
    "LinkNumOne": 5,
    "LinkNumTwo": 5,
    "LinkNumThree": 2,
    "Weight": 600
  },
  "256": {
    "Id": 256,
    "InitializationId": 103,
    "LinkNumOne": 5,
    "LinkNumTwo": 6,
    "LinkNumThree": 2,
    "Weight": 800
  },
  "257": {
    "Id": 257,
    "InitializationId": 103,
    "LinkNumOne": 5,
    "LinkNumTwo": 7,
    "LinkNumThree": 2,
    "Weight": 1654
  },
  "258": {
    "Id": 258,
    "InitializationId": 103,
    "LinkNumOne": 5,
    "LinkNumTwo": 8,
    "LinkNumThree": 2,
    "Weight": 1500
  },
  "259": {
    "Id": 259,
    "InitializationId": 103,
    "LinkNumOne": 5,
    "LinkNumTwo": 9,
    "LinkNumThree": 2,
    "Weight": 800
  },
  "260": {
    "Id": 260,
    "InitializationId": 103,
    "LinkNumOne": 5,
    "LinkNumTwo": 10,
    "LinkNumThree": 2,
    "Weight": 250
  },
  "261": {
    "Id": 261,
    "InitializationId": 103,
    "LinkNumOne": 6,
    "LinkNumTwo": 1,
    "LinkNumThree": 2,
    "Weight": 100
  },
  "262": {
    "Id": 262,
    "InitializationId": 103,
    "LinkNumOne": 6,
    "LinkNumTwo": 2,
    "LinkNumThree": 2,
    "Weight": 140
  },
  "263": {
    "Id": 263,
    "InitializationId": 103,
    "LinkNumOne": 6,
    "LinkNumTwo": 3,
    "LinkNumThree": 2,
    "Weight": 200
  },
  "264": {
    "Id": 264,
    "InitializationId": 103,
    "LinkNumOne": 6,
    "LinkNumTwo": 4,
    "LinkNumThree": 2,
    "Weight": 600
  },
  "265": {
    "Id": 265,
    "InitializationId": 103,
    "LinkNumOne": 6,
    "LinkNumTwo": 5,
    "LinkNumThree": 2,
    "Weight": 800
  },
  "266": {
    "Id": 266,
    "InitializationId": 103,
    "LinkNumOne": 6,
    "LinkNumTwo": 6,
    "LinkNumThree": 2,
    "Weight": 1654
  },
  "267": {
    "Id": 267,
    "InitializationId": 103,
    "LinkNumOne": 6,
    "LinkNumTwo": 7,
    "LinkNumThree": 2,
    "Weight": 1500
  },
  "268": {
    "Id": 268,
    "InitializationId": 103,
    "LinkNumOne": 6,
    "LinkNumTwo": 8,
    "LinkNumThree": 2,
    "Weight": 800
  },
  "269": {
    "Id": 269,
    "InitializationId": 103,
    "LinkNumOne": 6,
    "LinkNumTwo": 9,
    "LinkNumThree": 2,
    "Weight": 250
  },
  "270": {
    "Id": 270,
    "InitializationId": 103,
    "LinkNumOne": 6,
    "LinkNumTwo": 10,
    "LinkNumThree": 2,
    "Weight": 100
  },
  "271": {
    "Id": 271,
    "InitializationId": 103,
    "LinkNumOne": 7,
    "LinkNumTwo": 1,
    "LinkNumThree": 2,
    "Weight": 140
  },
  "272": {
    "Id": 272,
    "InitializationId": 103,
    "LinkNumOne": 7,
    "LinkNumTwo": 2,
    "LinkNumThree": 2,
    "Weight": 200
  },
  "273": {
    "Id": 273,
    "InitializationId": 103,
    "LinkNumOne": 7,
    "LinkNumTwo": 3,
    "LinkNumThree": 2,
    "Weight": 600
  },
  "274": {
    "Id": 274,
    "InitializationId": 103,
    "LinkNumOne": 7,
    "LinkNumTwo": 4,
    "LinkNumThree": 2,
    "Weight": 800
  },
  "275": {
    "Id": 275,
    "InitializationId": 103,
    "LinkNumOne": 7,
    "LinkNumTwo": 5,
    "LinkNumThree": 2,
    "Weight": 1654
  },
  "276": {
    "Id": 276,
    "InitializationId": 103,
    "LinkNumOne": 7,
    "LinkNumTwo": 6,
    "LinkNumThree": 2,
    "Weight": 1500
  },
  "277": {
    "Id": 277,
    "InitializationId": 103,
    "LinkNumOne": 7,
    "LinkNumTwo": 7,
    "LinkNumThree": 2,
    "Weight": 800
  },
  "278": {
    "Id": 278,
    "InitializationId": 103,
    "LinkNumOne": 7,
    "LinkNumTwo": 8,
    "LinkNumThree": 2,
    "Weight": 250
  },
  "279": {
    "Id": 279,
    "InitializationId": 103,
    "LinkNumOne": 7,
    "LinkNumTwo": 9,
    "LinkNumThree": 2,
    "Weight": 100
  },
  "280": {
    "Id": 280,
    "InitializationId": 103,
    "LinkNumOne": 7,
    "LinkNumTwo": 10,
    "LinkNumThree": 2,
    "Weight": 80
  },
  "281": {
    "Id": 281,
    "InitializationId": 103,
    "LinkNumOne": 8,
    "LinkNumTwo": 1,
    "LinkNumThree": 2,
    "Weight": 200
  },
  "282": {
    "Id": 282,
    "InitializationId": 103,
    "LinkNumOne": 8,
    "LinkNumTwo": 2,
    "LinkNumThree": 2,
    "Weight": 600
  },
  "283": {
    "Id": 283,
    "InitializationId": 103,
    "LinkNumOne": 8,
    "LinkNumTwo": 3,
    "LinkNumThree": 2,
    "Weight": 800
  },
  "284": {
    "Id": 284,
    "InitializationId": 103,
    "LinkNumOne": 8,
    "LinkNumTwo": 4,
    "LinkNumThree": 2,
    "Weight": 1654
  },
  "285": {
    "Id": 285,
    "InitializationId": 103,
    "LinkNumOne": 8,
    "LinkNumTwo": 5,
    "LinkNumThree": 2,
    "Weight": 1500
  },
  "286": {
    "Id": 286,
    "InitializationId": 103,
    "LinkNumOne": 8,
    "LinkNumTwo": 6,
    "LinkNumThree": 2,
    "Weight": 800
  },
  "287": {
    "Id": 287,
    "InitializationId": 103,
    "LinkNumOne": 8,
    "LinkNumTwo": 7,
    "LinkNumThree": 2,
    "Weight": 250
  },
  "288": {
    "Id": 288,
    "InitializationId": 103,
    "LinkNumOne": 8,
    "LinkNumTwo": 8,
    "LinkNumThree": 2,
    "Weight": 100
  },
  "289": {
    "Id": 289,
    "InitializationId": 103,
    "LinkNumOne": 8,
    "LinkNumTwo": 9,
    "LinkNumThree": 2,
    "Weight": 80
  },
  "290": {
    "Id": 290,
    "InitializationId": 103,
    "LinkNumOne": 8,
    "LinkNumTwo": 10,
    "LinkNumThree": 2,
    "Weight": 10
  },
  "291": {
    "Id": 291,
    "InitializationId": 103,
    "LinkNumOne": 9,
    "LinkNumTwo": 1,
    "LinkNumThree": 2,
    "Weight": 600
  },
  "292": {
    "Id": 292,
    "InitializationId": 103,
    "LinkNumOne": 9,
    "LinkNumTwo": 2,
    "LinkNumThree": 2,
    "Weight": 800
  },
  "293": {
    "Id": 293,
    "InitializationId": 103,
    "LinkNumOne": 9,
    "LinkNumTwo": 3,
    "LinkNumThree": 2,
    "Weight": 1654
  },
  "294": {
    "Id": 294,
    "InitializationId": 103,
    "LinkNumOne": 9,
    "LinkNumTwo": 4,
    "LinkNumThree": 2,
    "Weight": 1500
  },
  "295": {
    "Id": 295,
    "InitializationId": 103,
    "LinkNumOne": 9,
    "LinkNumTwo": 5,
    "LinkNumThree": 2,
    "Weight": 800
  },
  "296": {
    "Id": 296,
    "InitializationId": 103,
    "LinkNumOne": 9,
    "LinkNumTwo": 6,
    "LinkNumThree": 2,
    "Weight": 250
  },
  "297": {
    "Id": 297,
    "InitializationId": 103,
    "LinkNumOne": 9,
    "LinkNumTwo": 7,
    "LinkNumThree": 2,
    "Weight": 100
  },
  "298": {
    "Id": 298,
    "InitializationId": 103,
    "LinkNumOne": 9,
    "LinkNumTwo": 8,
    "LinkNumThree": 2,
    "Weight": 80
  },
  "299": {
    "Id": 299,
    "InitializationId": 103,
    "LinkNumOne": 9,
    "LinkNumTwo": 9,
    "LinkNumThree": 2,
    "Weight": 10
  },
  "300": {
    "Id": 300,
    "InitializationId": 103,
    "LinkNumOne": 9,
    "LinkNumTwo": 10,
    "LinkNumThree": 2,
    "Weight": 10
  },
  "301": {
    "Id": 301,
    "InitializationId": 103,
    "LinkNumOne": 10,
    "LinkNumTwo": 1,
    "LinkNumThree": 2,
    "Weight": 800
  },
  "302": {
    "Id": 302,
    "InitializationId": 103,
    "LinkNumOne": 10,
    "LinkNumTwo": 2,
    "LinkNumThree": 2,
    "Weight": 1654
  },
  "303": {
    "Id": 303,
    "InitializationId": 103,
    "LinkNumOne": 10,
    "LinkNumTwo": 3,
    "LinkNumThree": 2,
    "Weight": 1500
  },
  "304": {
    "Id": 304,
    "InitializationId": 103,
    "LinkNumOne": 10,
    "LinkNumTwo": 4,
    "LinkNumThree": 2,
    "Weight": 800
  },
  "305": {
    "Id": 305,
    "InitializationId": 103,
    "LinkNumOne": 10,
    "LinkNumTwo": 5,
    "LinkNumThree": 2,
    "Weight": 250
  },
  "306": {
    "Id": 306,
    "InitializationId": 103,
    "LinkNumOne": 10,
    "LinkNumTwo": 6,
    "LinkNumThree": 2,
    "Weight": 100
  },
  "307": {
    "Id": 307,
    "InitializationId": 103,
    "LinkNumOne": 10,
    "LinkNumTwo": 7,
    "LinkNumThree": 2,
    "Weight": 80
  },
  "308": {
    "Id": 308,
    "InitializationId": 103,
    "LinkNumOne": 10,
    "LinkNumTwo": 8,
    "LinkNumThree": 2,
    "Weight": 10
  },
  "309": {
    "Id": 309,
    "InitializationId": 103,
    "LinkNumOne": 10,
    "LinkNumTwo": 9,
    "LinkNumThree": 2,
    "Weight": 10
  },
  "310": {
    "Id": 310,
    "InitializationId": 103,
    "LinkNumOne": 10,
    "LinkNumTwo": 10,
    "LinkNumThree": 2,
    "Weight": 5
  },
  "311": {
    "Id": 311,
    "InitializationId": 103,
    "LinkNumOne": 1,
    "LinkNumTwo": 1,
    "LinkNumThree": 3,
    "Weight": 60
  },
  "312": {
    "Id": 312,
    "InitializationId": 103,
    "LinkNumOne": 1,
    "LinkNumTwo": 2,
    "LinkNumThree": 3,
    "Weight": 75
  },
  "313": {
    "Id": 313,
    "InitializationId": 103,
    "LinkNumOne": 1,
    "LinkNumTwo": 3,
    "LinkNumThree": 3,
    "Weight": 120
  },
  "314": {
    "Id": 314,
    "InitializationId": 103,
    "LinkNumOne": 1,
    "LinkNumTwo": 4,
    "LinkNumThree": 3,
    "Weight": 225
  },
  "315": {
    "Id": 315,
    "InitializationId": 103,
    "LinkNumOne": 1,
    "LinkNumTwo": 5,
    "LinkNumThree": 3,
    "Weight": 300
  },
  "316": {
    "Id": 316,
    "InitializationId": 103,
    "LinkNumOne": 1,
    "LinkNumTwo": 6,
    "LinkNumThree": 3,
    "Weight": 402
  },
  "317": {
    "Id": 317,
    "InitializationId": 103,
    "LinkNumOne": 1,
    "LinkNumTwo": 7,
    "LinkNumThree": 3,
    "Weight": 429
  },
  "318": {
    "Id": 318,
    "InitializationId": 103,
    "LinkNumOne": 1,
    "LinkNumTwo": 8,
    "LinkNumThree": 3,
    "Weight": 1125
  },
  "319": {
    "Id": 319,
    "InitializationId": 103,
    "LinkNumOne": 1,
    "LinkNumTwo": 9,
    "LinkNumThree": 3,
    "Weight": 2001
  },
  "320": {
    "Id": 320,
    "InitializationId": 103,
    "LinkNumOne": 1,
    "LinkNumTwo": 10,
    "LinkNumThree": 3,
    "Weight": 3000
  },
  "321": {
    "Id": 321,
    "InitializationId": 103,
    "LinkNumOne": 2,
    "LinkNumTwo": 1,
    "LinkNumThree": 3,
    "Weight": 75
  },
  "322": {
    "Id": 322,
    "InitializationId": 103,
    "LinkNumOne": 2,
    "LinkNumTwo": 2,
    "LinkNumThree": 3,
    "Weight": 120
  },
  "323": {
    "Id": 323,
    "InitializationId": 103,
    "LinkNumOne": 2,
    "LinkNumTwo": 3,
    "LinkNumThree": 3,
    "Weight": 225
  },
  "324": {
    "Id": 324,
    "InitializationId": 103,
    "LinkNumOne": 2,
    "LinkNumTwo": 4,
    "LinkNumThree": 3,
    "Weight": 300
  },
  "325": {
    "Id": 325,
    "InitializationId": 103,
    "LinkNumOne": 2,
    "LinkNumTwo": 5,
    "LinkNumThree": 3,
    "Weight": 402
  },
  "326": {
    "Id": 326,
    "InitializationId": 103,
    "LinkNumOne": 2,
    "LinkNumTwo": 6,
    "LinkNumThree": 3,
    "Weight": 429
  },
  "327": {
    "Id": 327,
    "InitializationId": 103,
    "LinkNumOne": 2,
    "LinkNumTwo": 7,
    "LinkNumThree": 3,
    "Weight": 1125
  },
  "328": {
    "Id": 328,
    "InitializationId": 103,
    "LinkNumOne": 2,
    "LinkNumTwo": 8,
    "LinkNumThree": 3,
    "Weight": 2001
  },
  "329": {
    "Id": 329,
    "InitializationId": 103,
    "LinkNumOne": 2,
    "LinkNumTwo": 9,
    "LinkNumThree": 3,
    "Weight": 3000
  },
  "330": {
    "Id": 330,
    "InitializationId": 103,
    "LinkNumOne": 2,
    "LinkNumTwo": 10,
    "LinkNumThree": 3,
    "Weight": 4962
  },
  "331": {
    "Id": 331,
    "InitializationId": 103,
    "LinkNumOne": 3,
    "LinkNumTwo": 1,
    "LinkNumThree": 3,
    "Weight": 120
  },
  "332": {
    "Id": 332,
    "InitializationId": 103,
    "LinkNumOne": 3,
    "LinkNumTwo": 2,
    "LinkNumThree": 3,
    "Weight": 225
  },
  "333": {
    "Id": 333,
    "InitializationId": 103,
    "LinkNumOne": 3,
    "LinkNumTwo": 3,
    "LinkNumThree": 3,
    "Weight": 300
  },
  "334": {
    "Id": 334,
    "InitializationId": 103,
    "LinkNumOne": 3,
    "LinkNumTwo": 4,
    "LinkNumThree": 3,
    "Weight": 402
  },
  "335": {
    "Id": 335,
    "InitializationId": 103,
    "LinkNumOne": 3,
    "LinkNumTwo": 5,
    "LinkNumThree": 3,
    "Weight": 429
  },
  "336": {
    "Id": 336,
    "InitializationId": 103,
    "LinkNumOne": 3,
    "LinkNumTwo": 6,
    "LinkNumThree": 3,
    "Weight": 1125
  },
  "337": {
    "Id": 337,
    "InitializationId": 103,
    "LinkNumOne": 3,
    "LinkNumTwo": 7,
    "LinkNumThree": 3,
    "Weight": 2001
  },
  "338": {
    "Id": 338,
    "InitializationId": 103,
    "LinkNumOne": 3,
    "LinkNumTwo": 8,
    "LinkNumThree": 3,
    "Weight": 3000
  },
  "339": {
    "Id": 339,
    "InitializationId": 103,
    "LinkNumOne": 3,
    "LinkNumTwo": 9,
    "LinkNumThree": 3,
    "Weight": 4962
  },
  "340": {
    "Id": 340,
    "InitializationId": 103,
    "LinkNumOne": 3,
    "LinkNumTwo": 10,
    "LinkNumThree": 3,
    "Weight": 2250
  },
  "341": {
    "Id": 341,
    "InitializationId": 103,
    "LinkNumOne": 4,
    "LinkNumTwo": 1,
    "LinkNumThree": 3,
    "Weight": 225
  },
  "342": {
    "Id": 342,
    "InitializationId": 103,
    "LinkNumOne": 4,
    "LinkNumTwo": 2,
    "LinkNumThree": 3,
    "Weight": 300
  },
  "343": {
    "Id": 343,
    "InitializationId": 103,
    "LinkNumOne": 4,
    "LinkNumTwo": 3,
    "LinkNumThree": 3,
    "Weight": 402
  },
  "344": {
    "Id": 344,
    "InitializationId": 103,
    "LinkNumOne": 4,
    "LinkNumTwo": 4,
    "LinkNumThree": 3,
    "Weight": 429
  },
  "345": {
    "Id": 345,
    "InitializationId": 103,
    "LinkNumOne": 4,
    "LinkNumTwo": 5,
    "LinkNumThree": 3,
    "Weight": 1125
  },
  "346": {
    "Id": 346,
    "InitializationId": 103,
    "LinkNumOne": 4,
    "LinkNumTwo": 6,
    "LinkNumThree": 3,
    "Weight": 2001
  },
  "347": {
    "Id": 347,
    "InitializationId": 103,
    "LinkNumOne": 4,
    "LinkNumTwo": 7,
    "LinkNumThree": 3,
    "Weight": 3000
  },
  "348": {
    "Id": 348,
    "InitializationId": 103,
    "LinkNumOne": 4,
    "LinkNumTwo": 8,
    "LinkNumThree": 3,
    "Weight": 4962
  },
  "349": {
    "Id": 349,
    "InitializationId": 103,
    "LinkNumOne": 4,
    "LinkNumTwo": 9,
    "LinkNumThree": 3,
    "Weight": 2250
  },
  "350": {
    "Id": 350,
    "InitializationId": 103,
    "LinkNumOne": 4,
    "LinkNumTwo": 10,
    "LinkNumThree": 3,
    "Weight": 1284
  },
  "351": {
    "Id": 351,
    "InitializationId": 103,
    "LinkNumOne": 5,
    "LinkNumTwo": 1,
    "LinkNumThree": 3,
    "Weight": 300
  },
  "352": {
    "Id": 352,
    "InitializationId": 103,
    "LinkNumOne": 5,
    "LinkNumTwo": 2,
    "LinkNumThree": 3,
    "Weight": 402
  },
  "353": {
    "Id": 353,
    "InitializationId": 103,
    "LinkNumOne": 5,
    "LinkNumTwo": 3,
    "LinkNumThree": 3,
    "Weight": 429
  },
  "354": {
    "Id": 354,
    "InitializationId": 103,
    "LinkNumOne": 5,
    "LinkNumTwo": 4,
    "LinkNumThree": 3,
    "Weight": 1125
  },
  "355": {
    "Id": 355,
    "InitializationId": 103,
    "LinkNumOne": 5,
    "LinkNumTwo": 5,
    "LinkNumThree": 3,
    "Weight": 2001
  },
  "356": {
    "Id": 356,
    "InitializationId": 103,
    "LinkNumOne": 5,
    "LinkNumTwo": 6,
    "LinkNumThree": 3,
    "Weight": 3000
  },
  "357": {
    "Id": 357,
    "InitializationId": 103,
    "LinkNumOne": 5,
    "LinkNumTwo": 7,
    "LinkNumThree": 3,
    "Weight": 4962
  },
  "358": {
    "Id": 358,
    "InitializationId": 103,
    "LinkNumOne": 5,
    "LinkNumTwo": 8,
    "LinkNumThree": 3,
    "Weight": 2250
  },
  "359": {
    "Id": 359,
    "InitializationId": 103,
    "LinkNumOne": 5,
    "LinkNumTwo": 9,
    "LinkNumThree": 3,
    "Weight": 1284
  },
  "360": {
    "Id": 360,
    "InitializationId": 103,
    "LinkNumOne": 5,
    "LinkNumTwo": 10,
    "LinkNumThree": 3,
    "Weight": 249
  },
  "361": {
    "Id": 361,
    "InitializationId": 103,
    "LinkNumOne": 6,
    "LinkNumTwo": 1,
    "LinkNumThree": 3,
    "Weight": 402
  },
  "362": {
    "Id": 362,
    "InitializationId": 103,
    "LinkNumOne": 6,
    "LinkNumTwo": 2,
    "LinkNumThree": 3,
    "Weight": 429
  },
  "363": {
    "Id": 363,
    "InitializationId": 103,
    "LinkNumOne": 6,
    "LinkNumTwo": 3,
    "LinkNumThree": 3,
    "Weight": 1125
  },
  "364": {
    "Id": 364,
    "InitializationId": 103,
    "LinkNumOne": 6,
    "LinkNumTwo": 4,
    "LinkNumThree": 3,
    "Weight": 2001
  },
  "365": {
    "Id": 365,
    "InitializationId": 103,
    "LinkNumOne": 6,
    "LinkNumTwo": 5,
    "LinkNumThree": 3,
    "Weight": 3000
  },
  "366": {
    "Id": 366,
    "InitializationId": 103,
    "LinkNumOne": 6,
    "LinkNumTwo": 6,
    "LinkNumThree": 3,
    "Weight": 4962
  },
  "367": {
    "Id": 367,
    "InitializationId": 103,
    "LinkNumOne": 6,
    "LinkNumTwo": 7,
    "LinkNumThree": 3,
    "Weight": 2250
  },
  "368": {
    "Id": 368,
    "InitializationId": 103,
    "LinkNumOne": 6,
    "LinkNumTwo": 8,
    "LinkNumThree": 3,
    "Weight": 1284
  },
  "369": {
    "Id": 369,
    "InitializationId": 103,
    "LinkNumOne": 6,
    "LinkNumTwo": 9,
    "LinkNumThree": 3,
    "Weight": 249
  },
  "370": {
    "Id": 370,
    "InitializationId": 103,
    "LinkNumOne": 6,
    "LinkNumTwo": 10,
    "LinkNumThree": 3,
    "Weight": 108
  },
  "371": {
    "Id": 371,
    "InitializationId": 103,
    "LinkNumOne": 7,
    "LinkNumTwo": 1,
    "LinkNumThree": 3,
    "Weight": 429
  },
  "372": {
    "Id": 372,
    "InitializationId": 103,
    "LinkNumOne": 7,
    "LinkNumTwo": 2,
    "LinkNumThree": 3,
    "Weight": 1125
  },
  "373": {
    "Id": 373,
    "InitializationId": 103,
    "LinkNumOne": 7,
    "LinkNumTwo": 3,
    "LinkNumThree": 3,
    "Weight": 2001
  },
  "374": {
    "Id": 374,
    "InitializationId": 103,
    "LinkNumOne": 7,
    "LinkNumTwo": 4,
    "LinkNumThree": 3,
    "Weight": 3000
  },
  "375": {
    "Id": 375,
    "InitializationId": 103,
    "LinkNumOne": 7,
    "LinkNumTwo": 5,
    "LinkNumThree": 3,
    "Weight": 4962
  },
  "376": {
    "Id": 376,
    "InitializationId": 103,
    "LinkNumOne": 7,
    "LinkNumTwo": 6,
    "LinkNumThree": 3,
    "Weight": 2250
  },
  "377": {
    "Id": 377,
    "InitializationId": 103,
    "LinkNumOne": 7,
    "LinkNumTwo": 7,
    "LinkNumThree": 3,
    "Weight": 1284
  },
  "378": {
    "Id": 378,
    "InitializationId": 103,
    "LinkNumOne": 7,
    "LinkNumTwo": 8,
    "LinkNumThree": 3,
    "Weight": 249
  },
  "379": {
    "Id": 379,
    "InitializationId": 103,
    "LinkNumOne": 7,
    "LinkNumTwo": 9,
    "LinkNumThree": 3,
    "Weight": 108
  },
  "380": {
    "Id": 380,
    "InitializationId": 103,
    "LinkNumOne": 7,
    "LinkNumTwo": 10,
    "LinkNumThree": 3,
    "Weight": 8
  },
  "381": {
    "Id": 381,
    "InitializationId": 103,
    "LinkNumOne": 8,
    "LinkNumTwo": 1,
    "LinkNumThree": 3,
    "Weight": 1125
  },
  "382": {
    "Id": 382,
    "InitializationId": 103,
    "LinkNumOne": 8,
    "LinkNumTwo": 2,
    "LinkNumThree": 3,
    "Weight": 2001
  },
  "383": {
    "Id": 383,
    "InitializationId": 103,
    "LinkNumOne": 8,
    "LinkNumTwo": 3,
    "LinkNumThree": 3,
    "Weight": 3000
  },
  "384": {
    "Id": 384,
    "InitializationId": 103,
    "LinkNumOne": 8,
    "LinkNumTwo": 4,
    "LinkNumThree": 3,
    "Weight": 4962
  },
  "385": {
    "Id": 385,
    "InitializationId": 103,
    "LinkNumOne": 8,
    "LinkNumTwo": 5,
    "LinkNumThree": 3,
    "Weight": 2250
  },
  "386": {
    "Id": 386,
    "InitializationId": 103,
    "LinkNumOne": 8,
    "LinkNumTwo": 6,
    "LinkNumThree": 3,
    "Weight": 1284
  },
  "387": {
    "Id": 387,
    "InitializationId": 103,
    "LinkNumOne": 8,
    "LinkNumTwo": 7,
    "LinkNumThree": 3,
    "Weight": 249
  },
  "388": {
    "Id": 388,
    "InitializationId": 103,
    "LinkNumOne": 8,
    "LinkNumTwo": 8,
    "LinkNumThree": 3,
    "Weight": 108
  },
  "389": {
    "Id": 389,
    "InitializationId": 103,
    "LinkNumOne": 8,
    "LinkNumTwo": 9,
    "LinkNumThree": 3,
    "Weight": 8
  },
  "390": {
    "Id": 390,
    "InitializationId": 103,
    "LinkNumOne": 8,
    "LinkNumTwo": 10,
    "LinkNumThree": 3,
    "Weight": 6
  },
  "391": {
    "Id": 391,
    "InitializationId": 103,
    "LinkNumOne": 9,
    "LinkNumTwo": 1,
    "LinkNumThree": 3,
    "Weight": 2001
  },
  "392": {
    "Id": 392,
    "InitializationId": 103,
    "LinkNumOne": 9,
    "LinkNumTwo": 2,
    "LinkNumThree": 3,
    "Weight": 3000
  },
  "393": {
    "Id": 393,
    "InitializationId": 103,
    "LinkNumOne": 9,
    "LinkNumTwo": 3,
    "LinkNumThree": 3,
    "Weight": 4962
  },
  "394": {
    "Id": 394,
    "InitializationId": 103,
    "LinkNumOne": 9,
    "LinkNumTwo": 4,
    "LinkNumThree": 3,
    "Weight": 2250
  },
  "395": {
    "Id": 395,
    "InitializationId": 103,
    "LinkNumOne": 9,
    "LinkNumTwo": 5,
    "LinkNumThree": 3,
    "Weight": 1284
  },
  "396": {
    "Id": 396,
    "InitializationId": 103,
    "LinkNumOne": 9,
    "LinkNumTwo": 6,
    "LinkNumThree": 3,
    "Weight": 249
  },
  "397": {
    "Id": 397,
    "InitializationId": 103,
    "LinkNumOne": 9,
    "LinkNumTwo": 7,
    "LinkNumThree": 3,
    "Weight": 108
  },
  "398": {
    "Id": 398,
    "InitializationId": 103,
    "LinkNumOne": 9,
    "LinkNumTwo": 8,
    "LinkNumThree": 3,
    "Weight": 8
  },
  "399": {
    "Id": 399,
    "InitializationId": 103,
    "LinkNumOne": 9,
    "LinkNumTwo": 9,
    "LinkNumThree": 3,
    "Weight": 6
  },
  "400": {
    "Id": 400,
    "InitializationId": 103,
    "LinkNumOne": 9,
    "LinkNumTwo": 10,
    "LinkNumThree": 3,
    "Weight": 6
  },
  "401": {
    "Id": 401,
    "InitializationId": 103,
    "LinkNumOne": 10,
    "LinkNumTwo": 1,
    "LinkNumThree": 3,
    "Weight": 3000
  },
  "402": {
    "Id": 402,
    "InitializationId": 103,
    "LinkNumOne": 10,
    "LinkNumTwo": 2,
    "LinkNumThree": 3,
    "Weight": 4962
  },
  "403": {
    "Id": 403,
    "InitializationId": 103,
    "LinkNumOne": 10,
    "LinkNumTwo": 3,
    "LinkNumThree": 3,
    "Weight": 2250
  },
  "404": {
    "Id": 404,
    "InitializationId": 103,
    "LinkNumOne": 10,
    "LinkNumTwo": 4,
    "LinkNumThree": 3,
    "Weight": 1284
  },
  "405": {
    "Id": 405,
    "InitializationId": 103,
    "LinkNumOne": 10,
    "LinkNumTwo": 5,
    "LinkNumThree": 3,
    "Weight": 249
  },
  "406": {
    "Id": 406,
    "InitializationId": 103,
    "LinkNumOne": 10,
    "LinkNumTwo": 6,
    "LinkNumThree": 3,
    "Weight": 108
  },
  "407": {
    "Id": 407,
    "InitializationId": 103,
    "LinkNumOne": 10,
    "LinkNumTwo": 7,
    "LinkNumThree": 3,
    "Weight": 8
  },
  "408": {
    "Id": 408,
    "InitializationId": 103,
    "LinkNumOne": 10,
    "LinkNumTwo": 8,
    "LinkNumThree": 3,
    "Weight": 6
  },
  "409": {
    "Id": 409,
    "InitializationId": 103,
    "LinkNumOne": 10,
    "LinkNumTwo": 9,
    "LinkNumThree": 3,
    "Weight": 6
  },
  "410": {
    "Id": 410,
    "InitializationId": 103,
    "LinkNumOne": 10,
    "LinkNumTwo": 10,
    "LinkNumThree": 3,
    "Weight": 3
  },
  "411": {
    "Id": 411,
    "InitializationId": 103,
    "LinkNumOne": 1,
    "LinkNumTwo": 1,
    "LinkNumThree": 4,
    "Weight": 20
  },
  "412": {
    "Id": 412,
    "InitializationId": 103,
    "LinkNumOne": 1,
    "LinkNumTwo": 2,
    "LinkNumThree": 4,
    "Weight": 25
  },
  "413": {
    "Id": 413,
    "InitializationId": 103,
    "LinkNumOne": 1,
    "LinkNumTwo": 3,
    "LinkNumThree": 4,
    "Weight": 40
  },
  "414": {
    "Id": 414,
    "InitializationId": 103,
    "LinkNumOne": 1,
    "LinkNumTwo": 4,
    "LinkNumThree": 4,
    "Weight": 75
  },
  "415": {
    "Id": 415,
    "InitializationId": 103,
    "LinkNumOne": 1,
    "LinkNumTwo": 5,
    "LinkNumThree": 4,
    "Weight": 100
  },
  "416": {
    "Id": 416,
    "InitializationId": 103,
    "LinkNumOne": 1,
    "LinkNumTwo": 6,
    "LinkNumThree": 4,
    "Weight": 134
  },
  "417": {
    "Id": 417,
    "InitializationId": 103,
    "LinkNumOne": 1,
    "LinkNumTwo": 7,
    "LinkNumThree": 4,
    "Weight": 143
  },
  "418": {
    "Id": 418,
    "InitializationId": 103,
    "LinkNumOne": 1,
    "LinkNumTwo": 8,
    "LinkNumThree": 4,
    "Weight": 375
  },
  "419": {
    "Id": 419,
    "InitializationId": 103,
    "LinkNumOne": 1,
    "LinkNumTwo": 9,
    "LinkNumThree": 4,
    "Weight": 667
  },
  "420": {
    "Id": 420,
    "InitializationId": 103,
    "LinkNumOne": 1,
    "LinkNumTwo": 10,
    "LinkNumThree": 4,
    "Weight": 1000
  },
  "421": {
    "Id": 421,
    "InitializationId": 103,
    "LinkNumOne": 2,
    "LinkNumTwo": 1,
    "LinkNumThree": 4,
    "Weight": 25
  },
  "422": {
    "Id": 422,
    "InitializationId": 103,
    "LinkNumOne": 2,
    "LinkNumTwo": 2,
    "LinkNumThree": 4,
    "Weight": 40
  },
  "423": {
    "Id": 423,
    "InitializationId": 103,
    "LinkNumOne": 2,
    "LinkNumTwo": 3,
    "LinkNumThree": 4,
    "Weight": 75
  },
  "424": {
    "Id": 424,
    "InitializationId": 103,
    "LinkNumOne": 2,
    "LinkNumTwo": 4,
    "LinkNumThree": 4,
    "Weight": 100
  },
  "425": {
    "Id": 425,
    "InitializationId": 103,
    "LinkNumOne": 2,
    "LinkNumTwo": 5,
    "LinkNumThree": 4,
    "Weight": 134
  },
  "426": {
    "Id": 426,
    "InitializationId": 103,
    "LinkNumOne": 2,
    "LinkNumTwo": 6,
    "LinkNumThree": 4,
    "Weight": 143
  },
  "427": {
    "Id": 427,
    "InitializationId": 103,
    "LinkNumOne": 2,
    "LinkNumTwo": 7,
    "LinkNumThree": 4,
    "Weight": 375
  },
  "428": {
    "Id": 428,
    "InitializationId": 103,
    "LinkNumOne": 2,
    "LinkNumTwo": 8,
    "LinkNumThree": 4,
    "Weight": 667
  },
  "429": {
    "Id": 429,
    "InitializationId": 103,
    "LinkNumOne": 2,
    "LinkNumTwo": 9,
    "LinkNumThree": 4,
    "Weight": 1000
  },
  "430": {
    "Id": 430,
    "InitializationId": 103,
    "LinkNumOne": 2,
    "LinkNumTwo": 10,
    "LinkNumThree": 4,
    "Weight": 1654
  },
  "431": {
    "Id": 431,
    "InitializationId": 103,
    "LinkNumOne": 3,
    "LinkNumTwo": 1,
    "LinkNumThree": 4,
    "Weight": 40
  },
  "432": {
    "Id": 432,
    "InitializationId": 103,
    "LinkNumOne": 3,
    "LinkNumTwo": 2,
    "LinkNumThree": 4,
    "Weight": 75
  },
  "433": {
    "Id": 433,
    "InitializationId": 103,
    "LinkNumOne": 3,
    "LinkNumTwo": 3,
    "LinkNumThree": 4,
    "Weight": 100
  },
  "434": {
    "Id": 434,
    "InitializationId": 103,
    "LinkNumOne": 3,
    "LinkNumTwo": 4,
    "LinkNumThree": 4,
    "Weight": 134
  },
  "435": {
    "Id": 435,
    "InitializationId": 103,
    "LinkNumOne": 3,
    "LinkNumTwo": 5,
    "LinkNumThree": 4,
    "Weight": 143
  },
  "436": {
    "Id": 436,
    "InitializationId": 103,
    "LinkNumOne": 3,
    "LinkNumTwo": 6,
    "LinkNumThree": 4,
    "Weight": 375
  },
  "437": {
    "Id": 437,
    "InitializationId": 103,
    "LinkNumOne": 3,
    "LinkNumTwo": 7,
    "LinkNumThree": 4,
    "Weight": 667
  },
  "438": {
    "Id": 438,
    "InitializationId": 103,
    "LinkNumOne": 3,
    "LinkNumTwo": 8,
    "LinkNumThree": 4,
    "Weight": 1000
  },
  "439": {
    "Id": 439,
    "InitializationId": 103,
    "LinkNumOne": 3,
    "LinkNumTwo": 9,
    "LinkNumThree": 4,
    "Weight": 1654
  },
  "440": {
    "Id": 440,
    "InitializationId": 103,
    "LinkNumOne": 3,
    "LinkNumTwo": 10,
    "LinkNumThree": 4,
    "Weight": 750
  },
  "441": {
    "Id": 441,
    "InitializationId": 103,
    "LinkNumOne": 4,
    "LinkNumTwo": 1,
    "LinkNumThree": 4,
    "Weight": 75
  },
  "442": {
    "Id": 442,
    "InitializationId": 103,
    "LinkNumOne": 4,
    "LinkNumTwo": 2,
    "LinkNumThree": 4,
    "Weight": 100
  },
  "443": {
    "Id": 443,
    "InitializationId": 103,
    "LinkNumOne": 4,
    "LinkNumTwo": 3,
    "LinkNumThree": 4,
    "Weight": 134
  },
  "444": {
    "Id": 444,
    "InitializationId": 103,
    "LinkNumOne": 4,
    "LinkNumTwo": 4,
    "LinkNumThree": 4,
    "Weight": 143
  },
  "445": {
    "Id": 445,
    "InitializationId": 103,
    "LinkNumOne": 4,
    "LinkNumTwo": 5,
    "LinkNumThree": 4,
    "Weight": 375
  },
  "446": {
    "Id": 446,
    "InitializationId": 103,
    "LinkNumOne": 4,
    "LinkNumTwo": 6,
    "LinkNumThree": 4,
    "Weight": 667
  },
  "447": {
    "Id": 447,
    "InitializationId": 103,
    "LinkNumOne": 4,
    "LinkNumTwo": 7,
    "LinkNumThree": 4,
    "Weight": 1000
  },
  "448": {
    "Id": 448,
    "InitializationId": 103,
    "LinkNumOne": 4,
    "LinkNumTwo": 8,
    "LinkNumThree": 4,
    "Weight": 1654
  },
  "449": {
    "Id": 449,
    "InitializationId": 103,
    "LinkNumOne": 4,
    "LinkNumTwo": 9,
    "LinkNumThree": 4,
    "Weight": 750
  },
  "450": {
    "Id": 450,
    "InitializationId": 103,
    "LinkNumOne": 4,
    "LinkNumTwo": 10,
    "LinkNumThree": 4,
    "Weight": 428
  },
  "451": {
    "Id": 451,
    "InitializationId": 103,
    "LinkNumOne": 5,
    "LinkNumTwo": 1,
    "LinkNumThree": 4,
    "Weight": 100
  },
  "452": {
    "Id": 452,
    "InitializationId": 103,
    "LinkNumOne": 5,
    "LinkNumTwo": 2,
    "LinkNumThree": 4,
    "Weight": 134
  },
  "453": {
    "Id": 453,
    "InitializationId": 103,
    "LinkNumOne": 5,
    "LinkNumTwo": 3,
    "LinkNumThree": 4,
    "Weight": 143
  },
  "454": {
    "Id": 454,
    "InitializationId": 103,
    "LinkNumOne": 5,
    "LinkNumTwo": 4,
    "LinkNumThree": 4,
    "Weight": 375
  },
  "455": {
    "Id": 455,
    "InitializationId": 103,
    "LinkNumOne": 5,
    "LinkNumTwo": 5,
    "LinkNumThree": 4,
    "Weight": 667
  },
  "456": {
    "Id": 456,
    "InitializationId": 103,
    "LinkNumOne": 5,
    "LinkNumTwo": 6,
    "LinkNumThree": 4,
    "Weight": 1000
  },
  "457": {
    "Id": 457,
    "InitializationId": 103,
    "LinkNumOne": 5,
    "LinkNumTwo": 7,
    "LinkNumThree": 4,
    "Weight": 1654
  },
  "458": {
    "Id": 458,
    "InitializationId": 103,
    "LinkNumOne": 5,
    "LinkNumTwo": 8,
    "LinkNumThree": 4,
    "Weight": 750
  },
  "459": {
    "Id": 459,
    "InitializationId": 103,
    "LinkNumOne": 5,
    "LinkNumTwo": 9,
    "LinkNumThree": 4,
    "Weight": 428
  },
  "460": {
    "Id": 460,
    "InitializationId": 103,
    "LinkNumOne": 5,
    "LinkNumTwo": 10,
    "LinkNumThree": 4,
    "Weight": 83
  },
  "461": {
    "Id": 461,
    "InitializationId": 103,
    "LinkNumOne": 6,
    "LinkNumTwo": 1,
    "LinkNumThree": 4,
    "Weight": 134
  },
  "462": {
    "Id": 462,
    "InitializationId": 103,
    "LinkNumOne": 6,
    "LinkNumTwo": 2,
    "LinkNumThree": 4,
    "Weight": 143
  },
  "463": {
    "Id": 463,
    "InitializationId": 103,
    "LinkNumOne": 6,
    "LinkNumTwo": 3,
    "LinkNumThree": 4,
    "Weight": 375
  },
  "464": {
    "Id": 464,
    "InitializationId": 103,
    "LinkNumOne": 6,
    "LinkNumTwo": 4,
    "LinkNumThree": 4,
    "Weight": 667
  },
  "465": {
    "Id": 465,
    "InitializationId": 103,
    "LinkNumOne": 6,
    "LinkNumTwo": 5,
    "LinkNumThree": 4,
    "Weight": 1000
  },
  "466": {
    "Id": 466,
    "InitializationId": 103,
    "LinkNumOne": 6,
    "LinkNumTwo": 6,
    "LinkNumThree": 4,
    "Weight": 1654
  },
  "467": {
    "Id": 467,
    "InitializationId": 103,
    "LinkNumOne": 6,
    "LinkNumTwo": 7,
    "LinkNumThree": 4,
    "Weight": 750
  },
  "468": {
    "Id": 468,
    "InitializationId": 103,
    "LinkNumOne": 6,
    "LinkNumTwo": 8,
    "LinkNumThree": 4,
    "Weight": 428
  },
  "469": {
    "Id": 469,
    "InitializationId": 103,
    "LinkNumOne": 6,
    "LinkNumTwo": 9,
    "LinkNumThree": 4,
    "Weight": 83
  },
  "470": {
    "Id": 470,
    "InitializationId": 103,
    "LinkNumOne": 6,
    "LinkNumTwo": 10,
    "LinkNumThree": 4,
    "Weight": 6
  },
  "471": {
    "Id": 471,
    "InitializationId": 103,
    "LinkNumOne": 7,
    "LinkNumTwo": 1,
    "LinkNumThree": 4,
    "Weight": 143
  },
  "472": {
    "Id": 472,
    "InitializationId": 103,
    "LinkNumOne": 7,
    "LinkNumTwo": 2,
    "LinkNumThree": 4,
    "Weight": 375
  },
  "473": {
    "Id": 473,
    "InitializationId": 103,
    "LinkNumOne": 7,
    "LinkNumTwo": 3,
    "LinkNumThree": 4,
    "Weight": 667
  },
  "474": {
    "Id": 474,
    "InitializationId": 103,
    "LinkNumOne": 7,
    "LinkNumTwo": 4,
    "LinkNumThree": 4,
    "Weight": 1000
  },
  "475": {
    "Id": 475,
    "InitializationId": 103,
    "LinkNumOne": 7,
    "LinkNumTwo": 5,
    "LinkNumThree": 4,
    "Weight": 1654
  },
  "476": {
    "Id": 476,
    "InitializationId": 103,
    "LinkNumOne": 7,
    "LinkNumTwo": 6,
    "LinkNumThree": 4,
    "Weight": 750
  },
  "477": {
    "Id": 477,
    "InitializationId": 103,
    "LinkNumOne": 7,
    "LinkNumTwo": 7,
    "LinkNumThree": 4,
    "Weight": 428
  },
  "478": {
    "Id": 478,
    "InitializationId": 103,
    "LinkNumOne": 7,
    "LinkNumTwo": 8,
    "LinkNumThree": 4,
    "Weight": 83
  },
  "479": {
    "Id": 479,
    "InitializationId": 103,
    "LinkNumOne": 7,
    "LinkNumTwo": 9,
    "LinkNumThree": 4,
    "Weight": 6
  },
  "480": {
    "Id": 480,
    "InitializationId": 103,
    "LinkNumOne": 7,
    "LinkNumTwo": 10,
    "LinkNumThree": 4,
    "Weight": 6
  },
  "481": {
    "Id": 481,
    "InitializationId": 103,
    "LinkNumOne": 8,
    "LinkNumTwo": 1,
    "LinkNumThree": 4,
    "Weight": 375
  },
  "482": {
    "Id": 482,
    "InitializationId": 103,
    "LinkNumOne": 8,
    "LinkNumTwo": 2,
    "LinkNumThree": 4,
    "Weight": 667
  },
  "483": {
    "Id": 483,
    "InitializationId": 103,
    "LinkNumOne": 8,
    "LinkNumTwo": 3,
    "LinkNumThree": 4,
    "Weight": 1000
  },
  "484": {
    "Id": 484,
    "InitializationId": 103,
    "LinkNumOne": 8,
    "LinkNumTwo": 4,
    "LinkNumThree": 4,
    "Weight": 1654
  },
  "485": {
    "Id": 485,
    "InitializationId": 103,
    "LinkNumOne": 8,
    "LinkNumTwo": 5,
    "LinkNumThree": 4,
    "Weight": 750
  },
  "486": {
    "Id": 486,
    "InitializationId": 103,
    "LinkNumOne": 8,
    "LinkNumTwo": 6,
    "LinkNumThree": 4,
    "Weight": 428
  },
  "487": {
    "Id": 487,
    "InitializationId": 103,
    "LinkNumOne": 8,
    "LinkNumTwo": 7,
    "LinkNumThree": 4,
    "Weight": 83
  },
  "488": {
    "Id": 488,
    "InitializationId": 103,
    "LinkNumOne": 8,
    "LinkNumTwo": 8,
    "LinkNumThree": 4,
    "Weight": 6
  },
  "489": {
    "Id": 489,
    "InitializationId": 103,
    "LinkNumOne": 8,
    "LinkNumTwo": 9,
    "LinkNumThree": 4,
    "Weight": 6
  },
  "490": {
    "Id": 490,
    "InitializationId": 103,
    "LinkNumOne": 8,
    "LinkNumTwo": 10,
    "LinkNumThree": 4,
    "Weight": 3
  },
  "491": {
    "Id": 491,
    "InitializationId": 103,
    "LinkNumOne": 9,
    "LinkNumTwo": 1,
    "LinkNumThree": 4,
    "Weight": 667
  },
  "492": {
    "Id": 492,
    "InitializationId": 103,
    "LinkNumOne": 9,
    "LinkNumTwo": 2,
    "LinkNumThree": 4,
    "Weight": 1000
  },
  "493": {
    "Id": 493,
    "InitializationId": 103,
    "LinkNumOne": 9,
    "LinkNumTwo": 3,
    "LinkNumThree": 4,
    "Weight": 1654
  },
  "494": {
    "Id": 494,
    "InitializationId": 103,
    "LinkNumOne": 9,
    "LinkNumTwo": 4,
    "LinkNumThree": 4,
    "Weight": 750
  },
  "495": {
    "Id": 495,
    "InitializationId": 103,
    "LinkNumOne": 9,
    "LinkNumTwo": 5,
    "LinkNumThree": 4,
    "Weight": 428
  },
  "496": {
    "Id": 496,
    "InitializationId": 103,
    "LinkNumOne": 9,
    "LinkNumTwo": 6,
    "LinkNumThree": 4,
    "Weight": 83
  },
  "497": {
    "Id": 497,
    "InitializationId": 103,
    "LinkNumOne": 9,
    "LinkNumTwo": 7,
    "LinkNumThree": 4,
    "Weight": 6
  },
  "498": {
    "Id": 498,
    "InitializationId": 103,
    "LinkNumOne": 9,
    "LinkNumTwo": 8,
    "LinkNumThree": 4,
    "Weight": 6
  },
  "499": {
    "Id": 499,
    "InitializationId": 103,
    "LinkNumOne": 9,
    "LinkNumTwo": 9,
    "LinkNumThree": 4,
    "Weight": 3
  },
  "500": {
    "Id": 500,
    "InitializationId": 103,
    "LinkNumOne": 9,
    "LinkNumTwo": 10,
    "LinkNumThree": 4,
    "Weight": 2
  },
  "501": {
    "Id": 501,
    "InitializationId": 103,
    "LinkNumOne": 10,
    "LinkNumTwo": 1,
    "LinkNumThree": 4,
    "Weight": 1000
  },
  "502": {
    "Id": 502,
    "InitializationId": 103,
    "LinkNumOne": 10,
    "LinkNumTwo": 2,
    "LinkNumThree": 4,
    "Weight": 1654
  },
  "503": {
    "Id": 503,
    "InitializationId": 103,
    "LinkNumOne": 10,
    "LinkNumTwo": 3,
    "LinkNumThree": 4,
    "Weight": 750
  },
  "504": {
    "Id": 504,
    "InitializationId": 103,
    "LinkNumOne": 10,
    "LinkNumTwo": 4,
    "LinkNumThree": 4,
    "Weight": 428
  },
  "505": {
    "Id": 505,
    "InitializationId": 103,
    "LinkNumOne": 10,
    "LinkNumTwo": 5,
    "LinkNumThree": 4,
    "Weight": 83
  },
  "506": {
    "Id": 506,
    "InitializationId": 103,
    "LinkNumOne": 10,
    "LinkNumTwo": 6,
    "LinkNumThree": 4,
    "Weight": 6
  },
  "507": {
    "Id": 507,
    "InitializationId": 103,
    "LinkNumOne": 10,
    "LinkNumTwo": 7,
    "LinkNumThree": 4,
    "Weight": 6
  },
  "508": {
    "Id": 508,
    "InitializationId": 103,
    "LinkNumOne": 10,
    "LinkNumTwo": 8,
    "LinkNumThree": 4,
    "Weight": 3
  },
  "509": {
    "Id": 509,
    "InitializationId": 103,
    "LinkNumOne": 10,
    "LinkNumTwo": 9,
    "LinkNumThree": 4,
    "Weight": 2
  },
  "510": {
    "Id": 510,
    "InitializationId": 103,
    "LinkNumOne": 10,
    "LinkNumTwo": 10,
    "LinkNumThree": 4,
    "Weight": 2
  },
  "511": {
    "Id": 511,
    "InitializationId": 103,
    "LinkNumOne": 1,
    "LinkNumTwo": 1,
    "LinkNumThree": 5,
    "Weight": 40
  },
  "512": {
    "Id": 512,
    "InitializationId": 103,
    "LinkNumOne": 1,
    "LinkNumTwo": 2,
    "LinkNumThree": 5,
    "Weight": 50
  },
  "513": {
    "Id": 513,
    "InitializationId": 103,
    "LinkNumOne": 1,
    "LinkNumTwo": 3,
    "LinkNumThree": 5,
    "Weight": 80
  },
  "514": {
    "Id": 514,
    "InitializationId": 103,
    "LinkNumOne": 1,
    "LinkNumTwo": 4,
    "LinkNumThree": 5,
    "Weight": 150
  },
  "515": {
    "Id": 515,
    "InitializationId": 103,
    "LinkNumOne": 1,
    "LinkNumTwo": 5,
    "LinkNumThree": 5,
    "Weight": 200
  },
  "516": {
    "Id": 516,
    "InitializationId": 103,
    "LinkNumOne": 1,
    "LinkNumTwo": 6,
    "LinkNumThree": 5,
    "Weight": 270
  },
  "517": {
    "Id": 517,
    "InitializationId": 103,
    "LinkNumOne": 1,
    "LinkNumTwo": 7,
    "LinkNumThree": 5,
    "Weight": 360
  },
  "518": {
    "Id": 518,
    "InitializationId": 103,
    "LinkNumOne": 1,
    "LinkNumTwo": 8,
    "LinkNumThree": 5,
    "Weight": 375
  },
  "519": {
    "Id": 519,
    "InitializationId": 103,
    "LinkNumOne": 1,
    "LinkNumTwo": 9,
    "LinkNumThree": 5,
    "Weight": 667
  },
  "520": {
    "Id": 520,
    "InitializationId": 103,
    "LinkNumOne": 1,
    "LinkNumTwo": 10,
    "LinkNumThree": 5,
    "Weight": 1000
  },
  "521": {
    "Id": 521,
    "InitializationId": 103,
    "LinkNumOne": 2,
    "LinkNumTwo": 1,
    "LinkNumThree": 5,
    "Weight": 50
  },
  "522": {
    "Id": 522,
    "InitializationId": 103,
    "LinkNumOne": 2,
    "LinkNumTwo": 2,
    "LinkNumThree": 5,
    "Weight": 80
  },
  "523": {
    "Id": 523,
    "InitializationId": 103,
    "LinkNumOne": 2,
    "LinkNumTwo": 3,
    "LinkNumThree": 5,
    "Weight": 150
  },
  "524": {
    "Id": 524,
    "InitializationId": 103,
    "LinkNumOne": 2,
    "LinkNumTwo": 4,
    "LinkNumThree": 5,
    "Weight": 200
  },
  "525": {
    "Id": 525,
    "InitializationId": 103,
    "LinkNumOne": 2,
    "LinkNumTwo": 5,
    "LinkNumThree": 5,
    "Weight": 270
  },
  "526": {
    "Id": 526,
    "InitializationId": 103,
    "LinkNumOne": 2,
    "LinkNumTwo": 6,
    "LinkNumThree": 5,
    "Weight": 360
  },
  "527": {
    "Id": 527,
    "InitializationId": 103,
    "LinkNumOne": 2,
    "LinkNumTwo": 7,
    "LinkNumThree": 5,
    "Weight": 375
  },
  "528": {
    "Id": 528,
    "InitializationId": 103,
    "LinkNumOne": 2,
    "LinkNumTwo": 8,
    "LinkNumThree": 5,
    "Weight": 667
  },
  "529": {
    "Id": 529,
    "InitializationId": 103,
    "LinkNumOne": 2,
    "LinkNumTwo": 9,
    "LinkNumThree": 5,
    "Weight": 1000
  },
  "530": {
    "Id": 530,
    "InitializationId": 103,
    "LinkNumOne": 2,
    "LinkNumTwo": 10,
    "LinkNumThree": 5,
    "Weight": 1654
  },
  "531": {
    "Id": 531,
    "InitializationId": 103,
    "LinkNumOne": 3,
    "LinkNumTwo": 1,
    "LinkNumThree": 5,
    "Weight": 80
  },
  "532": {
    "Id": 532,
    "InitializationId": 103,
    "LinkNumOne": 3,
    "LinkNumTwo": 2,
    "LinkNumThree": 5,
    "Weight": 150
  },
  "533": {
    "Id": 533,
    "InitializationId": 103,
    "LinkNumOne": 3,
    "LinkNumTwo": 3,
    "LinkNumThree": 5,
    "Weight": 200
  },
  "534": {
    "Id": 534,
    "InitializationId": 103,
    "LinkNumOne": 3,
    "LinkNumTwo": 4,
    "LinkNumThree": 5,
    "Weight": 270
  },
  "535": {
    "Id": 535,
    "InitializationId": 103,
    "LinkNumOne": 3,
    "LinkNumTwo": 5,
    "LinkNumThree": 5,
    "Weight": 360
  },
  "536": {
    "Id": 536,
    "InitializationId": 103,
    "LinkNumOne": 3,
    "LinkNumTwo": 6,
    "LinkNumThree": 5,
    "Weight": 375
  },
  "537": {
    "Id": 537,
    "InitializationId": 103,
    "LinkNumOne": 3,
    "LinkNumTwo": 7,
    "LinkNumThree": 5,
    "Weight": 667
  },
  "538": {
    "Id": 538,
    "InitializationId": 103,
    "LinkNumOne": 3,
    "LinkNumTwo": 8,
    "LinkNumThree": 5,
    "Weight": 1000
  },
  "539": {
    "Id": 539,
    "InitializationId": 103,
    "LinkNumOne": 3,
    "LinkNumTwo": 9,
    "LinkNumThree": 5,
    "Weight": 1654
  },
  "540": {
    "Id": 540,
    "InitializationId": 103,
    "LinkNumOne": 3,
    "LinkNumTwo": 10,
    "LinkNumThree": 5,
    "Weight": 750
  },
  "541": {
    "Id": 541,
    "InitializationId": 103,
    "LinkNumOne": 4,
    "LinkNumTwo": 1,
    "LinkNumThree": 5,
    "Weight": 150
  },
  "542": {
    "Id": 542,
    "InitializationId": 103,
    "LinkNumOne": 4,
    "LinkNumTwo": 2,
    "LinkNumThree": 5,
    "Weight": 200
  },
  "543": {
    "Id": 543,
    "InitializationId": 103,
    "LinkNumOne": 4,
    "LinkNumTwo": 3,
    "LinkNumThree": 5,
    "Weight": 270
  },
  "544": {
    "Id": 544,
    "InitializationId": 103,
    "LinkNumOne": 4,
    "LinkNumTwo": 4,
    "LinkNumThree": 5,
    "Weight": 360
  },
  "545": {
    "Id": 545,
    "InitializationId": 103,
    "LinkNumOne": 4,
    "LinkNumTwo": 5,
    "LinkNumThree": 5,
    "Weight": 375
  },
  "546": {
    "Id": 546,
    "InitializationId": 103,
    "LinkNumOne": 4,
    "LinkNumTwo": 6,
    "LinkNumThree": 5,
    "Weight": 667
  },
  "547": {
    "Id": 547,
    "InitializationId": 103,
    "LinkNumOne": 4,
    "LinkNumTwo": 7,
    "LinkNumThree": 5,
    "Weight": 1000
  },
  "548": {
    "Id": 548,
    "InitializationId": 103,
    "LinkNumOne": 4,
    "LinkNumTwo": 8,
    "LinkNumThree": 5,
    "Weight": 1654
  },
  "549": {
    "Id": 549,
    "InitializationId": 103,
    "LinkNumOne": 4,
    "LinkNumTwo": 9,
    "LinkNumThree": 5,
    "Weight": 750
  },
  "550": {
    "Id": 550,
    "InitializationId": 103,
    "LinkNumOne": 4,
    "LinkNumTwo": 10,
    "LinkNumThree": 5,
    "Weight": 428
  },
  "551": {
    "Id": 551,
    "InitializationId": 103,
    "LinkNumOne": 5,
    "LinkNumTwo": 1,
    "LinkNumThree": 5,
    "Weight": 200
  },
  "552": {
    "Id": 552,
    "InitializationId": 103,
    "LinkNumOne": 5,
    "LinkNumTwo": 2,
    "LinkNumThree": 5,
    "Weight": 270
  },
  "553": {
    "Id": 553,
    "InitializationId": 103,
    "LinkNumOne": 5,
    "LinkNumTwo": 3,
    "LinkNumThree": 5,
    "Weight": 360
  },
  "554": {
    "Id": 554,
    "InitializationId": 103,
    "LinkNumOne": 5,
    "LinkNumTwo": 4,
    "LinkNumThree": 5,
    "Weight": 375
  },
  "555": {
    "Id": 555,
    "InitializationId": 103,
    "LinkNumOne": 5,
    "LinkNumTwo": 5,
    "LinkNumThree": 5,
    "Weight": 667
  },
  "556": {
    "Id": 556,
    "InitializationId": 103,
    "LinkNumOne": 5,
    "LinkNumTwo": 6,
    "LinkNumThree": 5,
    "Weight": 1000
  },
  "557": {
    "Id": 557,
    "InitializationId": 103,
    "LinkNumOne": 5,
    "LinkNumTwo": 7,
    "LinkNumThree": 5,
    "Weight": 1654
  },
  "558": {
    "Id": 558,
    "InitializationId": 103,
    "LinkNumOne": 5,
    "LinkNumTwo": 8,
    "LinkNumThree": 5,
    "Weight": 750
  },
  "559": {
    "Id": 559,
    "InitializationId": 103,
    "LinkNumOne": 5,
    "LinkNumTwo": 9,
    "LinkNumThree": 5,
    "Weight": 428
  },
  "560": {
    "Id": 560,
    "InitializationId": 103,
    "LinkNumOne": 5,
    "LinkNumTwo": 10,
    "LinkNumThree": 5,
    "Weight": 6
  },
  "561": {
    "Id": 561,
    "InitializationId": 103,
    "LinkNumOne": 6,
    "LinkNumTwo": 1,
    "LinkNumThree": 5,
    "Weight": 270
  },
  "562": {
    "Id": 562,
    "InitializationId": 103,
    "LinkNumOne": 6,
    "LinkNumTwo": 2,
    "LinkNumThree": 5,
    "Weight": 360
  },
  "563": {
    "Id": 563,
    "InitializationId": 103,
    "LinkNumOne": 6,
    "LinkNumTwo": 3,
    "LinkNumThree": 5,
    "Weight": 375
  },
  "564": {
    "Id": 564,
    "InitializationId": 103,
    "LinkNumOne": 6,
    "LinkNumTwo": 4,
    "LinkNumThree": 5,
    "Weight": 667
  },
  "565": {
    "Id": 565,
    "InitializationId": 103,
    "LinkNumOne": 6,
    "LinkNumTwo": 5,
    "LinkNumThree": 5,
    "Weight": 1000
  },
  "566": {
    "Id": 566,
    "InitializationId": 103,
    "LinkNumOne": 6,
    "LinkNumTwo": 6,
    "LinkNumThree": 5,
    "Weight": 1654
  },
  "567": {
    "Id": 567,
    "InitializationId": 103,
    "LinkNumOne": 6,
    "LinkNumTwo": 7,
    "LinkNumThree": 5,
    "Weight": 750
  },
  "568": {
    "Id": 568,
    "InitializationId": 103,
    "LinkNumOne": 6,
    "LinkNumTwo": 8,
    "LinkNumThree": 5,
    "Weight": 428
  },
  "569": {
    "Id": 569,
    "InitializationId": 103,
    "LinkNumOne": 6,
    "LinkNumTwo": 9,
    "LinkNumThree": 5,
    "Weight": 6
  },
  "570": {
    "Id": 570,
    "InitializationId": 103,
    "LinkNumOne": 6,
    "LinkNumTwo": 10,
    "LinkNumThree": 5,
    "Weight": 6
  },
  "571": {
    "Id": 571,
    "InitializationId": 103,
    "LinkNumOne": 7,
    "LinkNumTwo": 1,
    "LinkNumThree": 5,
    "Weight": 360
  },
  "572": {
    "Id": 572,
    "InitializationId": 103,
    "LinkNumOne": 7,
    "LinkNumTwo": 2,
    "LinkNumThree": 5,
    "Weight": 375
  },
  "573": {
    "Id": 573,
    "InitializationId": 103,
    "LinkNumOne": 7,
    "LinkNumTwo": 3,
    "LinkNumThree": 5,
    "Weight": 667
  },
  "574": {
    "Id": 574,
    "InitializationId": 103,
    "LinkNumOne": 7,
    "LinkNumTwo": 4,
    "LinkNumThree": 5,
    "Weight": 1000
  },
  "575": {
    "Id": 575,
    "InitializationId": 103,
    "LinkNumOne": 7,
    "LinkNumTwo": 5,
    "LinkNumThree": 5,
    "Weight": 1654
  },
  "576": {
    "Id": 576,
    "InitializationId": 103,
    "LinkNumOne": 7,
    "LinkNumTwo": 6,
    "LinkNumThree": 5,
    "Weight": 750
  },
  "577": {
    "Id": 577,
    "InitializationId": 103,
    "LinkNumOne": 7,
    "LinkNumTwo": 7,
    "LinkNumThree": 5,
    "Weight": 428
  },
  "578": {
    "Id": 578,
    "InitializationId": 103,
    "LinkNumOne": 7,
    "LinkNumTwo": 8,
    "LinkNumThree": 5,
    "Weight": 6
  },
  "579": {
    "Id": 579,
    "InitializationId": 103,
    "LinkNumOne": 7,
    "LinkNumTwo": 9,
    "LinkNumThree": 5,
    "Weight": 6
  },
  "580": {
    "Id": 580,
    "InitializationId": 103,
    "LinkNumOne": 7,
    "LinkNumTwo": 10,
    "LinkNumThree": 5,
    "Weight": 6
  },
  "581": {
    "Id": 581,
    "InitializationId": 103,
    "LinkNumOne": 8,
    "LinkNumTwo": 1,
    "LinkNumThree": 5,
    "Weight": 375
  },
  "582": {
    "Id": 582,
    "InitializationId": 103,
    "LinkNumOne": 8,
    "LinkNumTwo": 2,
    "LinkNumThree": 5,
    "Weight": 667
  },
  "583": {
    "Id": 583,
    "InitializationId": 103,
    "LinkNumOne": 8,
    "LinkNumTwo": 3,
    "LinkNumThree": 5,
    "Weight": 1000
  },
  "584": {
    "Id": 584,
    "InitializationId": 103,
    "LinkNumOne": 8,
    "LinkNumTwo": 4,
    "LinkNumThree": 5,
    "Weight": 1654
  },
  "585": {
    "Id": 585,
    "InitializationId": 103,
    "LinkNumOne": 8,
    "LinkNumTwo": 5,
    "LinkNumThree": 5,
    "Weight": 750
  },
  "586": {
    "Id": 586,
    "InitializationId": 103,
    "LinkNumOne": 8,
    "LinkNumTwo": 6,
    "LinkNumThree": 5,
    "Weight": 428
  },
  "587": {
    "Id": 587,
    "InitializationId": 103,
    "LinkNumOne": 8,
    "LinkNumTwo": 7,
    "LinkNumThree": 5,
    "Weight": 6
  },
  "588": {
    "Id": 588,
    "InitializationId": 103,
    "LinkNumOne": 8,
    "LinkNumTwo": 8,
    "LinkNumThree": 5,
    "Weight": 6
  },
  "589": {
    "Id": 589,
    "InitializationId": 103,
    "LinkNumOne": 8,
    "LinkNumTwo": 9,
    "LinkNumThree": 5,
    "Weight": 6
  },
  "590": {
    "Id": 590,
    "InitializationId": 103,
    "LinkNumOne": 8,
    "LinkNumTwo": 10,
    "LinkNumThree": 5,
    "Weight": 3
  },
  "591": {
    "Id": 591,
    "InitializationId": 103,
    "LinkNumOne": 9,
    "LinkNumTwo": 1,
    "LinkNumThree": 5,
    "Weight": 667
  },
  "592": {
    "Id": 592,
    "InitializationId": 103,
    "LinkNumOne": 9,
    "LinkNumTwo": 2,
    "LinkNumThree": 5,
    "Weight": 1000
  },
  "593": {
    "Id": 593,
    "InitializationId": 103,
    "LinkNumOne": 9,
    "LinkNumTwo": 3,
    "LinkNumThree": 5,
    "Weight": 1654
  },
  "594": {
    "Id": 594,
    "InitializationId": 103,
    "LinkNumOne": 9,
    "LinkNumTwo": 4,
    "LinkNumThree": 5,
    "Weight": 750
  },
  "595": {
    "Id": 595,
    "InitializationId": 103,
    "LinkNumOne": 9,
    "LinkNumTwo": 5,
    "LinkNumThree": 5,
    "Weight": 428
  },
  "596": {
    "Id": 596,
    "InitializationId": 103,
    "LinkNumOne": 9,
    "LinkNumTwo": 6,
    "LinkNumThree": 5,
    "Weight": 6
  },
  "597": {
    "Id": 597,
    "InitializationId": 103,
    "LinkNumOne": 9,
    "LinkNumTwo": 7,
    "LinkNumThree": 5,
    "Weight": 6
  },
  "598": {
    "Id": 598,
    "InitializationId": 103,
    "LinkNumOne": 9,
    "LinkNumTwo": 8,
    "LinkNumThree": 5,
    "Weight": 6
  },
  "599": {
    "Id": 599,
    "InitializationId": 103,
    "LinkNumOne": 9,
    "LinkNumTwo": 9,
    "LinkNumThree": 5,
    "Weight": 3
  },
  "600": {
    "Id": 600,
    "InitializationId": 103,
    "LinkNumOne": 9,
    "LinkNumTwo": 10,
    "LinkNumThree": 5,
    "Weight": 2
  },
  "601": {
    "Id": 601,
    "InitializationId": 103,
    "LinkNumOne": 10,
    "LinkNumTwo": 1,
    "LinkNumThree": 5,
    "Weight": 1000
  },
  "602": {
    "Id": 602,
    "InitializationId": 103,
    "LinkNumOne": 10,
    "LinkNumTwo": 2,
    "LinkNumThree": 5,
    "Weight": 1654
  },
  "603": {
    "Id": 603,
    "InitializationId": 103,
    "LinkNumOne": 10,
    "LinkNumTwo": 3,
    "LinkNumThree": 5,
    "Weight": 750
  },
  "604": {
    "Id": 604,
    "InitializationId": 103,
    "LinkNumOne": 10,
    "LinkNumTwo": 4,
    "LinkNumThree": 5,
    "Weight": 428
  },
  "605": {
    "Id": 605,
    "InitializationId": 103,
    "LinkNumOne": 10,
    "LinkNumTwo": 5,
    "LinkNumThree": 5,
    "Weight": 6
  },
  "606": {
    "Id": 606,
    "InitializationId": 103,
    "LinkNumOne": 10,
    "LinkNumTwo": 6,
    "LinkNumThree": 5,
    "Weight": 6
  },
  "607": {
    "Id": 607,
    "InitializationId": 103,
    "LinkNumOne": 10,
    "LinkNumTwo": 7,
    "LinkNumThree": 5,
    "Weight": 6
  },
  "608": {
    "Id": 608,
    "InitializationId": 103,
    "LinkNumOne": 10,
    "LinkNumTwo": 8,
    "LinkNumThree": 5,
    "Weight": 3
  },
  "609": {
    "Id": 609,
    "InitializationId": 103,
    "LinkNumOne": 10,
    "LinkNumTwo": 9,
    "LinkNumThree": 5,
    "Weight": 2
  },
  "610": {
    "Id": 610,
    "InitializationId": 103,
    "LinkNumOne": 10,
    "LinkNumTwo": 10,
    "LinkNumThree": 5,
    "Weight": 1
  }
}