{
  "1": {
    "Id": 1,
    "LinkTime": 0,
    "LinkLevelEffect": [],
    "FightValue": 0
  },
  "2": {
    "Id": 2,
    "LinkTime": 1,
    "LinkLevelEffect": [
      [
        1,
        11012,
        2
      ],
      [
        1,
        11022,
        2
      ],
      [
        1,
        11032,
        2
      ],
      [
        1,
        11042,
        2
      ]
    ],
    "FightValue": 5
  },
  "3": {
    "Id": 3,
    "LinkTime": 2,
    "LinkLevelEffect": [
      [
        1,
        11012,
        4
      ],
      [
        1,
        11022,
        4
      ],
      [
        1,
        11032,
        4
      ],
      [
        1,
        11042,
        4
      ]
    ],
    "FightValue": 11
  },
  "4": {
    "Id": 4,
    "LinkTime": 3,
    "LinkLevelEffect": [
      [
        1,
        11012,
        6
      ],
      [
        1,
        11022,
        6
      ],
      [
        1,
        11032,
        6
      ],
      [
        1,
        11042,
        6
      ]
    ],
    "FightValue": 17
  },
  "5": {
    "Id": 5,
    "LinkTime": 4,
    "LinkLevelEffect": [
      [
        1,
        11012,
        8
      ],
      [
        1,
        11022,
        8
      ],
      [
        1,
        11032,
        8
      ],
      [
        1,
        11042,
        8
      ]
    ],
    "FightValue": 23
  },
  "6": {
    "Id": 6,
    "LinkTime": 5,
    "LinkLevelEffect": [
      [
        1,
        11012,
        10
      ],
      [
        1,
        11022,
        10
      ],
      [
        1,
        11032,
        10
      ],
      [
        1,
        11042,
        10
      ]
    ],
    "FightValue": 29
  },
  "7": {
    "Id": 7,
    "LinkTime": 6,
    "LinkLevelEffect": [
      [
        1,
        11012,
        12
      ],
      [
        1,
        11022,
        12
      ],
      [
        1,
        11032,
        12
      ],
      [
        1,
        11042,
        12
      ]
    ],
    "FightValue": 34
  },
  "8": {
    "Id": 8,
    "LinkTime": 7,
    "LinkLevelEffect": [
      [
        1,
        11012,
        14
      ],
      [
        1,
        11022,
        14
      ],
      [
        1,
        11032,
        14
      ],
      [
        1,
        11042,
        14
      ]
    ],
    "FightValue": 40
  },
  "9": {
    "Id": 9,
    "LinkTime": 8,
    "LinkLevelEffect": [
      [
        1,
        11012,
        16
      ],
      [
        1,
        11022,
        16
      ],
      [
        1,
        11032,
        16
      ],
      [
        1,
        11042,
        16
      ]
    ],
    "FightValue": 46
  },
  "10": {
    "Id": 10,
    "LinkTime": 9,
    "LinkLevelEffect": [
      [
        1,
        11012,
        18
      ],
      [
        1,
        11022,
        18
      ],
      [
        1,
        11032,
        18
      ],
      [
        1,
        11042,
        18
      ]
    ],
    "FightValue": 52
  },
  "11": {
    "Id": 11,
    "LinkTime": 10,
    "LinkLevelEffect": [
      [
        1,
        11012,
        20
      ],
      [
        1,
        11022,
        20
      ],
      [
        1,
        11032,
        20
      ],
      [
        1,
        11042,
        20
      ]
    ],
    "FightValue": 58
  },
  "12": {
    "Id": 12,
    "LinkTime": 11,
    "LinkLevelEffect": [
      [
        1,
        11012,
        22
      ],
      [
        1,
        11022,
        22
      ],
      [
        1,
        11032,
        22
      ],
      [
        1,
        11042,
        22
      ]
    ],
    "FightValue": 64
  },
  "13": {
    "Id": 13,
    "LinkTime": 12,
    "LinkLevelEffect": [
      [
        1,
        11012,
        24
      ],
      [
        1,
        11022,
        24
      ],
      [
        1,
        11032,
        24
      ],
      [
        1,
        11042,
        24
      ]
    ],
    "FightValue": 69
  },
  "14": {
    "Id": 14,
    "LinkTime": 13,
    "LinkLevelEffect": [
      [
        1,
        11012,
        26
      ],
      [
        1,
        11022,
        26
      ],
      [
        1,
        11032,
        26
      ],
      [
        1,
        11042,
        26
      ]
    ],
    "FightValue": 75
  },
  "15": {
    "Id": 15,
    "LinkTime": 14,
    "LinkLevelEffect": [
      [
        1,
        11012,
        28
      ],
      [
        1,
        11022,
        28
      ],
      [
        1,
        11032,
        28
      ],
      [
        1,
        11042,
        28
      ]
    ],
    "FightValue": 81
  },
  "16": {
    "Id": 16,
    "LinkTime": 15,
    "LinkLevelEffect": [
      [
        1,
        11012,
        30
      ],
      [
        1,
        11022,
        30
      ],
      [
        1,
        11032,
        30
      ],
      [
        1,
        11042,
        30
      ]
    ],
    "FightValue": 87
  },
  "17": {
    "Id": 17,
    "LinkTime": 16,
    "LinkLevelEffect": [
      [
        1,
        11012,
        32
      ],
      [
        1,
        11022,
        32
      ],
      [
        1,
        11032,
        32
      ],
      [
        1,
        11042,
        32
      ]
    ],
    "FightValue": 93
  },
  "18": {
    "Id": 18,
    "LinkTime": 17,
    "LinkLevelEffect": [
      [
        1,
        11012,
        34
      ],
      [
        1,
        11022,
        34
      ],
      [
        1,
        11032,
        34
      ],
      [
        1,
        11042,
        34
      ]
    ],
    "FightValue": 99
  },
  "19": {
    "Id": 19,
    "LinkTime": 18,
    "LinkLevelEffect": [
      [
        1,
        11012,
        36
      ],
      [
        1,
        11022,
        36
      ],
      [
        1,
        11032,
        36
      ],
      [
        1,
        11042,
        36
      ]
    ],
    "FightValue": 104
  },
  "20": {
    "Id": 20,
    "LinkTime": 19,
    "LinkLevelEffect": [
      [
        1,
        11012,
        38
      ],
      [
        1,
        11022,
        38
      ],
      [
        1,
        11032,
        38
      ],
      [
        1,
        11042,
        38
      ]
    ],
    "FightValue": 110
  },
  "21": {
    "Id": 21,
    "LinkTime": 20,
    "LinkLevelEffect": [
      [
        1,
        11012,
        40
      ],
      [
        1,
        11022,
        40
      ],
      [
        1,
        11032,
        40
      ],
      [
        1,
        11042,
        40
      ]
    ],
    "FightValue": 116
  },
  "22": {
    "Id": 22,
    "LinkTime": 21,
    "LinkLevelEffect": [
      [
        1,
        11012,
        42
      ],
      [
        1,
        11022,
        42
      ],
      [
        1,
        11032,
        42
      ],
      [
        1,
        11042,
        42
      ]
    ],
    "FightValue": 122
  },
  "23": {
    "Id": 23,
    "LinkTime": 22,
    "LinkLevelEffect": [
      [
        1,
        11012,
        44
      ],
      [
        1,
        11022,
        44
      ],
      [
        1,
        11032,
        44
      ],
      [
        1,
        11042,
        44
      ]
    ],
    "FightValue": 128
  },
  "24": {
    "Id": 24,
    "LinkTime": 23,
    "LinkLevelEffect": [
      [
        1,
        11012,
        46
      ],
      [
        1,
        11022,
        46
      ],
      [
        1,
        11032,
        46
      ],
      [
        1,
        11042,
        46
      ]
    ],
    "FightValue": 133
  },
  "25": {
    "Id": 25,
    "LinkTime": 24,
    "LinkLevelEffect": [
      [
        1,
        11012,
        48
      ],
      [
        1,
        11022,
        48
      ],
      [
        1,
        11032,
        48
      ],
      [
        1,
        11042,
        48
      ]
    ],
    "FightValue": 139
  },
  "26": {
    "Id": 26,
    "LinkTime": 25,
    "LinkLevelEffect": [
      [
        1,
        11012,
        50
      ],
      [
        1,
        11022,
        50
      ],
      [
        1,
        11032,
        50
      ],
      [
        1,
        11042,
        50
      ]
    ],
    "FightValue": 145
  },
  "27": {
    "Id": 27,
    "LinkTime": 26,
    "LinkLevelEffect": [
      [
        1,
        11012,
        52
      ],
      [
        1,
        11022,
        52
      ],
      [
        1,
        11032,
        52
      ],
      [
        1,
        11042,
        52
      ]
    ],
    "FightValue": 151
  },
  "28": {
    "Id": 28,
    "LinkTime": 27,
    "LinkLevelEffect": [
      [
        1,
        11012,
        54
      ],
      [
        1,
        11022,
        54
      ],
      [
        1,
        11032,
        54
      ],
      [
        1,
        11042,
        54
      ]
    ],
    "FightValue": 157
  },
  "29": {
    "Id": 29,
    "LinkTime": 28,
    "LinkLevelEffect": [
      [
        1,
        11012,
        56
      ],
      [
        1,
        11022,
        56
      ],
      [
        1,
        11032,
        56
      ],
      [
        1,
        11042,
        56
      ]
    ],
    "FightValue": 163
  },
  "30": {
    "Id": 30,
    "LinkTime": 29,
    "LinkLevelEffect": [
      [
        1,
        11012,
        58
      ],
      [
        1,
        11022,
        58
      ],
      [
        1,
        11032,
        58
      ],
      [
        1,
        11042,
        58
      ]
    ],
    "FightValue": 168
  },
  "31": {
    "Id": 31,
    "LinkTime": 30,
    "LinkLevelEffect": [
      [
        1,
        11012,
        60
      ],
      [
        1,
        11022,
        60
      ],
      [
        1,
        11032,
        60
      ],
      [
        1,
        11042,
        60
      ]
    ],
    "FightValue": 174
  },
  "32": {
    "Id": 32,
    "LinkTime": 31,
    "LinkLevelEffect": [
      [
        1,
        11012,
        62
      ],
      [
        1,
        11022,
        62
      ],
      [
        1,
        11032,
        62
      ],
      [
        1,
        11042,
        62
      ]
    ],
    "FightValue": 180
  },
  "33": {
    "Id": 33,
    "LinkTime": 32,
    "LinkLevelEffect": [
      [
        1,
        11012,
        64
      ],
      [
        1,
        11022,
        64
      ],
      [
        1,
        11032,
        64
      ],
      [
        1,
        11042,
        64
      ]
    ],
    "FightValue": 186
  },
  "34": {
    "Id": 34,
    "LinkTime": 33,
    "LinkLevelEffect": [
      [
        1,
        11012,
        66
      ],
      [
        1,
        11022,
        66
      ],
      [
        1,
        11032,
        66
      ],
      [
        1,
        11042,
        66
      ]
    ],
    "FightValue": 192
  },
  "35": {
    "Id": 35,
    "LinkTime": 34,
    "LinkLevelEffect": [
      [
        1,
        11012,
        68
      ],
      [
        1,
        11022,
        68
      ],
      [
        1,
        11032,
        68
      ],
      [
        1,
        11042,
        68
      ]
    ],
    "FightValue": 198
  },
  "36": {
    "Id": 36,
    "LinkTime": 35,
    "LinkLevelEffect": [
      [
        1,
        11012,
        70
      ],
      [
        1,
        11022,
        70
      ],
      [
        1,
        11032,
        70
      ],
      [
        1,
        11042,
        70
      ]
    ],
    "FightValue": 203
  },
  "37": {
    "Id": 37,
    "LinkTime": 36,
    "LinkLevelEffect": [
      [
        1,
        11012,
        72
      ],
      [
        1,
        11022,
        72
      ],
      [
        1,
        11032,
        72
      ],
      [
        1,
        11042,
        72
      ]
    ],
    "FightValue": 209
  },
  "38": {
    "Id": 38,
    "LinkTime": 37,
    "LinkLevelEffect": [
      [
        1,
        11012,
        74
      ],
      [
        1,
        11022,
        74
      ],
      [
        1,
        11032,
        74
      ],
      [
        1,
        11042,
        74
      ]
    ],
    "FightValue": 215
  },
  "39": {
    "Id": 39,
    "LinkTime": 38,
    "LinkLevelEffect": [
      [
        1,
        11012,
        76
      ],
      [
        1,
        11022,
        76
      ],
      [
        1,
        11032,
        76
      ],
      [
        1,
        11042,
        76
      ]
    ],
    "FightValue": 221
  },
  "40": {
    "Id": 40,
    "LinkTime": 39,
    "LinkLevelEffect": [
      [
        1,
        11012,
        78
      ],
      [
        1,
        11022,
        78
      ],
      [
        1,
        11032,
        78
      ],
      [
        1,
        11042,
        78
      ]
    ],
    "FightValue": 227
  },
  "41": {
    "Id": 41,
    "LinkTime": 40,
    "LinkLevelEffect": [
      [
        1,
        11012,
        80
      ],
      [
        1,
        11022,
        80
      ],
      [
        1,
        11032,
        80
      ],
      [
        1,
        11042,
        80
      ]
    ],
    "FightValue": 233
  },
  "42": {
    "Id": 42,
    "LinkTime": 41,
    "LinkLevelEffect": [
      [
        1,
        11012,
        82
      ],
      [
        1,
        11022,
        82
      ],
      [
        1,
        11032,
        82
      ],
      [
        1,
        11042,
        82
      ]
    ],
    "FightValue": 238
  },
  "43": {
    "Id": 43,
    "LinkTime": 42,
    "LinkLevelEffect": [
      [
        1,
        11012,
        84
      ],
      [
        1,
        11022,
        84
      ],
      [
        1,
        11032,
        84
      ],
      [
        1,
        11042,
        84
      ]
    ],
    "FightValue": 244
  },
  "44": {
    "Id": 44,
    "LinkTime": 43,
    "LinkLevelEffect": [
      [
        1,
        11012,
        86
      ],
      [
        1,
        11022,
        86
      ],
      [
        1,
        11032,
        86
      ],
      [
        1,
        11042,
        86
      ]
    ],
    "FightValue": 250
  },
  "45": {
    "Id": 45,
    "LinkTime": 44,
    "LinkLevelEffect": [
      [
        1,
        11012,
        88
      ],
      [
        1,
        11022,
        88
      ],
      [
        1,
        11032,
        88
      ],
      [
        1,
        11042,
        88
      ]
    ],
    "FightValue": 256
  },
  "46": {
    "Id": 46,
    "LinkTime": 45,
    "LinkLevelEffect": [
      [
        1,
        11012,
        90
      ],
      [
        1,
        11022,
        90
      ],
      [
        1,
        11032,
        90
      ],
      [
        1,
        11042,
        90
      ]
    ],
    "FightValue": 262
  },
  "47": {
    "Id": 47,
    "LinkTime": 46,
    "LinkLevelEffect": [
      [
        1,
        11012,
        92
      ],
      [
        1,
        11022,
        92
      ],
      [
        1,
        11032,
        92
      ],
      [
        1,
        11042,
        92
      ]
    ],
    "FightValue": 267
  },
  "48": {
    "Id": 48,
    "LinkTime": 47,
    "LinkLevelEffect": [
      [
        1,
        11012,
        94
      ],
      [
        1,
        11022,
        94
      ],
      [
        1,
        11032,
        94
      ],
      [
        1,
        11042,
        94
      ]
    ],
    "FightValue": 273
  },
  "49": {
    "Id": 49,
    "LinkTime": 48,
    "LinkLevelEffect": [
      [
        1,
        11012,
        96
      ],
      [
        1,
        11022,
        96
      ],
      [
        1,
        11032,
        96
      ],
      [
        1,
        11042,
        96
      ]
    ],
    "FightValue": 279
  },
  "50": {
    "Id": 50,
    "LinkTime": 49,
    "LinkLevelEffect": [
      [
        1,
        11012,
        98
      ],
      [
        1,
        11022,
        98
      ],
      [
        1,
        11032,
        98
      ],
      [
        1,
        11042,
        98
      ]
    ],
    "FightValue": 285
  },
  "51": {
    "Id": 51,
    "LinkTime": 50,
    "LinkLevelEffect": [
      [
        1,
        11012,
        100
      ],
      [
        1,
        11022,
        100
      ],
      [
        1,
        11032,
        100
      ],
      [
        1,
        11042,
        100
      ]
    ],
    "FightValue": 291
  },
  "52": {
    "Id": 52,
    "LinkTime": 51,
    "LinkLevelEffect": [
      [
        1,
        11012,
        102
      ],
      [
        1,
        11022,
        102
      ],
      [
        1,
        11032,
        102
      ],
      [
        1,
        11042,
        102
      ]
    ],
    "FightValue": 297
  },
  "53": {
    "Id": 53,
    "LinkTime": 52,
    "LinkLevelEffect": [
      [
        1,
        11012,
        104
      ],
      [
        1,
        11022,
        104
      ],
      [
        1,
        11032,
        104
      ],
      [
        1,
        11042,
        104
      ]
    ],
    "FightValue": 302
  },
  "54": {
    "Id": 54,
    "LinkTime": 53,
    "LinkLevelEffect": [
      [
        1,
        11012,
        106
      ],
      [
        1,
        11022,
        106
      ],
      [
        1,
        11032,
        106
      ],
      [
        1,
        11042,
        106
      ]
    ],
    "FightValue": 308
  },
  "55": {
    "Id": 55,
    "LinkTime": 54,
    "LinkLevelEffect": [
      [
        1,
        11012,
        108
      ],
      [
        1,
        11022,
        108
      ],
      [
        1,
        11032,
        108
      ],
      [
        1,
        11042,
        108
      ]
    ],
    "FightValue": 314
  },
  "56": {
    "Id": 56,
    "LinkTime": 55,
    "LinkLevelEffect": [
      [
        1,
        11012,
        110
      ],
      [
        1,
        11022,
        110
      ],
      [
        1,
        11032,
        110
      ],
      [
        1,
        11042,
        110
      ]
    ],
    "FightValue": 320
  },
  "57": {
    "Id": 57,
    "LinkTime": 56,
    "LinkLevelEffect": [
      [
        1,
        11012,
        112
      ],
      [
        1,
        11022,
        112
      ],
      [
        1,
        11032,
        112
      ],
      [
        1,
        11042,
        112
      ]
    ],
    "FightValue": 326
  },
  "58": {
    "Id": 58,
    "LinkTime": 57,
    "LinkLevelEffect": [
      [
        1,
        11012,
        114
      ],
      [
        1,
        11022,
        114
      ],
      [
        1,
        11032,
        114
      ],
      [
        1,
        11042,
        114
      ]
    ],
    "FightValue": 332
  },
  "59": {
    "Id": 59,
    "LinkTime": 58,
    "LinkLevelEffect": [
      [
        1,
        11012,
        116
      ],
      [
        1,
        11022,
        116
      ],
      [
        1,
        11032,
        116
      ],
      [
        1,
        11042,
        116
      ]
    ],
    "FightValue": 337
  },
  "60": {
    "Id": 60,
    "LinkTime": 59,
    "LinkLevelEffect": [
      [
        1,
        11012,
        118
      ],
      [
        1,
        11022,
        118
      ],
      [
        1,
        11032,
        118
      ],
      [
        1,
        11042,
        118
      ]
    ],
    "FightValue": 343
  },
  "61": {
    "Id": 61,
    "LinkTime": 60,
    "LinkLevelEffect": [
      [
        1,
        11012,
        120
      ],
      [
        1,
        11022,
        120
      ],
      [
        1,
        11032,
        120
      ],
      [
        1,
        11042,
        120
      ]
    ],
    "FightValue": 349
  },
  "62": {
    "Id": 62,
    "LinkTime": 61,
    "LinkLevelEffect": [
      [
        1,
        11012,
        122
      ],
      [
        1,
        11022,
        122
      ],
      [
        1,
        11032,
        122
      ],
      [
        1,
        11042,
        122
      ]
    ],
    "FightValue": 355
  },
  "63": {
    "Id": 63,
    "LinkTime": 62,
    "LinkLevelEffect": [
      [
        1,
        11012,
        124
      ],
      [
        1,
        11022,
        124
      ],
      [
        1,
        11032,
        124
      ],
      [
        1,
        11042,
        124
      ]
    ],
    "FightValue": 361
  },
  "64": {
    "Id": 64,
    "LinkTime": 63,
    "LinkLevelEffect": [
      [
        1,
        11012,
        126
      ],
      [
        1,
        11022,
        126
      ],
      [
        1,
        11032,
        126
      ],
      [
        1,
        11042,
        126
      ]
    ],
    "FightValue": 366
  },
  "65": {
    "Id": 65,
    "LinkTime": 64,
    "LinkLevelEffect": [
      [
        1,
        11012,
        128
      ],
      [
        1,
        11022,
        128
      ],
      [
        1,
        11032,
        128
      ],
      [
        1,
        11042,
        128
      ]
    ],
    "FightValue": 372
  },
  "66": {
    "Id": 66,
    "LinkTime": 65,
    "LinkLevelEffect": [
      [
        1,
        11012,
        130
      ],
      [
        1,
        11022,
        130
      ],
      [
        1,
        11032,
        130
      ],
      [
        1,
        11042,
        130
      ]
    ],
    "FightValue": 378
  },
  "67": {
    "Id": 67,
    "LinkTime": 66,
    "LinkLevelEffect": [
      [
        1,
        11012,
        132
      ],
      [
        1,
        11022,
        132
      ],
      [
        1,
        11032,
        132
      ],
      [
        1,
        11042,
        132
      ]
    ],
    "FightValue": 384
  },
  "68": {
    "Id": 68,
    "LinkTime": 67,
    "LinkLevelEffect": [
      [
        1,
        11012,
        134
      ],
      [
        1,
        11022,
        134
      ],
      [
        1,
        11032,
        134
      ],
      [
        1,
        11042,
        134
      ]
    ],
    "FightValue": 390
  },
  "69": {
    "Id": 69,
    "LinkTime": 68,
    "LinkLevelEffect": [
      [
        1,
        11012,
        136
      ],
      [
        1,
        11022,
        136
      ],
      [
        1,
        11032,
        136
      ],
      [
        1,
        11042,
        136
      ]
    ],
    "FightValue": 396
  },
  "70": {
    "Id": 70,
    "LinkTime": 69,
    "LinkLevelEffect": [
      [
        1,
        11012,
        138
      ],
      [
        1,
        11022,
        138
      ],
      [
        1,
        11032,
        138
      ],
      [
        1,
        11042,
        138
      ]
    ],
    "FightValue": 401
  },
  "71": {
    "Id": 71,
    "LinkTime": 70,
    "LinkLevelEffect": [
      [
        1,
        11012,
        140
      ],
      [
        1,
        11022,
        140
      ],
      [
        1,
        11032,
        140
      ],
      [
        1,
        11042,
        140
      ]
    ],
    "FightValue": 407
  },
  "72": {
    "Id": 72,
    "LinkTime": 71,
    "LinkLevelEffect": [
      [
        1,
        11012,
        142
      ],
      [
        1,
        11022,
        142
      ],
      [
        1,
        11032,
        142
      ],
      [
        1,
        11042,
        142
      ]
    ],
    "FightValue": 413
  },
  "73": {
    "Id": 73,
    "LinkTime": 72,
    "LinkLevelEffect": [
      [
        1,
        11012,
        144
      ],
      [
        1,
        11022,
        144
      ],
      [
        1,
        11032,
        144
      ],
      [
        1,
        11042,
        144
      ]
    ],
    "FightValue": 419
  },
  "74": {
    "Id": 74,
    "LinkTime": 73,
    "LinkLevelEffect": [
      [
        1,
        11012,
        146
      ],
      [
        1,
        11022,
        146
      ],
      [
        1,
        11032,
        146
      ],
      [
        1,
        11042,
        146
      ]
    ],
    "FightValue": 425
  },
  "75": {
    "Id": 75,
    "LinkTime": 74,
    "LinkLevelEffect": [
      [
        1,
        11012,
        148
      ],
      [
        1,
        11022,
        148
      ],
      [
        1,
        11032,
        148
      ],
      [
        1,
        11042,
        148
      ]
    ],
    "FightValue": 431
  },
  "76": {
    "Id": 76,
    "LinkTime": 75,
    "LinkLevelEffect": [
      [
        1,
        11012,
        150
      ],
      [
        1,
        11022,
        150
      ],
      [
        1,
        11032,
        150
      ],
      [
        1,
        11042,
        150
      ]
    ],
    "FightValue": 436
  },
  "77": {
    "Id": 77,
    "LinkTime": 76,
    "LinkLevelEffect": [
      [
        1,
        11012,
        152
      ],
      [
        1,
        11022,
        152
      ],
      [
        1,
        11032,
        152
      ],
      [
        1,
        11042,
        152
      ]
    ],
    "FightValue": 442
  },
  "78": {
    "Id": 78,
    "LinkTime": 77,
    "LinkLevelEffect": [
      [
        1,
        11012,
        154
      ],
      [
        1,
        11022,
        154
      ],
      [
        1,
        11032,
        154
      ],
      [
        1,
        11042,
        154
      ]
    ],
    "FightValue": 448
  },
  "79": {
    "Id": 79,
    "LinkTime": 78,
    "LinkLevelEffect": [
      [
        1,
        11012,
        156
      ],
      [
        1,
        11022,
        156
      ],
      [
        1,
        11032,
        156
      ],
      [
        1,
        11042,
        156
      ]
    ],
    "FightValue": 454
  },
  "80": {
    "Id": 80,
    "LinkTime": 79,
    "LinkLevelEffect": [
      [
        1,
        11012,
        158
      ],
      [
        1,
        11022,
        158
      ],
      [
        1,
        11032,
        158
      ],
      [
        1,
        11042,
        158
      ]
    ],
    "FightValue": 460
  },
  "81": {
    "Id": 81,
    "LinkTime": 80,
    "LinkLevelEffect": [
      [
        1,
        11012,
        160
      ],
      [
        1,
        11022,
        160
      ],
      [
        1,
        11032,
        160
      ],
      [
        1,
        11042,
        160
      ]
    ],
    "FightValue": 466
  },
  "82": {
    "Id": 82,
    "LinkTime": 81,
    "LinkLevelEffect": [
      [
        1,
        11012,
        162
      ],
      [
        1,
        11022,
        162
      ],
      [
        1,
        11032,
        162
      ],
      [
        1,
        11042,
        162
      ]
    ],
    "FightValue": 471
  },
  "83": {
    "Id": 83,
    "LinkTime": 82,
    "LinkLevelEffect": [
      [
        1,
        11012,
        164
      ],
      [
        1,
        11022,
        164
      ],
      [
        1,
        11032,
        164
      ],
      [
        1,
        11042,
        164
      ]
    ],
    "FightValue": 477
  },
  "84": {
    "Id": 84,
    "LinkTime": 83,
    "LinkLevelEffect": [
      [
        1,
        11012,
        166
      ],
      [
        1,
        11022,
        166
      ],
      [
        1,
        11032,
        166
      ],
      [
        1,
        11042,
        166
      ]
    ],
    "FightValue": 483
  },
  "85": {
    "Id": 85,
    "LinkTime": 84,
    "LinkLevelEffect": [
      [
        1,
        11012,
        168
      ],
      [
        1,
        11022,
        168
      ],
      [
        1,
        11032,
        168
      ],
      [
        1,
        11042,
        168
      ]
    ],
    "FightValue": 489
  },
  "86": {
    "Id": 86,
    "LinkTime": 85,
    "LinkLevelEffect": [
      [
        1,
        11012,
        170
      ],
      [
        1,
        11022,
        170
      ],
      [
        1,
        11032,
        170
      ],
      [
        1,
        11042,
        170
      ]
    ],
    "FightValue": 495
  },
  "87": {
    "Id": 87,
    "LinkTime": 86,
    "LinkLevelEffect": [
      [
        1,
        11012,
        172
      ],
      [
        1,
        11022,
        172
      ],
      [
        1,
        11032,
        172
      ],
      [
        1,
        11042,
        172
      ]
    ],
    "FightValue": 500
  },
  "88": {
    "Id": 88,
    "LinkTime": 87,
    "LinkLevelEffect": [
      [
        1,
        11012,
        174
      ],
      [
        1,
        11022,
        174
      ],
      [
        1,
        11032,
        174
      ],
      [
        1,
        11042,
        174
      ]
    ],
    "FightValue": 506
  },
  "89": {
    "Id": 89,
    "LinkTime": 88,
    "LinkLevelEffect": [
      [
        1,
        11012,
        176
      ],
      [
        1,
        11022,
        176
      ],
      [
        1,
        11032,
        176
      ],
      [
        1,
        11042,
        176
      ]
    ],
    "FightValue": 512
  },
  "90": {
    "Id": 90,
    "LinkTime": 89,
    "LinkLevelEffect": [
      [
        1,
        11012,
        178
      ],
      [
        1,
        11022,
        178
      ],
      [
        1,
        11032,
        178
      ],
      [
        1,
        11042,
        178
      ]
    ],
    "FightValue": 518
  },
  "91": {
    "Id": 91,
    "LinkTime": 90,
    "LinkLevelEffect": [
      [
        1,
        11012,
        180
      ],
      [
        1,
        11022,
        180
      ],
      [
        1,
        11032,
        180
      ],
      [
        1,
        11042,
        180
      ]
    ],
    "FightValue": 524
  },
  "92": {
    "Id": 92,
    "LinkTime": 91,
    "LinkLevelEffect": [
      [
        1,
        11012,
        182
      ],
      [
        1,
        11022,
        182
      ],
      [
        1,
        11032,
        182
      ],
      [
        1,
        11042,
        182
      ]
    ],
    "FightValue": 530
  },
  "93": {
    "Id": 93,
    "LinkTime": 92,
    "LinkLevelEffect": [
      [
        1,
        11012,
        184
      ],
      [
        1,
        11022,
        184
      ],
      [
        1,
        11032,
        184
      ],
      [
        1,
        11042,
        184
      ]
    ],
    "FightValue": 535
  },
  "94": {
    "Id": 94,
    "LinkTime": 93,
    "LinkLevelEffect": [
      [
        1,
        11012,
        186
      ],
      [
        1,
        11022,
        186
      ],
      [
        1,
        11032,
        186
      ],
      [
        1,
        11042,
        186
      ]
    ],
    "FightValue": 541
  },
  "95": {
    "Id": 95,
    "LinkTime": 94,
    "LinkLevelEffect": [
      [
        1,
        11012,
        188
      ],
      [
        1,
        11022,
        188
      ],
      [
        1,
        11032,
        188
      ],
      [
        1,
        11042,
        188
      ]
    ],
    "FightValue": 547
  },
  "96": {
    "Id": 96,
    "LinkTime": 95,
    "LinkLevelEffect": [
      [
        1,
        11012,
        190
      ],
      [
        1,
        11022,
        190
      ],
      [
        1,
        11032,
        190
      ],
      [
        1,
        11042,
        190
      ]
    ],
    "FightValue": 553
  },
  "97": {
    "Id": 97,
    "LinkTime": 96,
    "LinkLevelEffect": [
      [
        1,
        11012,
        192
      ],
      [
        1,
        11022,
        192
      ],
      [
        1,
        11032,
        192
      ],
      [
        1,
        11042,
        192
      ]
    ],
    "FightValue": 559
  },
  "98": {
    "Id": 98,
    "LinkTime": 97,
    "LinkLevelEffect": [
      [
        1,
        11012,
        194
      ],
      [
        1,
        11022,
        194
      ],
      [
        1,
        11032,
        194
      ],
      [
        1,
        11042,
        194
      ]
    ],
    "FightValue": 565
  },
  "99": {
    "Id": 99,
    "LinkTime": 98,
    "LinkLevelEffect": [
      [
        1,
        11012,
        196
      ],
      [
        1,
        11022,
        196
      ],
      [
        1,
        11032,
        196
      ],
      [
        1,
        11042,
        196
      ]
    ],
    "FightValue": 570
  },
  "100": {
    "Id": 100,
    "LinkTime": 99,
    "LinkLevelEffect": [
      [
        1,
        11012,
        198
      ],
      [
        1,
        11022,
        198
      ],
      [
        1,
        11032,
        198
      ],
      [
        1,
        11042,
        198
      ]
    ],
    "FightValue": 576
  },
  "101": {
    "Id": 101,
    "LinkTime": 100,
    "LinkLevelEffect": [
      [
        1,
        11012,
        200
      ],
      [
        1,
        11022,
        200
      ],
      [
        1,
        11032,
        200
      ],
      [
        1,
        11042,
        200
      ]
    ],
    "FightValue": 582
  },
  "102": {
    "Id": 102,
    "LinkTime": 101,
    "LinkLevelEffect": [
      [
        1,
        11012,
        202
      ],
      [
        1,
        11022,
        202
      ],
      [
        1,
        11032,
        202
      ],
      [
        1,
        11042,
        202
      ]
    ],
    "FightValue": 588
  },
  "103": {
    "Id": 103,
    "LinkTime": 102,
    "LinkLevelEffect": [
      [
        1,
        11012,
        204
      ],
      [
        1,
        11022,
        204
      ],
      [
        1,
        11032,
        204
      ],
      [
        1,
        11042,
        204
      ]
    ],
    "FightValue": 594
  },
  "104": {
    "Id": 104,
    "LinkTime": 103,
    "LinkLevelEffect": [
      [
        1,
        11012,
        206
      ],
      [
        1,
        11022,
        206
      ],
      [
        1,
        11032,
        206
      ],
      [
        1,
        11042,
        206
      ]
    ],
    "FightValue": 599
  },
  "105": {
    "Id": 105,
    "LinkTime": 104,
    "LinkLevelEffect": [
      [
        1,
        11012,
        208
      ],
      [
        1,
        11022,
        208
      ],
      [
        1,
        11032,
        208
      ],
      [
        1,
        11042,
        208
      ]
    ],
    "FightValue": 605
  },
  "106": {
    "Id": 106,
    "LinkTime": 105,
    "LinkLevelEffect": [
      [
        1,
        11012,
        210
      ],
      [
        1,
        11022,
        210
      ],
      [
        1,
        11032,
        210
      ],
      [
        1,
        11042,
        210
      ]
    ],
    "FightValue": 611
  },
  "107": {
    "Id": 107,
    "LinkTime": 106,
    "LinkLevelEffect": [
      [
        1,
        11012,
        212
      ],
      [
        1,
        11022,
        212
      ],
      [
        1,
        11032,
        212
      ],
      [
        1,
        11042,
        212
      ]
    ],
    "FightValue": 617
  },
  "108": {
    "Id": 108,
    "LinkTime": 107,
    "LinkLevelEffect": [
      [
        1,
        11012,
        214
      ],
      [
        1,
        11022,
        214
      ],
      [
        1,
        11032,
        214
      ],
      [
        1,
        11042,
        214
      ]
    ],
    "FightValue": 623
  },
  "109": {
    "Id": 109,
    "LinkTime": 108,
    "LinkLevelEffect": [
      [
        1,
        11012,
        216
      ],
      [
        1,
        11022,
        216
      ],
      [
        1,
        11032,
        216
      ],
      [
        1,
        11042,
        216
      ]
    ],
    "FightValue": 629
  },
  "110": {
    "Id": 110,
    "LinkTime": 109,
    "LinkLevelEffect": [
      [
        1,
        11012,
        218
      ],
      [
        1,
        11022,
        218
      ],
      [
        1,
        11032,
        218
      ],
      [
        1,
        11042,
        218
      ]
    ],
    "FightValue": 634
  },
  "111": {
    "Id": 111,
    "LinkTime": 110,
    "LinkLevelEffect": [
      [
        1,
        11012,
        220
      ],
      [
        1,
        11022,
        220
      ],
      [
        1,
        11032,
        220
      ],
      [
        1,
        11042,
        220
      ]
    ],
    "FightValue": 640
  },
  "112": {
    "Id": 112,
    "LinkTime": 111,
    "LinkLevelEffect": [
      [
        1,
        11012,
        222
      ],
      [
        1,
        11022,
        222
      ],
      [
        1,
        11032,
        222
      ],
      [
        1,
        11042,
        222
      ]
    ],
    "FightValue": 646
  },
  "113": {
    "Id": 113,
    "LinkTime": 112,
    "LinkLevelEffect": [
      [
        1,
        11012,
        224
      ],
      [
        1,
        11022,
        224
      ],
      [
        1,
        11032,
        224
      ],
      [
        1,
        11042,
        224
      ]
    ],
    "FightValue": 652
  },
  "114": {
    "Id": 114,
    "LinkTime": 113,
    "LinkLevelEffect": [
      [
        1,
        11012,
        226
      ],
      [
        1,
        11022,
        226
      ],
      [
        1,
        11032,
        226
      ],
      [
        1,
        11042,
        226
      ]
    ],
    "FightValue": 658
  },
  "115": {
    "Id": 115,
    "LinkTime": 114,
    "LinkLevelEffect": [
      [
        1,
        11012,
        228
      ],
      [
        1,
        11022,
        228
      ],
      [
        1,
        11032,
        228
      ],
      [
        1,
        11042,
        228
      ]
    ],
    "FightValue": 664
  },
  "116": {
    "Id": 116,
    "LinkTime": 115,
    "LinkLevelEffect": [
      [
        1,
        11012,
        230
      ],
      [
        1,
        11022,
        230
      ],
      [
        1,
        11032,
        230
      ],
      [
        1,
        11042,
        230
      ]
    ],
    "FightValue": 669
  },
  "117": {
    "Id": 117,
    "LinkTime": 116,
    "LinkLevelEffect": [
      [
        1,
        11012,
        232
      ],
      [
        1,
        11022,
        232
      ],
      [
        1,
        11032,
        232
      ],
      [
        1,
        11042,
        232
      ]
    ],
    "FightValue": 675
  },
  "118": {
    "Id": 118,
    "LinkTime": 117,
    "LinkLevelEffect": [
      [
        1,
        11012,
        234
      ],
      [
        1,
        11022,
        234
      ],
      [
        1,
        11032,
        234
      ],
      [
        1,
        11042,
        234
      ]
    ],
    "FightValue": 681
  },
  "119": {
    "Id": 119,
    "LinkTime": 118,
    "LinkLevelEffect": [
      [
        1,
        11012,
        236
      ],
      [
        1,
        11022,
        236
      ],
      [
        1,
        11032,
        236
      ],
      [
        1,
        11042,
        236
      ]
    ],
    "FightValue": 687
  },
  "120": {
    "Id": 120,
    "LinkTime": 119,
    "LinkLevelEffect": [
      [
        1,
        11012,
        238
      ],
      [
        1,
        11022,
        238
      ],
      [
        1,
        11032,
        238
      ],
      [
        1,
        11042,
        238
      ]
    ],
    "FightValue": 693
  },
  "121": {
    "Id": 121,
    "LinkTime": 120,
    "LinkLevelEffect": [
      [
        1,
        11012,
        240
      ],
      [
        1,
        11022,
        240
      ],
      [
        1,
        11032,
        240
      ],
      [
        1,
        11042,
        240
      ]
    ],
    "FightValue": 699
  }
}