{
  "0": {
    "UId": 0,
    "Id": 0,
    "GroupId": 0,
    "Position": [],
    "Rotation": 0.0,
    "RotationX": 0.0,
    "RotationZ": 0.0,
    "RefreshMode": 0,
    "RefreshAfterDied": false,
    "RefreshPosition": [],
    "RefreshTimeType": 0,
    "RefreshTimeParams": [],
    "RefreshMaxTimes": 0,
    "CampId": 0,
    "Visible": 0,
    "Usable": 0,
    "DataType": 0,
    "WayPointName": "",
    "SpaceLayerIndex": 0,
    "OverrideScale": 0.0,
    "EntMask": 0,
    "AlertRange": 0.0,
    "HatredChainId": [],
    "RefreshCondition": [],
    "IsNotGround": false,
    "IsStatic": false,
    "IsPatrol": false,
    "IsPlayAction": false,
    "PlayActionProbability": 0,
    "PlayActionMode": 0,
    "PlayActionId": [],
    "IsAIUse": false,
    "VisualLayerId": 0,
    "DefaultIdlAnim": "",
    "SourceType": 0,
    "DefaultState": 0,
    "StatusInfo": [],
    "StatusTransition": [],
    "InteractionTemplateOverride": [],
    "ShowStatusInfo": [],
    "ShowStatusTransition": [],
    "IgnoreFarCull": false,
    "MinModelLod": 0,
    "RandomEntId": 0,
    "PathFindingPoint": 0
  }
}