{
  "1022": {
    "DungeonId": 1022,
    "KeyReward": []
  },
  "1023": {
    "DungeonId": 1023,
    "KeyReward": [
      12000060,
      12000070,
      12000080
    ]
  },
  "1113": {
    "DungeonId": 1113,
    "KeyReward": []
  },
  "1114": {
    "DungeonId": 1114,
    "KeyReward": [
      12000060,
      12000070,
      12000080
    ]
  },
  "6013": {
    "DungeonId": 6013,
    "KeyReward": []
  },
  "6014": {
    "DungeonId": 6014,
    "KeyReward": [
      12000060,
      12000070,
      12000080
    ]
  }
}