{
  "1": {
    "Id": 1,
    "Name": "Front Flip",
    "Level": 1,
    "EnergyValue": 0,
    "WaitTime": 0.5,
    "Dot": 0
  },
  "2": {
    "Id": 2,
    "Name": "Front Flip",
    "Level": 2,
    "EnergyValue": 0,
    "WaitTime": 0.5,
    "Dot": 1
  },
  "3": {
    "Id": 3,
    "Name": "Front Flip",
    "Level": 3,
    "EnergyValue": 0,
    "WaitTime": 0.5,
    "Dot": 2
  },
  "4": {
    "Id": 4,
    "Name": "Fish Dive Spiral",
    "Level": 1,
    "EnergyValue": 0,
    "WaitTime": 0.5,
    "Dot": 0
  },
  "5": {
    "Id": 5,
    "Name": "Fish Dive Spiral",
    "Level": 2,
    "EnergyValue": 0,
    "WaitTime": 0.5,
    "Dot": 1
  },
  "6": {
    "Id": 6,
    "Name": "Fish Dive Spiral",
    "Level": 3,
    "EnergyValue": 0,
    "WaitTime": 0.5,
    "Dot": 2
  },
  "7": {
    "Id": 7,
    "Name": "Back Flip",
    "Level": 1,
    "EnergyValue": 0,
    "WaitTime": 0.5,
    "Dot": 0
  },
  "8": {
    "Id": 8,
    "Name": "Back Flip",
    "Level": 2,
    "EnergyValue": 0,
    "WaitTime": 0.5,
    "Dot": 1
  },
  "9": {
    "Id": 9,
    "Name": "Back Flip",
    "Level": 3,
    "EnergyValue": 0,
    "WaitTime": 0.5,
    "Dot": 2
  },
  "10": {
    "Id": 10,
    "Name": "Side Jump",
    "Level": 0,
    "EnergyValue": 0,
    "WaitTime": 0.5,
    "Dot": 0
  },
  "11": {
    "Id": 11,
    "Name": "Wall Jump",
    "Level": 0,
    "EnergyValue": 0,
    "WaitTime": 0.5,
    "Dot": 0
  },
  "12": {
    "Id": 12,
    "Name": "Leap - Zero",
    "Level": 0,
    "EnergyValue": 0,
    "WaitTime": 0.5,
    "Dot": 0
  },
  "13": {
    "Id": 13,
    "Name": "Leap - One",
    "Level": 0,
    "EnergyValue": 0,
    "WaitTime": 0.5,
    "Dot": 0
  },
  "14": {
    "Id": 14,
    "Name": "Leap - Two",
    "Level": 0,
    "EnergyValue": 0,
    "WaitTime": 0.5,
    "Dot": 0
  },
  "15": {
    "Id": 15,
    "Name": "Leap - Three",
    "Level": 0,
    "EnergyValue": 0,
    "WaitTime": 0.5,
    "Dot": 0
  },
  "16": {
    "Id": 16,
    "Name": "Leap - Four",
    "Level": 0,
    "EnergyValue": 0,
    "WaitTime": 0.5,
    "Dot": 0
  },
  "17": {
    "Id": 17,
    "Name": "Elastic Jump",
    "Level": 0,
    "EnergyValue": 0,
    "WaitTime": 0.5,
    "Dot": 0
  },
  "18": {
    "Id": 18,
    "Name": "Phantom Dash - One",
    "Level": 0,
    "EnergyValue": 0,
    "WaitTime": 0.5,
    "Dot": 0
  },
  "19": {
    "Id": 19,
    "Name": "Phantom Dash - Two",
    "Level": 1,
    "EnergyValue": 0,
    "WaitTime": 0.5,
    "Dot": 0
  },
  "20": {
    "Id": 20,
    "Name": "Phantom Dash - Two",
    "Level": 2,
    "EnergyValue": 1,
    "WaitTime": 0.5,
    "Dot": 0
  },
  "21": {
    "Id": 21,
    "Name": "Phantom Dash - Two",
    "Level": 3,
    "EnergyValue": 1,
    "WaitTime": 0.5,
    "Dot": 0
  }
}