{
  "1": {
    "Id": 1,
    "Platform": 3,
    "LoadType": 1,
    "ParentId": 0,
    "SortId": 0,
    "GeneralMode": true,
    "SelfPhotoMode": true,
    "FightMode": true,
    "VrMode": false,
    "IdCardMode": false,
    "SceneryMode": false,
    "OthersModel": 1,
    "Name": "",
    "Des": "",
    "Icon": ""
  },
  "2": {
    "Id": 2,
    "Platform": 3,
    "LoadType": 1,
    "ParentId": 0,
    "SortId": 0,
    "GeneralMode": true,
    "SelfPhotoMode": true,
    "FightMode": true,
    "VrMode": false,
    "IdCardMode": true,
    "SceneryMode": false,
    "OthersModel": 1,
    "Name": "",
    "Des": "",
    "Icon": ""
  },
  "3": {
    "Id": 3,
    "Platform": 3,
    "LoadType": 1,
    "ParentId": 0,
    "SortId": 0,
    "GeneralMode": true,
    "SelfPhotoMode": true,
    "FightMode": true,
    "VrMode": true,
    "IdCardMode": false,
    "SceneryMode": false,
    "OthersModel": 1,
    "Name": "",
    "Des": "",
    "Icon": ""
  },
  "4": {
    "Id": 4,
    "Platform": 3,
    "LoadType": 1,
    "ParentId": 0,
    "SortId": 0,
    "GeneralMode": true,
    "SelfPhotoMode": true,
    "FightMode": true,
    "VrMode": true,
    "IdCardMode": true,
    "SceneryMode": false,
    "OthersModel": 1,
    "Name": "",
    "Des": "",
    "Icon": ""
  },
  "5": {
    "Id": 5,
    "Platform": 3,
    "LoadType": 1,
    "ParentId": 0,
    "SortId": 0,
    "GeneralMode": true,
    "SelfPhotoMode": true,
    "FightMode": true,
    "VrMode": true,
    "IdCardMode": false,
    "SceneryMode": false,
    "OthersModel": 1,
    "Name": "",
    "Des": "",
    "Icon": ""
  },
  "101": {
    "Id": 101,
    "Platform": 2,
    "LoadType": 2,
    "ParentId": 0,
    "SortId": 0,
    "GeneralMode": true,
    "SelfPhotoMode": true,
    "FightMode": true,
    "VrMode": true,
    "IdCardMode": false,
    "SceneryMode": false,
    "OthersModel": 1,
    "Name": "",
    "Des": "",
    "Icon": ""
  },
  "102": {
    "Id": 102,
    "Platform": 1,
    "LoadType": 2,
    "ParentId": 0,
    "SortId": 0,
    "GeneralMode": true,
    "SelfPhotoMode": true,
    "FightMode": true,
    "VrMode": false,
    "IdCardMode": true,
    "SceneryMode": false,
    "OthersModel": 1,
    "Name": "",
    "Des": "",
    "Icon": ""
  },
  "103": {
    "Id": 103,
    "Platform": 1,
    "LoadType": 2,
    "ParentId": 0,
    "SortId": 0,
    "GeneralMode": true,
    "SelfPhotoMode": true,
    "FightMode": true,
    "VrMode": true,
    "IdCardMode": false,
    "SceneryMode": false,
    "OthersModel": 1,
    "Name": "",
    "Des": "",
    "Icon": ""
  },
  "104": {
    "Id": 104,
    "Platform": 1,
    "LoadType": 2,
    "ParentId": 0,
    "SortId": 0,
    "GeneralMode": true,
    "SelfPhotoMode": true,
    "FightMode": true,
    "VrMode": true,
    "IdCardMode": true,
    "SceneryMode": false,
    "OthersModel": 1,
    "Name": "",
    "Des": "",
    "Icon": ""
  },
  "1001": {
    "Id": 1001,
    "Platform": 1,
    "LoadType": 3,
    "ParentId": 102,
    "SortId": 1001,
    "GeneralMode": true,
    "SelfPhotoMode": false,
    "FightMode": true,
    "VrMode": false,
    "IdCardMode": true,
    "SceneryMode": false,
    "OthersModel": 0,
    "Name": "cameraMenu1",
    "Des": "",
    "Icon": "ui/atlas/photograph/camera_menu_1"
  },
  "1002": {
    "Id": 1002,
    "Platform": 1,
    "LoadType": 3,
    "ParentId": 102,
    "SortId": 1002,
    "GeneralMode": true,
    "SelfPhotoMode": false,
    "FightMode": true,
    "VrMode": false,
    "IdCardMode": true,
    "SceneryMode": false,
    "OthersModel": 0,
    "Name": "cameraMenu2",
    "Des": "",
    "Icon": "ui/atlas/photograph/camera_menu_2"
  },
  "1003": {
    "Id": 1003,
    "Platform": 1,
    "LoadType": 3,
    "ParentId": 102,
    "SortId": 1003,
    "GeneralMode": true,
    "SelfPhotoMode": true,
    "FightMode": true,
    "VrMode": false,
    "IdCardMode": true,
    "SceneryMode": false,
    "OthersModel": 0,
    "Name": "cameraMenu3",
    "Des": "",
    "Icon": "ui/atlas/photograph/camera_menu_3"
  },
  "1004": {
    "Id": 1004,
    "Platform": 3,
    "LoadType": 3,
    "ParentId": 102,
    "SortId": 1004,
    "GeneralMode": true,
    "SelfPhotoMode": true,
    "FightMode": true,
    "VrMode": false,
    "IdCardMode": false,
    "SceneryMode": false,
    "OthersModel": 1,
    "Name": "PhotoGaze",
    "Des": "",
    "Icon": "ui/atlas/photograph/camera_menu_13"
  },
  "1005": {
    "Id": 1005,
    "Platform": 1,
    "LoadType": 3,
    "ParentId": 103,
    "SortId": 1005,
    "GeneralMode": true,
    "SelfPhotoMode": true,
    "FightMode": true,
    "VrMode": true,
    "IdCardMode": false,
    "SceneryMode": false,
    "OthersModel": 1,
    "Name": "PhotoFrame",
    "Des": "",
    "Icon": "ui/atlas/photograph/camera_menu_4"
  },
  "1006": {
    "Id": 1006,
    "Platform": 1,
    "LoadType": 3,
    "ParentId": 103,
    "SortId": 1006,
    "GeneralMode": true,
    "SelfPhotoMode": true,
    "FightMode": true,
    "VrMode": true,
    "IdCardMode": false,
    "SceneryMode": false,
    "OthersModel": 1,
    "Name": "PhotoStickers",
    "Des": "",
    "Icon": "ui/atlas/photograph/camera_menu_5"
  },
  "1007": {
    "Id": 1007,
    "Platform": 1,
    "LoadType": 3,
    "ParentId": 103,
    "SortId": 1007,
    "GeneralMode": true,
    "SelfPhotoMode": true,
    "FightMode": true,
    "VrMode": true,
    "IdCardMode": false,
    "SceneryMode": false,
    "OthersModel": 1,
    "Name": "PhotoFont",
    "Des": "",
    "Icon": "ui/atlas/photograph/camera_menu_6"
  },
  "1008": {
    "Id": 1008,
    "Platform": 3,
    "LoadType": 3,
    "ParentId": 104,
    "SortId": 1009,
    "GeneralMode": true,
    "SelfPhotoMode": true,
    "FightMode": true,
    "VrMode": true,
    "IdCardMode": false,
    "SceneryMode": false,
    "OthersModel": 1,
    "Name": "Camera",
    "Des": "",
    "Icon": "ui/atlas/photograph/camera_menu_9"
  },
  "1009": {
    "Id": 1009,
    "Platform": 1,
    "LoadType": 3,
    "ParentId": 104,
    "SortId": 1010,
    "GeneralMode": true,
    "SelfPhotoMode": true,
    "FightMode": true,
    "VrMode": true,
    "IdCardMode": true,
    "SceneryMode": false,
    "OthersModel": 1,
    "Name": "ScreenAdjustment",
    "Des": "",
    "Icon": "ui/atlas/photograph/camera_menu_7"
  },
  "1010": {
    "Id": 1010,
    "Platform": 1,
    "LoadType": 3,
    "ParentId": 104,
    "SortId": 1011,
    "GeneralMode": true,
    "SelfPhotoMode": true,
    "FightMode": true,
    "VrMode": true,
    "IdCardMode": true,
    "SceneryMode": false,
    "OthersModel": 1,
    "Name": "PhotoFilter",
    "Des": "",
    "Icon": "ui/atlas/photograph/camera_menu_8"
  },
  "1011": {
    "Id": 1011,
    "Platform": 1,
    "LoadType": 3,
    "ParentId": 104,
    "SortId": 1012,
    "GeneralMode": true,
    "SelfPhotoMode": true,
    "FightMode": true,
    "VrMode": true,
    "IdCardMode": false,
    "SceneryMode": false,
    "OthersModel": 1,
    "Name": "ShowHideSet",
    "Des": "",
    "Icon": "ui/atlas/photograph/camera_menu_10"
  },
  "1012": {
    "Id": 1012,
    "Platform": 1,
    "LoadType": 3,
    "ParentId": 104,
    "SortId": 1013,
    "GeneralMode": true,
    "SelfPhotoMode": true,
    "FightMode": true,
    "VrMode": true,
    "IdCardMode": false,
    "SceneryMode": false,
    "OthersModel": 1,
    "Name": "CustomScheme",
    "Des": "",
    "Icon": "ui/atlas/photograph/camera_menu_11"
  },
  "1013": {
    "Id": 1013,
    "Platform": 1,
    "LoadType": 3,
    "ParentId": 104,
    "SortId": 1008,
    "GeneralMode": false,
    "SelfPhotoMode": false,
    "FightMode": false,
    "VrMode": false,
    "IdCardMode": true,
    "SceneryMode": false,
    "OthersModel": 0,
    "Name": "PhotoBackground",
    "Des": "",
    "Icon": "ui/atlas/photograph/camera_menu_14"
  },
  "1014": {
    "Id": 1014,
    "Platform": 1,
    "LoadType": 3,
    "ParentId": 102,
    "SortId": 1014,
    "GeneralMode": true,
    "SelfPhotoMode": false,
    "FightMode": true,
    "VrMode": false,
    "IdCardMode": false,
    "SceneryMode": false,
    "OthersModel": 0,
    "Name": "TheActionDryingFish",
    "Des": "",
    "Icon": "ui/atlas/photograph/camera_menu_21"
  },
  "10001": {
    "Id": 10001,
    "Platform": 1,
    "LoadType": 4,
    "ParentId": 1011,
    "SortId": 10001,
    "GeneralMode": true,
    "SelfPhotoMode": false,
    "FightMode": true,
    "VrMode": false,
    "IdCardMode": false,
    "SceneryMode": false,
    "OthersModel": 2,
    "Name": "Self",
    "Des": "",
    "Icon": ""
  },
  "10002": {
    "Id": 10002,
    "Platform": 1,
    "LoadType": 4,
    "ParentId": 1011,
    "SortId": 10002,
    "GeneralMode": true,
    "SelfPhotoMode": true,
    "FightMode": true,
    "VrMode": true,
    "IdCardMode": false,
    "SceneryMode": false,
    "OthersModel": 2,
    "Name": "Stranger",
    "Des": "",
    "Icon": ""
  },
  "10003": {
    "Id": 10003,
    "Platform": 1,
    "LoadType": 4,
    "ParentId": 1011,
    "SortId": 10003,
    "GeneralMode": true,
    "SelfPhotoMode": true,
    "FightMode": true,
    "VrMode": true,
    "IdCardMode": false,
    "SceneryMode": false,
    "OthersModel": 2,
    "Name": "Photograph_Display_NPC",
    "Des": "",
    "Icon": ""
  },
  "10004": {
    "Id": 10004,
    "Platform": 1,
    "LoadType": 4,
    "ParentId": 1011,
    "SortId": 10004,
    "GeneralMode": true,
    "SelfPhotoMode": true,
    "FightMode": true,
    "VrMode": true,
    "IdCardMode": false,
    "SceneryMode": false,
    "OthersModel": 2,
    "Name": "Enemy",
    "Des": "",
    "Icon": ""
  },
  "10005": {
    "Id": 10005,
    "Platform": 1,
    "LoadType": 4,
    "ParentId": 1011,
    "SortId": 10006,
    "GeneralMode": true,
    "SelfPhotoMode": true,
    "FightMode": true,
    "VrMode": false,
    "IdCardMode": false,
    "SceneryMode": false,
    "OthersModel": 2,
    "Name": "Weapon",
    "Des": "",
    "Icon": ""
  },
  "10006": {
    "Id": 10006,
    "Platform": 1,
    "LoadType": 4,
    "ParentId": 1011,
    "SortId": 10007,
    "GeneralMode": true,
    "SelfPhotoMode": true,
    "FightMode": true,
    "VrMode": true,
    "IdCardMode": false,
    "SceneryMode": false,
    "OthersModel": 2,
    "Name": "Friend",
    "Des": "",
    "Icon": ""
  },
  "10007": {
    "Id": 10007,
    "Platform": 1,
    "LoadType": 4,
    "ParentId": 1011,
    "SortId": 10008,
    "GeneralMode": true,
    "SelfPhotoMode": true,
    "FightMode": true,
    "VrMode": true,
    "IdCardMode": false,
    "SceneryMode": false,
    "OthersModel": 2,
    "Name": "Team",
    "Des": "",
    "Icon": ""
  },
  "10008": {
    "Id": 10008,
    "Platform": 1,
    "LoadType": 4,
    "ParentId": 1011,
    "SortId": 10009,
    "GeneralMode": true,
    "SelfPhotoMode": true,
    "FightMode": true,
    "VrMode": true,
    "IdCardMode": false,
    "SceneryMode": false,
    "OthersModel": 2,
    "Name": "Union",
    "Des": "",
    "Icon": ""
  },
  "10009": {
    "Id": 10009,
    "Platform": 1,
    "LoadType": 4,
    "ParentId": 1011,
    "SortId": 10010,
    "GeneralMode": true,
    "SelfPhotoMode": true,
    "FightMode": true,
    "VrMode": true,
    "IdCardMode": false,
    "SceneryMode": false,
    "OthersModel": 2,
    "Name": "Name",
    "Des": "",
    "Icon": ""
  },
  "10010": {
    "Id": 10010,
    "Platform": 1,
    "LoadType": 4,
    "ParentId": 1011,
    "SortId": 10005,
    "GeneralMode": true,
    "SelfPhotoMode": true,
    "FightMode": true,
    "VrMode": true,
    "IdCardMode": false,
    "SceneryMode": false,
    "OthersModel": 2,
    "Name": "Collection",
    "Des": "",
    "Icon": ""
  }
}