{
  "1": {
    "QuestTypeId": 1,
    "QuestTypeName": "主线剧情",
    "QuestTypeGroupID": 1,
    "QuestTypeUI": "",
    "ShowQuestUI": true,
    "ResetType": 0,
    "Counts": [],
    "ForcedTracking": false,
    "AutoTracking": 1,
    "QuestListHide": false,
    "Order": 5
  },
  "2": {
    "QuestTypeId": 2,
    "QuestTypeName": "精英支线剧情",
    "QuestTypeGroupID": 2,
    "QuestTypeUI": "",
    "ShowQuestUI": true,
    "ResetType": 0,
    "Counts": [],
    "ForcedTracking": false,
    "AutoTracking": 2,
    "QuestListHide": false,
    "Order": 130
  },
  "3": {
    "QuestTypeId": 3,
    "QuestTypeName": "普通支线",
    "QuestTypeGroupID": 3,
    "QuestTypeUI": "",
    "ShowQuestUI": true,
    "ResetType": 0,
    "Counts": [],
    "ForcedTracking": false,
    "AutoTracking": 2,
    "QuestListHide": false,
    "Order": 140
  },
  "4": {
    "QuestTypeId": 4,
    "QuestTypeName": "武器使角色个人剧情任务",
    "QuestTypeGroupID": 2,
    "QuestTypeUI": "",
    "ShowQuestUI": true,
    "ResetType": 0,
    "Counts": [],
    "ForcedTracking": false,
    "AutoTracking": 2,
    "QuestListHide": false,
    "Order": 150
  },
  "5": {
    "QuestTypeId": 5,
    "QuestTypeName": "武器使角色好感度任务",
    "QuestTypeGroupID": 2,
    "QuestTypeUI": "",
    "ShowQuestUI": true,
    "ResetType": 0,
    "Counts": [],
    "ForcedTracking": false,
    "AutoTracking": 2,
    "QuestListHide": false,
    "Order": 160
  },
  "6": {
    "QuestTypeId": 6,
    "QuestTypeName": "大世界探索解谜任务",
    "QuestTypeGroupID": 3,
    "QuestTypeUI": "",
    "ShowQuestUI": true,
    "ResetType": 0,
    "Counts": [],
    "ForcedTracking": false,
    "AutoTracking": 2,
    "QuestListHide": false,
    "Order": 170
  },
  "7": {
    "QuestTypeId": 7,
    "QuestTypeName": "大世界探索隐藏任务",
    "QuestTypeGroupID": 3,
    "QuestTypeUI": "",
    "ShowQuestUI": false,
    "ResetType": -1,
    "Counts": [],
    "ForcedTracking": false,
    "AutoTracking": 0,
    "QuestListHide": true,
    "Order": 175
  },
  "8": {
    "QuestTypeId": 8,
    "QuestTypeName": "大世界探索宝箱任务",
    "QuestTypeGroupID": 3,
    "QuestTypeUI": "",
    "ShowQuestUI": true,
    "ResetType": 0,
    "Counts": [],
    "ForcedTracking": false,
    "AutoTracking": 2,
    "QuestListHide": false,
    "Order": 180
  },
  "9": {
    "QuestTypeId": 9,
    "QuestTypeName": "奇遇任务",
    "QuestTypeGroupID": 3,
    "QuestTypeUI": "",
    "ShowQuestUI": true,
    "ResetType": 0,
    "Counts": [],
    "ForcedTracking": true,
    "AutoTracking": 0,
    "QuestListHide": false,
    "Order": 185
  },
  "10": {
    "QuestTypeId": 10,
    "QuestTypeName": "赛季周常任务",
    "QuestTypeGroupID": 3,
    "QuestTypeUI": "",
    "ShowQuestUI": true,
    "ResetType": 902,
    "Counts": [],
    "ForcedTracking": false,
    "AutoTracking": 2,
    "QuestListHide": false,
    "Order": 200
  },
  "11": {
    "QuestTypeId": 11,
    "QuestTypeName": "赛季日常任务",
    "QuestTypeGroupID": 3,
    "QuestTypeUI": "",
    "ShowQuestUI": true,
    "ResetType": 901,
    "Counts": [],
    "ForcedTracking": false,
    "AutoTracking": 2,
    "QuestListHide": false,
    "Order": 197
  },
  "12": {
    "QuestTypeId": 12,
    "QuestTypeName": "赛季世界任务-蓝",
    "QuestTypeGroupID": 3,
    "QuestTypeUI": "ui/atlas/hud/quest_state/worldquest_state_icon",
    "ShowQuestUI": true,
    "ResetType": 0,
    "Counts": [],
    "ForcedTracking": false,
    "AutoTracking": 2,
    "QuestListHide": false,
    "Order": 195
  },
  "13": {
    "QuestTypeId": 13,
    "QuestTypeName": "赛季世界任务-紫",
    "QuestTypeGroupID": 3,
    "QuestTypeUI": "ui/atlas/hud/quest_state/worldquest_state_icon",
    "ShowQuestUI": true,
    "ResetType": 0,
    "Counts": [],
    "ForcedTracking": false,
    "AutoTracking": 2,
    "QuestListHide": false,
    "Order": 193
  },
  "15": {
    "QuestTypeId": 15,
    "QuestTypeName": "赛季世界任务-副本内任务",
    "QuestTypeGroupID": 3,
    "QuestTypeUI": "ui/atlas/hud/quest_state/worldquest_state_icon",
    "ShowQuestUI": true,
    "ResetType": -1,
    "Counts": [],
    "ForcedTracking": true,
    "AutoTracking": 0,
    "QuestListHide": true,
    "Order": 95
  },
  "16": {
    "QuestTypeId": 16,
    "QuestTypeName": "赛季世界任务日刷事件",
    "QuestTypeGroupID": 3,
    "QuestTypeUI": "ui/atlas/hud/quest_state/worldquest_state_icon",
    "ShowQuestUI": true,
    "ResetType": 0,
    "Counts": [],
    "ForcedTracking": false,
    "AutoTracking": 2,
    "QuestListHide": false,
    "Order": 10
  },
  "18": {
    "QuestTypeId": 18,
    "QuestTypeName": "主线剧情-视野层级或副本",
    "QuestTypeGroupID": 1,
    "QuestTypeUI": "",
    "ShowQuestUI": true,
    "ResetType": -1,
    "Counts": [],
    "ForcedTracking": true,
    "AutoTracking": 0,
    "QuestListHide": true,
    "Order": 114
  },
  "19": {
    "QuestTypeId": 19,
    "QuestTypeName": "主线剧情-接续用",
    "QuestTypeGroupID": 1,
    "QuestTypeUI": "",
    "ShowQuestUI": true,
    "ResetType": 0,
    "Counts": [],
    "ForcedTracking": false,
    "AutoTracking": 0,
    "QuestListHide": false,
    "Order": 500
  },
  "20": {
    "QuestTypeId": 20,
    "QuestTypeName": "精英支线剧情-视野层级或副本",
    "QuestTypeGroupID": 2,
    "QuestTypeUI": "",
    "ShowQuestUI": true,
    "ResetType": -1,
    "Counts": [],
    "ForcedTracking": true,
    "AutoTracking": 0,
    "QuestListHide": true,
    "Order": 132
  },
  "21": {
    "QuestTypeId": 21,
    "QuestTypeName": "普通支线-焦点追踪效果",
    "QuestTypeGroupID": 3,
    "QuestTypeUI": "",
    "ShowQuestUI": true,
    "ResetType": 0,
    "Counts": [],
    "ForcedTracking": true,
    "AutoTracking": 0,
    "QuestListHide": false,
    "Order": 144
  },
  "50": {
    "QuestTypeId": 50,
    "QuestTypeName": "引导任务",
    "QuestTypeGroupID": 4,
    "QuestTypeUI": "",
    "ShowQuestUI": true,
    "ResetType": 0,
    "Counts": [],
    "ForcedTracking": false,
    "AutoTracking": 2,
    "QuestListHide": false,
    "Order": 125
  },
  "51": {
    "QuestTypeId": 51,
    "QuestTypeName": "生体元线",
    "QuestTypeGroupID": 2,
    "QuestTypeUI": "",
    "ShowQuestUI": true,
    "ResetType": 0,
    "Counts": [],
    "ForcedTracking": false,
    "AutoTracking": 2,
    "QuestListHide": false,
    "Order": 136
  },
  "52": {
    "QuestTypeId": 52,
    "QuestTypeName": "引导任务-自动挂接-来自工匠协会的邀请",
    "QuestTypeGroupID": 4,
    "QuestTypeUI": "",
    "ShowQuestUI": true,
    "ResetType": 0,
    "Counts": [],
    "ForcedTracking": false,
    "AutoTracking": 2,
    "QuestListHide": false,
    "Order": 31
  },
  "53": {
    "QuestTypeId": 53,
    "QuestTypeName": "普通支线-隐藏任务",
    "QuestTypeGroupID": 3,
    "QuestTypeUI": "",
    "ShowQuestUI": false,
    "ResetType": 0,
    "Counts": [],
    "ForcedTracking": false,
    "AutoTracking": 0,
    "QuestListHide": true,
    "Order": 178
  },
  "54": {
    "QuestTypeId": 54,
    "QuestTypeName": "精英支线剧情-自动挂接-锻造武器",
    "QuestTypeGroupID": 2,
    "QuestTypeUI": "",
    "ShowQuestUI": true,
    "ResetType": 0,
    "Counts": [],
    "ForcedTracking": false,
    "AutoTracking": 2,
    "QuestListHide": false,
    "Order": 10
  },
  "55": {
    "QuestTypeId": 55,
    "QuestTypeName": "生体元线-自动挂接",
    "QuestTypeGroupID": 2,
    "QuestTypeUI": "",
    "ShowQuestUI": true,
    "ResetType": 0,
    "Counts": [],
    "ForcedTracking": false,
    "AutoTracking": 2,
    "QuestListHide": false,
    "Order": 32
  },
  "56": {
    "QuestTypeId": 56,
    "QuestTypeName": "引导任务-自动挂接-不稳定的空间",
    "QuestTypeGroupID": 4,
    "QuestTypeUI": "",
    "ShowQuestUI": true,
    "ResetType": 0,
    "Counts": [],
    "ForcedTracking": false,
    "AutoTracking": 2,
    "QuestListHide": false,
    "Order": 12
  },
  "57": {
    "QuestTypeId": 57,
    "QuestTypeName": "精英支线剧情-自动挂接-星球记忆",
    "QuestTypeGroupID": 2,
    "QuestTypeUI": "",
    "ShowQuestUI": true,
    "ResetType": 0,
    "Counts": [],
    "ForcedTracking": false,
    "AutoTracking": 2,
    "QuestListHide": false,
    "Order": 15
  },
  "58": {
    "QuestTypeId": 58,
    "QuestTypeName": "精英支线剧情-自动挂接-调查世界",
    "QuestTypeGroupID": 2,
    "QuestTypeUI": "",
    "ShowQuestUI": true,
    "ResetType": 0,
    "Counts": [],
    "ForcedTracking": false,
    "AutoTracking": 2,
    "QuestListHide": false,
    "Order": 20
  },
  "59": {
    "QuestTypeId": 59,
    "QuestTypeName": "引导任务-自动挂接-精英实力线",
    "QuestTypeGroupID": 4,
    "QuestTypeUI": "",
    "ShowQuestUI": true,
    "ResetType": 0,
    "Counts": [],
    "ForcedTracking": false,
    "AutoTracking": 2,
    "QuestListHide": false,
    "Order": 37
  },
  "60": {
    "QuestTypeId": 60,
    "QuestTypeName": "引导任务-自动挂接-来自设计师协会的邀请",
    "QuestTypeGroupID": 4,
    "QuestTypeUI": "",
    "ShowQuestUI": true,
    "ResetType": 0,
    "Counts": [],
    "ForcedTracking": false,
    "AutoTracking": 2,
    "QuestListHide": false,
    "Order": 30
  },
  "61": {
    "QuestTypeId": 61,
    "QuestTypeName": "引导任务-自动挂接-爬塔引导",
    "QuestTypeGroupID": 4,
    "QuestTypeUI": "",
    "ShowQuestUI": true,
    "ResetType": 0,
    "Counts": [],
    "ForcedTracking": false,
    "AutoTracking": 2,
    "QuestListHide": false,
    "Order": 13
  },
  "62": {
    "QuestTypeId": 62,
    "QuestTypeName": "引导任务-自动挂接-来自烹饪爱好者协会的邀请",
    "QuestTypeGroupID": 4,
    "QuestTypeUI": "",
    "ShowQuestUI": true,
    "ResetType": 0,
    "Counts": [],
    "ForcedTracking": false,
    "AutoTracking": 2,
    "QuestListHide": false,
    "Order": 29
  },
  "63": {
    "QuestTypeId": 63,
    "QuestTypeName": "引导任务-自动挂接-景点打卡",
    "QuestTypeGroupID": 4,
    "QuestTypeUI": "",
    "ShowQuestUI": true,
    "ResetType": 0,
    "Counts": [],
    "ForcedTracking": false,
    "AutoTracking": 2,
    "QuestListHide": false,
    "Order": 51
  },
  "64": {
    "QuestTypeId": 64,
    "QuestTypeName": "引导任务-自动挂接-装备洗炼",
    "QuestTypeGroupID": 4,
    "QuestTypeUI": "",
    "ShowQuestUI": true,
    "ResetType": 0,
    "Counts": [],
    "ForcedTracking": false,
    "AutoTracking": 2,
    "QuestListHide": false,
    "Order": 40
  },
  "65": {
    "QuestTypeId": 65,
    "QuestTypeName": "生体元线-自动挂接-关于潜能和共鸣",
    "QuestTypeGroupID": 2,
    "QuestTypeUI": "",
    "ShowQuestUI": true,
    "ResetType": 0,
    "Counts": [],
    "ForcedTracking": false,
    "AutoTracking": 2,
    "QuestListHide": false,
    "Order": 49
  },
  "66": {
    "QuestTypeId": 66,
    "QuestTypeName": "大世界探索隐藏任务-CBT2下发用",
    "QuestTypeGroupID": 3,
    "QuestTypeUI": "",
    "ShowQuestUI": false,
    "ResetType": -1,
    "Counts": [],
    "ForcedTracking": false,
    "AutoTracking": 0,
    "QuestListHide": true,
    "Order": 173
  },
  "67": {
    "QuestTypeId": 67,
    "QuestTypeName": "普通支线-视野层级或副本",
    "QuestTypeGroupID": 3,
    "QuestTypeUI": "",
    "ShowQuestUI": true,
    "ResetType": -1,
    "Counts": [],
    "ForcedTracking": true,
    "AutoTracking": 0,
    "QuestListHide": true,
    "Order": 132
  },
  "68": {
    "QuestTypeId": 68,
    "QuestTypeName": "协会任务-自动挂接-协会日常任务",
    "QuestTypeGroupID": 3,
    "QuestTypeUI": "",
    "ShowQuestUI": true,
    "ResetType": 901,
    "Counts": [
      2,
      1
    ],
    "ForcedTracking": false,
    "AutoTracking": 2,
    "QuestListHide": false,
    "Order": 51
  },
  "69": {
    "QuestTypeId": 69,
    "QuestTypeName": "协会任务",
    "QuestTypeGroupID": 3,
    "QuestTypeUI": "",
    "ShowQuestUI": true,
    "ResetType": 0,
    "Counts": [],
    "ForcedTracking": false,
    "AutoTracking": 2,
    "QuestListHide": false,
    "Order": 120
  },
  "70": {
    "QuestTypeId": 70,
    "QuestTypeName": "协会任务-自动挂接",
    "QuestTypeGroupID": 3,
    "QuestTypeUI": "",
    "ShowQuestUI": true,
    "ResetType": 0,
    "Counts": [],
    "ForcedTracking": false,
    "AutoTracking": 2,
    "QuestListHide": false,
    "Order": 60
  },
  "71": {
    "QuestTypeId": 71,
    "QuestTypeName": "引导任务-自动挂接-开拓者协会的邀请",
    "QuestTypeGroupID": 4,
    "QuestTypeUI": "",
    "ShowQuestUI": true,
    "ResetType": 0,
    "Counts": [],
    "ForcedTracking": false,
    "AutoTracking": 2,
    "QuestListHide": false,
    "Order": 28
  },
  "72": {
    "QuestTypeId": 72,
    "QuestTypeName": "引导任务-自动挂接-来自钓鱼协会的邀请",
    "QuestTypeGroupID": 4,
    "QuestTypeUI": "",
    "ShowQuestUI": true,
    "ResetType": 0,
    "Counts": [],
    "ForcedTracking": false,
    "AutoTracking": 2,
    "QuestListHide": false,
    "Order": 33
  },
  "73": {
    "QuestTypeId": 73,
    "QuestTypeName": "协会任务-自动挂接-协会基地浏览",
    "QuestTypeGroupID": 3,
    "QuestTypeUI": "",
    "ShowQuestUI": true,
    "ResetType": 0,
    "Counts": [],
    "ForcedTracking": false,
    "AutoTracking": 2,
    "QuestListHide": false,
    "Order": 47
  },
  "74": {
    "QuestTypeId": 74,
    "QuestTypeName": "生体元线-自动挂接-了解生体元",
    "QuestTypeGroupID": 2,
    "QuestTypeUI": "",
    "ShowQuestUI": true,
    "ResetType": 0,
    "Counts": [],
    "ForcedTracking": false,
    "AutoTracking": 2,
    "QuestListHide": false,
    "Order": 48
  },
  "75": {
    "QuestTypeId": 75,
    "QuestTypeName": "生体元线-自动挂接-自动挂接-星元枢纽和洞悉和断流点",
    "QuestTypeGroupID": 2,
    "QuestTypeUI": "",
    "ShowQuestUI": true,
    "ResetType": 0,
    "Counts": [],
    "ForcedTracking": false,
    "AutoTracking": 2,
    "QuestListHide": false,
    "Order": 50
  },
  "76": {
    "QuestTypeId": 76,
    "QuestTypeName": "精英支线剧情-自动挂接-杰拉德精英任务",
    "QuestTypeGroupID": 2,
    "QuestTypeUI": "",
    "ShowQuestUI": true,
    "ResetType": 0,
    "Counts": [],
    "ForcedTracking": false,
    "AutoTracking": 2,
    "QuestListHide": false,
    "Order": 55
  },
  "77": {
    "QuestTypeId": 77,
    "QuestTypeName": "引导任务-自动挂接-职业任务",
    "QuestTypeGroupID": 4,
    "QuestTypeUI": "",
    "ShowQuestUI": true,
    "ResetType": 0,
    "Counts": [],
    "ForcedTracking": false,
    "AutoTracking": 0,
    "QuestListHide": false,
    "Order": 58
  },
  "78": {
    "QuestTypeId": 78,
    "QuestTypeName": "引导任务-自动挂接-来自开拓局的委托",
    "QuestTypeGroupID": 4,
    "QuestTypeUI": "",
    "ShowQuestUI": true,
    "ResetType": 0,
    "Counts": [],
    "ForcedTracking": false,
    "AutoTracking": 2,
    "QuestListHide": false,
    "Order": 10
  },
  "79": {
    "QuestTypeId": 79,
    "QuestTypeName": "引导任务-自动挂接-开拓者的成长考验",
    "QuestTypeGroupID": 4,
    "QuestTypeUI": "",
    "ShowQuestUI": true,
    "ResetType": 0,
    "Counts": [],
    "ForcedTracking": false,
    "AutoTracking": 2,
    "QuestListHide": false,
    "Order": 11
  },
  "80": {
    "QuestTypeId": 80,
    "QuestTypeName": "引导任务-自动挂接-职业引导",
    "QuestTypeGroupID": 4,
    "QuestTypeUI": "",
    "ShowQuestUI": true,
    "ResetType": 0,
    "Counts": [],
    "ForcedTracking": false,
    "AutoTracking": 2,
    "QuestListHide": false,
    "Order": 14
  },
  "81": {
    "QuestTypeId": 81,
    "QuestTypeName": "引导任务-视野层级或副本",
    "QuestTypeGroupID": 4,
    "QuestTypeUI": "",
    "ShowQuestUI": true,
    "ResetType": -1,
    "Counts": [],
    "ForcedTracking": true,
    "AutoTracking": 0,
    "QuestListHide": true,
    "Order": 165
  },
  "82": {
    "QuestTypeId": 82,
    "QuestTypeName": "引导任务-自动挂接-家园任务",
    "QuestTypeGroupID": 4,
    "QuestTypeUI": "",
    "ShowQuestUI": true,
    "ResetType": 0,
    "Counts": [],
    "ForcedTracking": false,
    "AutoTracking": 2,
    "QuestListHide": false,
    "Order": 9
  },
  "83": {
    "QuestTypeId": 83,
    "QuestTypeName": "生活职业周常任务-每周可完成1次",
    "QuestTypeGroupID": 5,
    "QuestTypeUI": "",
    "ShowQuestUI": true,
    "ResetType": 902,
    "Counts": [
      2,
      1
    ],
    "ForcedTracking": false,
    "AutoTracking": 0,
    "QuestListHide": false,
    "Order": 200
  },
  "84": {
    "QuestTypeId": 84,
    "QuestTypeName": "限时活动任务类型",
    "QuestTypeGroupID": 5,
    "QuestTypeUI": "",
    "ShowQuestUI": true,
    "ResetType": 0,
    "Counts": [],
    "ForcedTracking": false,
    "AutoTracking": 2,
    "QuestListHide": false,
    "Order": 80
  },
  "85": {
    "QuestTypeId": 85,
    "QuestTypeName": "龙岛周常任务-每周可完成1次",
    "QuestTypeGroupID": 5,
    "QuestTypeUI": "",
    "ShowQuestUI": true,
    "ResetType": 902,
    "Counts": [
      2,
      1
    ],
    "ForcedTracking": false,
    "AutoTracking": 0,
    "QuestListHide": false,
    "Order": 200
  },
  "100": {
    "QuestTypeId": 100,
    "QuestTypeName": "关卡任务",
    "QuestTypeGroupID": 3,
    "QuestTypeUI": "ui/atlas/hud/quest_state/worldquest_state_icon",
    "ShowQuestUI": true,
    "ResetType": -1,
    "Counts": [],
    "ForcedTracking": true,
    "AutoTracking": 0,
    "QuestListHide": true,
    "Order": 95
  }
}