{
  "101": {
    "Id": 101
  },
  "102": {
    "Id": 102
  },
  "103": {
    "Id": 103
  },
  "1001": {
    "Id": 1001
  },
  "30101": {
    "Id": 30101
  },
  "30102": {
    "Id": 30102
  },
  "30103": {
    "Id": 30103
  },
  "30104": {
    "Id": 30104
  },
  "30105": {
    "Id": 30105
  },
  "30106": {
    "Id": 30106
  },
  "30107": {
    "Id": 30107
  },
  "30108": {
    "Id": 30108
  },
  "30109": {
    "Id": 30109
  },
  "30110": {
    "Id": 30110
  },
  "30111": {
    "Id": 30111
  },
  "30112": {
    "Id": 30112
  },
  "30113": {
    "Id": 30113
  },
  "30114": {
    "Id": 30114
  },
  "30115": {
    "Id": 30115
  },
  "30116": {
    "Id": 30116
  },
  "30211": {
    "Id": 30211
  },
  "30212": {
    "Id": 30212
  },
  "30213": {
    "Id": 30213
  },
  "30214": {
    "Id": 30214
  },
  "30221": {
    "Id": 30221
  },
  "30222": {
    "Id": 30222
  },
  "30223": {
    "Id": 30223
  },
  "30224": {
    "Id": 30224
  },
  "30231": {
    "Id": 30231
  },
  "30232": {
    "Id": 30232
  },
  "30233": {
    "Id": 30233
  },
  "30234": {
    "Id": 30234
  },
  "31101": {
    "Id": 31101
  },
  "31102": {
    "Id": 31102
  },
  "31103": {
    "Id": 31103
  },
  "31104": {
    "Id": 31104
  },
  "31211": {
    "Id": 31211
  },
  "31212": {
    "Id": 31212
  },
  "31213": {
    "Id": 31213
  },
  "31214": {
    "Id": 31214
  },
  "31221": {
    "Id": 31221
  },
  "31222": {
    "Id": 31222
  },
  "31223": {
    "Id": 31223
  },
  "31224": {
    "Id": 31224
  },
  "31231": {
    "Id": 31231
  },
  "31232": {
    "Id": 31232
  },
  "31233": {
    "Id": 31233
  },
  "31234": {
    "Id": 31234
  },
  "30301": {
    "Id": 30301
  },
  "30302": {
    "Id": 30302
  },
  "30303": {
    "Id": 30303
  },
  "30304": {
    "Id": 30304
  },
  "30305": {
    "Id": 30305
  },
  "30306": {
    "Id": 30306
  },
  "30311": {
    "Id": 30311
  },
  "30312": {
    "Id": 30312
  },
  "30313": {
    "Id": 30313
  },
  "30314": {
    "Id": 30314
  },
  "30321": {
    "Id": 30321
  },
  "30322": {
    "Id": 30322
  },
  "30323": {
    "Id": 30323
  },
  "30324": {
    "Id": 30324
  },
  "30331": {
    "Id": 30331
  },
  "30332": {
    "Id": 30332
  },
  "30333": {
    "Id": 30333
  },
  "30334": {
    "Id": 30334
  },
  "30401": {
    "Id": 30401
  },
  "30402": {
    "Id": 30402
  },
  "30403": {
    "Id": 30403
  },
  "30404": {
    "Id": 30404
  },
  "30405": {
    "Id": 30405
  },
  "30406": {
    "Id": 30406
  },
  "30411": {
    "Id": 30411
  },
  "30412": {
    "Id": 30412
  },
  "30413": {
    "Id": 30413
  },
  "30414": {
    "Id": 30414
  },
  "30421": {
    "Id": 30421
  },
  "30422": {
    "Id": 30422
  },
  "30423": {
    "Id": 30423
  },
  "30424": {
    "Id": 30424
  },
  "30431": {
    "Id": 30431
  },
  "30432": {
    "Id": 30432
  },
  "30433": {
    "Id": 30433
  },
  "30434": {
    "Id": 30434
  },
  "30501": {
    "Id": 30501
  },
  "30502": {
    "Id": 30502
  },
  "30503": {
    "Id": 30503
  },
  "30504": {
    "Id": 30504
  },
  "30505": {
    "Id": 30505
  },
  "30506": {
    "Id": 30506
  },
  "30511": {
    "Id": 30511
  },
  "30512": {
    "Id": 30512
  },
  "30513": {
    "Id": 30513
  },
  "30514": {
    "Id": 30514
  },
  "30521": {
    "Id": 30521
  },
  "30522": {
    "Id": 30522
  },
  "30523": {
    "Id": 30523
  },
  "30524": {
    "Id": 30524
  },
  "30531": {
    "Id": 30531
  },
  "30532": {
    "Id": 30532
  },
  "30533": {
    "Id": 30533
  },
  "30534": {
    "Id": 30534
  },
  "30601": {
    "Id": 30601
  },
  "30602": {
    "Id": 30602
  },
  "30603": {
    "Id": 30603
  },
  "30604": {
    "Id": 30604
  },
  "30605": {
    "Id": 30605
  },
  "30606": {
    "Id": 30606
  },
  "30611": {
    "Id": 30611
  },
  "30612": {
    "Id": 30612
  },
  "30613": {
    "Id": 30613
  },
  "30614": {
    "Id": 30614
  },
  "30621": {
    "Id": 30621
  },
  "30622": {
    "Id": 30622
  },
  "30623": {
    "Id": 30623
  },
  "30624": {
    "Id": 30624
  },
  "30631": {
    "Id": 30631
  },
  "30632": {
    "Id": 30632
  },
  "30633": {
    "Id": 30633
  },
  "30634": {
    "Id": 30634
  },
  "12014": {
    "Id": 12014
  },
  "12015": {
    "Id": 12015
  },
  "12016": {
    "Id": 12016
  }
}