{
  "1030006": {
    "Id": 1030006,
    "Name": "Red Berry Serum",
    "RecipeText": "Concentrated with the bright and sweet flavors of pomegranate, cherry, currant, raspberry, and more.",
    "RecipeIcon": "item_icons_cocktail01",
    "RecipeType": 1
  },
  "1030007": {
    "Id": 1030007,
    "Name": "Blue Citrus Serum",
    "RecipeText": "The color of the ocean, the scent of the sea breeze.",
    "RecipeIcon": "item_icons_cocktail04",
    "RecipeType": 1
  },
  "1030008": {
    "Id": 1030008,
    "Name": "Soda",
    "RecipeText": "Every bubble reflects memories of the city.",
    "RecipeIcon": "item_icons_cocktail03",
    "RecipeType": 1
  },
  "1030009": {
    "Id": 1030009,
    "Name": "Lemonade",
    "RecipeText": "Sour, selfless, addictive.",
    "RecipeIcon": "item_icons_cocktail02",
    "RecipeType": 1
  },
  "1030010": {
    "Id": 1030010,
    "Name": "Chilled Drink",
    "RecipeText": "Add ice cubes",
    "RecipeIcon": "item_icons_cocktail06",
    "RecipeType": 2
  },
  "1030011": {
    "Id": 1030011,
    "Name": "Hot Drink",
    "RecipeText": "Be careful, it's hot",
    "RecipeIcon": "item_icons_cocktail05",
    "RecipeType": 2
  }
}