{
  "101": {
    "Id": 101,
    "CheckMethodName": "",
    "FileName": "",
    "FunctionId": 101001,
    "CheckMethodType": 0
  },
  "102": {
    "Id": 102,
    "CheckMethodName": "",
    "FileName": "",
    "FunctionId": 500100,
    "CheckMethodType": 0
  },
  "103": {
    "Id": 103,
    "CheckMethodName": "",
    "FileName": "",
    "FunctionId": 102300,
    "CheckMethodType": 0
  },
  "104": {
    "Id": 104,
    "CheckMethodName": "",
    "FileName": "",
    "FunctionId": 400111,
    "CheckMethodType": 0
  },
  "105": {
    "Id": 105,
    "CheckMethodName": "",
    "FileName": "",
    "FunctionId": 400112,
    "CheckMethodType": 0
  },
  "106": {
    "Id": 106,
    "CheckMethodName": "",
    "FileName": "",
    "FunctionId": 800100,
    "CheckMethodType": 0
  }
}