{
  "1": {
    "Id": 1,
    "RedSignKey": "TeamApplyMain",
    "FunctionId": 0,
    "CloseCheck": [],
    "LoseCheck": [],
    "ChildrenID": [
      2
    ],
    "ShowType": [
      0
    ],
    "Arguments": "",
    "OffSet": [
      3,
      5,
      5
    ],
    "PCOffSet": [],
    "ServerType": 0
  },
  "2": {
    "Id": 2,
    "RedSignKey": "TeamApplySystem",
    "FunctionId": 0,
    "CloseCheck": [],
    "LoseCheck": [],
    "ChildrenID": [
      3
    ],
    "ShowType": [
      0
    ],
    "Arguments": "",
    "OffSet": [
      3,
      5,
      5
    ],
    "PCOffSet": [],
    "ServerType": 0
  },
  "3": {
    "Id": 3,
    "RedSignKey": "TeamApplyButton",
    "FunctionId": 101001,
    "CloseCheck": [],
    "LoseCheck": [
      1,
      3,
      0
    ],
    "ChildrenID": [],
    "ShowType": [
      0
    ],
    "Arguments": "",
    "OffSet": [
      3,
      5,
      5
    ],
    "PCOffSet": [],
    "ServerType": 0
  },
  "12": {
    "Id": 12,
    "RedSignKey": "",
    "FunctionId": 200000,
    "CloseCheck": [],
    "LoseCheck": [],
    "ChildrenID": [
      13,
      18,
      100804,
      1501,
      1511,
      2000,
      60,
      72,
      201,
      156,
      19,
      204,
      203,
      150,
      103001,
      1010100,
      601,
      1701,
      1029000
    ],
    "ShowType": [
      0
    ],
    "Arguments": "",
    "OffSet": [
      3,
      5,
      5
    ],
    "PCOffSet": [],
    "ServerType": 0
  },
  "13": {
    "Id": 13,
    "RedSignKey": "",
    "FunctionId": 500100,
    "CloseCheck": [],
    "LoseCheck": [],
    "ChildrenID": [
      51,
      170,
      3000
    ],
    "ShowType": [
      0
    ],
    "Arguments": "",
    "OffSet": [
      3,
      5,
      5
    ],
    "PCOffSet": [],
    "ServerType": 0
  },
  "14": {
    "Id": 14,
    "RedSignKey": "UnionMemberTab",
    "FunctionId": 500105,
    "CloseCheck": [],
    "LoseCheck": [],
    "ChildrenID": [
      15
    ],
    "ShowType": [
      0
    ],
    "Arguments": "",
    "OffSet": [
      3,
      5,
      5
    ],
    "PCOffSet": [],
    "ServerType": 0
  },
  "15": {
    "Id": 15,
    "RedSignKey": "UnionApplyButton",
    "FunctionId": 0,
    "CloseCheck": [],
    "LoseCheck": [
      1,
      3,
      0
    ],
    "ChildrenID": [],
    "ShowType": [
      0
    ],
    "Arguments": "",
    "OffSet": [
      3,
      5,
      5
    ],
    "PCOffSet": [],
    "ServerType": 0
  },
  "16": {
    "Id": 16,
    "RedSignKey": "",
    "FunctionId": 800100,
    "CloseCheck": [],
    "LoseCheck": [
      1,
      3,
      0
    ],
    "ChildrenID": [],
    "ShowType": [
      0
    ],
    "Arguments": "",
    "OffSet": [
      3,
      -5,
      15
    ],
    "PCOffSet": [],
    "ServerType": 0
  },
  "17": {
    "Id": 17,
    "RedSignKey": "",
    "FunctionId": 200001,
    "CloseCheck": [],
    "LoseCheck": [],
    "ChildrenID": [
      205,
      206,
      305,
      501,
      18
    ],
    "ShowType": [
      0
    ],
    "Arguments": "",
    "OffSet": [
      3,
      5,
      5
    ],
    "PCOffSet": [],
    "ServerType": 0
  },
  "18": {
    "Id": 18,
    "RedSignKey": "",
    "FunctionId": 200401,
    "CloseCheck": [],
    "LoseCheck": [
      1,
      3,
      0
    ],
    "ChildrenID": [],
    "ShowType": [
      0
    ],
    "Arguments": "",
    "OffSet": [
      3,
      5,
      5
    ],
    "PCOffSet": [],
    "ServerType": 0
  },
  "19": {
    "Id": 19,
    "RedSignKey": "",
    "FunctionId": 100701,
    "CloseCheck": [],
    "LoseCheck": [],
    "ChildrenID": [],
    "ShowType": [
      0
    ],
    "Arguments": "",
    "OffSet": [
      3,
      5,
      5
    ],
    "PCOffSet": [],
    "ServerType": 0
  },
  "20": {
    "Id": 20,
    "RedSignKey": "",
    "FunctionId": 800501,
    "CloseCheck": [],
    "LoseCheck": [],
    "ChildrenID": [
      21,
      22,
      32
    ],
    "ShowType": [
      0
    ],
    "Arguments": "",
    "OffSet": [
      3,
      5,
      5
    ],
    "PCOffSet": [],
    "ServerType": 0
  },
  "21": {
    "Id": 21,
    "RedSignKey": "",
    "FunctionId": 0,
    "CloseCheck": [],
    "LoseCheck": [],
    "ChildrenID": [
      23
    ],
    "ShowType": [
      0
    ],
    "Arguments": "",
    "OffSet": [
      3,
      5,
      5
    ],
    "PCOffSet": [],
    "ServerType": 0
  },
  "22": {
    "Id": 22,
    "RedSignKey": "",
    "FunctionId": 0,
    "CloseCheck": [],
    "LoseCheck": [],
    "ChildrenID": [
      24
    ],
    "ShowType": [
      0
    ],
    "Arguments": "",
    "OffSet": [
      3,
      5,
      5
    ],
    "PCOffSet": [],
    "ServerType": 0
  },
  "23": {
    "Id": 23,
    "RedSignKey": "",
    "FunctionId": 0,
    "CloseCheck": [],
    "LoseCheck": [],
    "ChildrenID": [],
    "ShowType": [
      0
    ],
    "Arguments": "",
    "OffSet": [
      3,
      5,
      5
    ],
    "PCOffSet": [],
    "ServerType": 0
  },
  "24": {
    "Id": 24,
    "RedSignKey": "",
    "FunctionId": 0,
    "CloseCheck": [],
    "LoseCheck": [],
    "ChildrenID": [
      25
    ],
    "ShowType": [
      0
    ],
    "Arguments": "",
    "OffSet": [
      3,
      5,
      5
    ],
    "PCOffSet": [],
    "ServerType": 0
  },
  "25": {
    "Id": 25,
    "RedSignKey": "",
    "FunctionId": 0,
    "CloseCheck": [],
    "LoseCheck": [],
    "ChildrenID": [
      26
    ],
    "ShowType": [
      0
    ],
    "Arguments": "",
    "OffSet": [
      3,
      5,
      5
    ],
    "PCOffSet": [],
    "ServerType": 0
  },
  "26": {
    "Id": 26,
    "RedSignKey": "",
    "FunctionId": 0,
    "CloseCheck": [],
    "LoseCheck": [],
    "ChildrenID": [],
    "ShowType": [
      0
    ],
    "Arguments": "",
    "OffSet": [
      3,
      5,
      5
    ],
    "PCOffSet": [],
    "ServerType": 0
  },
  "27": {
    "Id": 27,
    "RedSignKey": "",
    "FunctionId": 0,
    "CloseCheck": [],
    "LoseCheck": [],
    "ChildrenID": [
      28
    ],
    "ShowType": [
      0
    ],
    "Arguments": "",
    "OffSet": [
      3,
      5,
      5
    ],
    "PCOffSet": [],
    "ServerType": 0
  },
  "28": {
    "Id": 28,
    "RedSignKey": "",
    "FunctionId": 0,
    "CloseCheck": [],
    "LoseCheck": [],
    "ChildrenID": [
      30
    ],
    "ShowType": [
      0
    ],
    "Arguments": "",
    "OffSet": [
      3,
      5,
      5
    ],
    "PCOffSet": [],
    "ServerType": 0
  },
  "30": {
    "Id": 30,
    "RedSignKey": "",
    "FunctionId": 0,
    "CloseCheck": [],
    "LoseCheck": [],
    "ChildrenID": [],
    "ShowType": [
      0
    ],
    "Arguments": "",
    "OffSet": [
      3,
      5,
      5
    ],
    "PCOffSet": [],
    "ServerType": 0
  },
  "31": {
    "Id": 31,
    "RedSignKey": "",
    "FunctionId": 0,
    "CloseCheck": [],
    "LoseCheck": [],
    "ChildrenID": [
      27
    ],
    "ShowType": [
      0
    ],
    "Arguments": "",
    "OffSet": [
      3,
      5,
      5
    ],
    "PCOffSet": [],
    "ServerType": 0
  },
  "32": {
    "Id": 32,
    "RedSignKey": "",
    "FunctionId": 0,
    "CloseCheck": [],
    "LoseCheck": [],
    "ChildrenID": [],
    "ShowType": [
      0
    ],
    "Arguments": "",
    "OffSet": [
      3,
      5,
      5
    ],
    "PCOffSet": [],
    "ServerType": 0
  },
  "29": {
    "Id": 29,
    "RedSignKey": "",
    "FunctionId": 800500,
    "CloseCheck": [],
    "LoseCheck": [],
    "ChildrenID": [
      2010,
      1029001,
      2019,
      39
    ],
    "ShowType": [
      0
    ],
    "Arguments": "",
    "OffSet": [
      3,
      5,
      5
    ],
    "PCOffSet": [],
    "ServerType": 0
  },
  "35": {
    "Id": 35,
    "RedSignKey": "",
    "FunctionId": 100801,
    "CloseCheck": [],
    "LoseCheck": [],
    "ChildrenID": [],
    "ShowType": [
      0
    ],
    "Arguments": "",
    "OffSet": [
      3,
      5,
      5
    ],
    "PCOffSet": [],
    "ServerType": 0
  },
  "36": {
    "Id": 36,
    "RedSignKey": "",
    "FunctionId": 100804,
    "CloseCheck": [],
    "LoseCheck": [],
    "ChildrenID": [],
    "ShowType": [
      0
    ],
    "Arguments": "",
    "OffSet": [
      3,
      -5,
      15
    ],
    "PCOffSet": [],
    "ServerType": 0
  },
  "37": {
    "Id": 37,
    "RedSignKey": "",
    "FunctionId": 800100,
    "CloseCheck": [],
    "LoseCheck": [],
    "ChildrenID": [
      16,
      38,
      40,
      36,
      1201
    ],
    "ShowType": [
      4
    ],
    "Arguments": "ui/uieffect/prefab/ui_sfx_map/ui_sfx_map_001",
    "OffSet": [
      5,
      0,
      0
    ],
    "PCOffSet": [],
    "ServerType": 0
  },
  "38": {
    "Id": 38,
    "RedSignKey": "",
    "FunctionId": 800100,
    "CloseCheck": [],
    "LoseCheck": [
      1,
      3,
      0
    ],
    "ChildrenID": [],
    "ShowType": [
      4
    ],
    "Arguments": "",
    "OffSet": [
      5,
      0,
      0
    ],
    "PCOffSet": [],
    "ServerType": 0
  },
  "39": {
    "Id": 39,
    "RedSignKey": "",
    "FunctionId": 800505,
    "CloseCheck": [],
    "LoseCheck": [],
    "ChildrenID": [
      43,
      44
    ],
    "ShowType": [
      0
    ],
    "Arguments": "",
    "OffSet": [
      3,
      5,
      5
    ],
    "PCOffSet": [],
    "ServerType": 0
  },
  "40": {
    "Id": 40,
    "RedSignKey": "",
    "FunctionId": 801001,
    "CloseCheck": [],
    "LoseCheck": [],
    "ChildrenID": [],
    "ShowType": [
      0
    ],
    "Arguments": "",
    "OffSet": [
      3,
      -5,
      15
    ],
    "PCOffSet": [],
    "ServerType": 0
  },
  "41": {
    "Id": 41,
    "RedSignKey": "",
    "FunctionId": 300200,
    "CloseCheck": [],
    "LoseCheck": [],
    "ChildrenID": [
      42
    ],
    "ShowType": [
      0
    ],
    "Arguments": "",
    "OffSet": [
      3,
      5,
      5
    ],
    "PCOffSet": [],
    "ServerType": 0
  },
  "42": {
    "Id": 42,
    "RedSignKey": "",
    "FunctionId": 300200,
    "CloseCheck": [],
    "LoseCheck": [],
    "ChildrenID": [],
    "ShowType": [
      0
    ],
    "Arguments": "",
    "OffSet": [
      3,
      5,
      5
    ],
    "PCOffSet": [],
    "ServerType": 0
  },
  "43": {
    "Id": 43,
    "RedSignKey": "",
    "FunctionId": 800505,
    "CloseCheck": [],
    "LoseCheck": [],
    "ChildrenID": [
      45
    ],
    "ShowType": [
      0
    ],
    "Arguments": "",
    "OffSet": [
      3,
      5,
      5
    ],
    "PCOffSet": [],
    "ServerType": 0
  },
  "44": {
    "Id": 44,
    "RedSignKey": "",
    "FunctionId": 800505,
    "CloseCheck": [],
    "LoseCheck": [],
    "ChildrenID": [
      46
    ],
    "ShowType": [
      0
    ],
    "Arguments": "",
    "OffSet": [
      3,
      5,
      5
    ],
    "PCOffSet": [],
    "ServerType": 0
  },
  "45": {
    "Id": 45,
    "RedSignKey": "",
    "FunctionId": 800505,
    "CloseCheck": [],
    "LoseCheck": [],
    "ChildrenID": [],
    "ShowType": [
      0
    ],
    "Arguments": "",
    "OffSet": [
      3,
      5,
      5
    ],
    "PCOffSet": [],
    "ServerType": 0
  },
  "46": {
    "Id": 46,
    "RedSignKey": "",
    "FunctionId": 800505,
    "CloseCheck": [],
    "LoseCheck": [],
    "ChildrenID": [],
    "ShowType": [
      0
    ],
    "Arguments": "",
    "OffSet": [
      3,
      5,
      5
    ],
    "PCOffSet": [],
    "ServerType": 0
  },
  "47": {
    "Id": 47,
    "RedSignKey": "",
    "FunctionId": 300200,
    "CloseCheck": [],
    "LoseCheck": [],
    "ChildrenID": [],
    "ShowType": [
      0
    ],
    "Arguments": "",
    "OffSet": [
      3,
      5,
      5
    ],
    "PCOffSet": [],
    "ServerType": 0
  },
  "51": {
    "Id": 51,
    "RedSignKey": "",
    "FunctionId": 500108,
    "CloseCheck": [],
    "LoseCheck": [
      1,
      3,
      0
    ],
    "ChildrenID": [
      52
    ],
    "ShowType": [
      0
    ],
    "Arguments": "",
    "OffSet": [
      3,
      5,
      5
    ],
    "PCOffSet": [],
    "ServerType": 0
  },
  "52": {
    "Id": 52,
    "RedSignKey": "",
    "FunctionId": 0,
    "CloseCheck": [],
    "LoseCheck": [
      1,
      3,
      0
    ],
    "ChildrenID": [],
    "ShowType": [
      0
    ],
    "Arguments": "",
    "OffSet": [
      3,
      5,
      5
    ],
    "PCOffSet": [],
    "ServerType": 0
  },
  "53": {
    "Id": 53,
    "RedSignKey": "",
    "FunctionId": 500106,
    "CloseCheck": [],
    "LoseCheck": [
      1,
      3,
      0
    ],
    "ChildrenID": [
      54
    ],
    "ShowType": [
      0
    ],
    "Arguments": "",
    "OffSet": [
      3,
      5,
      5
    ],
    "PCOffSet": [],
    "ServerType": 0
  },
  "54": {
    "Id": 54,
    "RedSignKey": "",
    "FunctionId": 0,
    "CloseCheck": [],
    "LoseCheck": [
      1,
      3,
      0
    ],
    "ChildrenID": [
      55
    ],
    "ShowType": [
      0
    ],
    "Arguments": "",
    "OffSet": [
      3,
      -5,
      -5
    ],
    "PCOffSet": [],
    "ServerType": 0
  },
  "55": {
    "Id": 55,
    "RedSignKey": "",
    "FunctionId": 0,
    "CloseCheck": [],
    "LoseCheck": [
      1,
      3,
      0
    ],
    "ChildrenID": [],
    "ShowType": [
      0
    ],
    "Arguments": "",
    "OffSet": [
      3,
      5,
      5
    ],
    "PCOffSet": [],
    "ServerType": 0
  },
  "60": {
    "Id": 60,
    "RedSignKey": "",
    "FunctionId": 300301,
    "CloseCheck": [],
    "LoseCheck": [],
    "ChildrenID": [
      61,
      64
    ],
    "ShowType": [
      0
    ],
    "Arguments": "",
    "OffSet": [
      3,
      5,
      5
    ],
    "PCOffSet": [],
    "ServerType": 0
  },
  "61": {
    "Id": 61,
    "RedSignKey": "",
    "FunctionId": 0,
    "CloseCheck": [],
    "LoseCheck": [],
    "ChildrenID": [
      62
    ],
    "ShowType": [
      0
    ],
    "Arguments": "",
    "OffSet": [
      3,
      5,
      5
    ],
    "PCOffSet": [],
    "ServerType": 0
  },
  "62": {
    "Id": 62,
    "RedSignKey": "",
    "FunctionId": 0,
    "CloseCheck": [],
    "LoseCheck": [],
    "ChildrenID": [
      63
    ],
    "ShowType": [
      0
    ],
    "Arguments": "",
    "OffSet": [
      3,
      5,
      5
    ],
    "PCOffSet": [],
    "ServerType": 0
  },
  "63": {
    "Id": 63,
    "RedSignKey": "",
    "FunctionId": 0,
    "CloseCheck": [],
    "LoseCheck": [],
    "ChildrenID": [],
    "ShowType": [
      0
    ],
    "Arguments": "",
    "OffSet": [
      3,
      5,
      5
    ],
    "PCOffSet": [],
    "ServerType": 0
  },
  "64": {
    "Id": 64,
    "RedSignKey": "",
    "FunctionId": 0,
    "CloseCheck": [],
    "LoseCheck": [],
    "ChildrenID": [
      65
    ],
    "ShowType": [
      0
    ],
    "Arguments": "",
    "OffSet": [
      3,
      5,
      5
    ],
    "PCOffSet": [],
    "ServerType": 0
  },
  "65": {
    "Id": 65,
    "RedSignKey": "",
    "FunctionId": 0,
    "CloseCheck": [],
    "LoseCheck": [],
    "ChildrenID": [],
    "ShowType": [
      0
    ],
    "Arguments": "",
    "OffSet": [
      3,
      5,
      5
    ],
    "PCOffSet": [],
    "ServerType": 0
  },
  "66": {
    "Id": 66,
    "RedSignKey": "",
    "FunctionId": 800506,
    "CloseCheck": [],
    "LoseCheck": [
      1,
      3,
      0
    ],
    "ChildrenID": [
      67
    ],
    "ShowType": [
      0
    ],
    "Arguments": "",
    "OffSet": [
      3,
      5,
      5
    ],
    "PCOffSet": [],
    "ServerType": 0
  },
  "67": {
    "Id": 67,
    "RedSignKey": "",
    "FunctionId": 0,
    "CloseCheck": [],
    "LoseCheck": [
      1,
      3,
      0
    ],
    "ChildrenID": [
      70
    ],
    "ShowType": [
      0
    ],
    "Arguments": "",
    "OffSet": [
      3,
      5,
      5
    ],
    "PCOffSet": [],
    "ServerType": 0
  },
  "68": {
    "Id": 68,
    "RedSignKey": "",
    "FunctionId": 0,
    "CloseCheck": [],
    "LoseCheck": [
      1,
      3,
      0
    ],
    "ChildrenID": [],
    "ShowType": [
      0
    ],
    "Arguments": "",
    "OffSet": [
      3,
      5,
      5
    ],
    "PCOffSet": [],
    "ServerType": 0
  },
  "69": {
    "Id": 69,
    "RedSignKey": "",
    "FunctionId": 0,
    "CloseCheck": [],
    "LoseCheck": [
      1,
      3,
      0
    ],
    "ChildrenID": [],
    "ShowType": [
      0
    ],
    "Arguments": "",
    "OffSet": [
      3,
      5,
      5
    ],
    "PCOffSet": [],
    "ServerType": 0
  },
  "70": {
    "Id": 70,
    "RedSignKey": "",
    "FunctionId": 0,
    "CloseCheck": [],
    "LoseCheck": [
      1,
      3,
      0
    ],
    "ChildrenID": [],
    "ShowType": [
      0
    ],
    "Arguments": "",
    "OffSet": [
      3,
      5,
      5
    ],
    "PCOffSet": [],
    "ServerType": 0
  },
  "71": {
    "Id": 71,
    "RedSignKey": "",
    "FunctionId": 300301,
    "CloseCheck": [],
    "LoseCheck": [],
    "ChildrenID": [
      72,
      75
    ],
    "ShowType": [
      0
    ],
    "Arguments": "",
    "OffSet": [
      3,
      5,
      5
    ],
    "PCOffSet": [],
    "ServerType": 0
  },
  "72": {
    "Id": 72,
    "RedSignKey": "",
    "FunctionId": 0,
    "CloseCheck": [],
    "LoseCheck": [],
    "ChildrenID": [
      73
    ],
    "ShowType": [
      0
    ],
    "Arguments": "",
    "OffSet": [
      3,
      5,
      5
    ],
    "PCOffSet": [],
    "ServerType": 0
  },
  "73": {
    "Id": 73,
    "RedSignKey": "",
    "FunctionId": 0,
    "CloseCheck": [],
    "LoseCheck": [],
    "ChildrenID": [
      74
    ],
    "ShowType": [
      0
    ],
    "Arguments": "",
    "OffSet": [
      3,
      5,
      5
    ],
    "PCOffSet": [],
    "ServerType": 0
  },
  "74": {
    "Id": 74,
    "RedSignKey": "",
    "FunctionId": 0,
    "CloseCheck": [],
    "LoseCheck": [],
    "ChildrenID": [],
    "ShowType": [
      0
    ],
    "Arguments": "",
    "OffSet": [
      3,
      5,
      5
    ],
    "PCOffSet": [],
    "ServerType": 0
  },
  "75": {
    "Id": 75,
    "RedSignKey": "",
    "FunctionId": 0,
    "CloseCheck": [],
    "LoseCheck": [],
    "ChildrenID": [
      76
    ],
    "ShowType": [
      0
    ],
    "Arguments": "",
    "OffSet": [
      3,
      5,
      5
    ],
    "PCOffSet": [],
    "ServerType": 0
  },
  "76": {
    "Id": 76,
    "RedSignKey": "",
    "FunctionId": 0,
    "CloseCheck": [],
    "LoseCheck": [],
    "ChildrenID": [],
    "ShowType": [
      0
    ],
    "Arguments": "",
    "OffSet": [
      3,
      5,
      5
    ],
    "PCOffSet": [],
    "ServerType": 0
  },
  "77": {
    "Id": 77,
    "RedSignKey": "",
    "FunctionId": 0,
    "CloseCheck": [],
    "LoseCheck": [
      1,
      3,
      0
    ],
    "ChildrenID": [
      18
    ],
    "ShowType": [
      0
    ],
    "Arguments": "",
    "OffSet": [
      3,
      5,
      5
    ],
    "PCOffSet": [],
    "ServerType": 0
  },
  "78": {
    "Id": 78,
    "RedSignKey": "",
    "FunctionId": 0,
    "CloseCheck": [],
    "LoseCheck": [],
    "ChildrenID": [],
    "ShowType": [
      0
    ],
    "Arguments": "",
    "OffSet": [
      3,
      5,
      5
    ],
    "PCOffSet": [],
    "ServerType": 0
  },
  "101": {
    "Id": 101,
    "RedSignKey": "",
    "FunctionId": 300100,
    "CloseCheck": [],
    "LoseCheck": [],
    "ChildrenID": [],
    "ShowType": [
      0
    ],
    "Arguments": "",
    "OffSet": [
      3,
      0,
      0
    ],
    "PCOffSet": [],
    "ServerType": 0
  },
  "102": {
    "Id": 102,
    "RedSignKey": "",
    "FunctionId": 300100,
    "CloseCheck": [],
    "LoseCheck": [],
    "ChildrenID": [],
    "ShowType": [
      0
    ],
    "Arguments": "",
    "OffSet": [
      3,
      0,
      0
    ],
    "PCOffSet": [],
    "ServerType": 0
  },
  "103": {
    "Id": 103,
    "RedSignKey": "",
    "FunctionId": 104000,
    "CloseCheck": [],
    "LoseCheck": [],
    "ChildrenID": [],
    "ShowType": [
      0
    ],
    "Arguments": "",
    "OffSet": [
      3,
      5,
      5
    ],
    "PCOffSet": [],
    "ServerType": 0
  },
  "104": {
    "Id": 104,
    "RedSignKey": "",
    "FunctionId": 0,
    "CloseCheck": [],
    "LoseCheck": [],
    "ChildrenID": [
      105
    ],
    "ShowType": [
      0
    ],
    "Arguments": "",
    "OffSet": [
      3,
      5,
      5
    ],
    "PCOffSet": [],
    "ServerType": 0
  },
  "106": {
    "Id": 106,
    "RedSignKey": "",
    "FunctionId": 300100,
    "CloseCheck": [],
    "LoseCheck": [],
    "ChildrenID": [],
    "ShowType": [
      0
    ],
    "Arguments": "",
    "OffSet": [
      3,
      0,
      0
    ],
    "PCOffSet": [],
    "ServerType": 0
  },
  "110": {
    "Id": 110,
    "RedSignKey": "",
    "FunctionId": 800502,
    "CloseCheck": [],
    "LoseCheck": [],
    "ChildrenID": [
      111
    ],
    "ShowType": [
      0
    ],
    "Arguments": "",
    "OffSet": [
      3,
      5,
      5
    ],
    "PCOffSet": [],
    "ServerType": 0
  },
  "111": {
    "Id": 111,
    "RedSignKey": "",
    "FunctionId": 800902,
    "CloseCheck": [],
    "LoseCheck": [],
    "ChildrenID": [
      112
    ],
    "ShowType": [
      0
    ],
    "Arguments": "",
    "OffSet": [
      3,
      5,
      5
    ],
    "PCOffSet": [],
    "ServerType": 0
  },
  "112": {
    "Id": 112,
    "RedSignKey": "",
    "FunctionId": 0,
    "CloseCheck": [],
    "LoseCheck": [],
    "ChildrenID": [
      113,
      115
    ],
    "ShowType": [
      0
    ],
    "Arguments": "",
    "OffSet": [
      3,
      5,
      5
    ],
    "PCOffSet": [],
    "ServerType": 0
  },
  "113": {
    "Id": 113,
    "RedSignKey": "",
    "FunctionId": 0,
    "CloseCheck": [],
    "LoseCheck": [],
    "ChildrenID": [
      114
    ],
    "ShowType": [
      0
    ],
    "Arguments": "",
    "OffSet": [
      3,
      5,
      5
    ],
    "PCOffSet": [],
    "ServerType": 0
  },
  "114": {
    "Id": 114,
    "RedSignKey": "",
    "FunctionId": 0,
    "CloseCheck": [],
    "LoseCheck": [],
    "ChildrenID": [],
    "ShowType": [
      0
    ],
    "Arguments": "",
    "OffSet": [
      3,
      5,
      5
    ],
    "PCOffSet": [],
    "ServerType": 0
  },
  "115": {
    "Id": 115,
    "RedSignKey": "",
    "FunctionId": 0,
    "CloseCheck": [],
    "LoseCheck": [],
    "ChildrenID": [
      116
    ],
    "ShowType": [
      0
    ],
    "Arguments": "",
    "OffSet": [
      3,
      5,
      5
    ],
    "PCOffSet": [],
    "ServerType": 0
  },
  "116": {
    "Id": 116,
    "RedSignKey": "",
    "FunctionId": 0,
    "CloseCheck": [],
    "LoseCheck": [],
    "ChildrenID": [],
    "ShowType": [
      0
    ],
    "Arguments": "",
    "OffSet": [
      3,
      5,
      5
    ],
    "PCOffSet": [],
    "ServerType": 0
  },
  "201": {
    "Id": 201,
    "RedSignKey": "",
    "FunctionId": 104200,
    "CloseCheck": [],
    "LoseCheck": [],
    "ChildrenID": [
      203
    ],
    "ShowType": [
      0
    ],
    "Arguments": "",
    "OffSet": [
      3,
      5,
      5
    ],
    "PCOffSet": [],
    "ServerType": 0
  },
  "202": {
    "Id": 202,
    "RedSignKey": "",
    "FunctionId": 104210,
    "CloseCheck": [],
    "LoseCheck": [],
    "ChildrenID": [
      204
    ],
    "ShowType": [
      0
    ],
    "Arguments": "",
    "OffSet": [
      3,
      5,
      5
    ],
    "PCOffSet": [],
    "ServerType": 0
  },
  "203": {
    "Id": 203,
    "RedSignKey": "",
    "FunctionId": 0,
    "CloseCheck": [],
    "LoseCheck": [],
    "ChildrenID": [
      203001
    ],
    "ShowType": [
      0
    ],
    "Arguments": "",
    "OffSet": [
      3,
      5,
      5
    ],
    "PCOffSet": [],
    "ServerType": 0
  },
  "204": {
    "Id": 204,
    "RedSignKey": "",
    "FunctionId": 0,
    "CloseCheck": [],
    "LoseCheck": [],
    "ChildrenID": [],
    "ShowType": [
      0
    ],
    "Arguments": "",
    "OffSet": [
      3,
      -3,
      -3
    ],
    "PCOffSet": [],
    "ServerType": 0
  },
  "203001": {
    "Id": 203001,
    "RedSignKey": "",
    "FunctionId": 0,
    "CloseCheck": [],
    "LoseCheck": [],
    "ChildrenID": [],
    "ShowType": [
      0
    ],
    "Arguments": "",
    "OffSet": [
      3,
      5,
      5
    ],
    "PCOffSet": [],
    "ServerType": 0
  },
  "205": {
    "Id": 205,
    "RedSignKey": "",
    "FunctionId": 0,
    "CloseCheck": [],
    "LoseCheck": [],
    "ChildrenID": [
      203
    ],
    "ShowType": [
      0
    ],
    "Arguments": "",
    "OffSet": [
      3,
      -33,
      5
    ],
    "PCOffSet": [],
    "ServerType": 0
  },
  "206": {
    "Id": 206,
    "RedSignKey": "",
    "FunctionId": 0,
    "CloseCheck": [],
    "LoseCheck": [],
    "ChildrenID": [
      204
    ],
    "ShowType": [
      0
    ],
    "Arguments": "",
    "OffSet": [
      3,
      -27,
      -27
    ],
    "PCOffSet": [],
    "ServerType": 0
  },
  "304": {
    "Id": 304,
    "RedSignKey": "",
    "FunctionId": 0,
    "CloseCheck": [],
    "LoseCheck": [],
    "ChildrenID": [],
    "ShowType": [
      0
    ],
    "Arguments": "",
    "OffSet": [
      3,
      5,
      5
    ],
    "PCOffSet": [],
    "ServerType": 0
  },
  "305": {
    "Id": 305,
    "RedSignKey": "",
    "FunctionId": 0,
    "CloseCheck": [],
    "LoseCheck": [],
    "ChildrenID": [],
    "ShowType": [
      0
    ],
    "Arguments": "",
    "OffSet": [
      3,
      -27,
      -27
    ],
    "PCOffSet": [],
    "ServerType": 0
  },
  "306": {
    "Id": 306,
    "RedSignKey": "",
    "FunctionId": 0,
    "CloseCheck": [],
    "LoseCheck": [],
    "ChildrenID": [],
    "ShowType": [
      0
    ],
    "Arguments": "",
    "OffSet": [
      3,
      5,
      5
    ],
    "PCOffSet": [],
    "ServerType": 0
  },
  "307": {
    "Id": 307,
    "RedSignKey": "",
    "FunctionId": 0,
    "CloseCheck": [],
    "LoseCheck": [],
    "ChildrenID": [],
    "ShowType": [
      0
    ],
    "Arguments": "",
    "OffSet": [
      3,
      -71,
      -16
    ],
    "PCOffSet": [],
    "ServerType": 0
  },
  "308": {
    "Id": 308,
    "RedSignKey": "",
    "FunctionId": 0,
    "CloseCheck": [],
    "LoseCheck": [],
    "ChildrenID": [],
    "ShowType": [
      0
    ],
    "Arguments": "",
    "OffSet": [
      3,
      -71,
      -16
    ],
    "PCOffSet": [],
    "ServerType": 0
  },
  "309": {
    "Id": 309,
    "RedSignKey": "",
    "FunctionId": 0,
    "CloseCheck": [],
    "LoseCheck": [],
    "ChildrenID": [],
    "ShowType": [
      0
    ],
    "Arguments": "",
    "OffSet": [
      3,
      -27,
      -27
    ],
    "PCOffSet": [],
    "ServerType": 0
  },
  "401": {
    "Id": 401,
    "RedSignKey": "",
    "FunctionId": 0,
    "CloseCheck": [],
    "LoseCheck": [
      1,
      3,
      0
    ],
    "ChildrenID": [
      402
    ],
    "ShowType": [
      0
    ],
    "Arguments": "",
    "OffSet": [
      3,
      -33,
      5
    ],
    "PCOffSet": [],
    "ServerType": 0
  },
  "402": {
    "Id": 402,
    "RedSignKey": "",
    "FunctionId": 0,
    "CloseCheck": [],
    "LoseCheck": [
      1,
      3,
      0
    ],
    "ChildrenID": [
      403
    ],
    "ShowType": [
      0
    ],
    "Arguments": "",
    "OffSet": [
      3,
      5,
      5
    ],
    "PCOffSet": [],
    "ServerType": 0
  },
  "403": {
    "Id": 403,
    "RedSignKey": "",
    "FunctionId": 0,
    "CloseCheck": [],
    "LoseCheck": [
      1,
      3,
      0
    ],
    "ChildrenID": [],
    "ShowType": [
      0
    ],
    "Arguments": "",
    "OffSet": [
      3,
      5,
      5
    ],
    "PCOffSet": [],
    "ServerType": 0
  },
  "410": {
    "Id": 410,
    "RedSignKey": "",
    "FunctionId": 0,
    "CloseCheck": [],
    "LoseCheck": [
      1,
      3,
      0
    ],
    "ChildrenID": [],
    "ShowType": [
      0
    ],
    "Arguments": "",
    "OffSet": [
      3,
      5,
      5
    ],
    "PCOffSet": [],
    "ServerType": 0
  },
  "411": {
    "Id": 411,
    "RedSignKey": "",
    "FunctionId": 0,
    "CloseCheck": [],
    "LoseCheck": [
      1,
      3,
      0
    ],
    "ChildrenID": [],
    "ShowType": [
      0
    ],
    "Arguments": "",
    "OffSet": [
      3,
      5,
      5
    ],
    "PCOffSet": [],
    "ServerType": 0
  },
  "501": {
    "Id": 501,
    "RedSignKey": "",
    "FunctionId": 0,
    "CloseCheck": [],
    "LoseCheck": [],
    "ChildrenID": [
      502
    ],
    "ShowType": [
      0
    ],
    "Arguments": "",
    "OffSet": [
      3,
      5,
      5
    ],
    "PCOffSet": [],
    "ServerType": 0
  },
  "502": {
    "Id": 502,
    "RedSignKey": "",
    "FunctionId": 0,
    "CloseCheck": [],
    "LoseCheck": [],
    "ChildrenID": [
      503
    ],
    "ShowType": [
      0
    ],
    "Arguments": "",
    "OffSet": [
      3,
      5,
      5
    ],
    "PCOffSet": [],
    "ServerType": 0
  },
  "503": {
    "Id": 503,
    "RedSignKey": "",
    "FunctionId": 0,
    "CloseCheck": [],
    "LoseCheck": [],
    "ChildrenID": [
      504
    ],
    "ShowType": [
      0
    ],
    "Arguments": "",
    "OffSet": [
      3,
      5,
      5
    ],
    "PCOffSet": [],
    "ServerType": 0
  },
  "504": {
    "Id": 504,
    "RedSignKey": "",
    "FunctionId": 0,
    "CloseCheck": [],
    "LoseCheck": [],
    "ChildrenID": [
      505,
      506
    ],
    "ShowType": [
      0
    ],
    "Arguments": "",
    "OffSet": [
      3,
      5,
      5
    ],
    "PCOffSet": [],
    "ServerType": 0
  },
  "505": {
    "Id": 505,
    "RedSignKey": "",
    "FunctionId": 0,
    "CloseCheck": [],
    "LoseCheck": [],
    "ChildrenID": [],
    "ShowType": [
      0
    ],
    "Arguments": "",
    "OffSet": [
      3,
      5,
      5
    ],
    "PCOffSet": [],
    "ServerType": 0
  },
  "506": {
    "Id": 506,
    "RedSignKey": "",
    "FunctionId": 0,
    "CloseCheck": [],
    "LoseCheck": [],
    "ChildrenID": [
      507
    ],
    "ShowType": [
      0
    ],
    "Arguments": "",
    "OffSet": [
      3,
      5,
      5
    ],
    "PCOffSet": [],
    "ServerType": 0
  },
  "507": {
    "Id": 507,
    "RedSignKey": "",
    "FunctionId": 0,
    "CloseCheck": [],
    "LoseCheck": [],
    "ChildrenID": [],
    "ShowType": [
      0
    ],
    "Arguments": "",
    "OffSet": [
      3,
      5,
      5
    ],
    "PCOffSet": [],
    "ServerType": 0
  },
  "508": {
    "Id": 508,
    "RedSignKey": "",
    "FunctionId": 0,
    "CloseCheck": [],
    "LoseCheck": [],
    "ChildrenID": [],
    "ShowType": [
      0
    ],
    "Arguments": "",
    "OffSet": [
      3,
      5,
      5
    ],
    "PCOffSet": [],
    "ServerType": 0
  },
  "509": {
    "Id": 509,
    "RedSignKey": "",
    "FunctionId": 0,
    "CloseCheck": [],
    "LoseCheck": [],
    "ChildrenID": [],
    "ShowType": [
      0
    ],
    "Arguments": "",
    "OffSet": [
      3,
      5,
      5
    ],
    "PCOffSet": [],
    "ServerType": 0
  },
  "520": {
    "Id": 520,
    "RedSignKey": "",
    "FunctionId": 200504,
    "CloseCheck": [],
    "LoseCheck": [],
    "ChildrenID": [],
    "ShowType": [
      0
    ],
    "Arguments": "",
    "OffSet": [
      3,
      5,
      5
    ],
    "PCOffSet": [],
    "ServerType": 0
  },
  "601": {
    "Id": 601,
    "RedSignKey": "",
    "FunctionId": 101101,
    "CloseCheck": [],
    "LoseCheck": [
      1,
      3,
      0
    ],
    "ChildrenID": [
      602,
      603,
      605,
      606,
      607
    ],
    "ShowType": [
      0
    ],
    "Arguments": "",
    "OffSet": [
      3,
      5,
      5
    ],
    "PCOffSet": [],
    "ServerType": 0
  },
  "602": {
    "Id": 602,
    "RedSignKey": "",
    "FunctionId": 101105,
    "CloseCheck": [],
    "LoseCheck": [
      1,
      3,
      0
    ],
    "ChildrenID": [],
    "ShowType": [
      0
    ],
    "Arguments": "",
    "OffSet": [
      3,
      5,
      5
    ],
    "PCOffSet": [],
    "ServerType": 0
  },
  "603": {
    "Id": 603,
    "RedSignKey": "",
    "FunctionId": 101106,
    "CloseCheck": [],
    "LoseCheck": [
      1,
      3,
      0
    ],
    "ChildrenID": [
      604
    ],
    "ShowType": [
      0
    ],
    "Arguments": "",
    "OffSet": [
      3,
      5,
      5
    ],
    "PCOffSet": [],
    "ServerType": 0
  },
  "604": {
    "Id": 604,
    "RedSignKey": "",
    "FunctionId": 101106,
    "CloseCheck": [],
    "LoseCheck": [
      1,
      3,
      0
    ],
    "ChildrenID": [],
    "ShowType": [
      0
    ],
    "Arguments": "",
    "OffSet": [
      3,
      5,
      5
    ],
    "PCOffSet": [],
    "ServerType": 0
  },
  "605": {
    "Id": 605,
    "RedSignKey": "",
    "FunctionId": 0,
    "CloseCheck": [],
    "LoseCheck": [
      1,
      3,
      0
    ],
    "ChildrenID": [],
    "ShowType": [
      0
    ],
    "Arguments": "",
    "OffSet": [
      3,
      5,
      5
    ],
    "PCOffSet": [],
    "ServerType": 0
  },
  "606": {
    "Id": 606,
    "RedSignKey": "",
    "FunctionId": 0,
    "CloseCheck": [],
    "LoseCheck": [
      1,
      3,
      0
    ],
    "ChildrenID": [],
    "ShowType": [
      0
    ],
    "Arguments": "",
    "OffSet": [
      3,
      5,
      5
    ],
    "PCOffSet": [],
    "ServerType": 0
  },
  "607": {
    "Id": 607,
    "RedSignKey": "",
    "FunctionId": 0,
    "CloseCheck": [],
    "LoseCheck": [
      1,
      3,
      0
    ],
    "ChildrenID": [],
    "ShowType": [
      0
    ],
    "Arguments": "",
    "OffSet": [
      3,
      5,
      5
    ],
    "PCOffSet": [],
    "ServerType": 0
  },
  "651": {
    "Id": 651,
    "RedSignKey": "",
    "FunctionId": 102800,
    "CloseCheck": [],
    "LoseCheck": [
      1,
      3,
      0
    ],
    "ChildrenID": [
      602,
      603,
      604,
      652
    ],
    "ShowType": [
      0
    ],
    "Arguments": "",
    "OffSet": [
      3,
      5,
      5
    ],
    "PCOffSet": [],
    "ServerType": 0
  },
  "652": {
    "Id": 652,
    "RedSignKey": "",
    "FunctionId": 0,
    "CloseCheck": [],
    "LoseCheck": [
      1,
      3,
      0
    ],
    "ChildrenID": [],
    "ShowType": [
      0
    ],
    "Arguments": "",
    "OffSet": [
      3,
      5,
      5
    ],
    "PCOffSet": [],
    "ServerType": 0
  },
  "701": {
    "Id": 701,
    "RedSignKey": "",
    "FunctionId": 102120,
    "CloseCheck": [],
    "LoseCheck": [
      1,
      3,
      0
    ],
    "ChildrenID": [
      702
    ],
    "ShowType": [
      0
    ],
    "Arguments": "",
    "OffSet": [
      3,
      0,
      0
    ],
    "PCOffSet": [],
    "ServerType": 0
  },
  "702": {
    "Id": 702,
    "RedSignKey": "",
    "FunctionId": 0,
    "CloseCheck": [],
    "LoseCheck": [
      1,
      3,
      0
    ],
    "ChildrenID": [],
    "ShowType": [
      0
    ],
    "Arguments": "",
    "OffSet": [
      3,
      0,
      0
    ],
    "PCOffSet": [],
    "ServerType": 0
  },
  "901": {
    "Id": 901,
    "RedSignKey": "",
    "FunctionId": 900101,
    "CloseCheck": [],
    "LoseCheck": [],
    "ChildrenID": [],
    "ShowType": [
      0
    ],
    "Arguments": "",
    "OffSet": [
      3,
      5,
      5
    ],
    "PCOffSet": [],
    "ServerType": 0
  },
  "1001": {
    "Id": 1001,
    "RedSignKey": "Socialcontact",
    "FunctionId": 102100,
    "CloseCheck": [],
    "LoseCheck": [
      1,
      3,
      0
    ],
    "ChildrenID": [
      1102,
      1002
    ],
    "ShowType": [
      0,
      0
    ],
    "Arguments": "",
    "OffSet": [
      3,
      0,
      0
    ],
    "PCOffSet": [],
    "ServerType": 0
  },
  "1002": {
    "Id": 1002,
    "RedSignKey": "SocialcontactFriendTab",
    "FunctionId": 0,
    "CloseCheck": [],
    "LoseCheck": [
      1,
      3,
      0
    ],
    "ChildrenID": [
      1003,
      1004
    ],
    "ShowType": [
      0
    ],
    "Arguments": "",
    "OffSet": [
      3,
      0,
      0
    ],
    "PCOffSet": [],
    "ServerType": 0
  },
  "1003": {
    "Id": 1003,
    "RedSignKey": "FriendChatTab",
    "FunctionId": 0,
    "CloseCheck": [],
    "LoseCheck": [
      1,
      3,
      0
    ],
    "ChildrenID": [],
    "ShowType": [
      0
    ],
    "Arguments": "",
    "OffSet": [
      3,
      0,
      0
    ],
    "PCOffSet": [],
    "ServerType": 0
  },
  "1004": {
    "Id": 1004,
    "RedSignKey": "FriendAddressTab",
    "FunctionId": 0,
    "CloseCheck": [],
    "LoseCheck": [
      1,
      3,
      0
    ],
    "ChildrenID": [],
    "ShowType": [
      0
    ],
    "Arguments": "",
    "OffSet": [
      3,
      0,
      0
    ],
    "PCOffSet": [],
    "ServerType": 0
  },
  "1102": {
    "Id": 1102,
    "RedSignKey": "SocialcontactMailTab",
    "FunctionId": 400110,
    "CloseCheck": [],
    "LoseCheck": [
      3,
      2,
      10
    ],
    "ChildrenID": [
      1103,
      1104
    ],
    "ShowType": [
      0
    ],
    "Arguments": "",
    "OffSet": [
      3,
      0,
      0
    ],
    "PCOffSet": [],
    "ServerType": 0
  },
  "1103": {
    "Id": 1103,
    "RedSignKey": "MailNormal",
    "FunctionId": 400111,
    "CloseCheck": [],
    "LoseCheck": [
      1,
      3,
      0
    ],
    "ChildrenID": [
      1105
    ],
    "ShowType": [
      0
    ],
    "Arguments": "",
    "OffSet": [
      3,
      0,
      0
    ],
    "PCOffSet": [],
    "ServerType": 0
  },
  "1104": {
    "Id": 1104,
    "RedSignKey": "MailImport",
    "FunctionId": 400112,
    "CloseCheck": [],
    "LoseCheck": [],
    "ChildrenID": [
      1106
    ],
    "ShowType": [
      0
    ],
    "Arguments": "",
    "OffSet": [
      3,
      0,
      0
    ],
    "PCOffSet": [],
    "ServerType": 0
  },
  "1105": {
    "Id": 1105,
    "RedSignKey": "",
    "FunctionId": 0,
    "CloseCheck": [],
    "LoseCheck": [],
    "ChildrenID": [],
    "ShowType": [],
    "Arguments": "",
    "OffSet": [],
    "PCOffSet": [],
    "ServerType": 0
  },
  "1106": {
    "Id": 1106,
    "RedSignKey": "",
    "FunctionId": 0,
    "CloseCheck": [],
    "LoseCheck": [],
    "ChildrenID": [],
    "ShowType": [],
    "Arguments": "",
    "OffSet": [],
    "PCOffSet": [],
    "ServerType": 0
  },
  "1201": {
    "Id": 1201,
    "RedSignKey": "",
    "FunctionId": 100802,
    "CloseCheck": [],
    "LoseCheck": [],
    "ChildrenID": [],
    "ShowType": [
      0
    ],
    "Arguments": "",
    "OffSet": [
      3,
      -5,
      15
    ],
    "PCOffSet": [],
    "ServerType": 0
  },
  "1301": {
    "Id": 1301,
    "RedSignKey": "",
    "FunctionId": 0,
    "CloseCheck": [],
    "LoseCheck": [
      1,
      3,
      0
    ],
    "ChildrenID": [
      1302
    ],
    "ShowType": [
      0
    ],
    "Arguments": "",
    "OffSet": [
      3,
      0,
      0
    ],
    "PCOffSet": [],
    "ServerType": 0
  },
  "1302": {
    "Id": 1302,
    "RedSignKey": "",
    "FunctionId": 0,
    "CloseCheck": [],
    "LoseCheck": [
      1,
      3,
      0
    ],
    "ChildrenID": [],
    "ShowType": [
      0
    ],
    "Arguments": "",
    "OffSet": [
      3,
      0,
      0
    ],
    "PCOffSet": [],
    "ServerType": 0
  },
  "1401": {
    "Id": 1401,
    "RedSignKey": "",
    "FunctionId": 100601,
    "CloseCheck": [],
    "LoseCheck": [
      1,
      3,
      0
    ],
    "ChildrenID": [],
    "ShowType": [
      0
    ],
    "Arguments": "",
    "OffSet": [
      3,
      5,
      5
    ],
    "PCOffSet": [],
    "ServerType": 0
  },
  "1402": {
    "Id": 1402,
    "RedSignKey": "",
    "FunctionId": 100602,
    "CloseCheck": [],
    "LoseCheck": [
      1,
      3,
      0
    ],
    "ChildrenID": [],
    "ShowType": [
      0
    ],
    "Arguments": "",
    "OffSet": [
      3,
      0,
      0
    ],
    "PCOffSet": [],
    "ServerType": 0
  },
  "1403": {
    "Id": 1403,
    "RedSignKey": "",
    "FunctionId": 100603,
    "CloseCheck": [],
    "LoseCheck": [
      1,
      3,
      0
    ],
    "ChildrenID": [],
    "ShowType": [
      0
    ],
    "Arguments": "",
    "OffSet": [
      3,
      0,
      0
    ],
    "PCOffSet": [],
    "ServerType": 0
  },
  "1404": {
    "Id": 1404,
    "RedSignKey": "",
    "FunctionId": 0,
    "CloseCheck": [],
    "LoseCheck": [
      1,
      3,
      0
    ],
    "ChildrenID": [],
    "ShowType": [
      0
    ],
    "Arguments": "",
    "OffSet": [
      3,
      5,
      5
    ],
    "PCOffSet": [],
    "ServerType": 0
  },
  "2000": {
    "Id": 2000,
    "RedSignKey": "",
    "FunctionId": 800800,
    "CloseCheck": [],
    "LoseCheck": [
      1,
      3,
      0
    ],
    "ChildrenID": [
      2001,
      2005,
      2007
    ],
    "ShowType": [
      0
    ],
    "Arguments": "",
    "OffSet": [
      3,
      5,
      5
    ],
    "PCOffSet": [],
    "ServerType": 0
  },
  "2001": {
    "Id": 2001,
    "RedSignKey": "",
    "FunctionId": 0,
    "CloseCheck": [],
    "LoseCheck": [
      1,
      3,
      0
    ],
    "ChildrenID": [
      2002
    ],
    "ShowType": [
      0
    ],
    "Arguments": "",
    "OffSet": [
      3,
      18,
      -5
    ],
    "PCOffSet": [],
    "ServerType": 0
  },
  "2002": {
    "Id": 2002,
    "RedSignKey": "",
    "FunctionId": 0,
    "CloseCheck": [],
    "LoseCheck": [
      1,
      3,
      0
    ],
    "ChildrenID": [
      2003
    ],
    "ShowType": [
      0
    ],
    "Arguments": "",
    "OffSet": [
      3,
      15,
      15
    ],
    "PCOffSet": [],
    "ServerType": 0
  },
  "2003": {
    "Id": 2003,
    "RedSignKey": "",
    "FunctionId": 0,
    "CloseCheck": [],
    "LoseCheck": [
      1,
      3,
      0
    ],
    "ChildrenID": [],
    "ShowType": [
      0
    ],
    "Arguments": "",
    "OffSet": [
      3,
      5,
      5
    ],
    "PCOffSet": [],
    "ServerType": 0
  },
  "2004": {
    "Id": 2004,
    "RedSignKey": "",
    "FunctionId": 0,
    "CloseCheck": [],
    "LoseCheck": [
      3,
      3,
      0
    ],
    "ChildrenID": [],
    "ShowType": [
      0
    ],
    "Arguments": "",
    "OffSet": [
      3,
      200,
      200
    ],
    "PCOffSet": [],
    "ServerType": 0
  },
  "2005": {
    "Id": 2005,
    "RedSignKey": "",
    "FunctionId": 801300,
    "CloseCheck": [],
    "LoseCheck": [
      1,
      3,
      0
    ],
    "ChildrenID": [
      2006
    ],
    "ShowType": [
      0
    ],
    "Arguments": "",
    "OffSet": [
      3,
      200,
      200
    ],
    "PCOffSet": [],
    "ServerType": 0
  },
  "2006": {
    "Id": 2006,
    "RedSignKey": "",
    "FunctionId": 0,
    "CloseCheck": [],
    "LoseCheck": [
      1,
      3,
      0
    ],
    "ChildrenID": [],
    "ShowType": [
      0
    ],
    "Arguments": "",
    "OffSet": [
      3,
      5,
      5
    ],
    "PCOffSet": [],
    "ServerType": 0
  },
  "2007": {
    "Id": 2007,
    "RedSignKey": "",
    "FunctionId": 801200,
    "CloseCheck": [],
    "LoseCheck": [
      1,
      3,
      0
    ],
    "ChildrenID": [
      2008
    ],
    "ShowType": [
      0
    ],
    "Arguments": "",
    "OffSet": [
      3,
      5,
      5
    ],
    "PCOffSet": [],
    "ServerType": 0
  },
  "2008": {
    "Id": 2008,
    "RedSignKey": "",
    "FunctionId": 0,
    "CloseCheck": [],
    "LoseCheck": [
      1,
      3,
      0
    ],
    "ChildrenID": [],
    "ShowType": [
      0
    ],
    "Arguments": "",
    "OffSet": [
      3,
      5,
      5
    ],
    "PCOffSet": [],
    "ServerType": 0
  },
  "2010": {
    "Id": 2010,
    "RedSignKey": "",
    "FunctionId": 800600,
    "CloseCheck": [],
    "LoseCheck": [
      1,
      3,
      0
    ],
    "ChildrenID": [],
    "ShowType": [
      0
    ],
    "Arguments": "",
    "OffSet": [
      3,
      5,
      5
    ],
    "PCOffSet": [],
    "ServerType": 0
  },
  "2011": {
    "Id": 2011,
    "RedSignKey": "",
    "FunctionId": 0,
    "CloseCheck": [],
    "LoseCheck": [
      1,
      3,
      0
    ],
    "ChildrenID": [],
    "ShowType": [
      0
    ],
    "Arguments": "",
    "OffSet": [
      3,
      5,
      5
    ],
    "PCOffSet": [],
    "ServerType": 0
  },
  "2012": {
    "Id": 2012,
    "RedSignKey": "",
    "FunctionId": 0,
    "CloseCheck": [],
    "LoseCheck": [
      1,
      3,
      0
    ],
    "ChildrenID": [],
    "ShowType": [
      0
    ],
    "Arguments": "",
    "OffSet": [
      3,
      5,
      5
    ],
    "PCOffSet": [],
    "ServerType": 0
  },
  "2019": {
    "Id": 2019,
    "RedSignKey": "",
    "FunctionId": 800510,
    "CloseCheck": [],
    "LoseCheck": [],
    "ChildrenID": [
      66,
      2020
    ],
    "ShowType": [
      0
    ],
    "Arguments": "",
    "OffSet": [
      3,
      5,
      5
    ],
    "PCOffSet": [],
    "ServerType": 0
  },
  "2020": {
    "Id": 2020,
    "RedSignKey": "",
    "FunctionId": 800503,
    "CloseCheck": [],
    "LoseCheck": [],
    "ChildrenID": [],
    "ShowType": [
      0
    ],
    "Arguments": "",
    "OffSet": [
      3,
      5,
      5
    ],
    "PCOffSet": [],
    "ServerType": 0
  },
  "100101": {
    "Id": 100101,
    "RedSignKey": "",
    "FunctionId": 0,
    "CloseCheck": [],
    "LoseCheck": [
      1,
      3,
      0
    ],
    "ChildrenID": [
      100102
    ],
    "ShowType": [
      0
    ],
    "Arguments": "",
    "OffSet": [
      3,
      5,
      5
    ],
    "PCOffSet": [],
    "ServerType": 0
  },
  "100102": {
    "Id": 100102,
    "RedSignKey": "",
    "FunctionId": 0,
    "CloseCheck": [],
    "LoseCheck": [
      1,
      3,
      0
    ],
    "ChildrenID": [
      100103
    ],
    "ShowType": [
      0
    ],
    "Arguments": "",
    "OffSet": [
      3,
      0,
      0
    ],
    "PCOffSet": [],
    "ServerType": 0
  },
  "100103": {
    "Id": 100103,
    "RedSignKey": "",
    "FunctionId": 0,
    "CloseCheck": [],
    "LoseCheck": [
      1,
      3,
      0
    ],
    "ChildrenID": [
      100104
    ],
    "ShowType": [
      0
    ],
    "Arguments": "",
    "OffSet": [
      3,
      5,
      5
    ],
    "PCOffSet": [],
    "ServerType": 0
  },
  "100104": {
    "Id": 100104,
    "RedSignKey": "",
    "FunctionId": 0,
    "CloseCheck": [],
    "LoseCheck": [
      1,
      3,
      0
    ],
    "ChildrenID": [],
    "ShowType": [
      0
    ],
    "Arguments": "",
    "OffSet": [
      3,
      5,
      5
    ],
    "PCOffSet": [],
    "ServerType": 0
  },
  "100804": {
    "Id": 100804,
    "RedSignKey": "",
    "FunctionId": 0,
    "CloseCheck": [],
    "LoseCheck": [],
    "ChildrenID": [
      72,
      75
    ],
    "ShowType": [
      0
    ],
    "Arguments": "",
    "OffSet": [
      3,
      5,
      5
    ],
    "PCOffSet": [],
    "ServerType": 0
  },
  "1501": {
    "Id": 1501,
    "RedSignKey": "",
    "FunctionId": 100908,
    "CloseCheck": [],
    "LoseCheck": [
      1,
      3,
      0
    ],
    "ChildrenID": [
      1502,
      1503,
      1504,
      1506,
      1507
    ],
    "ShowType": [
      0
    ],
    "Arguments": "",
    "OffSet": [
      3,
      5,
      5
    ],
    "PCOffSet": [],
    "ServerType": 0
  },
  "5001": {
    "Id": 5001,
    "RedSignKey": "",
    "FunctionId": 0,
    "CloseCheck": [],
    "LoseCheck": [
      1,
      3,
      0
    ],
    "ChildrenID": [
      5002,
      5005
    ],
    "ShowType": [
      0
    ],
    "Arguments": "",
    "OffSet": [
      3,
      5,
      5
    ],
    "PCOffSet": [],
    "ServerType": 0
  },
  "1502": {
    "Id": 1502,
    "RedSignKey": "",
    "FunctionId": 100904,
    "CloseCheck": [],
    "LoseCheck": [
      1,
      3,
      0
    ],
    "ChildrenID": [],
    "ShowType": [
      0
    ],
    "Arguments": "",
    "OffSet": [
      3,
      5,
      5
    ],
    "PCOffSet": [],
    "ServerType": 0
  },
  "5002": {
    "Id": 5002,
    "RedSignKey": "",
    "FunctionId": 0,
    "CloseCheck": [],
    "LoseCheck": [
      1,
      3,
      0
    ],
    "ChildrenID": [
      5003,
      5004
    ],
    "ShowType": [
      0
    ],
    "Arguments": "",
    "OffSet": [
      3,
      5,
      5
    ],
    "PCOffSet": [],
    "ServerType": 0
  },
  "1503": {
    "Id": 1503,
    "RedSignKey": "",
    "FunctionId": 100905,
    "CloseCheck": [],
    "LoseCheck": [
      1,
      3,
      0
    ],
    "ChildrenID": [],
    "ShowType": [
      0
    ],
    "Arguments": "",
    "OffSet": [
      3,
      5,
      5
    ],
    "PCOffSet": [],
    "ServerType": 0
  },
  "103001": {
    "Id": 103001,
    "RedSignKey": "",
    "FunctionId": 0,
    "CloseCheck": [],
    "LoseCheck": [
      1,
      3,
      0
    ],
    "ChildrenID": [],
    "ShowType": [
      0
    ],
    "Arguments": "",
    "OffSet": [
      3,
      5,
      5
    ],
    "PCOffSet": [],
    "ServerType": 0
  },
  "1511": {
    "Id": 1511,
    "RedSignKey": "",
    "FunctionId": 103004,
    "CloseCheck": [],
    "LoseCheck": [
      1,
      3,
      0
    ],
    "ChildrenID": [
      1512
    ],
    "ShowType": [
      0
    ],
    "Arguments": "",
    "OffSet": [
      3,
      5,
      5
    ],
    "PCOffSet": [],
    "ServerType": 0
  },
  "1512": {
    "Id": 1512,
    "RedSignKey": "",
    "FunctionId": 0,
    "CloseCheck": [],
    "LoseCheck": [
      1,
      3,
      0
    ],
    "ChildrenID": [
      1513,
      1514
    ],
    "ShowType": [
      0
    ],
    "Arguments": "",
    "OffSet": [
      3,
      -3,
      -8
    ],
    "PCOffSet": [],
    "ServerType": 0
  },
  "1513": {
    "Id": 1513,
    "RedSignKey": "",
    "FunctionId": 0,
    "CloseCheck": [],
    "LoseCheck": [
      1,
      3,
      0
    ],
    "ChildrenID": [],
    "ShowType": [
      0
    ],
    "Arguments": "",
    "OffSet": [
      3,
      5,
      5
    ],
    "PCOffSet": [],
    "ServerType": 0
  },
  "1514": {
    "Id": 1514,
    "RedSignKey": "",
    "FunctionId": 0,
    "CloseCheck": [],
    "LoseCheck": [
      1,
      3,
      0
    ],
    "ChildrenID": [
      1515,
      1516,
      1517
    ],
    "ShowType": [
      0
    ],
    "Arguments": "",
    "OffSet": [
      3,
      5,
      5
    ],
    "PCOffSet": [],
    "ServerType": 0
  },
  "1515": {
    "Id": 1515,
    "RedSignKey": "",
    "FunctionId": 0,
    "CloseCheck": [],
    "LoseCheck": [
      1,
      3,
      0
    ],
    "ChildrenID": [],
    "ShowType": [
      0
    ],
    "Arguments": "",
    "OffSet": [
      3,
      5,
      5
    ],
    "PCOffSet": [],
    "ServerType": 0
  },
  "1516": {
    "Id": 1516,
    "RedSignKey": "",
    "FunctionId": 0,
    "CloseCheck": [],
    "LoseCheck": [
      1,
      3,
      0
    ],
    "ChildrenID": [],
    "ShowType": [
      0
    ],
    "Arguments": "",
    "OffSet": [
      3,
      5,
      5
    ],
    "PCOffSet": [],
    "ServerType": 0
  },
  "1517": {
    "Id": 1517,
    "RedSignKey": "",
    "FunctionId": 0,
    "CloseCheck": [],
    "LoseCheck": [
      1,
      3,
      0
    ],
    "ChildrenID": [],
    "ShowType": [
      0
    ],
    "Arguments": "",
    "OffSet": [
      3,
      5,
      5
    ],
    "PCOffSet": [],
    "ServerType": 0
  },
  "1504": {
    "Id": 1504,
    "RedSignKey": "",
    "FunctionId": 100909,
    "CloseCheck": [],
    "LoseCheck": [
      1,
      3,
      0
    ],
    "ChildrenID": [],
    "ShowType": [
      0
    ],
    "Arguments": "",
    "OffSet": [
      3,
      5,
      5
    ],
    "PCOffSet": [],
    "ServerType": 0
  },
  "5003": {
    "Id": 5003,
    "RedSignKey": "",
    "FunctionId": 0,
    "CloseCheck": [],
    "LoseCheck": [
      1,
      3,
      0
    ],
    "ChildrenID": [],
    "ShowType": [
      0
    ],
    "Arguments": "",
    "OffSet": [
      3,
      5,
      5
    ],
    "PCOffSet": [],
    "ServerType": 0
  },
  "1505": {
    "Id": 1505,
    "RedSignKey": "",
    "FunctionId": 100906,
    "CloseCheck": [],
    "LoseCheck": [
      1,
      3,
      0
    ],
    "ChildrenID": [],
    "ShowType": [
      0
    ],
    "Arguments": "",
    "OffSet": [
      3,
      5,
      5
    ],
    "PCOffSet": [],
    "ServerType": 0
  },
  "103001001": {
    "Id": 103001001,
    "RedSignKey": "",
    "FunctionId": 0,
    "CloseCheck": [],
    "LoseCheck": [
      1,
      3,
      0
    ],
    "ChildrenID": [],
    "ShowType": [
      0
    ],
    "Arguments": "",
    "OffSet": [
      3,
      5,
      5
    ],
    "PCOffSet": [],
    "ServerType": 0
  },
  "1506": {
    "Id": 1506,
    "RedSignKey": "",
    "FunctionId": 100907,
    "CloseCheck": [],
    "LoseCheck": [
      1,
      3,
      0
    ],
    "ChildrenID": [],
    "ShowType": [
      0
    ],
    "Arguments": "",
    "OffSet": [
      3,
      5,
      5
    ],
    "PCOffSet": [],
    "ServerType": 0
  },
  "1507": {
    "Id": 1507,
    "RedSignKey": "",
    "FunctionId": 100908,
    "CloseCheck": [],
    "LoseCheck": [
      1,
      3,
      0
    ],
    "ChildrenID": [],
    "ShowType": [
      0
    ],
    "Arguments": "",
    "OffSet": [
      3,
      5,
      5
    ],
    "PCOffSet": [],
    "ServerType": 0
  },
  "5004": {
    "Id": 5004,
    "RedSignKey": "",
    "FunctionId": 0,
    "CloseCheck": [],
    "LoseCheck": [
      1,
      3,
      0
    ],
    "ChildrenID": [],
    "ShowType": [
      0
    ],
    "Arguments": "",
    "OffSet": [
      3,
      5,
      5
    ],
    "PCOffSet": [],
    "ServerType": 0
  },
  "103001002": {
    "Id": 103001002,
    "RedSignKey": "",
    "FunctionId": 0,
    "CloseCheck": [],
    "LoseCheck": [
      1,
      3,
      0
    ],
    "ChildrenID": [],
    "ShowType": [
      0
    ],
    "Arguments": "",
    "OffSet": [
      3,
      5,
      5
    ],
    "PCOffSet": [],
    "ServerType": 0
  },
  "5005": {
    "Id": 5005,
    "RedSignKey": "",
    "FunctionId": 0,
    "CloseCheck": [],
    "LoseCheck": [
      1,
      3,
      0
    ],
    "ChildrenID": [],
    "ShowType": [
      0
    ],
    "Arguments": "",
    "OffSet": [
      3,
      5,
      5
    ],
    "PCOffSet": [],
    "ServerType": 0
  },
  "1029000": {
    "Id": 1029000,
    "RedSignKey": "",
    "FunctionId": 800515,
    "CloseCheck": [],
    "LoseCheck": [],
    "ChildrenID": [],
    "ShowType": [
      0
    ],
    "Arguments": "",
    "OffSet": [
      3,
      5,
      5
    ],
    "PCOffSet": [],
    "ServerType": 0
  },
  "1029001": {
    "Id": 1029001,
    "RedSignKey": "",
    "FunctionId": 800504,
    "CloseCheck": [],
    "LoseCheck": [],
    "ChildrenID": [],
    "ShowType": [
      0
    ],
    "Arguments": "",
    "OffSet": [
      3,
      5,
      5
    ],
    "PCOffSet": [],
    "ServerType": 0
  },
  "150": {
    "Id": 150,
    "RedSignKey": "",
    "FunctionId": 300000,
    "CloseCheck": [],
    "LoseCheck": [],
    "ChildrenID": [
      152,
      164
    ],
    "ShowType": [
      0
    ],
    "Arguments": "",
    "OffSet": [
      3,
      5,
      5
    ],
    "PCOffSet": [],
    "ServerType": 0
  },
  "151": {
    "Id": 151,
    "RedSignKey": "",
    "FunctionId": 0,
    "CloseCheck": [],
    "LoseCheck": [],
    "ChildrenID": [
      152,
      164
    ],
    "ShowType": [
      0
    ],
    "Arguments": "",
    "OffSet": [
      3,
      5,
      5
    ],
    "PCOffSet": [],
    "ServerType": 0
  },
  "152": {
    "Id": 152,
    "RedSignKey": "",
    "FunctionId": 0,
    "CloseCheck": [],
    "LoseCheck": [],
    "ChildrenID": [
      153
    ],
    "ShowType": [
      0
    ],
    "Arguments": "",
    "OffSet": [
      3,
      5,
      5
    ],
    "PCOffSet": [],
    "ServerType": 0
  },
  "153": {
    "Id": 153,
    "RedSignKey": "",
    "FunctionId": 0,
    "CloseCheck": [],
    "LoseCheck": [],
    "ChildrenID": [
      154
    ],
    "ShowType": [
      0
    ],
    "Arguments": "",
    "OffSet": [
      3,
      5,
      5
    ],
    "PCOffSet": [],
    "ServerType": 0
  },
  "154": {
    "Id": 154,
    "RedSignKey": "",
    "FunctionId": 0,
    "CloseCheck": [],
    "LoseCheck": [],
    "ChildrenID": [
      155
    ],
    "ShowType": [
      0
    ],
    "Arguments": "",
    "OffSet": [
      3,
      5,
      5
    ],
    "PCOffSet": [],
    "ServerType": 0
  },
  "155": {
    "Id": 155,
    "RedSignKey": "",
    "FunctionId": 0,
    "CloseCheck": [],
    "LoseCheck": [],
    "ChildrenID": [],
    "ShowType": [
      0
    ],
    "Arguments": "",
    "OffSet": [
      3,
      5,
      5
    ],
    "PCOffSet": [],
    "ServerType": 0
  },
  "156": {
    "Id": 156,
    "RedSignKey": "",
    "FunctionId": 200500,
    "CloseCheck": [],
    "LoseCheck": [],
    "ChildrenID": [
      501,
      78
    ],
    "ShowType": [
      0
    ],
    "Arguments": "",
    "OffSet": [
      3,
      5,
      5
    ],
    "PCOffSet": [],
    "ServerType": 0
  },
  "157": {
    "Id": 157,
    "RedSignKey": "",
    "FunctionId": 0,
    "CloseCheck": [],
    "LoseCheck": [],
    "ChildrenID": [],
    "ShowType": [
      0
    ],
    "Arguments": "",
    "OffSet": [
      3,
      5,
      5
    ],
    "PCOffSet": [],
    "ServerType": 0
  },
  "158": {
    "Id": 158,
    "RedSignKey": "",
    "FunctionId": 0,
    "CloseCheck": [],
    "LoseCheck": [],
    "ChildrenID": [],
    "ShowType": [
      0
    ],
    "Arguments": "",
    "OffSet": [
      3,
      5,
      5
    ],
    "PCOffSet": [],
    "ServerType": 0
  },
  "159": {
    "Id": 159,
    "RedSignKey": "",
    "FunctionId": 0,
    "CloseCheck": [],
    "LoseCheck": [],
    "ChildrenID": [],
    "ShowType": [
      0
    ],
    "Arguments": "",
    "OffSet": [
      3,
      5,
      5
    ],
    "PCOffSet": [],
    "ServerType": 0
  },
  "160": {
    "Id": 160,
    "RedSignKey": "",
    "FunctionId": 0,
    "CloseCheck": [],
    "LoseCheck": [
      1,
      3,
      0
    ],
    "ChildrenID": [],
    "ShowType": [
      0
    ],
    "Arguments": "",
    "OffSet": [
      3,
      -10,
      -10
    ],
    "PCOffSet": [],
    "ServerType": 0
  },
  "161": {
    "Id": 161,
    "RedSignKey": "",
    "FunctionId": 0,
    "CloseCheck": [],
    "LoseCheck": [],
    "ChildrenID": [],
    "ShowType": [
      0
    ],
    "Arguments": "",
    "OffSet": [
      3,
      5,
      5
    ],
    "PCOffSet": [],
    "ServerType": 0
  },
  "162": {
    "Id": 162,
    "RedSignKey": "",
    "FunctionId": 0,
    "CloseCheck": [],
    "LoseCheck": [
      1,
      3,
      0
    ],
    "ChildrenID": [],
    "ShowType": [
      0
    ],
    "Arguments": "",
    "OffSet": [
      3,
      -10,
      -10
    ],
    "PCOffSet": [],
    "ServerType": 0
  },
  "163": {
    "Id": 163,
    "RedSignKey": "",
    "FunctionId": 0,
    "CloseCheck": [],
    "LoseCheck": [],
    "ChildrenID": [],
    "ShowType": [
      0
    ],
    "Arguments": "",
    "OffSet": [
      3,
      5,
      5
    ],
    "PCOffSet": [],
    "ServerType": 0
  },
  "164": {
    "Id": 164,
    "RedSignKey": "",
    "FunctionId": 0,
    "CloseCheck": [],
    "LoseCheck": [],
    "ChildrenID": [
      165,
      166
    ],
    "ShowType": [
      0
    ],
    "Arguments": "",
    "OffSet": [
      3,
      5,
      5
    ],
    "PCOffSet": [],
    "ServerType": 0
  },
  "165": {
    "Id": 165,
    "RedSignKey": "",
    "FunctionId": 0,
    "CloseCheck": [],
    "LoseCheck": [],
    "ChildrenID": [],
    "ShowType": [
      0
    ],
    "Arguments": "",
    "OffSet": [
      3,
      5,
      5
    ],
    "PCOffSet": [],
    "ServerType": 0
  },
  "166": {
    "Id": 166,
    "RedSignKey": "",
    "FunctionId": 0,
    "CloseCheck": [],
    "LoseCheck": [],
    "ChildrenID": [],
    "ShowType": [
      0
    ],
    "Arguments": "",
    "OffSet": [
      3,
      5,
      5
    ],
    "PCOffSet": [],
    "ServerType": 0
  },
  "170": {
    "Id": 170,
    "RedSignKey": "",
    "FunctionId": 0,
    "CloseCheck": [],
    "LoseCheck": [],
    "ChildrenID": [
      171
    ],
    "ShowType": [
      0
    ],
    "Arguments": "",
    "OffSet": [
      3,
      5,
      5
    ],
    "PCOffSet": [],
    "ServerType": 0
  },
  "171": {
    "Id": 171,
    "RedSignKey": "",
    "FunctionId": 0,
    "CloseCheck": [],
    "LoseCheck": [
      1,
      3,
      0
    ],
    "ChildrenID": [],
    "ShowType": [
      0
    ],
    "Arguments": "",
    "OffSet": [
      3,
      5,
      5
    ],
    "PCOffSet": [],
    "ServerType": 0
  },
  "172": {
    "Id": 172,
    "RedSignKey": "",
    "FunctionId": 0,
    "CloseCheck": [],
    "LoseCheck": [
      1,
      3,
      0
    ],
    "ChildrenID": [],
    "ShowType": [
      0
    ],
    "Arguments": "",
    "OffSet": [
      3,
      5,
      5
    ],
    "PCOffSet": [],
    "ServerType": 0
  },
  "173": {
    "Id": 173,
    "RedSignKey": "",
    "FunctionId": 0,
    "CloseCheck": [],
    "LoseCheck": [
      1,
      3,
      0
    ],
    "ChildrenID": [
      172
    ],
    "ShowType": [
      0
    ],
    "Arguments": "",
    "OffSet": [
      3,
      -10,
      -10
    ],
    "PCOffSet": [],
    "ServerType": 0
  },
  "1210": {
    "Id": 1210,
    "RedSignKey": "",
    "FunctionId": 0,
    "CloseCheck": [],
    "LoseCheck": [
      1,
      3,
      0
    ],
    "ChildrenID": [],
    "ShowType": [
      0
    ],
    "Arguments": "",
    "OffSet": [
      3,
      -10,
      -5
    ],
    "PCOffSet": [],
    "ServerType": 0
  },
  "1211": {
    "Id": 1211,
    "RedSignKey": "",
    "FunctionId": 0,
    "CloseCheck": [],
    "LoseCheck": [
      1,
      3,
      0
    ],
    "ChildrenID": [],
    "ShowType": [
      0
    ],
    "Arguments": "",
    "OffSet": [
      3,
      0,
      0
    ],
    "PCOffSet": [],
    "ServerType": 0
  },
  "1212": {
    "Id": 1212,
    "RedSignKey": "",
    "FunctionId": 0,
    "CloseCheck": [],
    "LoseCheck": [
      1,
      3,
      0
    ],
    "ChildrenID": [],
    "ShowType": [
      0
    ],
    "Arguments": "",
    "OffSet": [
      3,
      -10,
      -5
    ],
    "PCOffSet": [],
    "ServerType": 0
  },
  "1213": {
    "Id": 1213,
    "RedSignKey": "",
    "FunctionId": 800400,
    "CloseCheck": [],
    "LoseCheck": [
      1,
      3,
      0
    ],
    "ChildrenID": [
      1211,
      1212
    ],
    "ShowType": [
      0
    ],
    "Arguments": "",
    "OffSet": [
      3,
      5,
      5
    ],
    "PCOffSet": [],
    "ServerType": 0
  },
  "1214": {
    "Id": 1214,
    "RedSignKey": "",
    "FunctionId": 0,
    "CloseCheck": [],
    "LoseCheck": [
      1,
      3,
      0
    ],
    "ChildrenID": [
      1210,
      1211
    ],
    "ShowType": [
      0
    ],
    "Arguments": "",
    "OffSet": [
      3,
      -10,
      -5
    ],
    "PCOffSet": [],
    "ServerType": 0
  },
  "1601": {
    "Id": 1601,
    "RedSignKey": "",
    "FunctionId": 0,
    "CloseCheck": [],
    "LoseCheck": [
      1,
      3,
      0
    ],
    "ChildrenID": [],
    "ShowType": [
      0
    ],
    "Arguments": "",
    "OffSet": [
      3,
      5,
      5
    ],
    "PCOffSet": [],
    "ServerType": 0
  },
  "1602": {
    "Id": 1602,
    "RedSignKey": "",
    "FunctionId": 0,
    "CloseCheck": [],
    "LoseCheck": [
      1,
      3,
      0
    ],
    "ChildrenID": [],
    "ShowType": [
      0
    ],
    "Arguments": "",
    "OffSet": [
      3,
      5,
      5
    ],
    "PCOffSet": [],
    "ServerType": 0
  },
  "3000": {
    "Id": 3000,
    "RedSignKey": "",
    "FunctionId": 0,
    "CloseCheck": [],
    "LoseCheck": [
      1,
      3,
      0
    ],
    "ChildrenID": [
      3002,
      3004
    ],
    "ShowType": [
      0
    ],
    "Arguments": "",
    "OffSet": [
      3,
      5,
      5
    ],
    "PCOffSet": [],
    "ServerType": 0
  },
  "3001": {
    "Id": 3001,
    "RedSignKey": "",
    "FunctionId": 0,
    "CloseCheck": [],
    "LoseCheck": [
      1,
      3,
      0
    ],
    "ChildrenID": [],
    "ShowType": [
      0
    ],
    "Arguments": "",
    "OffSet": [
      3,
      5,
      5
    ],
    "PCOffSet": [],
    "ServerType": 0
  },
  "3002": {
    "Id": 3002,
    "RedSignKey": "",
    "FunctionId": 0,
    "CloseCheck": [],
    "LoseCheck": [
      1,
      3,
      0
    ],
    "ChildrenID": [
      3001,
      3003
    ],
    "ShowType": [
      0
    ],
    "Arguments": "",
    "OffSet": [
      3,
      18,
      5
    ],
    "PCOffSet": [],
    "ServerType": 0
  },
  "3003": {
    "Id": 3003,
    "RedSignKey": "",
    "FunctionId": 0,
    "CloseCheck": [],
    "LoseCheck": [
      1,
      3,
      0
    ],
    "ChildrenID": [],
    "ShowType": [
      0
    ],
    "Arguments": "",
    "OffSet": [
      3,
      5,
      5
    ],
    "PCOffSet": [],
    "ServerType": 0
  },
  "3004": {
    "Id": 3004,
    "RedSignKey": "",
    "FunctionId": 0,
    "CloseCheck": [],
    "LoseCheck": [
      1,
      3,
      0
    ],
    "ChildrenID": [
      3005
    ],
    "ShowType": [
      0
    ],
    "Arguments": "",
    "OffSet": [
      3,
      18,
      5
    ],
    "PCOffSet": [],
    "ServerType": 0
  },
  "3005": {
    "Id": 3005,
    "RedSignKey": "",
    "FunctionId": 0,
    "CloseCheck": [],
    "LoseCheck": [
      1,
      3,
      0
    ],
    "ChildrenID": [],
    "ShowType": [
      0
    ],
    "Arguments": "",
    "OffSet": [
      3,
      5,
      5
    ],
    "PCOffSet": [],
    "ServerType": 0
  },
  "4000": {
    "Id": 4000,
    "RedSignKey": "",
    "FunctionId": 102500,
    "CloseCheck": [],
    "LoseCheck": [
      1,
      3,
      0
    ],
    "ChildrenID": [
      4001,
      4002
    ],
    "ShowType": [
      0
    ],
    "Arguments": "",
    "OffSet": [
      3,
      5,
      5
    ],
    "PCOffSet": [],
    "ServerType": 0
  },
  "4001": {
    "Id": 4001,
    "RedSignKey": "",
    "FunctionId": 0,
    "CloseCheck": [],
    "LoseCheck": [
      1,
      3,
      0
    ],
    "ChildrenID": [],
    "ShowType": [
      0
    ],
    "Arguments": "",
    "OffSet": [
      3,
      5,
      5
    ],
    "PCOffSet": [],
    "ServerType": 0
  },
  "4002": {
    "Id": 4002,
    "RedSignKey": "",
    "FunctionId": 0,
    "CloseCheck": [],
    "LoseCheck": [
      1,
      3,
      0
    ],
    "ChildrenID": [],
    "ShowType": [
      0
    ],
    "Arguments": "",
    "OffSet": [
      3,
      5,
      5
    ],
    "PCOffSet": [],
    "ServerType": 0
  },
  "1010100": {
    "Id": 1010100,
    "RedSignKey": "",
    "FunctionId": 501000,
    "CloseCheck": [],
    "LoseCheck": [
      1,
      3,
      0
    ],
    "ChildrenID": [
      1010101,
      1010201,
      1010301,
      1020101,
      1020201,
      1020301,
      1020401,
      1020501,
      1010111,
      1010211,
      1010311,
      1020111,
      1020211,
      1020311,
      1020411,
      1020511
    ],
    "ShowType": [
      0
    ],
    "Arguments": "",
    "OffSet": [
      3,
      5,
      5
    ],
    "PCOffSet": [],
    "ServerType": 0
  },
  "1010101": {
    "Id": 1010101,
    "RedSignKey": "",
    "FunctionId": 0,
    "CloseCheck": [],
    "LoseCheck": [
      1,
      3,
      0
    ],
    "ChildrenID": [
      1010102
    ],
    "ShowType": [
      0
    ],
    "Arguments": "",
    "OffSet": [
      3,
      5,
      5
    ],
    "PCOffSet": [],
    "ServerType": 0
  },
  "1010201": {
    "Id": 1010201,
    "RedSignKey": "",
    "FunctionId": 0,
    "CloseCheck": [],
    "LoseCheck": [
      1,
      3,
      0
    ],
    "ChildrenID": [
      1010202
    ],
    "ShowType": [
      0
    ],
    "Arguments": "",
    "OffSet": [
      3,
      5,
      5
    ],
    "PCOffSet": [],
    "ServerType": 0
  },
  "1010301": {
    "Id": 1010301,
    "RedSignKey": "",
    "FunctionId": 0,
    "CloseCheck": [],
    "LoseCheck": [
      1,
      3,
      0
    ],
    "ChildrenID": [
      1010302
    ],
    "ShowType": [
      0
    ],
    "Arguments": "",
    "OffSet": [
      3,
      5,
      5
    ],
    "PCOffSet": [],
    "ServerType": 0
  },
  "1020101": {
    "Id": 1020101,
    "RedSignKey": "",
    "FunctionId": 0,
    "CloseCheck": [],
    "LoseCheck": [
      1,
      3,
      0
    ],
    "ChildrenID": [
      1020102
    ],
    "ShowType": [
      0
    ],
    "Arguments": "",
    "OffSet": [
      3,
      5,
      5
    ],
    "PCOffSet": [],
    "ServerType": 0
  },
  "1020201": {
    "Id": 1020201,
    "RedSignKey": "",
    "FunctionId": 0,
    "CloseCheck": [],
    "LoseCheck": [
      1,
      3,
      0
    ],
    "ChildrenID": [
      1020202
    ],
    "ShowType": [
      0
    ],
    "Arguments": "",
    "OffSet": [
      3,
      5,
      5
    ],
    "PCOffSet": [],
    "ServerType": 0
  },
  "1020301": {
    "Id": 1020301,
    "RedSignKey": "",
    "FunctionId": 0,
    "CloseCheck": [],
    "LoseCheck": [
      1,
      3,
      0
    ],
    "ChildrenID": [
      1020302
    ],
    "ShowType": [
      0
    ],
    "Arguments": "",
    "OffSet": [
      3,
      5,
      5
    ],
    "PCOffSet": [],
    "ServerType": 0
  },
  "1020401": {
    "Id": 1020401,
    "RedSignKey": "",
    "FunctionId": 0,
    "CloseCheck": [],
    "LoseCheck": [
      1,
      3,
      0
    ],
    "ChildrenID": [
      1020402
    ],
    "ShowType": [
      0
    ],
    "Arguments": "",
    "OffSet": [
      3,
      5,
      5
    ],
    "PCOffSet": [],
    "ServerType": 0
  },
  "1020501": {
    "Id": 1020501,
    "RedSignKey": "",
    "FunctionId": 0,
    "CloseCheck": [],
    "LoseCheck": [
      1,
      3,
      0
    ],
    "ChildrenID": [
      1020502
    ],
    "ShowType": [
      0
    ],
    "Arguments": "",
    "OffSet": [
      3,
      5,
      5
    ],
    "PCOffSet": [],
    "ServerType": 0
  },
  "1020601": {
    "Id": 1020601,
    "RedSignKey": "",
    "FunctionId": 0,
    "CloseCheck": [],
    "LoseCheck": [
      1,
      3,
      0
    ],
    "ChildrenID": [
      1020602
    ],
    "ShowType": [
      0
    ],
    "Arguments": "",
    "OffSet": [
      3,
      5,
      5
    ],
    "PCOffSet": [],
    "ServerType": 0
  },
  "1010102": {
    "Id": 1010102,
    "RedSignKey": "",
    "FunctionId": 0,
    "CloseCheck": [],
    "LoseCheck": [
      1,
      3,
      0
    ],
    "ChildrenID": [
      1010103,
      1010104
    ],
    "ShowType": [
      0
    ],
    "Arguments": "",
    "OffSet": [
      3,
      5,
      5
    ],
    "PCOffSet": [],
    "ServerType": 0
  },
  "1010202": {
    "Id": 1010202,
    "RedSignKey": "",
    "FunctionId": 0,
    "CloseCheck": [],
    "LoseCheck": [
      1,
      3,
      0
    ],
    "ChildrenID": [
      1010203,
      1010204
    ],
    "ShowType": [
      0
    ],
    "Arguments": "",
    "OffSet": [
      3,
      5,
      5
    ],
    "PCOffSet": [],
    "ServerType": 0
  },
  "1010302": {
    "Id": 1010302,
    "RedSignKey": "",
    "FunctionId": 0,
    "CloseCheck": [],
    "LoseCheck": [
      1,
      3,
      0
    ],
    "ChildrenID": [
      1010303,
      1010304
    ],
    "ShowType": [
      0
    ],
    "Arguments": "",
    "OffSet": [
      3,
      5,
      5
    ],
    "PCOffSet": [],
    "ServerType": 0
  },
  "1020102": {
    "Id": 1020102,
    "RedSignKey": "",
    "FunctionId": 0,
    "CloseCheck": [],
    "LoseCheck": [
      1,
      3,
      0
    ],
    "ChildrenID": [
      1020103,
      1020104
    ],
    "ShowType": [
      0
    ],
    "Arguments": "",
    "OffSet": [
      3,
      5,
      5
    ],
    "PCOffSet": [],
    "ServerType": 0
  },
  "1020202": {
    "Id": 1020202,
    "RedSignKey": "",
    "FunctionId": 0,
    "CloseCheck": [],
    "LoseCheck": [
      1,
      3,
      0
    ],
    "ChildrenID": [
      1020203,
      1020204
    ],
    "ShowType": [
      0
    ],
    "Arguments": "",
    "OffSet": [
      3,
      5,
      5
    ],
    "PCOffSet": [],
    "ServerType": 0
  },
  "1020302": {
    "Id": 1020302,
    "RedSignKey": "",
    "FunctionId": 0,
    "CloseCheck": [],
    "LoseCheck": [
      1,
      3,
      0
    ],
    "ChildrenID": [
      1020303,
      1020304
    ],
    "ShowType": [
      0
    ],
    "Arguments": "",
    "OffSet": [
      3,
      5,
      5
    ],
    "PCOffSet": [],
    "ServerType": 0
  },
  "1020402": {
    "Id": 1020402,
    "RedSignKey": "",
    "FunctionId": 0,
    "CloseCheck": [],
    "LoseCheck": [
      1,
      3,
      0
    ],
    "ChildrenID": [
      1020403,
      1020404
    ],
    "ShowType": [
      0
    ],
    "Arguments": "",
    "OffSet": [
      3,
      5,
      5
    ],
    "PCOffSet": [],
    "ServerType": 0
  },
  "1020502": {
    "Id": 1020502,
    "RedSignKey": "",
    "FunctionId": 0,
    "CloseCheck": [],
    "LoseCheck": [
      1,
      3,
      0
    ],
    "ChildrenID": [
      1020503,
      1020504
    ],
    "ShowType": [
      0
    ],
    "Arguments": "",
    "OffSet": [
      3,
      5,
      5
    ],
    "PCOffSet": [],
    "ServerType": 0
  },
  "1020602": {
    "Id": 1020602,
    "RedSignKey": "",
    "FunctionId": 0,
    "CloseCheck": [],
    "LoseCheck": [
      1,
      3,
      0
    ],
    "ChildrenID": [
      1020603,
      1020604
    ],
    "ShowType": [
      0
    ],
    "Arguments": "",
    "OffSet": [
      3,
      5,
      5
    ],
    "PCOffSet": [],
    "ServerType": 0
  },
  "1010103": {
    "Id": 1010103,
    "RedSignKey": "",
    "FunctionId": 0,
    "CloseCheck": [],
    "LoseCheck": [
      1,
      3,
      0
    ],
    "ChildrenID": [],
    "ShowType": [
      0
    ],
    "Arguments": "",
    "OffSet": [
      3,
      5,
      5
    ],
    "PCOffSet": [],
    "ServerType": 0
  },
  "1010203": {
    "Id": 1010203,
    "RedSignKey": "",
    "FunctionId": 0,
    "CloseCheck": [],
    "LoseCheck": [
      1,
      3,
      0
    ],
    "ChildrenID": [],
    "ShowType": [
      0
    ],
    "Arguments": "",
    "OffSet": [
      3,
      5,
      5
    ],
    "PCOffSet": [],
    "ServerType": 0
  },
  "1010303": {
    "Id": 1010303,
    "RedSignKey": "",
    "FunctionId": 0,
    "CloseCheck": [],
    "LoseCheck": [
      1,
      3,
      0
    ],
    "ChildrenID": [],
    "ShowType": [
      0
    ],
    "Arguments": "",
    "OffSet": [
      3,
      5,
      5
    ],
    "PCOffSet": [],
    "ServerType": 0
  },
  "1020103": {
    "Id": 1020103,
    "RedSignKey": "",
    "FunctionId": 0,
    "CloseCheck": [],
    "LoseCheck": [
      1,
      3,
      0
    ],
    "ChildrenID": [],
    "ShowType": [
      0
    ],
    "Arguments": "",
    "OffSet": [
      3,
      5,
      5
    ],
    "PCOffSet": [],
    "ServerType": 0
  },
  "1020203": {
    "Id": 1020203,
    "RedSignKey": "",
    "FunctionId": 0,
    "CloseCheck": [],
    "LoseCheck": [
      1,
      3,
      0
    ],
    "ChildrenID": [],
    "ShowType": [
      0
    ],
    "Arguments": "",
    "OffSet": [
      3,
      5,
      5
    ],
    "PCOffSet": [],
    "ServerType": 0
  },
  "1020303": {
    "Id": 1020303,
    "RedSignKey": "",
    "FunctionId": 0,
    "CloseCheck": [],
    "LoseCheck": [
      1,
      3,
      0
    ],
    "ChildrenID": [],
    "ShowType": [
      0
    ],
    "Arguments": "",
    "OffSet": [
      3,
      5,
      5
    ],
    "PCOffSet": [],
    "ServerType": 0
  },
  "1020403": {
    "Id": 1020403,
    "RedSignKey": "",
    "FunctionId": 0,
    "CloseCheck": [],
    "LoseCheck": [
      1,
      3,
      0
    ],
    "ChildrenID": [],
    "ShowType": [
      0
    ],
    "Arguments": "",
    "OffSet": [
      3,
      5,
      5
    ],
    "PCOffSet": [],
    "ServerType": 0
  },
  "1020503": {
    "Id": 1020503,
    "RedSignKey": "",
    "FunctionId": 0,
    "CloseCheck": [],
    "LoseCheck": [
      1,
      3,
      0
    ],
    "ChildrenID": [],
    "ShowType": [
      0
    ],
    "Arguments": "",
    "OffSet": [
      3,
      5,
      5
    ],
    "PCOffSet": [],
    "ServerType": 0
  },
  "1020603": {
    "Id": 1020603,
    "RedSignKey": "",
    "FunctionId": 0,
    "CloseCheck": [],
    "LoseCheck": [
      1,
      3,
      0
    ],
    "ChildrenID": [],
    "ShowType": [
      0
    ],
    "Arguments": "",
    "OffSet": [
      3,
      5,
      5
    ],
    "PCOffSet": [],
    "ServerType": 0
  },
  "1010104": {
    "Id": 1010104,
    "RedSignKey": "",
    "FunctionId": 0,
    "CloseCheck": [],
    "LoseCheck": [
      1,
      3,
      0
    ],
    "ChildrenID": [],
    "ShowType": [
      0
    ],
    "Arguments": "",
    "OffSet": [
      3,
      5,
      5
    ],
    "PCOffSet": [],
    "ServerType": 0
  },
  "1010204": {
    "Id": 1010204,
    "RedSignKey": "",
    "FunctionId": 0,
    "CloseCheck": [],
    "LoseCheck": [
      1,
      3,
      0
    ],
    "ChildrenID": [],
    "ShowType": [
      0
    ],
    "Arguments": "",
    "OffSet": [
      3,
      5,
      5
    ],
    "PCOffSet": [],
    "ServerType": 0
  },
  "1010304": {
    "Id": 1010304,
    "RedSignKey": "",
    "FunctionId": 0,
    "CloseCheck": [],
    "LoseCheck": [
      1,
      3,
      0
    ],
    "ChildrenID": [],
    "ShowType": [
      0
    ],
    "Arguments": "",
    "OffSet": [
      3,
      5,
      5
    ],
    "PCOffSet": [],
    "ServerType": 0
  },
  "1020104": {
    "Id": 1020104,
    "RedSignKey": "",
    "FunctionId": 0,
    "CloseCheck": [],
    "LoseCheck": [
      1,
      3,
      0
    ],
    "ChildrenID": [],
    "ShowType": [
      0
    ],
    "Arguments": "",
    "OffSet": [
      3,
      5,
      5
    ],
    "PCOffSet": [],
    "ServerType": 0
  },
  "1020204": {
    "Id": 1020204,
    "RedSignKey": "",
    "FunctionId": 0,
    "CloseCheck": [],
    "LoseCheck": [
      1,
      3,
      0
    ],
    "ChildrenID": [],
    "ShowType": [
      0
    ],
    "Arguments": "",
    "OffSet": [
      3,
      5,
      5
    ],
    "PCOffSet": [],
    "ServerType": 0
  },
  "1020304": {
    "Id": 1020304,
    "RedSignKey": "",
    "FunctionId": 0,
    "CloseCheck": [],
    "LoseCheck": [
      1,
      3,
      0
    ],
    "ChildrenID": [],
    "ShowType": [
      0
    ],
    "Arguments": "",
    "OffSet": [
      3,
      5,
      5
    ],
    "PCOffSet": [],
    "ServerType": 0
  },
  "1020404": {
    "Id": 1020404,
    "RedSignKey": "",
    "FunctionId": 0,
    "CloseCheck": [],
    "LoseCheck": [
      1,
      3,
      0
    ],
    "ChildrenID": [],
    "ShowType": [
      0
    ],
    "Arguments": "",
    "OffSet": [
      3,
      5,
      5
    ],
    "PCOffSet": [],
    "ServerType": 0
  },
  "1020504": {
    "Id": 1020504,
    "RedSignKey": "",
    "FunctionId": 0,
    "CloseCheck": [],
    "LoseCheck": [
      1,
      3,
      0
    ],
    "ChildrenID": [],
    "ShowType": [
      0
    ],
    "Arguments": "",
    "OffSet": [
      3,
      5,
      5
    ],
    "PCOffSet": [],
    "ServerType": 0
  },
  "1020604": {
    "Id": 1020604,
    "RedSignKey": "",
    "FunctionId": 0,
    "CloseCheck": [],
    "LoseCheck": [
      1,
      3,
      0
    ],
    "ChildrenID": [],
    "ShowType": [
      0
    ],
    "Arguments": "",
    "OffSet": [
      3,
      5,
      5
    ],
    "PCOffSet": [],
    "ServerType": 0
  },
  "1010111": {
    "Id": 1010111,
    "RedSignKey": "",
    "FunctionId": 0,
    "CloseCheck": [],
    "LoseCheck": [
      1,
      3,
      0
    ],
    "ChildrenID": [
      1010112
    ],
    "ShowType": [
      0
    ],
    "Arguments": "",
    "OffSet": [
      3,
      5,
      5
    ],
    "PCOffSet": [],
    "ServerType": 0
  },
  "1010211": {
    "Id": 1010211,
    "RedSignKey": "",
    "FunctionId": 0,
    "CloseCheck": [],
    "LoseCheck": [
      1,
      3,
      0
    ],
    "ChildrenID": [
      1010212
    ],
    "ShowType": [
      0
    ],
    "Arguments": "",
    "OffSet": [
      3,
      5,
      5
    ],
    "PCOffSet": [],
    "ServerType": 0
  },
  "1010311": {
    "Id": 1010311,
    "RedSignKey": "",
    "FunctionId": 0,
    "CloseCheck": [],
    "LoseCheck": [
      1,
      3,
      0
    ],
    "ChildrenID": [
      1010312
    ],
    "ShowType": [
      0
    ],
    "Arguments": "",
    "OffSet": [
      3,
      5,
      5
    ],
    "PCOffSet": [],
    "ServerType": 0
  },
  "1020111": {
    "Id": 1020111,
    "RedSignKey": "",
    "FunctionId": 0,
    "CloseCheck": [],
    "LoseCheck": [
      1,
      3,
      0
    ],
    "ChildrenID": [
      1020112
    ],
    "ShowType": [
      0
    ],
    "Arguments": "",
    "OffSet": [
      3,
      5,
      5
    ],
    "PCOffSet": [],
    "ServerType": 0
  },
  "1020211": {
    "Id": 1020211,
    "RedSignKey": "",
    "FunctionId": 0,
    "CloseCheck": [],
    "LoseCheck": [
      1,
      3,
      0
    ],
    "ChildrenID": [
      1020212
    ],
    "ShowType": [
      0
    ],
    "Arguments": "",
    "OffSet": [
      3,
      5,
      5
    ],
    "PCOffSet": [],
    "ServerType": 0
  },
  "1020311": {
    "Id": 1020311,
    "RedSignKey": "",
    "FunctionId": 0,
    "CloseCheck": [],
    "LoseCheck": [
      1,
      3,
      0
    ],
    "ChildrenID": [
      1020312
    ],
    "ShowType": [
      0
    ],
    "Arguments": "",
    "OffSet": [
      3,
      5,
      5
    ],
    "PCOffSet": [],
    "ServerType": 0
  },
  "1020411": {
    "Id": 1020411,
    "RedSignKey": "",
    "FunctionId": 0,
    "CloseCheck": [],
    "LoseCheck": [
      1,
      3,
      0
    ],
    "ChildrenID": [
      1020412
    ],
    "ShowType": [
      0
    ],
    "Arguments": "",
    "OffSet": [
      3,
      5,
      5
    ],
    "PCOffSet": [],
    "ServerType": 0
  },
  "1020511": {
    "Id": 1020511,
    "RedSignKey": "",
    "FunctionId": 0,
    "CloseCheck": [],
    "LoseCheck": [
      1,
      3,
      0
    ],
    "ChildrenID": [
      1020512
    ],
    "ShowType": [
      0
    ],
    "Arguments": "",
    "OffSet": [
      3,
      5,
      5
    ],
    "PCOffSet": [],
    "ServerType": 0
  },
  "1020611": {
    "Id": 1020611,
    "RedSignKey": "",
    "FunctionId": 0,
    "CloseCheck": [],
    "LoseCheck": [
      1,
      3,
      0
    ],
    "ChildrenID": [
      1020612
    ],
    "ShowType": [
      0
    ],
    "Arguments": "",
    "OffSet": [
      3,
      5,
      5
    ],
    "PCOffSet": [],
    "ServerType": 0
  },
  "1010112": {
    "Id": 1010112,
    "RedSignKey": "",
    "FunctionId": 0,
    "CloseCheck": [],
    "LoseCheck": [
      1,
      3,
      0
    ],
    "ChildrenID": [
      1010113
    ],
    "ShowType": [
      0
    ],
    "Arguments": "",
    "OffSet": [
      3,
      5,
      5
    ],
    "PCOffSet": [],
    "ServerType": 0
  },
  "1010212": {
    "Id": 1010212,
    "RedSignKey": "",
    "FunctionId": 0,
    "CloseCheck": [],
    "LoseCheck": [
      1,
      3,
      0
    ],
    "ChildrenID": [
      1010213
    ],
    "ShowType": [
      0
    ],
    "Arguments": "",
    "OffSet": [
      3,
      5,
      5
    ],
    "PCOffSet": [],
    "ServerType": 0
  },
  "1010312": {
    "Id": 1010312,
    "RedSignKey": "",
    "FunctionId": 0,
    "CloseCheck": [],
    "LoseCheck": [
      1,
      3,
      0
    ],
    "ChildrenID": [
      1010313
    ],
    "ShowType": [
      0
    ],
    "Arguments": "",
    "OffSet": [
      3,
      5,
      5
    ],
    "PCOffSet": [],
    "ServerType": 0
  },
  "1020112": {
    "Id": 1020112,
    "RedSignKey": "",
    "FunctionId": 0,
    "CloseCheck": [],
    "LoseCheck": [
      1,
      3,
      0
    ],
    "ChildrenID": [
      1020113
    ],
    "ShowType": [
      0
    ],
    "Arguments": "",
    "OffSet": [
      3,
      5,
      5
    ],
    "PCOffSet": [],
    "ServerType": 0
  },
  "1020212": {
    "Id": 1020212,
    "RedSignKey": "",
    "FunctionId": 0,
    "CloseCheck": [],
    "LoseCheck": [
      1,
      3,
      0
    ],
    "ChildrenID": [
      1020213
    ],
    "ShowType": [
      0
    ],
    "Arguments": "",
    "OffSet": [
      3,
      5,
      5
    ],
    "PCOffSet": [],
    "ServerType": 0
  },
  "1020312": {
    "Id": 1020312,
    "RedSignKey": "",
    "FunctionId": 0,
    "CloseCheck": [],
    "LoseCheck": [
      1,
      3,
      0
    ],
    "ChildrenID": [
      1020313
    ],
    "ShowType": [
      0
    ],
    "Arguments": "",
    "OffSet": [
      3,
      5,
      5
    ],
    "PCOffSet": [],
    "ServerType": 0
  },
  "1020412": {
    "Id": 1020412,
    "RedSignKey": "",
    "FunctionId": 0,
    "CloseCheck": [],
    "LoseCheck": [
      1,
      3,
      0
    ],
    "ChildrenID": [
      1020413
    ],
    "ShowType": [
      0
    ],
    "Arguments": "",
    "OffSet": [
      3,
      5,
      5
    ],
    "PCOffSet": [],
    "ServerType": 0
  },
  "1020512": {
    "Id": 1020512,
    "RedSignKey": "",
    "FunctionId": 0,
    "CloseCheck": [],
    "LoseCheck": [
      1,
      3,
      0
    ],
    "ChildrenID": [
      1020513
    ],
    "ShowType": [
      0
    ],
    "Arguments": "",
    "OffSet": [
      3,
      5,
      5
    ],
    "PCOffSet": [],
    "ServerType": 0
  },
  "1020612": {
    "Id": 1020612,
    "RedSignKey": "",
    "FunctionId": 0,
    "CloseCheck": [],
    "LoseCheck": [
      1,
      3,
      0
    ],
    "ChildrenID": [
      1020613
    ],
    "ShowType": [
      0
    ],
    "Arguments": "",
    "OffSet": [
      3,
      5,
      5
    ],
    "PCOffSet": [],
    "ServerType": 0
  },
  "1010113": {
    "Id": 1010113,
    "RedSignKey": "",
    "FunctionId": 0,
    "CloseCheck": [],
    "LoseCheck": [
      1,
      3,
      0
    ],
    "ChildrenID": [],
    "ShowType": [
      0
    ],
    "Arguments": "",
    "OffSet": [
      3,
      5,
      5
    ],
    "PCOffSet": [],
    "ServerType": 0
  },
  "1010213": {
    "Id": 1010213,
    "RedSignKey": "",
    "FunctionId": 0,
    "CloseCheck": [],
    "LoseCheck": [
      1,
      3,
      0
    ],
    "ChildrenID": [],
    "ShowType": [
      0
    ],
    "Arguments": "",
    "OffSet": [
      3,
      5,
      5
    ],
    "PCOffSet": [],
    "ServerType": 0
  },
  "1010313": {
    "Id": 1010313,
    "RedSignKey": "",
    "FunctionId": 0,
    "CloseCheck": [],
    "LoseCheck": [
      1,
      3,
      0
    ],
    "ChildrenID": [],
    "ShowType": [
      0
    ],
    "Arguments": "",
    "OffSet": [
      3,
      5,
      5
    ],
    "PCOffSet": [],
    "ServerType": 0
  },
  "1020113": {
    "Id": 1020113,
    "RedSignKey": "",
    "FunctionId": 0,
    "CloseCheck": [],
    "LoseCheck": [
      1,
      3,
      0
    ],
    "ChildrenID": [],
    "ShowType": [
      0
    ],
    "Arguments": "",
    "OffSet": [
      3,
      5,
      5
    ],
    "PCOffSet": [],
    "ServerType": 0
  },
  "1020213": {
    "Id": 1020213,
    "RedSignKey": "",
    "FunctionId": 0,
    "CloseCheck": [],
    "LoseCheck": [
      1,
      3,
      0
    ],
    "ChildrenID": [],
    "ShowType": [
      0
    ],
    "Arguments": "",
    "OffSet": [
      3,
      5,
      5
    ],
    "PCOffSet": [],
    "ServerType": 0
  },
  "1020313": {
    "Id": 1020313,
    "RedSignKey": "",
    "FunctionId": 0,
    "CloseCheck": [],
    "LoseCheck": [
      1,
      3,
      0
    ],
    "ChildrenID": [],
    "ShowType": [
      0
    ],
    "Arguments": "",
    "OffSet": [
      3,
      5,
      5
    ],
    "PCOffSet": [],
    "ServerType": 0
  },
  "1020413": {
    "Id": 1020413,
    "RedSignKey": "",
    "FunctionId": 0,
    "CloseCheck": [],
    "LoseCheck": [
      1,
      3,
      0
    ],
    "ChildrenID": [],
    "ShowType": [
      0
    ],
    "Arguments": "",
    "OffSet": [
      3,
      5,
      5
    ],
    "PCOffSet": [],
    "ServerType": 0
  },
  "1020513": {
    "Id": 1020513,
    "RedSignKey": "",
    "FunctionId": 0,
    "CloseCheck": [],
    "LoseCheck": [
      1,
      3,
      0
    ],
    "ChildrenID": [],
    "ShowType": [
      0
    ],
    "Arguments": "",
    "OffSet": [
      3,
      5,
      5
    ],
    "PCOffSet": [],
    "ServerType": 0
  },
  "1020613": {
    "Id": 1020613,
    "RedSignKey": "",
    "FunctionId": 0,
    "CloseCheck": [],
    "LoseCheck": [
      1,
      3,
      0
    ],
    "ChildrenID": [],
    "ShowType": [
      0
    ],
    "Arguments": "",
    "OffSet": [
      3,
      5,
      5
    ],
    "PCOffSet": [],
    "ServerType": 0
  },
  "1701": {
    "Id": 1701,
    "RedSignKey": "",
    "FunctionId": 100212,
    "CloseCheck": [],
    "LoseCheck": [],
    "ChildrenID": [],
    "ShowType": [
      0
    ],
    "Arguments": "",
    "OffSet": [
      3,
      5,
      5
    ],
    "PCOffSet": [],
    "ServerType": 0
  },
  "1021001": {
    "Id": 1021001,
    "RedSignKey": "",
    "FunctionId": 0,
    "CloseCheck": [],
    "LoseCheck": [
      1,
      3,
      0
    ],
    "ChildrenID": [
      201,
      77
    ],
    "ShowType": [
      0
    ],
    "Arguments": "",
    "OffSet": [
      3,
      5,
      5
    ],
    "PCOffSet": [],
    "ServerType": 0
  },
  "50120101": {
    "Id": 50120101,
    "RedSignKey": "",
    "FunctionId": 501201,
    "CloseCheck": [],
    "LoseCheck": [
      1,
      3,
      0
    ],
    "ChildrenID": [],
    "ShowType": [
      0
    ],
    "Arguments": "",
    "OffSet": [
      3,
      -35,
      -20
    ],
    "PCOffSet": [],
    "ServerType": 0
  },
  "81000701": {
    "Id": 81000701,
    "RedSignKey": "",
    "FunctionId": 810007,
    "CloseCheck": [],
    "LoseCheck": [
      1,
      3,
      0
    ],
    "ChildrenID": [],
    "ShowType": [
      0
    ],
    "Arguments": "",
    "OffSet": [
      3,
      -35,
      -20
    ],
    "PCOffSet": [],
    "ServerType": 0
  },
  "82000000": {
    "Id": 82000000,
    "RedSignKey": "",
    "FunctionId": 820000,
    "CloseCheck": [],
    "LoseCheck": [],
    "ChildrenID": [
      82000001,
      82000002
    ],
    "ShowType": [
      0
    ],
    "Arguments": "",
    "OffSet": [
      3,
      5,
      5
    ],
    "PCOffSet": [],
    "ServerType": 0
  },
  "82000001": {
    "Id": 82000001,
    "RedSignKey": "",
    "FunctionId": 0,
    "CloseCheck": [],
    "LoseCheck": [],
    "ChildrenID": [
      82000003,
      82000004,
      82000005,
      82000006,
      82000007,
      82000008
    ],
    "ShowType": [
      0
    ],
    "Arguments": "",
    "OffSet": [
      3,
      5,
      5
    ],
    "PCOffSet": [],
    "ServerType": 0
  },
  "82000002": {
    "Id": 82000002,
    "RedSignKey": "",
    "FunctionId": 819001,
    "CloseCheck": [],
    "LoseCheck": [],
    "ChildrenID": [],
    "ShowType": [
      0
    ],
    "Arguments": "",
    "OffSet": [
      3,
      5,
      5
    ],
    "PCOffSet": [],
    "ServerType": 0
  },
  "82000003": {
    "Id": 82000003,
    "RedSignKey": "",
    "FunctionId": 820006,
    "CloseCheck": [],
    "LoseCheck": [],
    "ChildrenID": [],
    "ShowType": [
      0
    ],
    "Arguments": "",
    "OffSet": [
      3,
      5,
      5
    ],
    "PCOffSet": [],
    "ServerType": 0
  },
  "82000004": {
    "Id": 82000004,
    "RedSignKey": "",
    "FunctionId": 820005,
    "CloseCheck": [],
    "LoseCheck": [],
    "ChildrenID": [],
    "ShowType": [
      0
    ],
    "Arguments": "",
    "OffSet": [
      3,
      -30,
      -20
    ],
    "PCOffSet": [],
    "ServerType": 0
  },
  "82000005": {
    "Id": 82000005,
    "RedSignKey": "",
    "FunctionId": 820001,
    "CloseCheck": [],
    "LoseCheck": [
      2,
      3,
      0
    ],
    "ChildrenID": [],
    "ShowType": [
      0
    ],
    "Arguments": "",
    "OffSet": [
      3,
      5,
      5
    ],
    "PCOffSet": [],
    "ServerType": 0
  },
  "82000006": {
    "Id": 82000006,
    "RedSignKey": "",
    "FunctionId": 820001,
    "CloseCheck": [],
    "LoseCheck": [
      2,
      3,
      0
    ],
    "ChildrenID": [],
    "ShowType": [
      0
    ],
    "Arguments": "",
    "OffSet": [
      3,
      -30,
      -20
    ],
    "PCOffSet": [],
    "ServerType": 0
  },
  "82000007": {
    "Id": 82000007,
    "RedSignKey": "",
    "FunctionId": 819301,
    "CloseCheck": [],
    "LoseCheck": [
      2,
      3,
      0
    ],
    "ChildrenID": [],
    "ShowType": [
      0
    ],
    "Arguments": "",
    "OffSet": [
      3,
      -30,
      -20
    ],
    "PCOffSet": [],
    "ServerType": 0
  },
  "82000008": {
    "Id": 82000008,
    "RedSignKey": "",
    "FunctionId": 820009,
    "CloseCheck": [],
    "LoseCheck": [],
    "ChildrenID": [],
    "ShowType": [
      0
    ],
    "Arguments": "",
    "OffSet": [
      3,
      -30,
      -20
    ],
    "PCOffSet": [],
    "ServerType": 0
  }
}