{
  "1": {
    "Id": 1,
    "ItemID": 1010001,
    "ItemName": "红药水",
    "GetItem": [],
    "FunctionId": 100242,
    "Limit": 0
  },
  "2": {
    "Id": 2,
    "ItemID": 1010002,
    "ItemName": "红药水A",
    "GetItem": [
      1030001,
      3
    ],
    "FunctionId": 100242,
    "Limit": 0
  },
  "3": {
    "Id": 3,
    "ItemID": 1010003,
    "ItemName": "红药水B",
    "GetItem": [
      1030001,
      4
    ],
    "FunctionId": 100242,
    "Limit": 0
  },
  "4": {
    "Id": 4,
    "ItemID": 1010004,
    "ItemName": "红药水C",
    "GetItem": [
      1030001,
      5
    ],
    "FunctionId": 100242,
    "Limit": 0
  }
}