{
  "1": {
    "Id": 1,
    "Name": "Revive at nearest point",
    "Type": 1,
    "CountDown": 5,
    "Consume": [],
    "ReviveCount": [],
    "BeforeBuffId": [
      500111
    ],
    "WaitTime": 2800,
    "IsBossCanRevive": 1,
    "Icon": "ui/atlas/dead/dead_btn_icon_02",
    "ProgressParam": []
  },
  "2": {
    "Id": 2,
    "Name": "Revive",
    "Type": 4,
    "CountDown": 0,
    "Consume": [],
    "ReviveCount": [],
    "BeforeBuffId": [
      500111
    ],
    "WaitTime": 2800,
    "IsBossCanRevive": 1,
    "Icon": "ui/atlas/dead/dead_btn_icon_01",
    "ProgressParam": []
  },
  "3": {
    "Id": 3,
    "Name": "Return to capital",
    "Type": 3,
    "CountDown": 0,
    "Consume": [],
    "ReviveCount": [],
    "BeforeBuffId": [
      500111
    ],
    "WaitTime": 2800,
    "IsBossCanRevive": 1,
    "Icon": "ui/atlas/dead/dead_btn_icon_02",
    "ProgressParam": []
  },
  "4": {
    "Id": 4,
    "Name": "Revivable",
    "Type": 5,
    "CountDown": 8,
    "Consume": [],
    "ReviveCount": [],
    "BeforeBuffId": [
      500114
    ],
    "WaitTime": 1500,
    "IsBossCanRevive": 1,
    "Icon": "ui/atlas/dead/dead_btn_icon_01",
    "ProgressParam": []
  },
  "5": {
    "Id": 5,
    "Name": "Revive at nearest point",
    "Type": 2,
    "CountDown": 0,
    "Consume": [],
    "ReviveCount": [],
    "BeforeBuffId": [
      500111
    ],
    "WaitTime": 2800,
    "IsBossCanRevive": 1,
    "Icon": "ui/atlas/dead/dead_btn_icon_02",
    "ProgressParam": []
  },
  "6": {
    "Id": 6,
    "Name": "Revive at spawn point",
    "Type": 2,
    "CountDown": 1,
    "Consume": [],
    "ReviveCount": [],
    "BeforeBuffId": [
      500111
    ],
    "WaitTime": 2800,
    "IsBossCanRevive": 1,
    "Icon": "ui/atlas/dead/dead_btn_icon_02",
    "ProgressParam": []
  },
  "7": {
    "Id": 7,
    "Name": "Revive at nearest point",
    "Type": 2,
    "CountDown": 5,
    "Consume": [],
    "ReviveCount": [],
    "BeforeBuffId": [],
    "WaitTime": 500,
    "IsBossCanRevive": 1,
    "Icon": "ui/atlas/dead/dead_btn_icon_02",
    "ProgressParam": []
  },
  "8": {
    "Id": 8,
    "Name": "Revivable",
    "Type": 5,
    "CountDown": 10,
    "Consume": [],
    "ReviveCount": [],
    "BeforeBuffId": [
      500114
    ],
    "WaitTime": 1500,
    "IsBossCanRevive": 0,
    "Icon": "ui/atlas/dead/dead_btn_icon_01",
    "ProgressParam": []
  },
  "9": {
    "Id": 9,
    "Name": "Revive",
    "Type": 4,
    "CountDown": 30,
    "Consume": [],
    "ReviveCount": [],
    "BeforeBuffId": [
      500111
    ],
    "WaitTime": 2800,
    "IsBossCanRevive": 0,
    "Icon": "ui/atlas/dead/dead_btn_icon_01",
    "ProgressParam": []
  },
  "10": {
    "Id": 10,
    "Name": "Revive",
    "Type": 4,
    "CountDown": 0,
    "Consume": [],
    "ReviveCount": [],
    "BeforeBuffId": [],
    "WaitTime": 500,
    "IsBossCanRevive": 1,
    "Icon": "ui/atlas/dead/dead_btn_icon_01",
    "ProgressParam": []
  },
  "11": {
    "Id": 11,
    "Name": "Revive at nearest point",
    "Type": 2,
    "CountDown": 0,
    "Consume": [],
    "ReviveCount": [],
    "BeforeBuffId": [
      500111
    ],
    "WaitTime": 2800,
    "IsBossCanRevive": 1,
    "Icon": "ui/atlas/dead/dead_btn_icon_02",
    "ProgressParam": []
  },
  "12": {
    "Id": 12,
    "Name": "Revive at nearest point",
    "Type": 1,
    "CountDown": 0,
    "Consume": [],
    "ReviveCount": [],
    "BeforeBuffId": [
      500111
    ],
    "WaitTime": 2800,
    "IsBossCanRevive": 1,
    "Icon": "ui/atlas/dead/dead_btn_icon_02",
    "ProgressParam": []
  },
  "13": {
    "Id": 13,
    "Name": "Revive",
    "Type": 4,
    "CountDown": 5,
    "Consume": [],
    "ReviveCount": [],
    "BeforeBuffId": [
      500111
    ],
    "WaitTime": 2800,
    "IsBossCanRevive": 1,
    "Icon": "ui/atlas/dead/dead_btn_icon_01",
    "ProgressParam": []
  },
  "20": {
    "Id": 20,
    "Name": "Revive",
    "Type": 4,
    "CountDown": 5,
    "Consume": [],
    "ReviveCount": [],
    "BeforeBuffId": [
      500111
    ],
    "WaitTime": 2800,
    "IsBossCanRevive": 0,
    "Icon": "ui/atlas/dead/dead_btn_icon_01",
    "ProgressParam": []
  },
  "21": {
    "Id": 21,
    "Name": "Revive skill",
    "Type": 4,
    "CountDown": 0,
    "Consume": [],
    "ReviveCount": [],
    "BeforeBuffId": [
      500111
    ],
    "WaitTime": 2800,
    "IsBossCanRevive": 1,
    "Icon": "ui/atlas/dead/dead_btn_icon_01",
    "ProgressParam": []
  },
  "22": {
    "Id": 22,
    "Name": "Revive skill",
    "Type": 4,
    "CountDown": 0,
    "Consume": [],
    "ReviveCount": [],
    "BeforeBuffId": [
      500111
    ],
    "WaitTime": 2800,
    "IsBossCanRevive": 1,
    "Icon": "ui/atlas/dead/dead_btn_icon_01",
    "ProgressParam": []
  },
  "23": {
    "Id": 23,
    "Name": "Revive skill",
    "Type": 4,
    "CountDown": 0,
    "Consume": [],
    "ReviveCount": [],
    "BeforeBuffId": [
      500111
    ],
    "WaitTime": 2800,
    "IsBossCanRevive": 1,
    "Icon": "ui/atlas/dead/dead_btn_icon_01",
    "ProgressParam": []
  },
  "24": {
    "Id": 24,
    "Name": "Revive skill",
    "Type": 4,
    "CountDown": 0,
    "Consume": [],
    "ReviveCount": [],
    "BeforeBuffId": [
      500111
    ],
    "WaitTime": 2800,
    "IsBossCanRevive": 1,
    "Icon": "ui/atlas/dead/dead_btn_icon_01",
    "ProgressParam": []
  },
  "25": {
    "Id": 25,
    "Name": "Revive skill",
    "Type": 4,
    "CountDown": 0,
    "Consume": [],
    "ReviveCount": [],
    "BeforeBuffId": [
      500111
    ],
    "WaitTime": 2800,
    "IsBossCanRevive": 1,
    "Icon": "ui/atlas/dead/dead_btn_icon_01",
    "ProgressParam": []
  },
  "26": {
    "Id": 26,
    "Name": "Revive skill",
    "Type": 4,
    "CountDown": 0,
    "Consume": [],
    "ReviveCount": [],
    "BeforeBuffId": [
      500111
    ],
    "WaitTime": 2800,
    "IsBossCanRevive": 1,
    "Icon": "ui/atlas/dead/dead_btn_icon_01",
    "ProgressParam": []
  },
  "27": {
    "Id": 27,
    "Name": "Revive skill",
    "Type": 4,
    "CountDown": 0,
    "Consume": [],
    "ReviveCount": [],
    "BeforeBuffId": [
      500111
    ],
    "WaitTime": 2800,
    "IsBossCanRevive": 1,
    "Icon": "ui/atlas/dead/dead_btn_icon_01",
    "ProgressParam": []
  },
  "101": {
    "Id": 101,
    "Name": "Revive at nearest point",
    "Type": 1,
    "CountDown": 3,
    "Consume": [],
    "ReviveCount": [],
    "BeforeBuffId": [
      500111
    ],
    "WaitTime": 2800,
    "IsBossCanRevive": 1,
    "Icon": "ui/atlas/dead/dead_btn_icon_02",
    "ProgressParam": []
  },
  "102": {
    "Id": 102,
    "Name": "Revive",
    "Type": 4,
    "CountDown": 3,
    "Consume": [],
    "ReviveCount": [],
    "BeforeBuffId": [
      500111
    ],
    "WaitTime": 2800,
    "IsBossCanRevive": 1,
    "Icon": "ui/atlas/dead/dead_btn_icon_01",
    "ProgressParam": []
  },
  "103": {
    "Id": 103,
    "Name": "Revive at nearest point",
    "Type": 2,
    "CountDown": 3,
    "Consume": [],
    "ReviveCount": [],
    "BeforeBuffId": [
      500111
    ],
    "WaitTime": 2800,
    "IsBossCanRevive": 1,
    "Icon": "ui/atlas/dead/dead_btn_icon_02",
    "ProgressParam": []
  },
  "104": {
    "Id": 104,
    "Name": "Revive",
    "Type": 4,
    "CountDown": 10,
    "Consume": [],
    "ReviveCount": [],
    "BeforeBuffId": [
      500111
    ],
    "WaitTime": 2800,
    "IsBossCanRevive": 1,
    "Icon": "ui/atlas/dead/dead_btn_icon_01",
    "ProgressParam": []
  },
  "105": {
    "Id": 105,
    "Name": "Revive at nearest point",
    "Type": 2,
    "CountDown": 10,
    "Consume": [],
    "ReviveCount": [],
    "BeforeBuffId": [
      500111
    ],
    "WaitTime": 2800,
    "IsBossCanRevive": 1,
    "Icon": "ui/atlas/dead/dead_btn_icon_02",
    "ProgressParam": []
  },
  "106": {
    "Id": 106,
    "Name": "Revive",
    "Type": 4,
    "CountDown": 30,
    "Consume": [],
    "ReviveCount": [],
    "BeforeBuffId": [
      500111
    ],
    "WaitTime": 2800,
    "IsBossCanRevive": 1,
    "Icon": "ui/atlas/dead/dead_btn_icon_01",
    "ProgressParam": []
  },
  "107": {
    "Id": 107,
    "Name": "Revive at nearest point",
    "Type": 2,
    "CountDown": 30,
    "Consume": [],
    "ReviveCount": [],
    "BeforeBuffId": [
      500111
    ],
    "WaitTime": 2800,
    "IsBossCanRevive": 1,
    "Icon": "ui/atlas/dead/dead_btn_icon_02",
    "ProgressParam": []
  },
  "108": {
    "Id": 108,
    "Name": "\"Revive\" Candy",
    "Type": 4,
    "CountDown": 0,
    "Consume": [
      1,
      1054015,
      1
    ],
    "ReviveCount": [],
    "BeforeBuffId": [
      500111
    ],
    "WaitTime": 2800,
    "IsBossCanRevive": 1,
    "Icon": "ui/atlas/dead/dead_btn_icon_03",
    "ProgressParam": []
  },
  "109": {
    "Id": 109,
    "Name": "Revive",
    "Type": 4,
    "CountDown": 10,
    "Consume": [],
    "ReviveCount": [],
    "BeforeBuffId": [
      500111
    ],
    "WaitTime": 2800,
    "IsBossCanRevive": 1,
    "Icon": "ui/atlas/dead/dead_btn_icon_01",
    "ProgressParam": []
  },
  "110": {
    "Id": 110,
    "Name": "Revive at nearest point",
    "Type": 2,
    "CountDown": 10,
    "Consume": [],
    "ReviveCount": [],
    "BeforeBuffId": [
      500111
    ],
    "WaitTime": 2800,
    "IsBossCanRevive": 1,
    "Icon": "ui/atlas/dead/dead_btn_icon_02",
    "ProgressParam": []
  },
  "111": {
    "Id": 111,
    "Name": "\"Revive\" Candy",
    "Type": 4,
    "CountDown": 0,
    "Consume": [
      1,
      1054015,
      1
    ],
    "ReviveCount": [
      [
        1,
        3
      ]
    ],
    "BeforeBuffId": [
      500111
    ],
    "WaitTime": 2800,
    "IsBossCanRevive": 1,
    "Icon": "ui/atlas/dead/dead_btn_icon_03",
    "ProgressParam": []
  },
  "112": {
    "Id": 112,
    "Name": "\"Revive\" Candy",
    "Type": 4,
    "CountDown": 0,
    "Consume": [
      1,
      1054015,
      1
    ],
    "ReviveCount": [
      [
        1,
        1
      ]
    ],
    "BeforeBuffId": [
      500111
    ],
    "WaitTime": 2800,
    "IsBossCanRevive": 1,
    "Icon": "ui/atlas/dead/dead_btn_icon_03",
    "ProgressParam": []
  },
  "113": {
    "Id": 113,
    "Name": "\"Revive\" Candy",
    "Type": 4,
    "CountDown": 0,
    "Consume": [
      1,
      1054015,
      1
    ],
    "ReviveCount": [
      [
        1,
        0
      ]
    ],
    "BeforeBuffId": [
      500111
    ],
    "WaitTime": 2800,
    "IsBossCanRevive": 1,
    "Icon": "ui/atlas/dead/dead_btn_icon_03",
    "ProgressParam": []
  },
  "200": {
    "Id": 200,
    "Name": "Revivable",
    "Type": 5,
    "CountDown": 0,
    "Consume": [],
    "ReviveCount": [],
    "BeforeBuffId": [
      500114
    ],
    "WaitTime": 1500,
    "IsBossCanRevive": 1,
    "Icon": "ui/atlas/dead/dead_btn_icon_01",
    "ProgressParam": []
  },
  "201": {
    "Id": 201,
    "Name": "Revivable",
    "Type": 5,
    "CountDown": 0,
    "Consume": [],
    "ReviveCount": [],
    "BeforeBuffId": [
      500114
    ],
    "WaitTime": 1500,
    "IsBossCanRevive": 1,
    "Icon": "ui/atlas/dead/dead_btn_icon_01",
    "ProgressParam": []
  }
}