{
  "2508143145": {
    "Id": 2508143145,
    "Name": "as_f_tdl-03_attack01",
    "SampleInfo": [],
    "HasChangeFlag": 0
  },
  "2508143146": {
    "Id": 2508143146,
    "Name": "as_f_tdl-03_attack02",
    "SampleInfo": [],
    "HasChangeFlag": 0
  },
  "2508143147": {
    "Id": 2508143147,
    "Name": "as_f_tdl-03_attack03",
    "SampleInfo": [],
    "HasChangeFlag": 0
  },
  "2508143148": {
    "Id": 2508143148,
    "Name": "as_f_tdl-03_attack04",
    "SampleInfo": [],
    "HasChangeFlag": 0
  },
  "1685475904": {
    "Id": 1685475904,
    "Name": "as_f_tdl-03_skill001",
    "SampleInfo": [],
    "HasChangeFlag": 0
  },
  "1685475905": {
    "Id": 1685475905,
    "Name": "as_f_tdl-03_skill002",
    "SampleInfo": [],
    "HasChangeFlag": 0
  },
  "1685475906": {
    "Id": 1685475906,
    "Name": "as_f_tdl-03_skill003",
    "SampleInfo": [],
    "HasChangeFlag": 0
  },
  "1685475907": {
    "Id": 1685475907,
    "Name": "as_f_tdl-03_skill004",
    "SampleInfo": [],
    "HasChangeFlag": 0
  },
  "1574773867": {
    "Id": 1574773867,
    "Name": "as_f_tdl-03_skill102_attack2",
    "SampleInfo": [],
    "HasChangeFlag": 0
  },
  "1685476995": {
    "Id": 1685476995,
    "Name": "as_f_tdl-03_skill103",
    "SampleInfo": [],
    "HasChangeFlag": 0
  },
  "1685476993": {
    "Id": 1685476993,
    "Name": "as_f_tdl-03_skill101",
    "SampleInfo": [],
    "HasChangeFlag": 0
  },
  "995402791": {
    "Id": 995402791,
    "Name": "as_mon_gebulin_stiff_f",
    "SampleInfo": [
      [
        0.0,
        0.0,
        0.0,
        0.0
      ],
      [
        0.05,
        0.0,
        0.0,
        0.0
      ],
      [
        0.1,
        0.0,
        0.0,
        0.0
      ],
      [
        0.15,
        0.0,
        0.0,
        0.0
      ],
      [
        0.2,
        0.0,
        0.0,
        0.0
      ],
      [
        0.25,
        0.0,
        0.0,
        0.0
      ],
      [
        0.3,
        0.0,
        0.0,
        0.0
      ],
      [
        0.35,
        0.0,
        0.0,
        0.0
      ],
      [
        0.4,
        0.0,
        0.0,
        0.0
      ],
      [
        0.45,
        0.0,
        0.0,
        0.0
      ],
      [
        0.5,
        0.0,
        0.0,
        0.0
      ],
      [
        0.55,
        0.0,
        0.0,
        0.0
      ],
      [
        0.6,
        0.0,
        0.0,
        0.0
      ],
      [
        0.65,
        0.0,
        0.0,
        0.0
      ],
      [
        0.7,
        0.0,
        0.0,
        0.0
      ],
      [
        0.75,
        0.0,
        0.0,
        0.0
      ],
      [
        0.8,
        0.0,
        0.0,
        0.0
      ],
      [
        0.83,
        0.0,
        0.0,
        0.0
      ]
    ],
    "HasChangeFlag": 0
  },
  "2569658554": {
    "Id": 2569658554,
    "Name": "as_mon_gebulin-ds_atk_bc_blowupper_start",
    "SampleInfo": [],
    "HasChangeFlag": 0
  },
  "799023171": {
    "Id": 799023171,
    "Name": "as_mon_gebulin-ds_atk_bc_blowupper_end",
    "SampleInfo": [],
    "HasChangeFlag": 0
  },
  "3237465015": {
    "Id": 3237465015,
    "Name": "as_mon_gebulin-ds_atk_bc_throwstone_start",
    "SampleInfo": [],
    "HasChangeFlag": 0
  },
  "2282563584": {
    "Id": 2282563584,
    "Name": "as_mon_gebulin-ds_atk_bc_throwstone_end",
    "SampleInfo": [],
    "HasChangeFlag": 0
  },
  "986985047": {
    "Id": 986985047,
    "Name": "as_mon_gebulin-ds_atk_bcflux_blowjumpdw",
    "SampleInfo": [],
    "HasChangeFlag": 0
  },
  "3181439993": {
    "Id": 3181439993,
    "Name": "as_mon_gebulin-ds_atk_bcflux_consecutiveattack_start",
    "SampleInfo": [],
    "HasChangeFlag": 0
  },
  "3161142524": {
    "Id": 3161142524,
    "Name": "as_mon_gebulin-ds_atk_bcflux_consecutiveattack_1",
    "SampleInfo": [],
    "HasChangeFlag": 0
  },
  "3161142525": {
    "Id": 3161142525,
    "Name": "as_mon_gebulin-ds_atk_bcflux_consecutiveattack_2",
    "SampleInfo": [],
    "HasChangeFlag": 0
  },
  "2215464898": {
    "Id": 2215464898,
    "Name": "as_mon_gebulin-ds_atk_bcflux_consecutiveattack_end",
    "SampleInfo": [],
    "HasChangeFlag": 0
  },
  "3701676613": {
    "Id": 3701676613,
    "Name": "as_mon_gebulin-ds_atk_xd_blow_start",
    "SampleInfo": [],
    "HasChangeFlag": 0
  },
  "3975150296": {
    "Id": 3975150296,
    "Name": "as_mon_gebulin-ds_atk_xd_blow",
    "SampleInfo": [],
    "HasChangeFlag": 0
  },
  "2279045902": {
    "Id": 2279045902,
    "Name": "as_mon_gebulin-ds_atk_xd_blow_end",
    "SampleInfo": [],
    "HasChangeFlag": 0
  },
  "2131366708": {
    "Id": 2131366708,
    "Name": "as_mon_gebulin-ds_atk_xd_consecutiveattack_1",
    "SampleInfo": [],
    "HasChangeFlag": 0
  },
  "2131366709": {
    "Id": 2131366709,
    "Name": "as_mon_gebulin-ds_atk_xd_consecutiveattack_2",
    "SampleInfo": [],
    "HasChangeFlag": 0
  },
  "2633487082": {
    "Id": 2633487082,
    "Name": "as_mon_gebulin-ssfc_atk_jd_poke_start",
    "SampleInfo": [],
    "HasChangeFlag": 0
  },
  "3282328509": {
    "Id": 3282328509,
    "Name": "as_mon_gebulin-ssfc_atk_jd_poke",
    "SampleInfo": [],
    "HasChangeFlag": 0
  },
  "1911277171": {
    "Id": 1911277171,
    "Name": "as_mon_gebulin-ssfc_atk_jd_poke_end",
    "SampleInfo": [],
    "HasChangeFlag": 0
  },
  "3253569886": {
    "Id": 3253569886,
    "Name": "as_mon_gebulin-ssfc_atk_jd_consecutiveattack_1",
    "SampleInfo": [],
    "HasChangeFlag": 0
  },
  "3253569887": {
    "Id": 3253569887,
    "Name": "as_mon_gebulin-ssfc_atk_jd_consecutiveattack_2",
    "SampleInfo": [],
    "HasChangeFlag": 0
  },
  "3520357050": {
    "Id": 3520357050,
    "Name": "as_mon_gebulin-ss_atk_jf_blowwide_end",
    "SampleInfo": [],
    "HasChangeFlag": 0
  },
  "3718449064": {
    "Id": 3718449064,
    "Name": "as_mon_gebulin-ss_atk_jf_blow_start",
    "SampleInfo": [],
    "HasChangeFlag": 0
  },
  "883841531": {
    "Id": 883841531,
    "Name": "as_mon_gebulin-ss_atk_jf_blow",
    "SampleInfo": [],
    "HasChangeFlag": 0
  },
  "942063583": {
    "Id": 942063583,
    "Name": "as_mon_gebulin-ss_atk_jf_blow_hit",
    "SampleInfo": [],
    "HasChangeFlag": 0
  },
  "1802797844": {
    "Id": 1802797844,
    "Name": "as_mon_gebulin-ss_atk_jf_blow_hitwait",
    "SampleInfo": [],
    "HasChangeFlag": 0
  },
  "2006868918": {
    "Id": 2006868918,
    "Name": "as_mon_gebulin-ss_atk_jf_blow_hitend",
    "SampleInfo": [],
    "HasChangeFlag": 0
  },
  "1900711226": {
    "Id": 1900711226,
    "Name": "as_mon_gebulin-ss_atk_jf_blowaround_end",
    "SampleInfo": [],
    "HasChangeFlag": 0
  },
  "2574818545": {
    "Id": 2574818545,
    "Name": "as_mon_gebulin-ss_atk_jf_blowwide_start",
    "SampleInfo": [],
    "HasChangeFlag": 0
  },
  "942926980": {
    "Id": 942926980,
    "Name": "as_mon_gebulin-ss_atk_jf_blowwide",
    "SampleInfo": [],
    "HasChangeFlag": 0
  },
  "2728180409": {
    "Id": 2728180409,
    "Name": "as_mon_gebulin-ss_atk_jfflux_blowwide_end",
    "SampleInfo": [],
    "HasChangeFlag": 0
  },
  "4021691872": {
    "Id": 4021691872,
    "Name": "as_mon_niuyang_atk_headbatshort_start",
    "SampleInfo": [],
    "HasChangeFlag": 0
  },
  "1072489449": {
    "Id": 1072489449,
    "Name": "as_mon_niuyang_atk_headbatshort_end",
    "SampleInfo": [],
    "HasChangeFlag": 0
  },
  "3777181152": {
    "Id": 3777181152,
    "Name": "as_mon_xiongying_dodge_b",
    "SampleInfo": [],
    "HasChangeFlag": 0
  },
  "3777181162": {
    "Id": 3777181162,
    "Name": "as_mon_xiongying_dodge_l",
    "SampleInfo": [],
    "HasChangeFlag": 0
  },
  "3777181168": {
    "Id": 3777181168,
    "Name": "as_mon_xiongying_dodge_r",
    "SampleInfo": [],
    "HasChangeFlag": 0
  },
  "3777181171": {
    "Id": 3777181171,
    "Name": "as_mon_xiongying_dodge_u",
    "SampleInfo": [],
    "HasChangeFlag": 0
  },
  "649193847": {
    "Id": 649193847,
    "Name": "as_mon_shouren_atk_rkick",
    "SampleInfo": [],
    "HasChangeFlag": 0
  },
  "2371734131": {
    "Id": 2371734131,
    "Name": "as_mon_shouren_atk_blowjump",
    "SampleInfo": [],
    "HasChangeFlag": 0
  },
  "648874089": {
    "Id": 648874089,
    "Name": "as_mon_shouren_atk_rblow",
    "SampleInfo": [],
    "HasChangeFlag": 0
  },
  "641758563": {
    "Id": 641758563,
    "Name": "as_mon_shouren_atk_lblow",
    "SampleInfo": [],
    "HasChangeFlag": 0
  },
  "2461367276": {
    "Id": 2461367276,
    "Name": "as_mon_shouren_atk_lblowwide",
    "SampleInfo": [],
    "HasChangeFlag": 0
  },
  "686262328": {
    "Id": 686262328,
    "Name": "as_mon_dragon_atk_blowattack2",
    "SampleInfo": [],
    "HasChangeFlag": 0
  },
  "3538223961": {
    "Id": 3538223961,
    "Name": "as_mon_dragon_atk_lavaburst_overdrive_end",
    "SampleInfo": [],
    "HasChangeFlag": 0
  },
  "956673158": {
    "Id": 956673158,
    "Name": "as_f_tdl-03_attack02air",
    "SampleInfo": [],
    "HasChangeFlag": 0
  },
  "3846241994": {
    "Id": 3846241994,
    "Name": "as_mon_gebulin-ds_atk_bc_throwstone",
    "SampleInfo": [],
    "HasChangeFlag": 0
  },
  "2534468147": {
    "Id": 2534468147,
    "Name": "as_mon_dragon_atk_fireballattack",
    "SampleInfo": [],
    "HasChangeFlag": 0
  },
  "1885135920": {
    "Id": 1885135920,
    "Name": "as_mon_gebulin-ss_atk_jfflux_blow_end",
    "SampleInfo": [],
    "HasChangeFlag": 0
  },
  "3514107565": {
    "Id": 3514107565,
    "Name": "as_mon_xiongying_atk_wind",
    "SampleInfo": [],
    "HasChangeFlag": 0
  },
  "1003466628": {
    "Id": 1003466628,
    "Name": "as_mon_shouren_atk_tackle_start",
    "SampleInfo": [],
    "HasChangeFlag": 0
  },
  "4161778829": {
    "Id": 4161778829,
    "Name": "as_mon_shouren_atk_tackle_end",
    "SampleInfo": [],
    "HasChangeFlag": 0
  },
  "2562161314": {
    "Id": 2562161314,
    "Name": "as_mon_dragon_atk_sideattack_l",
    "SampleInfo": [],
    "HasChangeFlag": 0
  },
  "2562161320": {
    "Id": 2562161320,
    "Name": "as_mon_dragon_atk_sideattack_r",
    "SampleInfo": [],
    "HasChangeFlag": 0
  },
  "1555342089": {
    "Id": 1555342089,
    "Name": "as_mon_dragon_atk_tailblowback",
    "SampleInfo": [],
    "HasChangeFlag": 0
  },
  "3421155698": {
    "Id": 3421155698,
    "Name": "as_mon_dragon_atk_jumpsmash",
    "SampleInfo": [],
    "HasChangeFlag": 0
  },
  "1008725672": {
    "Id": 1008725672,
    "Name": "as_mon_dragon_atk_jumpsmash_end",
    "SampleInfo": [],
    "HasChangeFlag": 0
  },
  "937736334": {
    "Id": 937736334,
    "Name": "as_mon_dragon_atk_roar",
    "SampleInfo": [
      [
        0.0,
        0.0,
        0.0,
        0.0
      ],
      [
        0.05,
        0.0,
        0.0,
        0.0
      ],
      [
        0.1,
        0.0,
        0.0,
        0.0
      ],
      [
        0.15,
        0.0,
        0.0,
        0.0
      ],
      [
        0.2,
        0.0,
        0.0,
        0.0
      ],
      [
        0.25,
        0.0,
        0.0,
        0.0
      ],
      [
        0.3,
        0.0,
        0.0,
        0.0
      ],
      [
        0.35,
        0.0,
        0.0,
        0.0
      ],
      [
        0.4,
        0.0,
        0.0,
        0.0
      ],
      [
        0.45,
        0.0,
        0.0,
        0.0
      ],
      [
        0.5,
        0.0,
        0.0,
        0.0
      ],
      [
        0.55,
        0.0,
        0.0,
        0.0
      ],
      [
        0.6,
        0.0,
        0.0,
        0.0
      ],
      [
        0.65,
        0.0,
        0.0,
        0.0
      ],
      [
        0.7,
        0.0,
        0.0,
        0.0
      ],
      [
        0.75,
        0.0,
        0.0,
        0.0
      ],
      [
        0.8,
        0.0,
        0.0,
        0.0
      ],
      [
        0.85,
        0.0,
        0.0,
        0.0
      ],
      [
        0.9,
        0.0,
        0.0,
        0.0
      ],
      [
        0.95,
        0.0,
        0.0,
        0.0
      ],
      [
        1.0,
        0.0,
        0.0,
        0.0
      ],
      [
        1.05,
        0.0,
        0.0,
        0.0
      ],
      [
        1.1,
        0.0,
        0.0,
        0.0
      ],
      [
        1.15,
        0.0,
        0.0,
        0.0
      ],
      [
        1.2,
        0.0,
        0.0,
        0.0
      ],
      [
        1.25,
        0.0,
        0.0,
        0.0
      ],
      [
        1.3,
        0.0,
        0.0,
        0.0
      ],
      [
        1.35,
        0.0,
        0.0,
        0.0
      ],
      [
        1.4,
        0.0,
        0.0,
        0.0
      ],
      [
        1.45,
        0.0,
        0.0,
        0.0
      ],
      [
        1.5,
        0.0,
        0.0,
        0.0
      ],
      [
        1.55,
        0.0,
        0.0,
        0.0
      ],
      [
        1.6,
        0.0,
        0.0,
        0.0
      ],
      [
        1.65,
        0.0,
        0.0,
        0.0
      ],
      [
        1.7,
        0.0,
        0.0,
        0.0
      ],
      [
        1.75,
        0.0,
        0.0,
        0.0
      ],
      [
        1.8,
        0.0,
        0.0,
        0.0
      ],
      [
        1.85,
        0.0,
        0.0,
        0.0
      ],
      [
        1.9,
        0.0,
        0.0,
        0.0
      ],
      [
        1.95,
        0.0,
        0.0,
        0.0
      ],
      [
        2.0,
        0.0,
        0.0,
        0.0
      ],
      [
        2.05,
        0.0,
        0.0,
        0.0
      ],
      [
        2.1,
        0.0,
        0.0,
        0.0
      ],
      [
        2.15,
        0.0,
        0.0,
        0.0
      ],
      [
        2.2,
        0.0,
        0.0,
        0.0
      ],
      [
        2.25,
        0.0,
        0.0,
        0.0
      ],
      [
        2.3,
        0.0,
        0.0,
        0.0
      ],
      [
        2.35,
        0.0,
        0.0,
        0.0
      ],
      [
        2.4,
        0.0,
        0.0,
        0.0
      ],
      [
        2.45,
        0.0,
        0.0,
        0.0
      ],
      [
        2.5,
        0.0,
        0.0,
        0.0
      ],
      [
        2.55,
        0.0,
        0.0,
        0.0
      ],
      [
        2.6,
        0.0,
        0.0,
        0.0
      ],
      [
        2.65,
        0.0,
        0.0,
        0.0
      ],
      [
        2.7,
        0.0,
        0.0,
        0.0
      ],
      [
        2.75,
        0.0,
        0.0,
        0.0
      ],
      [
        2.8,
        0.0,
        0.0,
        0.0
      ],
      [
        2.85,
        0.0,
        0.0,
        0.0
      ],
      [
        2.9,
        0.0,
        0.0,
        0.0
      ],
      [
        2.95,
        0.0,
        0.0,
        0.0
      ],
      [
        3.0,
        0.0,
        0.0,
        0.0
      ],
      [
        3.05,
        0.0,
        0.0,
        0.0
      ],
      [
        3.1,
        0.0,
        0.0,
        0.0
      ],
      [
        3.15,
        0.0,
        0.0,
        0.0
      ],
      [
        3.2,
        0.0,
        0.0,
        0.0
      ],
      [
        3.25,
        0.0,
        0.0,
        0.0
      ],
      [
        3.3,
        0.0,
        0.0,
        0.0
      ],
      [
        3.35,
        0.0,
        0.0,
        0.0
      ],
      [
        3.4,
        0.0,
        0.0,
        0.0
      ],
      [
        3.45,
        0.0,
        0.0,
        0.0
      ],
      [
        3.5,
        0.0,
        0.0,
        0.0
      ],
      [
        3.55,
        0.0,
        0.0,
        0.0
      ],
      [
        3.6,
        0.0,
        0.0,
        0.0
      ],
      [
        3.65,
        0.0,
        0.0,
        0.0
      ],
      [
        3.7,
        0.0,
        0.0,
        0.0
      ],
      [
        3.75,
        0.0,
        0.0,
        0.0
      ],
      [
        3.8,
        0.0,
        0.0,
        0.0
      ],
      [
        3.85,
        0.0,
        0.0,
        0.0
      ],
      [
        3.9,
        0.0,
        0.0,
        0.0
      ],
      [
        3.95,
        0.0,
        0.0,
        0.0
      ],
      [
        4.0,
        0.0,
        0.0,
        0.0
      ],
      [
        4.0,
        0.0,
        0.0,
        0.0
      ]
    ],
    "HasChangeFlag": 0
  },
  "41421038": {
    "Id": 41421038,
    "Name": "as_mon_dragon_turn_r090",
    "SampleInfo": [
      [
        0.0,
        0.0,
        0.0,
        0.0
      ],
      [
        0.05,
        0.0,
        0.57,
        0.0
      ],
      [
        0.1,
        0.0,
        1.87,
        0.0
      ],
      [
        0.15,
        0.0,
        2.95,
        0.0
      ],
      [
        0.2,
        0.0,
        3.89,
        0.0
      ],
      [
        0.25,
        0.0,
        4.7,
        0.0
      ],
      [
        0.3,
        0.0,
        5.38,
        0.0
      ],
      [
        0.35,
        0.0,
        5.92,
        0.0
      ],
      [
        0.4,
        0.0,
        6.32,
        0.0
      ],
      [
        0.45,
        0.0,
        6.6,
        0.0
      ],
      [
        0.5,
        0.0,
        6.72,
        0.0
      ],
      [
        0.55,
        0.0,
        6.73,
        0.0
      ],
      [
        0.6,
        0.0,
        6.59,
        0.0
      ],
      [
        0.65,
        0.0,
        6.32,
        0.0
      ],
      [
        0.7,
        0.0,
        5.92,
        0.0
      ],
      [
        0.75,
        0.0,
        5.38,
        0.0
      ],
      [
        0.8,
        0.0,
        4.7,
        0.0
      ],
      [
        0.85,
        0.0,
        3.9,
        0.0
      ],
      [
        0.9,
        0.0,
        2.95,
        0.0
      ],
      [
        0.95,
        0.0,
        1.86,
        0.0
      ],
      [
        1.0,
        0.0,
        0.65,
        0.0
      ]
    ],
    "HasChangeFlag": 2
  },
  "41422094": {
    "Id": 41422094,
    "Name": "as_mon_dragon_turn_r180",
    "SampleInfo": [
      [
        0.0,
        0.0,
        0.0,
        0.0
      ],
      [
        0.05,
        0.0,
        0.0,
        0.0
      ],
      [
        0.1,
        0.0,
        0.0,
        0.0
      ],
      [
        0.15,
        0.0,
        5.46,
        0.0
      ],
      [
        0.2,
        0.0,
        14.6,
        0.0
      ],
      [
        0.25,
        0.0,
        21.08,
        0.0
      ],
      [
        0.3,
        0.0,
        24.86,
        0.0
      ],
      [
        0.35,
        0.0,
        25.99,
        0.0
      ],
      [
        0.4,
        0.0,
        24.45,
        0.0
      ],
      [
        0.45,
        0.0,
        20.22,
        0.0
      ],
      [
        0.5,
        0.0,
        13.34,
        0.0
      ],
      [
        0.55,
        0.0,
        8.13,
        0.0
      ],
      [
        0.6,
        0.0,
        6.51,
        0.0
      ],
      [
        0.65,
        0.0,
        5.07,
        0.0
      ],
      [
        0.7,
        0.0,
        3.81,
        0.0
      ],
      [
        0.75,
        0.0,
        2.73,
        0.0
      ],
      [
        0.8,
        0.0,
        1.83,
        0.0
      ],
      [
        0.85,
        0.0,
        1.11,
        0.0
      ],
      [
        0.9,
        0.0,
        0.57,
        0.0
      ],
      [
        0.95,
        0.0,
        0.21,
        0.0
      ],
      [
        1.0,
        0.0,
        0.03,
        0.0
      ],
      [
        1.05,
        0.0,
        0.0,
        0.0
      ],
      [
        1.1,
        0.0,
        0.0,
        0.0
      ],
      [
        1.15,
        0.0,
        0.0,
        0.0
      ],
      [
        1.2,
        0.0,
        0.0,
        0.0
      ],
      [
        1.25,
        0.0,
        0.0,
        0.0
      ],
      [
        1.3,
        0.0,
        0.0,
        0.0
      ],
      [
        1.35,
        0.0,
        0.0,
        0.0
      ],
      [
        1.4,
        0.0,
        0.0,
        0.0
      ],
      [
        1.45,
        0.0,
        0.0,
        0.0
      ],
      [
        1.5,
        0.0,
        0.0,
        0.0
      ],
      [
        1.55,
        0.0,
        0.0,
        0.0
      ],
      [
        1.6,
        0.0,
        0.0,
        0.0
      ],
      [
        1.65,
        0.0,
        0.0,
        0.0
      ],
      [
        1.67,
        0.0,
        0.0,
        0.0
      ]
    ],
    "HasChangeFlag": 2
  },
  "508540490": {
    "Id": 508540490,
    "Name": "as_mon_dragon_jumpturn_r090",
    "SampleInfo": [
      [
        0.0,
        0.0,
        0.0,
        0.0
      ],
      [
        0.05,
        0.0,
        0.0,
        0.0
      ],
      [
        0.1,
        0.0,
        0.0,
        0.0
      ],
      [
        0.15,
        0.0,
        0.0,
        0.0
      ],
      [
        0.2,
        0.0,
        0.0,
        0.0
      ],
      [
        0.25,
        0.0,
        0.0,
        0.0
      ],
      [
        0.3,
        0.0,
        0.0,
        0.0
      ],
      [
        0.35,
        0.0,
        359.03,
        0.0
      ],
      [
        0.4,
        0.0,
        -9.18,
        0.0
      ],
      [
        0.45,
        0.0,
        -15.19,
        0.0
      ],
      [
        0.5,
        0.0,
        -14.65,
        0.0
      ],
      [
        0.55,
        0.0,
        -14.72,
        0.0
      ],
      [
        0.6,
        0.0,
        -16.42,
        0.0
      ],
      [
        0.65,
        0.0,
        -13.35,
        0.0
      ],
      [
        0.7,
        0.0,
        -5.51,
        0.0
      ],
      [
        0.75,
        0.0,
        0.0,
        0.0
      ],
      [
        0.8,
        0.0,
        0.0,
        0.0
      ],
      [
        0.85,
        0.0,
        0.0,
        0.0
      ],
      [
        0.9,
        0.0,
        0.0,
        0.0
      ],
      [
        0.95,
        0.0,
        0.0,
        0.0
      ],
      [
        1.0,
        0.0,
        0.0,
        0.0
      ],
      [
        1.05,
        0.0,
        0.0,
        0.0
      ],
      [
        1.1,
        0.0,
        0.0,
        0.0
      ],
      [
        1.15,
        0.0,
        0.0,
        0.0
      ],
      [
        1.2,
        0.0,
        0.0,
        0.0
      ],
      [
        1.25,
        0.0,
        0.0,
        0.0
      ],
      [
        1.3,
        0.0,
        0.0,
        0.0
      ],
      [
        1.35,
        0.0,
        0.0,
        0.0
      ],
      [
        1.4,
        0.0,
        0.0,
        0.0
      ],
      [
        1.45,
        0.0,
        0.0,
        0.0
      ],
      [
        1.5,
        0.0,
        0.0,
        0.0
      ],
      [
        1.55,
        0.0,
        0.0,
        0.0
      ],
      [
        1.6,
        0.0,
        0.0,
        0.0
      ],
      [
        1.65,
        0.0,
        0.0,
        0.0
      ],
      [
        1.7,
        0.0,
        0.0,
        0.0
      ],
      [
        1.75,
        0.0,
        0.0,
        0.0
      ],
      [
        1.8,
        0.0,
        0.0,
        0.0
      ],
      [
        1.85,
        0.0,
        0.0,
        0.0
      ],
      [
        1.9,
        0.0,
        0.0,
        0.0
      ],
      [
        1.95,
        0.0,
        0.0,
        0.0
      ],
      [
        2.0,
        0.0,
        0.0,
        0.0
      ],
      [
        2.05,
        0.0,
        0.0,
        0.0
      ],
      [
        2.1,
        0.0,
        0.0,
        0.0
      ],
      [
        2.15,
        0.0,
        0.0,
        0.0
      ],
      [
        2.2,
        0.0,
        0.0,
        0.0
      ],
      [
        2.25,
        0.0,
        0.0,
        0.0
      ],
      [
        2.3,
        0.0,
        0.0,
        0.0
      ],
      [
        2.35,
        0.0,
        0.0,
        0.0
      ],
      [
        2.4,
        0.0,
        0.0,
        0.0
      ],
      [
        2.45,
        0.0,
        0.0,
        0.0
      ],
      [
        2.5,
        0.0,
        0.0,
        0.0
      ],
      [
        2.5,
        0.0,
        0.0,
        0.0
      ]
    ],
    "HasChangeFlag": 2
  },
  "508541546": {
    "Id": 508541546,
    "Name": "as_mon_dragon_jumpturn_r180",
    "SampleInfo": [
      [
        0.0,
        0.0,
        0.0,
        0.0
      ],
      [
        0.05,
        0.0,
        0.0,
        0.0
      ],
      [
        0.1,
        0.0,
        0.0,
        0.0
      ],
      [
        0.15,
        0.0,
        0.0,
        0.0
      ],
      [
        0.2,
        0.0,
        0.0,
        0.0
      ],
      [
        0.25,
        0.0,
        0.0,
        0.0
      ],
      [
        0.3,
        0.0,
        0.0,
        0.0
      ],
      [
        0.35,
        0.0,
        0.0,
        0.0
      ],
      [
        0.4,
        0.0,
        0.0,
        0.0
      ],
      [
        0.45,
        0.0,
        354.26,
        0.0
      ],
      [
        0.5,
        0.0,
        -14.83,
        0.0
      ],
      [
        0.55,
        0.0,
        -20.37,
        0.0
      ],
      [
        0.6,
        0.0,
        -22.34,
        0.0
      ],
      [
        0.65,
        0.0,
        -20.59,
        0.0
      ],
      [
        0.7,
        0.0,
        -18.61,
        0.0
      ],
      [
        0.75,
        0.0,
        -21.69,
        0.0
      ],
      [
        0.8,
        0.0,
        -22.08,
        0.0
      ],
      [
        0.85,
        0.0,
        -18.92,
        0.0
      ],
      [
        0.9,
        0.0,
        -12.2,
        0.0
      ],
      [
        0.95,
        0.0,
        -2.8,
        0.0
      ],
      [
        1.0,
        0.0,
        0.17,
        0.0
      ],
      [
        1.05,
        0.0,
        0.0,
        0.0
      ],
      [
        1.1,
        0.0,
        0.0,
        0.0
      ],
      [
        1.15,
        0.0,
        0.0,
        0.0
      ],
      [
        1.2,
        0.0,
        0.0,
        0.0
      ],
      [
        1.25,
        0.0,
        0.0,
        0.0
      ],
      [
        1.3,
        0.0,
        0.0,
        0.0
      ],
      [
        1.35,
        0.0,
        0.0,
        0.0
      ],
      [
        1.4,
        0.0,
        0.0,
        0.0
      ],
      [
        1.45,
        0.0,
        0.0,
        0.0
      ],
      [
        1.5,
        0.0,
        0.0,
        0.0
      ],
      [
        1.55,
        0.0,
        0.0,
        0.0
      ],
      [
        1.6,
        0.0,
        0.0,
        0.0
      ],
      [
        1.65,
        0.0,
        0.0,
        0.0
      ],
      [
        1.7,
        0.0,
        0.0,
        0.0
      ],
      [
        1.75,
        0.0,
        0.0,
        0.0
      ],
      [
        1.8,
        0.0,
        0.0,
        0.0
      ],
      [
        1.85,
        0.0,
        0.0,
        0.0
      ],
      [
        1.9,
        0.0,
        0.0,
        0.0
      ],
      [
        1.95,
        0.0,
        0.0,
        0.0
      ],
      [
        2.0,
        0.0,
        0.0,
        0.0
      ],
      [
        2.05,
        0.0,
        0.0,
        0.0
      ],
      [
        2.1,
        0.0,
        0.0,
        0.0
      ],
      [
        2.15,
        0.0,
        0.0,
        0.0
      ],
      [
        2.2,
        0.0,
        0.0,
        0.0
      ],
      [
        2.25,
        0.0,
        0.0,
        0.0
      ],
      [
        2.3,
        0.0,
        0.0,
        0.0
      ],
      [
        2.35,
        0.0,
        0.0,
        0.0
      ],
      [
        2.4,
        0.0,
        0.0,
        0.0
      ],
      [
        2.45,
        0.0,
        0.0,
        0.0
      ],
      [
        2.5,
        0.0,
        0.0,
        0.0
      ],
      [
        2.55,
        0.0,
        0.0,
        0.0
      ],
      [
        2.6,
        0.0,
        0.0,
        0.0
      ],
      [
        2.65,
        0.0,
        0.0,
        0.0
      ],
      [
        2.67,
        0.0,
        0.0,
        0.0
      ]
    ],
    "HasChangeFlag": 2
  },
  "686262327": {
    "Id": 686262327,
    "Name": "as_mon_dragon_atk_blowattack1",
    "SampleInfo": [],
    "HasChangeFlag": 0
  },
  "956637221": {
    "Id": 956637221,
    "Name": "as_f_tdl-03_attack01air",
    "SampleInfo": [],
    "HasChangeFlag": 0
  },
  "956709095": {
    "Id": 956709095,
    "Name": "as_f_tdl-03_attack03air",
    "SampleInfo": [],
    "HasChangeFlag": 0
  },
  "2191784117": {
    "Id": 2191784117,
    "Name": "as_f_tdl-03_attack04air_start",
    "SampleInfo": [],
    "HasChangeFlag": 0
  },
  "66161153": {
    "Id": 66161153,
    "Name": "as_f_tdl-03_attack04air_loop",
    "SampleInfo": [],
    "HasChangeFlag": 0
  },
  "956745032": {
    "Id": 956745032,
    "Name": "as_f_tdl-03_attack04air",
    "SampleInfo": [],
    "HasChangeFlag": 0
  },
  "3971277678": {
    "Id": 3971277678,
    "Name": "as_mon_dragon_atk_smashdown",
    "SampleInfo": [],
    "HasChangeFlag": 0
  },
  "1018135937": {
    "Id": 1018135937,
    "Name": "as_mon_dragon_atk_tailbolwwide",
    "SampleInfo": [],
    "HasChangeFlag": 0
  },
  "3302415455": {
    "Id": 3302415455,
    "Name": "as_mon_dragon_atk_jumpsmash_start",
    "SampleInfo": [],
    "HasChangeFlag": 0
  },
  "2590414672": {
    "Id": 2590414672,
    "Name": "as_mon_dragon_atk_overdrive",
    "SampleInfo": [],
    "HasChangeFlag": 0
  },
  "221615623": {
    "Id": 221615623,
    "Name": "as_mon_dragon_atk_jumpsmash_overdrive",
    "SampleInfo": [],
    "HasChangeFlag": 0
  },
  "3693392732": {
    "Id": 3693392732,
    "Name": "as_mon_dragon_atk_fireball_single",
    "SampleInfo": [],
    "HasChangeFlag": 0
  },
  "2517737737": {
    "Id": 2517737737,
    "Name": "as_mon_dragon_atk_meteoritesummon_overdrive_start",
    "SampleInfo": [],
    "HasChangeFlag": 0
  },
  "2176958108": {
    "Id": 2176958108,
    "Name": "as_mon_dragon_atk_meteoritesummon_overdrive",
    "SampleInfo": [],
    "HasChangeFlag": 0
  },
  "1158691929": {
    "Id": 1158691929,
    "Name": "as_mon_dragon_atk_firepillar_overdrive",
    "SampleInfo": [],
    "HasChangeFlag": 0
  },
  "557048144": {
    "Id": 557048144,
    "Name": "as_mon_dragon_atk_lavaburst_overdrive_start",
    "SampleInfo": [],
    "HasChangeFlag": 0
  },
  "3483833763": {
    "Id": 3483833763,
    "Name": "as_mon_dragon_atk_lavaburst_overdrive",
    "SampleInfo": [],
    "HasChangeFlag": 0
  },
  "782013561": {
    "Id": 782013561,
    "Name": "as_mon_gebulin-ss_atk_ws_cast_start",
    "SampleInfo": [],
    "HasChangeFlag": 0
  },
  "1552652910": {
    "Id": 1552652910,
    "Name": "as_mon_gebulin-ss_atk_ws_castsingle",
    "SampleInfo": [],
    "HasChangeFlag": 0
  },
  "1919815023": {
    "Id": 1919815023,
    "Name": "as_f_tdl-03_skill102_start",
    "SampleInfo": [],
    "HasChangeFlag": 0
  },
  "1880027003": {
    "Id": 1880027003,
    "Name": "as_f_tdl-03_skill102_loop",
    "SampleInfo": [],
    "HasChangeFlag": 0
  },
  "1574773866": {
    "Id": 1574773866,
    "Name": "as_f_tdl-03_skill102_attack1",
    "SampleInfo": [],
    "HasChangeFlag": 0
  },
  "335108621": {
    "Id": 335108621,
    "Name": "as_mon_gebulin-ds_atk_bcflux_blowjumpdw_end",
    "SampleInfo": [],
    "HasChangeFlag": 0
  },
  "1001840140": {
    "Id": 1001840140,
    "Name": "as_mon_gebulin-ss_atk_ws_cast",
    "SampleInfo": [],
    "HasChangeFlag": 0
  },
  "858940373": {
    "Id": 858940373,
    "Name": "as_mon_gebulin-ss_atk_ws_castaround",
    "SampleInfo": [],
    "HasChangeFlag": 0
  },
  "192726858": {
    "Id": 192726858,
    "Name": "as_mon_gebulin-ss_atk_wsflux_castsummon",
    "SampleInfo": [],
    "HasChangeFlag": 0
  },
  "716556027": {
    "Id": 716556027,
    "Name": "as_mon_gebulin-ss_atk_nj_arrowshotc",
    "SampleInfo": [],
    "HasChangeFlag": 0
  },
  "2384240817": {
    "Id": 2384240817,
    "Name": "as_mon_gebulin-ss_atk_nj_arrowshotc_end",
    "SampleInfo": [],
    "HasChangeFlag": 0
  },
  "4254587776": {
    "Id": 4254587776,
    "Name": "as_mon_gebulin-ss_atk_nj_extrusion",
    "SampleInfo": [],
    "HasChangeFlag": 0
  },
  "4012074865": {
    "Id": 4012074865,
    "Name": "as_mon_gebulin-ss_atk_jf_blowaround_start",
    "SampleInfo": [],
    "HasChangeFlag": 0
  },
  "1765092915": {
    "Id": 1765092915,
    "Name": "as_mon_niuyang_atk_headbatshort",
    "SampleInfo": [],
    "HasChangeFlag": 0
  },
  "1323475100": {
    "Id": 1323475100,
    "Name": "as_mon_xiongying_atk_tackle_start",
    "SampleInfo": [],
    "HasChangeFlag": 0
  },
  "4214967279": {
    "Id": 4214967279,
    "Name": "as_mon_xiongying_atk_tackle",
    "SampleInfo": [],
    "HasChangeFlag": 0
  },
  "2130935717": {
    "Id": 2130935717,
    "Name": "as_mon_xiongying_atk_tackle_end",
    "SampleInfo": [],
    "HasChangeFlag": 0
  },
  "1187428512": {
    "Id": 1187428512,
    "Name": "as_mon_shouren_atk_blowaround",
    "SampleInfo": [],
    "HasChangeFlag": 0
  },
  "2027748859": {
    "Id": 2027748859,
    "Name": "as_mon_shouren_atk_darkbreath",
    "SampleInfo": [],
    "HasChangeFlag": 0
  },
  "14765271": {
    "Id": 14765271,
    "Name": "as_mon_shouren_atk_tackle",
    "SampleInfo": [],
    "HasChangeFlag": 0
  },
  "3038976824": {
    "Id": 3038976824,
    "Name": "as_mon_dragon_atk_hyperblow_overdrive_start",
    "SampleInfo": [],
    "HasChangeFlag": 0
  },
  "999398587": {
    "Id": 999398587,
    "Name": "as_mon_dragon_atk_hyperblow_overdrive_1",
    "SampleInfo": [],
    "HasChangeFlag": 0
  },
  "999398588": {
    "Id": 999398588,
    "Name": "as_mon_dragon_atk_hyperblow_overdrive_2",
    "SampleInfo": [],
    "HasChangeFlag": 0
  },
  "1718395713": {
    "Id": 1718395713,
    "Name": "as_mon_dragon_atk_hyperblow_overdrive_end",
    "SampleInfo": [],
    "HasChangeFlag": 0
  },
  "3800968135": {
    "Id": 3800968135,
    "Name": "as_mon_dragon_atk_meteoritesummon",
    "SampleInfo": [],
    "HasChangeFlag": 0
  },
  "2831839694": {
    "Id": 2831839694,
    "Name": "as_mon_dragon_sleepstand",
    "SampleInfo": [],
    "HasChangeFlag": 0
  },
  "3832836539": {
    "Id": 3832836539,
    "Name": "as_mon_dragon_sleepstand_start",
    "SampleInfo": [],
    "HasChangeFlag": 0
  },
  "157318404": {
    "Id": 157318404,
    "Name": "as_mon_dragon_sleepstand_end",
    "SampleInfo": [],
    "HasChangeFlag": 0
  },
  "245552307": {
    "Id": 245552307,
    "Name": "as_mon_dragon_down",
    "SampleInfo": [],
    "HasChangeFlag": 0
  },
  "3068958247": {
    "Id": 3068958247,
    "Name": "as_mon_dragon_stiffair_downstand_d",
    "SampleInfo": [],
    "HasChangeFlag": 0
  },
  "3035653941": {
    "Id": 3035653941,
    "Name": "as_mon_dragon_stiffair_deathloop_d",
    "SampleInfo": [],
    "HasChangeFlag": 0
  },
  "39418966": {
    "Id": 39418966,
    "Name": "as_mon_nappo01_gift_start",
    "SampleInfo": [],
    "HasChangeFlag": 0
  },
  "2713461983": {
    "Id": 2713461983,
    "Name": "as_mon_nappo01_gift_end",
    "SampleInfo": [],
    "HasChangeFlag": 0
  },
  "2353973776": {
    "Id": 2353973776,
    "Name": "as_mon_nappo02_hide_end",
    "SampleInfo": [],
    "HasChangeFlag": 0
  },
  "3693752775": {
    "Id": 3693752775,
    "Name": "as_mon_nappo02_hide_start",
    "SampleInfo": [],
    "HasChangeFlag": 0
  },
  "421236857": {
    "Id": 421236857,
    "Name": "as_mon_dragon_hyperblow_overdrive_start",
    "SampleInfo": [],
    "HasChangeFlag": 0
  },
  "3526285123": {
    "Id": 3526285123,
    "Name": "as_mon_dragon_hyperblow_overdrive_down",
    "SampleInfo": [],
    "HasChangeFlag": 0
  },
  "3526572357": {
    "Id": 3526572357,
    "Name": "as_mon_dragon_hyperblow_overdrive_loop",
    "SampleInfo": [],
    "HasChangeFlag": 0
  },
  "404421637": {
    "Id": 404421637,
    "Name": "as_mon_dragon_hyperblow_overdrive_endsp",
    "SampleInfo": [],
    "HasChangeFlag": 0
  },
  "3751072834": {
    "Id": 3751072834,
    "Name": "as_mon_dragon_hyperblow_overdrive_end",
    "SampleInfo": [],
    "HasChangeFlag": 0
  },
  "587719764": {
    "Id": 587719764,
    "Name": "as_mon_gebulin-ds_atk_cast",
    "SampleInfo": [],
    "HasChangeFlag": 0
  },
  "3846460807": {
    "Id": 3846460807,
    "Name": "as_mon_dragon_bebreak",
    "SampleInfo": [],
    "HasChangeFlag": 0
  },
  "2964270870": {
    "Id": 2964270870,
    "Name": "as_mon_dragon_atk_biteattack",
    "SampleInfo": [],
    "HasChangeFlag": 0
  },
  "508324868": {
    "Id": 508324868,
    "Name": "as_mon_dragon_jumpturn_l090",
    "SampleInfo": [
      [
        0.0,
        0.0,
        0.0,
        0.0
      ],
      [
        0.05,
        0.0,
        0.0,
        0.0
      ],
      [
        0.1,
        0.0,
        0.0,
        0.0
      ],
      [
        0.15,
        0.0,
        0.0,
        0.0
      ],
      [
        0.2,
        0.0,
        0.0,
        0.0
      ],
      [
        0.25,
        0.0,
        0.0,
        0.0
      ],
      [
        0.3,
        0.0,
        0.0,
        0.0
      ],
      [
        0.35,
        0.0,
        0.97,
        0.0
      ],
      [
        0.4,
        0.0,
        9.2,
        0.0
      ],
      [
        0.45,
        0.0,
        15.22,
        0.0
      ],
      [
        0.5,
        0.0,
        14.54,
        0.0
      ],
      [
        0.55,
        0.0,
        14.71,
        0.0
      ],
      [
        0.6,
        0.0,
        16.31,
        0.0
      ],
      [
        0.65,
        0.0,
        13.6,
        0.0
      ],
      [
        0.7,
        0.0,
        5.63,
        0.0
      ],
      [
        0.75,
        0.0,
        -0.04,
        0.0
      ],
      [
        0.8,
        0.0,
        -0.13,
        0.0
      ],
      [
        0.85,
        0.0,
        0.0,
        0.0
      ],
      [
        0.9,
        0.0,
        0.0,
        0.0
      ],
      [
        0.95,
        0.0,
        0.0,
        0.0
      ],
      [
        1.0,
        0.0,
        0.0,
        0.0
      ],
      [
        1.05,
        0.0,
        0.0,
        0.0
      ],
      [
        1.1,
        0.0,
        0.0,
        0.0
      ],
      [
        1.15,
        0.0,
        0.0,
        0.0
      ],
      [
        1.2,
        0.0,
        0.0,
        0.0
      ],
      [
        1.25,
        0.0,
        0.0,
        0.0
      ],
      [
        1.3,
        0.0,
        0.0,
        0.0
      ],
      [
        1.35,
        0.0,
        0.0,
        0.0
      ],
      [
        1.4,
        0.0,
        0.0,
        0.0
      ],
      [
        1.45,
        0.0,
        0.0,
        0.0
      ],
      [
        1.5,
        0.0,
        0.0,
        0.0
      ],
      [
        1.55,
        0.0,
        0.0,
        0.0
      ],
      [
        1.6,
        0.0,
        0.0,
        0.0
      ],
      [
        1.65,
        0.0,
        0.0,
        0.0
      ],
      [
        1.7,
        0.0,
        0.0,
        0.0
      ],
      [
        1.75,
        0.0,
        0.0,
        0.0
      ],
      [
        1.8,
        0.0,
        0.0,
        0.0
      ],
      [
        1.85,
        0.0,
        0.0,
        0.0
      ],
      [
        1.9,
        0.0,
        0.0,
        0.0
      ],
      [
        1.95,
        0.0,
        0.0,
        0.0
      ],
      [
        2.0,
        0.0,
        0.0,
        0.0
      ],
      [
        2.0,
        0.0,
        0.0,
        0.0
      ]
    ],
    "HasChangeFlag": 2
  },
  "310063297": {
    "Id": 310063297,
    "Name": "as_mon_gebulin-ds_atk_cast_start",
    "SampleInfo": [],
    "HasChangeFlag": 0
  },
  "1921100471": {
    "Id": 1921100471,
    "Name": "as_mon_gebulin-ds_atk_castbuff",
    "SampleInfo": [],
    "HasChangeFlag": 0
  },
  "1027682298": {
    "Id": 1027682298,
    "Name": "as_mon_dragon_bedown",
    "SampleInfo": [],
    "HasChangeFlag": 0
  },
  "488511872": {
    "Id": 488511872,
    "Name": "as_mon_gebulin-ds_atk_castdebuff",
    "SampleInfo": [],
    "HasChangeFlag": 0
  },
  "3795375876": {
    "Id": 3795375876,
    "Name": "as_mon_gebulin-ss_atk_jf_blowaround",
    "SampleInfo": [],
    "HasChangeFlag": 0
  },
  "8337961": {
    "Id": 8337961,
    "Name": "as_f_tdl-03_attack01",
    "SampleInfo": [],
    "HasChangeFlag": 0
  },
  "8337962": {
    "Id": 8337962,
    "Name": "as_f_tdl-03_attack02",
    "SampleInfo": [],
    "HasChangeFlag": 0
  },
  "8337963": {
    "Id": 8337963,
    "Name": "as_f_tdl-03_attack03",
    "SampleInfo": [],
    "HasChangeFlag": 0
  },
  "8337964": {
    "Id": 8337964,
    "Name": "as_f_tdl-03_attack04",
    "SampleInfo": [],
    "HasChangeFlag": 0
  },
  "371846": {
    "Id": 371846,
    "Name": "as_f_tdl-03_attack02air",
    "SampleInfo": [],
    "HasChangeFlag": 0
  },
  "335909": {
    "Id": 335909,
    "Name": "as_f_tdl-03_attack01air",
    "SampleInfo": [],
    "HasChangeFlag": 0
  },
  "407783": {
    "Id": 407783,
    "Name": "as_f_tdl-03_attack03air",
    "SampleInfo": [],
    "HasChangeFlag": 0
  },
  "2357429": {
    "Id": 2357429,
    "Name": "as_f_tdl-03_attack04air_start",
    "SampleInfo": [],
    "HasChangeFlag": 0
  },
  "7440897": {
    "Id": 7440897,
    "Name": "as_f_tdl-03_attack04air_loop",
    "SampleInfo": [],
    "HasChangeFlag": 0
  },
  "443720": {
    "Id": 443720,
    "Name": "as_f_tdl-03_attack04air",
    "SampleInfo": [],
    "HasChangeFlag": 0
  },
  "7754304": {
    "Id": 7754304,
    "Name": "as_f_tdl-03_skill001",
    "SampleInfo": [],
    "HasChangeFlag": 0
  },
  "7754305": {
    "Id": 7754305,
    "Name": "as_f_tdl-03_skill002",
    "SampleInfo": [],
    "HasChangeFlag": 0
  },
  "7754306": {
    "Id": 7754306,
    "Name": "as_f_tdl-03_skill003",
    "SampleInfo": [],
    "HasChangeFlag": 0
  },
  "7754307": {
    "Id": 7754307,
    "Name": "as_f_tdl-03_skill004",
    "SampleInfo": [],
    "HasChangeFlag": 0
  },
  "7755393": {
    "Id": 7755393,
    "Name": "as_f_tdl-03_skill101",
    "SampleInfo": [],
    "HasChangeFlag": 0
  },
  "7212399": {
    "Id": 7212399,
    "Name": "as_f_tdl-03_skill102_start",
    "SampleInfo": [],
    "HasChangeFlag": 0
  },
  "978811": {
    "Id": 978811,
    "Name": "as_f_tdl-03_skill102_loop",
    "SampleInfo": [],
    "HasChangeFlag": 0
  },
  "6104170": {
    "Id": 6104170,
    "Name": "as_f_tdl-03_skill102_attack1",
    "SampleInfo": [],
    "HasChangeFlag": 0
  },
  "6104171": {
    "Id": 6104171,
    "Name": "as_f_tdl-03_skill102_attack2",
    "SampleInfo": [],
    "HasChangeFlag": 0
  },
  "7755395": {
    "Id": 7755395,
    "Name": "as_f_tdl-03_skill103",
    "SampleInfo": [],
    "HasChangeFlag": 0
  },
  "2744506": {
    "Id": 2744506,
    "Name": "as_mon_gebulin-ds_atk_bc_blowupper_start",
    "SampleInfo": [],
    "HasChangeFlag": 0
  },
  "2105411": {
    "Id": 2105411,
    "Name": "as_mon_gebulin-ds_atk_bc_blowupper_end",
    "SampleInfo": [],
    "HasChangeFlag": 0
  },
  "7850935": {
    "Id": 7850935,
    "Name": "as_mon_gebulin-ds_atk_bc_throwstone_start",
    "SampleInfo": [],
    "HasChangeFlag": 0
  },
  "862208": {
    "Id": 862208,
    "Name": "as_mon_gebulin-ds_atk_bc_throwstone_end",
    "SampleInfo": [],
    "HasChangeFlag": 0
  },
  "5517911": {
    "Id": 5517911,
    "Name": "as_mon_gebulin-ds_atk_bcflux_blowjumpdw",
    "SampleInfo": [],
    "HasChangeFlag": 0
  },
  "7952909": {
    "Id": 7952909,
    "Name": "as_mon_gebulin-ds_atk_bcflux_blowjumpdw_end",
    "SampleInfo": [],
    "HasChangeFlag": 0
  },
  "2157561": {
    "Id": 2157561,
    "Name": "as_mon_gebulin-ds_atk_bcflux_consecutiveattack_start",
    "SampleInfo": [],
    "HasChangeFlag": 0
  },
  "7025916": {
    "Id": 7025916,
    "Name": "as_mon_gebulin-ds_atk_bcflux_consecutiveattack_1",
    "SampleInfo": [],
    "HasChangeFlag": 0
  },
  "7025917": {
    "Id": 7025917,
    "Name": "as_mon_gebulin-ds_atk_bcflux_consecutiveattack_2",
    "SampleInfo": [],
    "HasChangeFlag": 0
  },
  "872386": {
    "Id": 872386,
    "Name": "as_mon_gebulin-ds_atk_bcflux_consecutiveattack_end",
    "SampleInfo": [],
    "HasChangeFlag": 0
  },
  "2300485": {
    "Id": 2300485,
    "Name": "as_mon_gebulin-ds_atk_xd_blow_start",
    "SampleInfo": [],
    "HasChangeFlag": 0
  },
  "7338712": {
    "Id": 7338712,
    "Name": "as_mon_gebulin-ds_atk_xd_blow",
    "SampleInfo": [],
    "HasChangeFlag": 0
  },
  "5733134": {
    "Id": 5733134,
    "Name": "as_mon_gebulin-ds_atk_xd_blow_end",
    "SampleInfo": [],
    "HasChangeFlag": 0
  },
  "660276": {
    "Id": 660276,
    "Name": "as_mon_gebulin-ds_atk_xd_consecutiveattack_1",
    "SampleInfo": [],
    "HasChangeFlag": 0
  },
  "660277": {
    "Id": 660277,
    "Name": "as_mon_gebulin-ds_atk_xd_consecutiveattack_2",
    "SampleInfo": [],
    "HasChangeFlag": 0
  },
  "7852778": {
    "Id": 7852778,
    "Name": "as_mon_gebulin-ssfc_atk_jd_poke_start",
    "SampleInfo": [],
    "HasChangeFlag": 0
  },
  "2382781": {
    "Id": 2382781,
    "Name": "as_mon_gebulin-ssfc_atk_jd_poke",
    "SampleInfo": [],
    "HasChangeFlag": 0
  },
  "7063155": {
    "Id": 7063155,
    "Name": "as_mon_gebulin-ssfc_atk_jd_poke_end",
    "SampleInfo": [],
    "HasChangeFlag": 0
  },
  "7178590": {
    "Id": 7178590,
    "Name": "as_mon_gebulin-ssfc_atk_jd_consecutiveattack_1",
    "SampleInfo": [],
    "HasChangeFlag": 0
  },
  "7178591": {
    "Id": 7178591,
    "Name": "as_mon_gebulin-ssfc_atk_jd_consecutiveattack_2",
    "SampleInfo": [],
    "HasChangeFlag": 0
  },
  "8073409": {
    "Id": 8073409,
    "Name": "as_mon_gebulin-ds_atk_cast_start",
    "SampleInfo": [],
    "HasChangeFlag": 0
  },
  "517204": {
    "Id": 517204,
    "Name": "as_mon_gebulin-ds_atk_cast",
    "SampleInfo": [],
    "HasChangeFlag": 0
  },
  "109239": {
    "Id": 109239,
    "Name": "as_mon_gebulin-ds_atk_castbuff",
    "SampleInfo": [],
    "HasChangeFlag": 0
  },
  "1972608": {
    "Id": 1972608,
    "Name": "as_mon_gebulin-ds_atk_castdebuff",
    "SampleInfo": [],
    "HasChangeFlag": 0
  },
  "3595788": {
    "Id": 3595788,
    "Name": "as_mon_gebulin-ss_atk_ws_cast",
    "SampleInfo": [],
    "HasChangeFlag": 0
  },
  "3524347": {
    "Id": 3524347,
    "Name": "as_mon_gebulin-ss_atk_nj_arrowshotc",
    "SampleInfo": [],
    "HasChangeFlag": 0
  },
  "1876145": {
    "Id": 1876145,
    "Name": "as_mon_gebulin-ss_atk_nj_arrowshotc_end",
    "SampleInfo": [],
    "HasChangeFlag": 0
  },
  "1563520": {
    "Id": 1563520,
    "Name": "as_mon_gebulin-ss_atk_nj_extrusion",
    "SampleInfo": [],
    "HasChangeFlag": 0
  },
  "3402884": {
    "Id": 3402884,
    "Name": "as_mon_gebulin-ss_atk_jf_blowwide",
    "SampleInfo": [],
    "HasChangeFlag": 0
  },
  "5530298": {
    "Id": 5530298,
    "Name": "as_mon_gebulin-ss_atk_jf_blowwide_end",
    "SampleInfo": [],
    "HasChangeFlag": 0
  },
  "3037691": {
    "Id": 3037691,
    "Name": "as_mon_gebulin-ss_atk_jf_blow",
    "SampleInfo": [],
    "HasChangeFlag": 0
  },
  "2539487": {
    "Id": 2539487,
    "Name": "as_mon_gebulin-ss_atk_jf_blow_hit",
    "SampleInfo": [],
    "HasChangeFlag": 0
  },
  "7635732": {
    "Id": 7635732,
    "Name": "as_mon_gebulin-ss_atk_jf_blow_hitwait",
    "SampleInfo": [],
    "HasChangeFlag": 0
  },
  "1991606": {
    "Id": 1991606,
    "Name": "as_mon_gebulin-ss_atk_jf_blow_hitend",
    "SampleInfo": [],
    "HasChangeFlag": 0
  },
  "2320241": {
    "Id": 2320241,
    "Name": "as_mon_gebulin-ss_atk_jf_blowaround_start",
    "SampleInfo": [],
    "HasChangeFlag": 0
  },
  "3725060": {
    "Id": 3725060,
    "Name": "as_mon_gebulin-ss_atk_jf_blowaround",
    "SampleInfo": [],
    "HasChangeFlag": 0
  },
  "4885818": {
    "Id": 4885818,
    "Name": "as_mon_gebulin-ss_atk_jf_blowaround_end",
    "SampleInfo": [],
    "HasChangeFlag": 0
  },
  "1882809": {
    "Id": 1882809,
    "Name": "as_mon_gebulin-ss_atk_jfflux_blowwide_end",
    "SampleInfo": [],
    "HasChangeFlag": 0
  },
  "6087728": {
    "Id": 6087728,
    "Name": "as_mon_gebulin-ss_atk_jfflux_blow_end",
    "SampleInfo": [],
    "HasChangeFlag": 0
  },
  "3548640": {
    "Id": 3548640,
    "Name": "as_mon_niuyang_atk_headbatshort_start",
    "SampleInfo": [],
    "HasChangeFlag": 0
  },
  "3485235": {
    "Id": 3485235,
    "Name": "as_mon_niuyang_atk_headbatshort",
    "SampleInfo": [],
    "HasChangeFlag": 0
  },
  "7136233": {
    "Id": 7136233,
    "Name": "as_mon_niuyang_atk_headbatshort_end",
    "SampleInfo": [],
    "HasChangeFlag": 0
  },
  "6463644": {
    "Id": 6463644,
    "Name": "as_mon_xiongying_atk_tackle_start",
    "SampleInfo": [],
    "HasChangeFlag": 0
  },
  "3886063": {
    "Id": 3886063,
    "Name": "as_mon_xiongying_atk_tackle",
    "SampleInfo": [],
    "HasChangeFlag": 0
  },
  "229285": {
    "Id": 229285,
    "Name": "as_mon_xiongying_atk_tackle_end",
    "SampleInfo": [],
    "HasChangeFlag": 0
  },
  "7669421": {
    "Id": 7669421,
    "Name": "as_mon_xiongying_atk_wind",
    "SampleInfo": [],
    "HasChangeFlag": 0
  },
  "2307552": {
    "Id": 2307552,
    "Name": "as_mon_xiongying_dodge_b",
    "SampleInfo": [],
    "HasChangeFlag": 0
  },
  "2307562": {
    "Id": 2307562,
    "Name": "as_mon_xiongying_dodge_l",
    "SampleInfo": [],
    "HasChangeFlag": 0
  },
  "2307568": {
    "Id": 2307568,
    "Name": "as_mon_xiongying_dodge_r",
    "SampleInfo": [],
    "HasChangeFlag": 0
  },
  "2307571": {
    "Id": 2307571,
    "Name": "as_mon_xiongying_dodge_u",
    "SampleInfo": [],
    "HasChangeFlag": 0
  },
  "3271031": {
    "Id": 3271031,
    "Name": "as_mon_shouren_atk_rkick",
    "SampleInfo": [],
    "HasChangeFlag": 0
  },
  "4634784": {
    "Id": 4634784,
    "Name": "as_mon_shouren_atk_blowaround",
    "SampleInfo": [],
    "HasChangeFlag": 0
  },
  "6094331": {
    "Id": 6094331,
    "Name": "as_mon_shouren_atk_darkbreath",
    "SampleInfo": [],
    "HasChangeFlag": 0
  },
  "5222276": {
    "Id": 5222276,
    "Name": "as_mon_shouren_atk_tackle_start",
    "SampleInfo": [],
    "HasChangeFlag": 0
  },
  "6376663": {
    "Id": 6376663,
    "Name": "as_mon_shouren_atk_tackle",
    "SampleInfo": [],
    "HasChangeFlag": 0
  },
  "1029261": {
    "Id": 1029261,
    "Name": "as_mon_shouren_atk_tackle_end",
    "SampleInfo": [],
    "HasChangeFlag": 0
  },
  "6146675": {
    "Id": 6146675,
    "Name": "as_mon_shouren_atk_blowjump",
    "SampleInfo": [],
    "HasChangeFlag": 0
  },
  "2951273": {
    "Id": 2951273,
    "Name": "as_mon_shouren_atk_rblow",
    "SampleInfo": [],
    "HasChangeFlag": 0
  },
  "4224355": {
    "Id": 4224355,
    "Name": "as_mon_shouren_atk_lblow",
    "SampleInfo": [],
    "HasChangeFlag": 0
  },
  "3505132": {
    "Id": 3505132,
    "Name": "as_mon_shouren_atk_lblowwide",
    "SampleInfo": [],
    "HasChangeFlag": 0
  },
  "6785079": {
    "Id": 6785079,
    "Name": "as_mon_dragon_atk_blowattack1",
    "SampleInfo": [],
    "HasChangeFlag": 0
  },
  "6785080": {
    "Id": 6785080,
    "Name": "as_mon_dragon_atk_blowattack2",
    "SampleInfo": [],
    "HasChangeFlag": 0
  },
  "3466094": {
    "Id": 3466094,
    "Name": "as_mon_dragon_atk_smashdown",
    "SampleInfo": [],
    "HasChangeFlag": 0
  },
  "3635874": {
    "Id": 3635874,
    "Name": "as_mon_dragon_atk_sideattack_l",
    "SampleInfo": [],
    "HasChangeFlag": 0
  },
  "3635880": {
    "Id": 3635880,
    "Name": "as_mon_dragon_atk_sideattack_r",
    "SampleInfo": [],
    "HasChangeFlag": 0
  },
  "3449609": {
    "Id": 3449609,
    "Name": "as_mon_dragon_atk_tailblowback",
    "SampleInfo": [],
    "HasChangeFlag": 0
  },
  "3114369": {
    "Id": 3114369,
    "Name": "as_mon_dragon_atk_tailbolwwide",
    "SampleInfo": [],
    "HasChangeFlag": 0
  },
  "5692511": {
    "Id": 5692511,
    "Name": "as_mon_dragon_atk_jumpsmash_start",
    "SampleInfo": [],
    "HasChangeFlag": 0
  },
  "6992242": {
    "Id": 6992242,
    "Name": "as_mon_dragon_atk_jumpsmash",
    "SampleInfo": [],
    "HasChangeFlag": 0
  },
  "2092712": {
    "Id": 2092712,
    "Name": "as_mon_dragon_atk_jumpsmash_end",
    "SampleInfo": [],
    "HasChangeFlag": 0
  },
  "2405212": {
    "Id": 2405212,
    "Name": "as_mon_dragon_atk_fireball_single",
    "SampleInfo": [],
    "HasChangeFlag": 0
  },
  "6723408": {
    "Id": 6723408,
    "Name": "as_mon_dragon_atk_overdrive",
    "SampleInfo": [],
    "HasChangeFlag": 0
  },
  "3511815": {
    "Id": 3511815,
    "Name": "as_mon_dragon_atk_jumpsmash_overdrive",
    "SampleInfo": [],
    "HasChangeFlag": 0
  },
  "928711": {
    "Id": 928711,
    "Name": "as_mon_dragon_atk_meteoritesummon",
    "SampleInfo": [],
    "HasChangeFlag": 0
  },
  "3400016": {
    "Id": 3400016,
    "Name": "as_mon_dragon_atk_lavaburst_overdrive_start",
    "SampleInfo": [],
    "HasChangeFlag": 0
  },
  "2561443": {
    "Id": 2561443,
    "Name": "as_mon_dragon_atk_lavaburst_overdrive",
    "SampleInfo": [],
    "HasChangeFlag": 0
  },
  "6619993": {
    "Id": 6619993,
    "Name": "as_mon_dragon_atk_lavaburst_overdrive_end",
    "SampleInfo": [],
    "HasChangeFlag": 0
  },
  "1108531": {
    "Id": 1108531,
    "Name": "as_mon_dragon_atk_fireballattack",
    "SampleInfo": [],
    "HasChangeFlag": 0
  },
  "1806457": {
    "Id": 1806457,
    "Name": "as_mon_dragon_hyperblow_overdrive_start",
    "SampleInfo": [],
    "HasChangeFlag": 0
  },
  "3069763": {
    "Id": 3069763,
    "Name": "as_mon_dragon_hyperblow_overdrive_down",
    "SampleInfo": [],
    "HasChangeFlag": 0
  },
  "3356997": {
    "Id": 3356997,
    "Name": "as_mon_dragon_hyperblow_overdrive_loop",
    "SampleInfo": [],
    "HasChangeFlag": 0
  },
  "1365058": {
    "Id": 1365058,
    "Name": "as_mon_dragon_hyperblow_overdrive_end",
    "SampleInfo": [],
    "HasChangeFlag": 0
  },
  "1768453": {
    "Id": 1768453,
    "Name": "as_mon_dragon_hyperblow_overdrive_endsp",
    "SampleInfo": [],
    "HasChangeFlag": 0
  },
  "7866606": {
    "Id": 7866606,
    "Name": "as_mon_dragon_turn_r090",
    "SampleInfo": [
      [
        0.0,
        0.0,
        0.0,
        0.0
      ],
      [
        0.05,
        0.0,
        0.57,
        0.0
      ],
      [
        0.1,
        0.0,
        1.87,
        0.0
      ],
      [
        0.15,
        0.0,
        2.95,
        0.0
      ],
      [
        0.2,
        0.0,
        3.89,
        0.0
      ],
      [
        0.25,
        0.0,
        4.7,
        0.0
      ],
      [
        0.3,
        0.0,
        5.38,
        0.0
      ],
      [
        0.35,
        0.0,
        5.92,
        0.0
      ],
      [
        0.4,
        0.0,
        6.32,
        0.0
      ],
      [
        0.45,
        0.0,
        6.6,
        0.0
      ],
      [
        0.5,
        0.0,
        6.72,
        0.0
      ],
      [
        0.55,
        0.0,
        6.73,
        0.0
      ],
      [
        0.6,
        0.0,
        6.59,
        0.0
      ],
      [
        0.65,
        0.0,
        6.32,
        0.0
      ],
      [
        0.7,
        0.0,
        5.92,
        0.0
      ],
      [
        0.75,
        0.0,
        5.38,
        0.0
      ],
      [
        0.8,
        0.0,
        4.7,
        0.0
      ],
      [
        0.85,
        0.0,
        3.9,
        0.0
      ],
      [
        0.9,
        0.0,
        2.95,
        0.0
      ],
      [
        0.95,
        0.0,
        1.86,
        0.0
      ],
      [
        1.0,
        0.0,
        0.65,
        0.0
      ]
    ],
    "HasChangeFlag": 2
  },
  "7867662": {
    "Id": 7867662,
    "Name": "as_mon_dragon_turn_r180",
    "SampleInfo": [
      [
        0.0,
        0.0,
        0.0,
        0.0
      ],
      [
        0.05,
        0.0,
        359.81,
        0.0
      ],
      [
        0.1,
        0.0,
        -356.8,
        0.0
      ],
      [
        0.15,
        0.0,
        21.07,
        0.0
      ],
      [
        0.2,
        0.0,
        29.43,
        0.0
      ],
      [
        0.25,
        0.0,
        37.28,
        0.0
      ],
      [
        0.3,
        0.0,
        32.71,
        0.0
      ],
      [
        0.35,
        0.0,
        23.45,
        0.0
      ],
      [
        0.4,
        0.0,
        12.26,
        0.0
      ],
      [
        0.45,
        0.0,
        7.92,
        0.0
      ],
      [
        0.5,
        0.0,
        6.21,
        0.0
      ],
      [
        0.55,
        0.0,
        3.4,
        0.0
      ],
      [
        0.6,
        0.0,
        2.15,
        0.0
      ],
      [
        0.65,
        0.0,
        0.87,
        0.0
      ],
      [
        0.7,
        0.0,
        0.25,
        0.0
      ],
      [
        0.75,
        0.0,
        0.0,
        0.0
      ],
      [
        0.8,
        0.0,
        0.0,
        0.0
      ],
      [
        0.85,
        0.0,
        0.0,
        0.0
      ],
      [
        0.9,
        0.0,
        0.0,
        0.0
      ],
      [
        0.95,
        0.0,
        0.0,
        0.0
      ],
      [
        1.0,
        0.0,
        0.0,
        0.0
      ],
      [
        1.05,
        0.0,
        0.0,
        0.0
      ],
      [
        1.1,
        0.0,
        0.0,
        0.0
      ],
      [
        1.15,
        0.0,
        0.0,
        0.0
      ],
      [
        1.2,
        0.0,
        0.0,
        0.0
      ],
      [
        1.2,
        0.0,
        0.0,
        0.0
      ]
    ],
    "HasChangeFlag": 2
  },
  "5224010": {
    "Id": 5224010,
    "Name": "as_mon_dragon_jumpturn_r090",
    "SampleInfo": [
      [
        0.0,
        0.0,
        0.0,
        0.0
      ],
      [
        0.05,
        0.0,
        0.0,
        0.0
      ],
      [
        0.1,
        0.0,
        0.0,
        0.0
      ],
      [
        0.15,
        0.0,
        0.0,
        0.0
      ],
      [
        0.2,
        0.0,
        0.0,
        0.0
      ],
      [
        0.25,
        0.0,
        0.0,
        0.0
      ],
      [
        0.3,
        0.0,
        0.0,
        0.0
      ],
      [
        0.35,
        0.0,
        359.03,
        0.0
      ],
      [
        0.4,
        0.0,
        -9.2,
        0.0
      ],
      [
        0.45,
        0.0,
        -15.22,
        0.0
      ],
      [
        0.5,
        0.0,
        -14.54,
        0.0
      ],
      [
        0.55,
        0.0,
        -14.71,
        0.0
      ],
      [
        0.6,
        0.0,
        -16.31,
        0.0
      ],
      [
        0.65,
        0.0,
        -13.6,
        0.0
      ],
      [
        0.7,
        0.0,
        -5.63,
        0.0
      ],
      [
        0.75,
        0.0,
        0.04,
        0.0
      ],
      [
        0.8,
        0.0,
        0.13,
        0.0
      ],
      [
        0.85,
        0.0,
        0.0,
        0.0
      ],
      [
        0.9,
        0.0,
        0.0,
        0.0
      ],
      [
        0.95,
        0.0,
        0.0,
        0.0
      ],
      [
        1.0,
        0.0,
        0.0,
        0.0
      ],
      [
        1.05,
        0.0,
        0.0,
        0.0
      ],
      [
        1.1,
        0.0,
        0.0,
        0.0
      ],
      [
        1.15,
        0.0,
        0.0,
        0.0
      ],
      [
        1.2,
        0.0,
        0.0,
        0.0
      ],
      [
        1.25,
        0.0,
        0.0,
        0.0
      ],
      [
        1.3,
        0.0,
        0.0,
        0.0
      ],
      [
        1.35,
        0.0,
        0.0,
        0.0
      ],
      [
        1.4,
        0.0,
        0.0,
        0.0
      ],
      [
        1.45,
        0.0,
        0.0,
        0.0
      ],
      [
        1.5,
        0.0,
        0.0,
        0.0
      ],
      [
        1.55,
        0.0,
        0.0,
        0.0
      ],
      [
        1.6,
        0.0,
        0.0,
        0.0
      ],
      [
        1.65,
        0.0,
        0.0,
        0.0
      ],
      [
        1.7,
        0.0,
        0.0,
        0.0
      ],
      [
        1.75,
        0.0,
        0.0,
        0.0
      ],
      [
        1.8,
        0.0,
        0.0,
        0.0
      ],
      [
        1.85,
        0.0,
        0.0,
        0.0
      ],
      [
        1.9,
        0.0,
        0.0,
        0.0
      ],
      [
        1.95,
        0.0,
        0.0,
        0.0
      ],
      [
        2.0,
        0.0,
        0.0,
        0.0
      ],
      [
        2.05,
        0.0,
        0.0,
        0.0
      ],
      [
        2.1,
        0.0,
        0.0,
        0.0
      ],
      [
        2.15,
        0.0,
        0.0,
        0.0
      ],
      [
        2.2,
        0.0,
        0.0,
        0.0
      ],
      [
        2.25,
        0.0,
        0.0,
        0.0
      ],
      [
        2.3,
        0.0,
        0.0,
        0.0
      ],
      [
        2.35,
        0.0,
        0.0,
        0.0
      ],
      [
        2.4,
        0.0,
        0.0,
        0.0
      ],
      [
        2.45,
        0.0,
        0.0,
        0.0
      ],
      [
        2.5,
        0.0,
        0.0,
        0.0
      ],
      [
        2.5,
        0.0,
        0.0,
        0.0
      ]
    ],
    "HasChangeFlag": 2
  },
  "5225066": {
    "Id": 5225066,
    "Name": "as_mon_dragon_jumpturn_r180",
    "SampleInfo": [
      [
        0.0,
        0.0,
        0.0,
        0.0
      ],
      [
        0.05,
        0.0,
        0.0,
        0.0
      ],
      [
        0.1,
        0.0,
        0.0,
        0.0
      ],
      [
        0.15,
        0.0,
        0.0,
        0.0
      ],
      [
        0.2,
        0.0,
        0.0,
        0.0
      ],
      [
        0.25,
        0.0,
        0.0,
        0.0
      ],
      [
        0.3,
        0.0,
        0.0,
        0.0
      ],
      [
        0.35,
        0.0,
        0.0,
        0.0
      ],
      [
        0.4,
        0.0,
        0.0,
        0.0
      ],
      [
        0.45,
        0.0,
        0.0,
        0.0
      ],
      [
        0.5,
        0.0,
        0.0,
        0.0
      ],
      [
        0.55,
        0.0,
        0.0,
        0.0
      ],
      [
        0.6,
        0.0,
        0.0,
        0.0
      ],
      [
        0.65,
        0.0,
        0.08,
        0.0
      ],
      [
        0.7,
        0.0,
        358.61,
        0.0
      ],
      [
        0.75,
        0.0,
        -6.43,
        0.0
      ],
      [
        0.8,
        0.0,
        -10.98,
        0.0
      ],
      [
        0.85,
        0.0,
        -14.63,
        0.0
      ],
      [
        0.9,
        0.0,
        -17.36,
        0.0
      ],
      [
        0.95,
        0.0,
        -19.19,
        0.0
      ],
      [
        1.0,
        0.0,
        -20.1,
        0.0
      ],
      [
        1.05,
        0.0,
        -20.1,
        0.0
      ],
      [
        1.1,
        0.0,
        -19.19,
        0.0
      ],
      [
        1.15,
        0.0,
        -17.36,
        0.0
      ],
      [
        1.2,
        0.0,
        -14.63,
        0.0
      ],
      [
        1.25,
        0.0,
        -10.99,
        0.0
      ],
      [
        1.3,
        0.0,
        -6.43,
        0.0
      ],
      [
        1.35,
        0.0,
        -1.39,
        0.0
      ],
      [
        1.4,
        0.0,
        0.08,
        0.0
      ],
      [
        1.45,
        0.0,
        0.0,
        0.0
      ],
      [
        1.5,
        0.0,
        0.0,
        0.0
      ],
      [
        1.55,
        0.0,
        0.0,
        0.0
      ],
      [
        1.6,
        0.0,
        0.0,
        0.0
      ],
      [
        1.65,
        0.0,
        0.0,
        0.0
      ],
      [
        1.7,
        0.0,
        0.0,
        0.0
      ],
      [
        1.75,
        0.0,
        0.0,
        0.0
      ],
      [
        1.8,
        0.0,
        0.0,
        0.0
      ],
      [
        1.85,
        0.0,
        0.0,
        0.0
      ],
      [
        1.9,
        0.0,
        0.0,
        0.0
      ],
      [
        1.95,
        0.0,
        0.0,
        0.0
      ],
      [
        2.0,
        0.0,
        0.0,
        0.0
      ],
      [
        2.05,
        0.0,
        0.0,
        0.0
      ],
      [
        2.1,
        0.0,
        0.0,
        0.0
      ],
      [
        2.15,
        0.0,
        0.0,
        0.0
      ],
      [
        2.2,
        0.0,
        0.0,
        0.0
      ],
      [
        2.25,
        0.0,
        0.0,
        0.0
      ],
      [
        2.3,
        0.0,
        0.0,
        0.0
      ],
      [
        2.35,
        0.0,
        0.0,
        0.0
      ],
      [
        2.4,
        0.0,
        0.0,
        0.0
      ],
      [
        2.45,
        0.0,
        0.0,
        0.0
      ],
      [
        2.5,
        0.0,
        0.0,
        0.0
      ],
      [
        2.55,
        0.0,
        0.0,
        0.0
      ],
      [
        2.6,
        0.0,
        0.0,
        0.0
      ],
      [
        2.65,
        0.0,
        0.0,
        0.0
      ],
      [
        2.7,
        0.0,
        0.0,
        0.0
      ],
      [
        2.75,
        0.0,
        0.0,
        0.0
      ],
      [
        2.8,
        0.0,
        0.0,
        0.0
      ],
      [
        2.85,
        0.0,
        0.0,
        0.0
      ],
      [
        2.9,
        0.0,
        0.0,
        0.0
      ],
      [
        2.95,
        0.0,
        0.0,
        0.0
      ],
      [
        3.0,
        0.0,
        0.0,
        0.0
      ],
      [
        3.05,
        0.0,
        0.0,
        0.0
      ],
      [
        3.1,
        0.0,
        0.0,
        0.0
      ],
      [
        3.15,
        0.0,
        0.0,
        0.0
      ],
      [
        3.17,
        0.0,
        0.0,
        0.0
      ]
    ],
    "HasChangeFlag": 2
  },
  "7631291": {
    "Id": 7631291,
    "Name": "as_mon_dragon_sleepstand_start",
    "SampleInfo": [],
    "HasChangeFlag": 0
  },
  "4878798": {
    "Id": 4878798,
    "Name": "as_mon_dragon_sleepstand",
    "SampleInfo": [],
    "HasChangeFlag": 0
  },
  "6323460": {
    "Id": 6323460,
    "Name": "as_mon_dragon_sleepstand_end",
    "SampleInfo": [],
    "HasChangeFlag": 0
  },
  "2282675": {
    "Id": 2282675,
    "Name": "as_mon_dragon_down",
    "SampleInfo": [],
    "HasChangeFlag": 0
  },
  "4272122": {
    "Id": 4272122,
    "Name": "as_mon_dragon_bedown",
    "SampleInfo": [],
    "HasChangeFlag": 0
  },
  "7116327": {
    "Id": 7116327,
    "Name": "as_mon_dragon_stiffair_downstand_d",
    "SampleInfo": [],
    "HasChangeFlag": 0
  },
  "4478343": {
    "Id": 4478343,
    "Name": "as_mon_dragon_bebreak",
    "SampleInfo": [],
    "HasChangeFlag": 0
  },
  "3092246": {
    "Id": 3092246,
    "Name": "as_mon_dragon_atk_biteattack",
    "SampleInfo": [],
    "HasChangeFlag": 0
  },
  "5864534": {
    "Id": 5864534,
    "Name": "as_mon_nappo01_gift_start",
    "SampleInfo": [],
    "HasChangeFlag": 0
  },
  "3941599": {
    "Id": 3941599,
    "Name": "as_mon_nappo01_gift_end",
    "SampleInfo": [],
    "HasChangeFlag": 0
  },
  "5163536": {
    "Id": 5163536,
    "Name": "as_mon_nappo02_hide_end",
    "SampleInfo": [],
    "HasChangeFlag": 0
  },
  "1873017": {
    "Id": 1873017,
    "Name": "as_mon_gebulin-ss_atk_ws_cast_start",
    "SampleInfo": [],
    "HasChangeFlag": 0
  },
  "3302357": {
    "Id": 3302357,
    "Name": "as_mon_gebulin-ss_atk_ws_castaround",
    "SampleInfo": [],
    "HasChangeFlag": 0
  }
}