{
  "1": {
    "Id": 1,
    "IntervalLevel": [],
    "LevelWeight": [
      [
        0,
        100
      ],
      [
        1,
        150
      ],
      [
        2,
        200
      ],
      [
        3,
        300
      ],
      [
        4,
        400
      ],
      [
        5,
        990
      ]
    ]
  },
  "2": {
    "Id": 2,
    "IntervalLevel": [
      10,
      19
    ],
    "LevelWeight": [
      [
        0,
        80
      ],
      [
        1,
        90
      ],
      [
        2,
        100
      ],
      [
        3,
        120
      ],
      [
        4,
        190
      ],
      [
        5,
        990
      ]
    ]
  },
  "3": {
    "Id": 3,
    "IntervalLevel": [
      20,
      29
    ],
    "LevelWeight": [
      [
        0,
        30
      ],
      [
        1,
        50
      ],
      [
        2,
        60
      ],
      [
        3,
        90
      ],
      [
        4,
        190
      ],
      [
        5,
        990
      ]
    ]
  },
  "4": {
    "Id": 4,
    "IntervalLevel": [
      30,
      39
    ],
    "LevelWeight": [
      [
        0,
        20
      ],
      [
        1,
        30
      ],
      [
        2,
        40
      ],
      [
        3,
        90
      ],
      [
        4,
        190
      ],
      [
        5,
        990
      ]
    ]
  },
  "5": {
    "Id": 5,
    "IntervalLevel": [
      40,
      999
    ],
    "LevelWeight": [
      [
        0,
        10
      ],
      [
        1,
        10
      ],
      [
        2,
        40
      ],
      [
        3,
        90
      ],
      [
        4,
        190
      ],
      [
        5,
        990
      ]
    ]
  }
}