{
  "1": {
    "Id": 1,
    "Name": "Volume",
    "SystemId": 100203,
    "TypesId": 10021,
    "OperateType": 4,
    "DescribeKey": "DefaultTotalVolume",
    "Des": "默认总音量百分比",
    "Value": "100",
    "DataStorage": 0,
    "Link": ""
  },
  "2": {
    "Id": 2,
    "Name": "Background music",
    "SystemId": 100203,
    "TypesId": 10021,
    "OperateType": 4,
    "DescribeKey": "DefaultBackgroundMusic",
    "Des": "默认背景音乐百分比",
    "Value": "100",
    "DataStorage": 0,
    "Link": ""
  },
  "3": {
    "Id": 3,
    "Name": "Sound effects",
    "SystemId": 100203,
    "TypesId": 10021,
    "OperateType": 4,
    "DescribeKey": "DefaultSystemVoice",
    "Des": "默认系统音效百分比",
    "Value": "100",
    "DataStorage": 0,
    "Link": ""
  },
  "4": {
    "Id": 4,
    "Name": "Game voice",
    "SystemId": 100203,
    "TypesId": 10021,
    "OperateType": 4,
    "DescribeKey": "DefaultNPCVoice",
    "Des": "默认NPC对白百分比",
    "Value": "100",
    "DataStorage": 0,
    "Link": ""
  },
  "5": {
    "Id": 5,
    "Name": "Interface effects",
    "SystemId": 100203,
    "TypesId": 10021,
    "OperateType": 4,
    "DescribeKey": "DefaultUIMusic",
    "Des": "默认UI音效百分比",
    "Value": "100",
    "DataStorage": 0,
    "Link": ""
  },
  "6": {
    "Id": 6,
    "Name": "Exit",
    "SystemId": 100210,
    "TypesId": 10041,
    "OperateType": 1,
    "DescribeKey": "",
    "Des": "",
    "Value": "0",
    "DataStorage": -1,
    "Link": "1=100210"
  },
  "7": {
    "Id": 7,
    "Name": "Display in Party Hub",
    "SystemId": 101002,
    "TypesId": 0,
    "OperateType": 5,
    "DescribeKey": "TeamDefaultShow",
    "Des": "是否显示在组队大厅，默认值配置（0为默认勾选，1为不勾选）",
    "Value": "0",
    "DataStorage": 99,
    "Link": ""
  },
  "8": {
    "Id": 8,
    "Name": "Enable auto-matching",
    "SystemId": 101002,
    "TypesId": 0,
    "OperateType": 5,
    "DescribeKey": "SingleDefaultMatchOFF",
    "Des": "没有队伍时，是否开启自动匹配默认值配置（0为默认勾选，1为不勾选）",
    "Value": "0",
    "DataStorage": 99,
    "Link": ""
  },
  "9": {
    "Id": 9,
    "Name": "Enable auto-matching",
    "SystemId": 101002,
    "TypesId": 0,
    "OperateType": 5,
    "DescribeKey": "TeamDefaultMatchOFF",
    "Des": "有队伍为队长时，是否开启自动匹配默认值配置（0为默认勾选，1为不勾选）",
    "Value": "0",
    "DataStorage": 99,
    "Link": ""
  },
  "10": {
    "Id": 10,
    "Name": "Willing to be the captain",
    "SystemId": 101002,
    "TypesId": 0,
    "OperateType": 5,
    "DescribeKey": "TeamCaptainOFF",
    "Des": "是否愿意成为队长，默认值配置（0为默认勾选，1为不勾选）",
    "Value": "0",
    "DataStorage": 99,
    "Link": ""
  },
  "11": {
    "Id": 11,
    "Name": "Accept team invitations when in a team",
    "SystemId": 101002,
    "TypesId": 0,
    "OperateType": 5,
    "DescribeKey": "TeamApplyDefaultOFF",
    "Des": "有队伍时，是否接受入队邀请，默认值配置（0为默认勾选，1为不勾选）",
    "Value": "0",
    "DataStorage": 99,
    "Link": ""
  },
  "12": {
    "Id": 12,
    "Name": "Other players' sound effects",
    "SystemId": 100203,
    "TypesId": 10021,
    "OperateType": 4,
    "DescribeKey": "DefaultOthereVoice",
    "Des": "默认其他玩家音量百分比",
    "Value": "100",
    "DataStorage": 0,
    "Link": ""
  },
  "13": {
    "Id": 13,
    "Name": "Player voice receive volume",
    "SystemId": 100203,
    "TypesId": 10021,
    "OperateType": 4,
    "DescribeKey": "DefaultVoipVolume",
    "Des": "默认组队语音收听其他玩家音量百分比",
    "Value": "100",
    "DataStorage": 0,
    "Link": ""
  },
  "14": {
    "Id": 14,
    "Name": "Player voice send volume",
    "SystemId": 100203,
    "TypesId": 10021,
    "OperateType": 4,
    "DescribeKey": "DefaultMicrophoneVolume",
    "Des": "默认组队语音发送自己音量百分比",
    "Value": "100",
    "DataStorage": 0,
    "Link": ""
  },
  "101": {
    "Id": 101,
    "Name": "Chat channel - General settings",
    "SystemId": 102101,
    "TypesId": 0,
    "OperateType": 0,
    "DescribeKey": "",
    "Des": "主界面显示=语音默认显示=弹幕默认显示=综合频道默认选中频道|（0不勾选，1勾选，-1不显示选项，默认选中频道填写频道ID）",
    "Value": "-1=0=0=1,2,3,4,99",
    "DataStorage": 99,
    "Link": ""
  },
  "102": {
    "Id": 102,
    "Name": "Chat channel - World settings",
    "SystemId": 102102,
    "TypesId": 0,
    "OperateType": 0,
    "DescribeKey": "",
    "Des": "主界面显示=语音默认显示=弹幕默认显示",
    "Value": "1=0=0",
    "DataStorage": 99,
    "Link": ""
  },
  "103": {
    "Id": 103,
    "Name": "Chat channel - Current settings",
    "SystemId": 102103,
    "TypesId": 0,
    "OperateType": 0,
    "DescribeKey": "",
    "Des": "主界面显示=语音默认显示=弹幕默认显示",
    "Value": "1=0=0",
    "DataStorage": 99,
    "Link": ""
  },
  "104": {
    "Id": 104,
    "Name": "Chat channel - Team settings",
    "SystemId": 102104,
    "TypesId": 0,
    "OperateType": 0,
    "DescribeKey": "",
    "Des": "主界面显示=语音默认显示=弹幕默认显示",
    "Value": "1=0=1",
    "DataStorage": 99,
    "Link": ""
  },
  "105": {
    "Id": 105,
    "Name": "Chat channel - Guild settings",
    "SystemId": 102105,
    "TypesId": 0,
    "OperateType": 0,
    "DescribeKey": "",
    "Des": "主界面显示=语音默认显示=弹幕默认显示",
    "Value": "1=0=0",
    "DataStorage": 99,
    "Link": ""
  },
  "106": {
    "Id": 106,
    "Name": "Chat channel - System settings",
    "SystemId": 102199,
    "TypesId": 0,
    "OperateType": 0,
    "DescribeKey": "",
    "Des": "主界面显示=语音默认显示=弹幕默认显示",
    "Value": "0=0=0",
    "DataStorage": 99,
    "Link": ""
  },
  "107": {
    "Id": 107,
    "Name": "Chat channel - Bullet screen display",
    "SystemId": 102197,
    "TypesId": 0,
    "OperateType": 0,
    "DescribeKey": "",
    "Des": "字号区间值,默认值=透明度区间值,默认值=移动速度默认选中",
    "Value": "24,36,30=0,100,60=2",
    "DataStorage": 99,
    "Link": ""
  },
  "108": {
    "Id": 108,
    "Name": "Chat channel - Information filtering general settings",
    "SystemId": 102198,
    "TypesId": 0,
    "OperateType": 0,
    "DescribeKey": "",
    "Des": "生体元等级默认值，最小值和最大值程序取PlayLevelTable的",
    "Value": "1",
    "DataStorage": 99,
    "Link": ""
  },
  "201": {
    "Id": 201,
    "Name": "Appearance settings",
    "SystemId": 101102,
    "TypesId": 0,
    "OperateType": 0,
    "DescribeKey": "",
    "Des": "上衣&套装显示=下装显示=护手显示=鞋子显示=头饰显示=面饰显示=嘴饰显示=尾饰显示=耳饰显示=项链显示=戒指显示",
    "Value": "1=1=1=1=1=1=1=1=1=1=1",
    "DataStorage": 99,
    "Link": ""
  },
  "1001": {
    "Id": 1001,
    "Name": "Target lock settings",
    "SystemId": 100202,
    "TypesId": 20011,
    "OperateType": 5,
    "DescribeKey": "TargetLockOFF",
    "Des": "目标锁定设定（1为开启，0为关闭）",
    "Value": "1",
    "DataStorage": 99,
    "Link": ""
  },
  "1003": {
    "Id": 1003,
    "Name": "Direction",
    "SystemId": 333333,
    "TypesId": 0,
    "OperateType": 0,
    "DescribeKey": "GlideParamDirection",
    "Des": "方向控制（1为遥杆控制，2为镜头控制）",
    "Value": "1",
    "DataStorage": 99,
    "Link": ""
  },
  "1004": {
    "Id": 1004,
    "Name": "Dive control",
    "SystemId": 333333,
    "TypesId": 0,
    "OperateType": 0,
    "DescribeKey": "GlideParamDive",
    "Des": "俯冲控制（1为遥杆向前，2为遥杆向后）",
    "Value": "1",
    "DataStorage": 99,
    "Link": ""
  },
  "1005": {
    "Id": 1005,
    "Name": "Camera horizontal sensitivity",
    "SystemId": 100202,
    "TypesId": 0,
    "OperateType": 0,
    "DescribeKey": "CameraHorizontalSensitivityRange",
    "Des": "镜头水平灵敏度（默认档位）",
    "Value": "3",
    "DataStorage": 3,
    "Link": ""
  },
  "1006": {
    "Id": 1006,
    "Name": "Camera vertical sensitivity",
    "SystemId": 100202,
    "TypesId": 0,
    "OperateType": 0,
    "DescribeKey": "CameraVerticalSensitivityRange",
    "Des": "镜头垂直灵敏度（默认档位）",
    "Value": "3",
    "DataStorage": 3,
    "Link": ""
  },
  "1007": {
    "Id": 1007,
    "Name": "Distance correction during combat",
    "SystemId": 100202,
    "TypesId": 0,
    "OperateType": 0,
    "DescribeKey": "BattleZoomCorrection",
    "Des": "进战时视距补正（pc=手柄=移动）",
    "Value": "0=0=1",
    "DataStorage": 3,
    "Link": ""
  },
  "1008": {
    "Id": 1008,
    "Name": "Pitch Angle Correction in Combat",
    "SystemId": 100202,
    "TypesId": 0,
    "OperateType": 0,
    "DescribeKey": "BattlePitchAngleCorrection",
    "Des": "进战时俯仰角补正（pc=手柄=移动）",
    "Value": "0=0=1",
    "DataStorage": 3,
    "Link": ""
  },
  "1009": {
    "Id": 1009,
    "Name": "View Distance Correction while Moving",
    "SystemId": 100202,
    "TypesId": 0,
    "OperateType": 0,
    "DescribeKey": "ZoomCorrection",
    "Des": "移动时视距补正（pc=手柄=移动）",
    "Value": "0=0=1",
    "DataStorage": 3,
    "Link": ""
  },
  "1010": {
    "Id": 1010,
    "Name": "Pitch Angle Correction while Moving",
    "SystemId": 100202,
    "TypesId": 0,
    "OperateType": 0,
    "DescribeKey": "PitchAngleCorrection",
    "Des": "移动时俯仰角补正（pc=手柄=移动）",
    "Value": "0=0=1",
    "DataStorage": 3,
    "Link": ""
  },
  "1011": {
    "Id": 1011,
    "Name": "Display Skill Brief Description",
    "SystemId": 100202,
    "TypesId": 0,
    "OperateType": 0,
    "DescribeKey": "SkillLabelShow",
    "Des": "技能简要功能说明标签是否打开",
    "Value": "1",
    "DataStorage": 0,
    "Link": ""
  },
  "1012": {
    "Id": 1012,
    "Name": "Auto Battle Switch",
    "SystemId": 100202,
    "TypesId": 0,
    "OperateType": 0,
    "DescribeKey": "AutoBattle",
    "Des": "自动战斗开关",
    "Value": "0",
    "DataStorage": 3,
    "Link": ""
  },
  "1013": {
    "Id": 1013,
    "Name": "Prioritize Target Selection by Camera Orientation",
    "SystemId": 100202,
    "TypesId": 0,
    "OperateType": 0,
    "DescribeKey": "IsCameraDirectionFirst",
    "Des": "是否优先相机朝向",
    "Value": "1",
    "DataStorage": 99,
    "Link": ""
  },
  "1014": {
    "Id": 1014,
    "Name": "Camera Shake",
    "SystemId": 0,
    "TypesId": 0,
    "OperateType": 0,
    "DescribeKey": "CameraShake",
    "Des": "相机震屏（1为开启，0为关闭）",
    "Value": "1",
    "DataStorage": 99,
    "Link": ""
  },
  "1015": {
    "Id": 1015,
    "Name": "Pulse Shake",
    "SystemId": 0,
    "TypesId": 0,
    "OperateType": 0,
    "DescribeKey": "FightShake",
    "Des": "脉冲震屏（1为开启，0为关闭）",
    "Value": "1",
    "DataStorage": 99,
    "Link": ""
  },
  "1016": {
    "Id": 1016,
    "Name": "Free Cast Mode",
    "SystemId": 0,
    "TypesId": 0,
    "OperateType": 0,
    "DescribeKey": "SkillController",
    "Des": "自由施法（双轮盘）开关（1为开启，0为关闭）",
    "Value": "0",
    "DataStorage": 3,
    "Link": ""
  },
  "1017": {
    "Id": 1017,
    "Name": "Auto Camera Follow While Moving",
    "SystemId": 100202,
    "TypesId": 0,
    "OperateType": 0,
    "DescribeKey": "",
    "Des": "移动时触发转角补正（pc=手柄=移动）",
    "Value": "0=1=1",
    "DataStorage": 3,
    "Link": ""
  },
  "1018": {
    "Id": 1018,
    "Name": "Camera Zoom Adjustment on Skill Cast",
    "SystemId": 100202,
    "TypesId": 0,
    "OperateType": 0,
    "DescribeKey": "",
    "Des": "释放技能时Zoom补正（pc=手柄=移动）",
    "Value": "0=0=1",
    "DataStorage": 3,
    "Link": ""
  },
  "1019": {
    "Id": 1019,
    "Name": "Camera Facing Adjustment on Skill Cast",
    "SystemId": 100202,
    "TypesId": 0,
    "OperateType": 0,
    "DescribeKey": "",
    "Des": "释放技能时转角补正（pc=手柄=移动）",
    "Value": "0=1=1",
    "DataStorage": 3,
    "Link": ""
  },
  "1020": {
    "Id": 1020,
    "Name": "Camera Zoom Adjustment on Target Lock",
    "SystemId": 100202,
    "TypesId": 0,
    "OperateType": 0,
    "DescribeKey": "",
    "Des": "索敌Zoom补正（pc=手柄=移动）",
    "Value": "0=0=1",
    "DataStorage": 3,
    "Link": ""
  },
  "1021": {
    "Id": 1021,
    "Name": "Skill Camera Movement",
    "SystemId": 100202,
    "TypesId": 0,
    "OperateType": 0,
    "DescribeKey": "",
    "Des": "相机偏移/相机Fov（PC:0默认关，1默认开 = 移动:0默认关，1默认开）",
    "Value": "1=0",
    "DataStorage": 3,
    "Link": ""
  },
  "1022": {
    "Id": 1022,
    "Name": "Extended Max Camera Distance During Combat",
    "SystemId": 100202,
    "TypesId": 0,
    "OperateType": 0,
    "DescribeKey": "",
    "Des": "进入/退出战斗状态Zoom补正（pc=手柄=移动）",
    "Value": "1=1=1",
    "DataStorage": 3,
    "Link": ""
  },
  "1023": {
    "Id": 1023,
    "Name": "Allow mouse to move outside window",
    "SystemId": 0,
    "TypesId": 0,
    "OperateType": 5,
    "DescribeKey": "",
    "Des": "",
    "Value": "1",
    "DataStorage": 0,
    "Link": ""
  },
  "1024": {
    "Id": 1024,
    "Name": "Free casting operation mode",
    "SystemId": 0,
    "TypesId": 0,
    "OperateType": 0,
    "DescribeKey": "SkillControllerPcUp",
    "Des": "自由施法方式（1为点击释放，2为松手释放）",
    "Value": "2",
    "DataStorage": 3,
    "Link": ""
  },
  "1025": {
    "Id": 1025,
    "Name": "Glide Effect",
    "SystemId": 0,
    "TypesId": 0,
    "OperateType": 0,
    "DescribeKey": "SetCameraInertia",
    "Des": "相机滑屏缓动",
    "Value": "1",
    "DataStorage": 3,
    "Link": ""
  },
  "1026": {
    "Id": 1026,
    "Name": "Horizontal Sensitivity",
    "SystemId": 100202,
    "TypesId": 0,
    "OperateType": 0,
    "DescribeKey": "CameraHorizontalSensitivityRangeHandle",
    "Des": "手柄镜头水平灵敏度（默认档位）",
    "Value": "10",
    "DataStorage": 3,
    "Link": ""
  },
  "1027": {
    "Id": 1027,
    "Name": "Vertical Sensitivity",
    "SystemId": 100202,
    "TypesId": 0,
    "OperateType": 0,
    "DescribeKey": "CameraVerticalSensitivityRangeHandle",
    "Des": "手柄镜头垂直灵敏度（默认档位）",
    "Value": "10",
    "DataStorage": 3,
    "Link": ""
  },
  "1028": {
    "Id": 1028,
    "Name": "Cursor Speed",
    "SystemId": 0,
    "TypesId": 0,
    "OperateType": 0,
    "DescribeKey": "MouseSpeedHandle",
    "Des": "手柄光标速度手柄",
    "Value": "4",
    "DataStorage": 3,
    "Link": ""
  },
  "1029": {
    "Id": 1029,
    "Name": "Camera Panning Smoothness Buffer",
    "SystemId": 100202,
    "TypesId": 0,
    "OperateType": 0,
    "DescribeKey": "SetCameraInertiaCache",
    "Des": "相机滑屏缓动缓存",
    "Value": "1",
    "DataStorage": 3,
    "Link": ""
  },
  "2001": {
    "Id": 2001,
    "Name": "Key Display Prompt on PC",
    "SystemId": 100208,
    "TypesId": 0,
    "OperateType": 5,
    "DescribeKey": "SetKeyBoardDefaultOFF",
    "Des": "Pc端键位显示提示默认开关（1为显示，0为不显示）",
    "Value": "1",
    "DataStorage": 3,
    "Link": ""
  },
  "2002": {
    "Id": 2002,
    "Name": "Display Mode",
    "SystemId": 100208,
    "TypesId": 0,
    "OperateType": 0,
    "DescribeKey": "ResolutionDefaultType",
    "Des": "PC端默认显示的分辨率是哪个（仅显示用）",
    "Value": "2560=1440=1",
    "DataStorage": 0,
    "Link": ""
  },
  "3001": {
    "Id": 3001,
    "Name": "Self Special Effects Visibility",
    "SystemId": 100203,
    "TypesId": 10022,
    "OperateType": 6,
    "DescribeKey": "DefaultSelfSpecialEffect",
    "Des": "自身特效LOD等级（PC:流畅=清晰=高清=极致 | 移动:流畅=清晰=高清=极致）\r\n平台特效等级定义(PC:-1关闭，0极简，2普通，4精致)(移动：-1关闭，0极简，1普通，3精致)",
    "Value": "2=2=4=4|0=1=3=3",
    "DataStorage": 0,
    "Link": ""
  },
  "3002": {
    "Id": 3002,
    "Name": "Enemy Special Effects Visibility",
    "SystemId": 100203,
    "TypesId": 10022,
    "OperateType": 6,
    "DescribeKey": "DefaultEnemySpecialEffect",
    "Des": "敌方特效LOD等级（PC:(-1关闭，0极简，2普通，4精致) =手机: (-1关闭，0极简，1普通，3精致)）",
    "Value": "2=2=4=4|0=1=3=3",
    "DataStorage": 0,
    "Link": ""
  },
  "3003": {
    "Id": 3003,
    "Name": "Ally Special Effects Visibility",
    "SystemId": 100203,
    "TypesId": 10022,
    "OperateType": 6,
    "DescribeKey": "DefaultFriendlySpecialEffect",
    "Des": "队友特效LOD等级（PC:(-1关闭，0极简，2普通，4精致) = 手机:(-1关闭，0极简，1普通，3精致)）",
    "Value": "0=0=2=2|0=0=1=1",
    "DataStorage": 0,
    "Link": ""
  },
  "3004": {
    "Id": 3004,
    "Name": "Other Friendly Special Effects Visibility",
    "SystemId": 100203,
    "TypesId": 10022,
    "OperateType": 6,
    "DescribeKey": "DefaultOtherFriendlySpecialEffect",
    "Des": "其他友方特效LOD等级（PC:(-1关闭，0极简，2普通，4精致) = 手机:(-1关闭，0极简，1普通，3精致)）",
    "Value": "0=0=0=2|0=0=0=1",
    "DataStorage": 0,
    "Link": ""
  },
  "3005": {
    "Id": 3005,
    "Name": "Visibility of Other Effects",
    "SystemId": 100203,
    "TypesId": 10022,
    "OperateType": 6,
    "DescribeKey": "DefaultOtherEffect",
    "Des": "其他特效LOD等级（PC:(-1关闭，0极简，2普通，4精致) = 手机:(-1关闭，0极简，1普通，3精致)）",
    "Value": "0=2=2=4|0=1=1=3",
    "DataStorage": 0,
    "Link": ""
  },
  "3010": {
    "Id": 3010,
    "Name": "HUD Floating Text Off",
    "SystemId": 0,
    "TypesId": 0,
    "OperateType": 0,
    "DescribeKey": "",
    "Des": "伤害数字显示",
    "Value": "0",
    "DataStorage": 0,
    "Link": ""
  },
  "3011": {
    "Id": 3011,
    "Name": "HUD Floating Text Minimal",
    "SystemId": 0,
    "TypesId": 0,
    "OperateType": 0,
    "DescribeKey": "",
    "Des": "跳字简约模式",
    "Value": "0",
    "DataStorage": 0,
    "Link": ""
  },
  "4001": {
    "Id": 4001,
    "Name": "Display Weapons Only in Combat State",
    "SystemId": 0,
    "TypesId": 0,
    "OperateType": 0,
    "DescribeKey": "WeaponDisplay",
    "Des": "仅在战斗状态时显示武器（1为开启，0为关闭）",
    "Value": "0",
    "DataStorage": 3,
    "Link": ""
  },
  "4002": {
    "Id": 4002,
    "Name": "My overhead info",
    "SystemId": 0,
    "TypesId": 0,
    "OperateType": 0,
    "DescribeKey": "PlayerHeadInformation",
    "Des": "自己头顶信息（A=1,B=0，A为1=名字，2=称号，3 = 功能相关信息，1为开启，0为关闭）",
    "Value": "1=0,2=0",
    "DataStorage": 3,
    "Link": ""
  },
  "4003": {
    "Id": 4003,
    "Name": "Other players' overhead info",
    "SystemId": 0,
    "TypesId": 0,
    "OperateType": 0,
    "DescribeKey": "OtherPlayerHeadInformation",
    "Des": "其他玩家头顶信息（A=1,B=0，A为1=名字，2=称号，3 = 功能相关信息，1为开启，0为关闭）",
    "Value": "1=1,2=1",
    "DataStorage": 3,
    "Link": ""
  },
  "4004": {
    "Id": 4004,
    "Name": "Non-players' overhead info",
    "SystemId": 0,
    "TypesId": 0,
    "OperateType": 0,
    "DescribeKey": "NPCPlayerHeadInformation",
    "Des": "NPC头顶信息（A=1,B=0，A为1=名字，2=称号，3 = 功能相关信息，1为开启，0为关闭）",
    "Value": "1=1,3=1",
    "DataStorage": 3,
    "Link": ""
  },
  "4005": {
    "Id": 4005,
    "Name": "Quest assist connection",
    "SystemId": 0,
    "TypesId": 0,
    "OperateType": 0,
    "DescribeKey": "",
    "Des": "任务目标为NPC时，玩家与NPC之间的连线",
    "Value": "1",
    "DataStorage": 3,
    "Link": ""
  },
  "5000": {
    "Id": 5000,
    "Name": "Toy Visible",
    "SystemId": 0,
    "TypesId": 0,
    "OperateType": 0,
    "DescribeKey": "",
    "Des": "可见度：0，1，2",
    "Value": "0",
    "DataStorage": 99,
    "Link": ""
  },
  "6000": {
    "Id": 6000,
    "Name": "Graphics Quality",
    "SystemId": 0,
    "TypesId": 0,
    "OperateType": 0,
    "DescribeKey": "ImageQuality",
    "Des": "图像质量设置",
    "Value": "",
    "DataStorage": 0,
    "Link": ""
  },
  "6001": {
    "Id": 6001,
    "Name": "Graphics Custom Settings",
    "SystemId": 0,
    "TypesId": 0,
    "OperateType": 0,
    "DescribeKey": "ImageCustomization",
    "Des": "图像自定义设置存储数据",
    "Value": "",
    "DataStorage": 0,
    "Link": ""
  },
  "6002": {
    "Id": 6002,
    "Name": "Graphics Settings Version",
    "SystemId": 0,
    "TypesId": 0,
    "OperateType": 0,
    "DescribeKey": "ImageSettingVersion",
    "Des": "图像设置版本数据",
    "Value": "",
    "DataStorage": 0,
    "Link": ""
  }
}