{
  "1010101": {
    "SKillLevelId": 1010101,
    "ActionArray": [],
    "EventArray": [
      101010103
    ],
    "EffectArray": [
      101010102,
      101010101
    ],
    "CameraArray": [],
    "MaterialArray": [],
    "AudioArray": [],
    "BulletArray": [],
    "TimeScaleArray": []
  },
  "1010102": {
    "SKillLevelId": 1010102,
    "ActionArray": [
      101010201
    ],
    "EventArray": [],
    "EffectArray": [
      101010201
    ],
    "CameraArray": [
      101010201,
      101010202
    ],
    "MaterialArray": [
      101010201
    ],
    "AudioArray": [],
    "BulletArray": [],
    "TimeScaleArray": []
  },
  "1011101": {
    "SKillLevelId": 1011101,
    "ActionArray": [
      101110101,
      101110102
    ],
    "EventArray": [
      101110101
    ],
    "EffectArray": [
      101110101,
      101110102
    ],
    "CameraArray": [],
    "MaterialArray": [],
    "AudioArray": [],
    "BulletArray": [],
    "TimeScaleArray": []
  },
  "1012101": {
    "SKillLevelId": 1012101,
    "ActionArray": [
      101210101,
      101210102
    ],
    "EventArray": [
      101210101
    ],
    "EffectArray": [
      101210101,
      101210102
    ],
    "CameraArray": [],
    "MaterialArray": [],
    "AudioArray": [],
    "BulletArray": [],
    "TimeScaleArray": []
  },
  "1013101": {
    "SKillLevelId": 1013101,
    "ActionArray": [
      101310101,
      101310102
    ],
    "EventArray": [
      101310101
    ],
    "EffectArray": [
      101310101,
      101310102
    ],
    "CameraArray": [],
    "MaterialArray": [],
    "AudioArray": [],
    "BulletArray": [],
    "TimeScaleArray": []
  },
  "1000001": {
    "SKillLevelId": 1000001,
    "ActionArray": [
      100000101,
      100000102,
      100000103,
      100000104,
      100000105,
      100000106
    ],
    "EventArray": [
      100000101,
      100000102
    ],
    "EffectArray": [
      100000101,
      100000102,
      100000103,
      100000104
    ],
    "CameraArray": [],
    "MaterialArray": [],
    "AudioArray": [],
    "BulletArray": [],
    "TimeScaleArray": []
  },
  "110101": {
    "SKillLevelId": 110101,
    "ActionArray": [
      11010101,
      11010103
    ],
    "EventArray": [
      11010102
    ],
    "EffectArray": [
      11010103,
      11010104
    ],
    "CameraArray": [
      11010102
    ],
    "MaterialArray": [],
    "AudioArray": [
      11010101,
      11010102
    ],
    "BulletArray": [],
    "TimeScaleArray": []
  },
  "110301": {
    "SKillLevelId": 110301,
    "ActionArray": [
      11030101,
      11030103
    ],
    "EventArray": [
      11030101
    ],
    "EffectArray": [
      11030101,
      11030102,
      11030103
    ],
    "CameraArray": [
      11030101
    ],
    "MaterialArray": [
      11030101
    ],
    "AudioArray": [
      11030101,
      11030102
    ],
    "BulletArray": [],
    "TimeScaleArray": []
  },
  "110401": {
    "SKillLevelId": 110401,
    "ActionArray": [
      11040101,
      11040103
    ],
    "EventArray": [
      11040101
    ],
    "EffectArray": [
      11040101,
      11040103
    ],
    "CameraArray": [
      11040101,
      11040103
    ],
    "MaterialArray": [],
    "AudioArray": [
      11040101,
      11040102
    ],
    "BulletArray": [],
    "TimeScaleArray": []
  },
  "10000101": {
    "SKillLevelId": 10000101,
    "ActionArray": [
      1000010101,
      1000010102
    ],
    "EventArray": [],
    "EffectArray": [],
    "CameraArray": [],
    "MaterialArray": [],
    "AudioArray": [],
    "BulletArray": [],
    "TimeScaleArray": []
  },
  "110501": {
    "SKillLevelId": 110501,
    "ActionArray": [
      11050102,
      11050104
    ],
    "EventArray": [
      11050102
    ],
    "EffectArray": [
      11050102,
      11050104
    ],
    "CameraArray": [
      11050102
    ],
    "MaterialArray": [],
    "AudioArray": [
      11050102,
      11050101
    ],
    "BulletArray": [],
    "TimeScaleArray": []
  },
  "110601": {
    "SKillLevelId": 110601,
    "ActionArray": [
      11060102,
      11060104
    ],
    "EventArray": [
      11060102
    ],
    "EffectArray": [
      11060102,
      11060104
    ],
    "CameraArray": [
      11060102
    ],
    "MaterialArray": [],
    "AudioArray": [
      11060102,
      11060101
    ],
    "BulletArray": [],
    "TimeScaleArray": []
  },
  "110701": {
    "SKillLevelId": 110701,
    "ActionArray": [
      11070101,
      11070103
    ],
    "EventArray": [
      11070101
    ],
    "EffectArray": [
      11070101,
      11070102,
      11070103
    ],
    "CameraArray": [
      11070101
    ],
    "MaterialArray": [
      11070101
    ],
    "AudioArray": [
      11070101,
      11070102
    ],
    "BulletArray": [],
    "TimeScaleArray": []
  },
  "110801": {
    "SKillLevelId": 110801,
    "ActionArray": [
      11080101,
      11080102,
      11080104,
      11080106
    ],
    "EventArray": [
      11080101,
      11080102
    ],
    "EffectArray": [
      11080102,
      11080103,
      11080101,
      11080104,
      11080105
    ],
    "CameraArray": [
      11080101,
      11080102
    ],
    "MaterialArray": [],
    "AudioArray": [
      11080101,
      11080102,
      11080104,
      11080103,
      11080105
    ],
    "BulletArray": [],
    "TimeScaleArray": []
  },
  "110901": {
    "SKillLevelId": 110901,
    "ActionArray": [
      11090101,
      11090104,
      11090105
    ],
    "EventArray": [
      11090101,
      11090102
    ],
    "EffectArray": [
      11090101,
      11090102,
      11090105,
      11090106
    ],
    "CameraArray": [
      11090101,
      11090102,
      11090103,
      11090104
    ],
    "MaterialArray": [],
    "AudioArray": [
      11090101,
      11090102,
      11090103,
      11090104
    ],
    "BulletArray": [],
    "TimeScaleArray": []
  },
  "111001": {
    "SKillLevelId": 111001,
    "ActionArray": [
      11100101,
      11100102
    ],
    "EventArray": [
      11100102
    ],
    "EffectArray": [
      11100101,
      11100102
    ],
    "CameraArray": [
      11100101,
      11100102
    ],
    "MaterialArray": [],
    "AudioArray": [
      11100101,
      11100102
    ],
    "BulletArray": [],
    "TimeScaleArray": []
  },
  "111101": {
    "SKillLevelId": 111101,
    "ActionArray": [
      11110101,
      11110103
    ],
    "EventArray": [
      11110102
    ],
    "EffectArray": [
      11110101,
      11110103
    ],
    "CameraArray": [
      11110102,
      11110107,
      11110101,
      11110103,
      11110104,
      11110105,
      11110106
    ],
    "MaterialArray": [
      11110101
    ],
    "AudioArray": [
      11110101,
      11110102
    ],
    "BulletArray": [],
    "TimeScaleArray": []
  },
  "111201": {
    "SKillLevelId": 111201,
    "ActionArray": [
      11120101,
      11120102,
      11120103,
      11120104
    ],
    "EventArray": [
      11120101,
      11120102,
      11120103
    ],
    "EffectArray": [
      11120101,
      11120102,
      11120103,
      11120104,
      11120105,
      11120106
    ],
    "CameraArray": [
      11120101,
      11120104,
      11120105,
      11120106
    ],
    "MaterialArray": [],
    "AudioArray": [
      11120101,
      11120102,
      11120103,
      11120104
    ],
    "BulletArray": [],
    "TimeScaleArray": []
  },
  "111301": {
    "SKillLevelId": 111301,
    "ActionArray": [
      11130103,
      11130101,
      11130102,
      11130105
    ],
    "EventArray": [
      11130104,
      11130105,
      11130106
    ],
    "EffectArray": [
      11130105,
      11130106,
      11130107,
      11130101,
      11130102,
      11130103
    ],
    "CameraArray": [
      11130102,
      11130103,
      11130104,
      11130105
    ],
    "MaterialArray": [
      11130101,
      11130102,
      11130103
    ],
    "AudioArray": [
      11130101,
      11130102,
      11130103,
      11130104
    ],
    "BulletArray": [
      11130101,
      11130102,
      11130103
    ],
    "TimeScaleArray": []
  },
  "111401": {
    "SKillLevelId": 111401,
    "ActionArray": [
      11140101,
      11140102
    ],
    "EventArray": [
      11140101
    ],
    "EffectArray": [
      11140101,
      11140102,
      11140103,
      11140104
    ],
    "CameraArray": [
      11140101,
      11140102,
      11140107,
      11140108,
      11140103,
      11140104,
      11140105
    ],
    "MaterialArray": [],
    "AudioArray": [
      11140101,
      11140102
    ],
    "BulletArray": [],
    "TimeScaleArray": []
  },
  "111501": {
    "SKillLevelId": 111501,
    "ActionArray": [
      11150101,
      11150103
    ],
    "EventArray": [
      11150102
    ],
    "EffectArray": [
      11150101,
      11150104,
      11150102,
      11150103,
      11150105
    ],
    "CameraArray": [
      11150103,
      11150101,
      11150105,
      11150106,
      11150108,
      11150109,
      11150102,
      11150110,
      11150111,
      11150112,
      11150104
    ],
    "MaterialArray": [
      11150101
    ],
    "AudioArray": [
      11150101,
      11150102
    ],
    "BulletArray": [],
    "TimeScaleArray": []
  },
  "111601": {
    "SKillLevelId": 111601,
    "ActionArray": [
      11160107,
      11160108,
      11160109,
      11160110,
      11160105,
      11160106
    ],
    "EventArray": [
      11160104,
      11160105,
      11160106
    ],
    "EffectArray": [
      11160107,
      11160108,
      11160109,
      11160102,
      11160103,
      11160104,
      11160101
    ],
    "CameraArray": [
      11160105,
      11160106,
      11160107,
      11160108
    ],
    "MaterialArray": [],
    "AudioArray": [
      11160101,
      11160102,
      11160103,
      11160104
    ],
    "BulletArray": [],
    "TimeScaleArray": []
  },
  "111701": {
    "SKillLevelId": 111701,
    "ActionArray": [
      11170101,
      11170102,
      11170109,
      11170104,
      11170108,
      11170105,
      11170106,
      11170107
    ],
    "EventArray": [
      11170101,
      11170103
    ],
    "EffectArray": [
      11170105,
      11170102,
      11170103,
      11170106,
      11170104,
      11170107
    ],
    "CameraArray": [
      11170103,
      11170104,
      11170101,
      11170102
    ],
    "MaterialArray": [],
    "AudioArray": [
      11170101,
      11170102,
      11170103
    ],
    "BulletArray": [],
    "TimeScaleArray": []
  },
  "111801": {
    "SKillLevelId": 111801,
    "ActionArray": [
      11180106,
      11180101,
      11180108,
      11180102,
      11180103,
      11180104,
      11180105,
      11180107
    ],
    "EventArray": [
      11180105,
      11180101,
      11180102,
      11180103,
      11180104
    ],
    "EffectArray": [
      11180110,
      11180108,
      11180101,
      11180102,
      11180103,
      11180104,
      11180105,
      11180109,
      11180111,
      11180106,
      11180107,
      11180113,
      11180114
    ],
    "CameraArray": [
      11180101,
      11180106,
      11180102,
      11180103,
      11180104,
      11180105
    ],
    "MaterialArray": [
      11180101,
      11180102,
      11180103,
      11180105,
      11180106
    ],
    "AudioArray": [
      11180101,
      11180102,
      11180103,
      11180104,
      11180105,
      11180106
    ],
    "BulletArray": [],
    "TimeScaleArray": []
  },
  "10080301": {
    "SKillLevelId": 10080301,
    "ActionArray": [
      1008030101,
      1008030102,
      1008030104,
      1008030103
    ],
    "EventArray": [
      1008030101
    ],
    "EffectArray": [
      1008030101,
      1008030102
    ],
    "CameraArray": [],
    "MaterialArray": [],
    "AudioArray": [
      1008030102,
      1008030101
    ],
    "BulletArray": [],
    "TimeScaleArray": []
  },
  "10090201": {
    "SKillLevelId": 10090201,
    "ActionArray": [
      1009020105,
      1009020106,
      1009020107,
      1009020101
    ],
    "EventArray": [
      1009020102
    ],
    "EffectArray": [
      1009020101,
      1009020104,
      1009020103
    ],
    "CameraArray": [],
    "MaterialArray": [],
    "AudioArray": [
      1009020101,
      1009020102,
      1009020103,
      1009020104,
      1009020105
    ],
    "BulletArray": [],
    "TimeScaleArray": []
  },
  "10080101": {
    "SKillLevelId": 10080101,
    "ActionArray": [
      1008010101,
      1008010103,
      1008010104
    ],
    "EventArray": [
      1008010101
    ],
    "EffectArray": [
      1008010101,
      1008010102
    ],
    "CameraArray": [],
    "MaterialArray": [],
    "AudioArray": [
      1008010102,
      1008010101
    ],
    "BulletArray": [],
    "TimeScaleArray": []
  },
  "10020101": {
    "SKillLevelId": 10020101,
    "ActionArray": [
      1002010103,
      1002010104,
      1002010105
    ],
    "EventArray": [
      1002010102
    ],
    "EffectArray": [
      1002010101,
      1002010103,
      1002010102
    ],
    "CameraArray": [],
    "MaterialArray": [],
    "AudioArray": [
      1002010101,
      1002010102
    ],
    "BulletArray": [],
    "TimeScaleArray": []
  },
  "10050101": {
    "SKillLevelId": 10050101,
    "ActionArray": [
      1005010101,
      1005010102,
      1005010103,
      1005010104
    ],
    "EventArray": [
      1005010101
    ],
    "EffectArray": [
      1005010101,
      1005010104,
      1005010105
    ],
    "CameraArray": [],
    "MaterialArray": [],
    "AudioArray": [
      1005010101,
      1005010102,
      1005010103
    ],
    "BulletArray": [
      1005010101
    ],
    "TimeScaleArray": []
  },
  "10060101": {
    "SKillLevelId": 10060101,
    "ActionArray": [
      1006010102,
      1006010105,
      1006010103,
      1006010107
    ],
    "EventArray": [
      1006010102
    ],
    "EffectArray": [
      1006010105,
      1006010104,
      1006010106
    ],
    "CameraArray": [],
    "MaterialArray": [],
    "AudioArray": [
      1006010101,
      1006010102,
      1006010103
    ],
    "BulletArray": [
      1006010102
    ],
    "TimeScaleArray": []
  },
  "10070201": {
    "SKillLevelId": 10070201,
    "ActionArray": [
      1007020101,
      1007020102
    ],
    "EventArray": [
      1007020101
    ],
    "EffectArray": [
      1007020101
    ],
    "CameraArray": [],
    "MaterialArray": [],
    "AudioArray": [
      1007020101,
      1007020102
    ],
    "BulletArray": [],
    "TimeScaleArray": []
  },
  "10010201": {
    "SKillLevelId": 10010201,
    "ActionArray": [
      1001020101,
      1001020103,
      1001020104
    ],
    "EventArray": [
      1001020101
    ],
    "EffectArray": [
      1001020103,
      1001020102
    ],
    "CameraArray": [],
    "MaterialArray": [],
    "AudioArray": [
      1001020101,
      1001020102
    ],
    "BulletArray": [
      1001020101
    ],
    "TimeScaleArray": []
  },
  "10020401": {
    "SKillLevelId": 10020401,
    "ActionArray": [
      1002040103,
      1002040107,
      1002040108,
      1002040109,
      1002040110,
      1002040111,
      1002040112
    ],
    "EventArray": [
      1002040103,
      1002040104,
      1002040105
    ],
    "EffectArray": [
      1002040104,
      1002040101,
      1002040105,
      1002040106,
      1002040107,
      1002040108,
      1002040102
    ],
    "CameraArray": [],
    "MaterialArray": [],
    "AudioArray": [
      1002040104,
      1002040101,
      1002040102,
      1002040103,
      1002040105
    ],
    "BulletArray": [],
    "TimeScaleArray": []
  },
  "10020301": {
    "SKillLevelId": 10020301,
    "ActionArray": [
      1002030103,
      1002030104,
      1002030105
    ],
    "EventArray": [
      1002030101
    ],
    "EffectArray": [
      1002030101,
      1002030102,
      1002030103
    ],
    "CameraArray": [],
    "MaterialArray": [],
    "AudioArray": [
      1002030101,
      1002030103,
      1002030102
    ],
    "BulletArray": [],
    "TimeScaleArray": []
  },
  "10030201": {
    "SKillLevelId": 10030201,
    "ActionArray": [
      1003020101,
      1003020104,
      1003020102,
      1003020103
    ],
    "EventArray": [
      1003020102,
      1003020101
    ],
    "EffectArray": [
      1003020103,
      1003020104,
      1003020101,
      1003020102
    ],
    "CameraArray": [],
    "MaterialArray": [],
    "AudioArray": [
      1003020101,
      1003020103,
      1003020102
    ],
    "BulletArray": [],
    "TimeScaleArray": []
  },
  "10030101": {
    "SKillLevelId": 10030101,
    "ActionArray": [
      1003010101,
      1003010102,
      1003010103
    ],
    "EventArray": [
      1003010101
    ],
    "EffectArray": [
      1003010101,
      1003010102
    ],
    "CameraArray": [],
    "MaterialArray": [],
    "AudioArray": [
      1003010101,
      1003010102
    ],
    "BulletArray": [],
    "TimeScaleArray": []
  },
  "10040101": {
    "SKillLevelId": 10040101,
    "ActionArray": [
      1004010101,
      1004010102,
      1004010103,
      1004010104
    ],
    "EventArray": [
      1004010101
    ],
    "EffectArray": [
      1004010101,
      1004010102
    ],
    "CameraArray": [],
    "MaterialArray": [],
    "AudioArray": [
      1004010102,
      1004010101
    ],
    "BulletArray": [],
    "TimeScaleArray": []
  },
  "10040201": {
    "SKillLevelId": 10040201,
    "ActionArray": [
      1004020101,
      1004020103,
      1004020102,
      1004020104
    ],
    "EventArray": [
      1004020103,
      1004020104
    ],
    "EffectArray": [
      1004020101,
      1004020102,
      1004020103,
      1004020104
    ],
    "CameraArray": [],
    "MaterialArray": [],
    "AudioArray": [
      1004020101,
      1004020103,
      1004020102
    ],
    "BulletArray": [],
    "TimeScaleArray": []
  },
  "10050201": {
    "SKillLevelId": 10050201,
    "ActionArray": [
      1005020101,
      1005020102,
      1005020103
    ],
    "EventArray": [
      1005020101
    ],
    "EffectArray": [
      1005020101
    ],
    "CameraArray": [],
    "MaterialArray": [],
    "AudioArray": [
      1005020101,
      1005020102,
      1005020103
    ],
    "BulletArray": [],
    "TimeScaleArray": []
  },
  "10060201": {
    "SKillLevelId": 10060201,
    "ActionArray": [
      1006020101,
      1006020105,
      1006020106
    ],
    "EventArray": [
      1006020101
    ],
    "EffectArray": [
      1006020101
    ],
    "CameraArray": [],
    "MaterialArray": [],
    "AudioArray": [
      1006020101,
      1006020102,
      1006020103
    ],
    "BulletArray": [],
    "TimeScaleArray": []
  },
  "10060301": {
    "SKillLevelId": 10060301,
    "ActionArray": [
      1006030104,
      1006030105,
      1006030106,
      1006030101
    ],
    "EventArray": [
      1006030101
    ],
    "EffectArray": [
      1006030101,
      1006030103,
      1006030102
    ],
    "CameraArray": [],
    "MaterialArray": [],
    "AudioArray": [
      1006030101,
      1006030102,
      1006030103
    ],
    "BulletArray": [
      1006030101
    ],
    "TimeScaleArray": []
  },
  "10070101": {
    "SKillLevelId": 10070101,
    "ActionArray": [
      1007010101,
      1007010102,
      1007010103
    ],
    "EventArray": [
      1007010101
    ],
    "EffectArray": [
      1007010101,
      1007010102
    ],
    "CameraArray": [],
    "MaterialArray": [],
    "AudioArray": [
      1007010101,
      1007010102
    ],
    "BulletArray": [
      1007010101
    ],
    "TimeScaleArray": []
  },
  "10080201": {
    "SKillLevelId": 10080201,
    "ActionArray": [
      1008020102,
      1008020103,
      1008020106,
      1008020104,
      1008020105
    ],
    "EventArray": [
      1008020101
    ],
    "EffectArray": [
      1008020101,
      1008020102,
      1008020103
    ],
    "CameraArray": [],
    "MaterialArray": [],
    "AudioArray": [
      1008020101,
      1008020105,
      1008020102,
      1008020103,
      1008020106,
      1008020104,
      1008020107
    ],
    "BulletArray": [],
    "TimeScaleArray": []
  },
  "10090101": {
    "SKillLevelId": 10090101,
    "ActionArray": [
      1009010102,
      1009010105,
      1009010106,
      1009010103,
      1009010104
    ],
    "EventArray": [
      1009010103,
      1009010102
    ],
    "EffectArray": [
      1009010101,
      1009010102,
      1009010103,
      1009010104
    ],
    "CameraArray": [],
    "MaterialArray": [],
    "AudioArray": [
      1009010103,
      1009010104,
      1009010101,
      1009010102
    ],
    "BulletArray": [],
    "TimeScaleArray": []
  },
  "10090301": {
    "SKillLevelId": 10090301,
    "ActionArray": [
      1009030101,
      1009030103,
      1009030105,
      1009030106
    ],
    "EventArray": [
      1009030102
    ],
    "EffectArray": [
      1009030103,
      1009030104
    ],
    "CameraArray": [],
    "MaterialArray": [],
    "AudioArray": [
      1009030102,
      1009030103
    ],
    "BulletArray": [],
    "TimeScaleArray": []
  },
  "10010101": {
    "SKillLevelId": 10010101,
    "ActionArray": [
      1001010103,
      1001010101,
      1001010102
    ],
    "EventArray": [
      1001010101
    ],
    "EffectArray": [
      1001010101,
      1001010102,
      1001010103
    ],
    "CameraArray": [],
    "MaterialArray": [],
    "AudioArray": [
      1001010102,
      1001010101
    ],
    "BulletArray": [],
    "TimeScaleArray": []
  },
  "10020201": {
    "SKillLevelId": 10020201,
    "ActionArray": [
      1002020105,
      1002020101,
      1002020102
    ],
    "EventArray": [
      1002020101
    ],
    "EffectArray": [
      1002020105,
      1002020101
    ],
    "CameraArray": [],
    "MaterialArray": [],
    "AudioArray": [
      1002020101,
      1002020102
    ],
    "BulletArray": [
      1002020101
    ],
    "TimeScaleArray": []
  },
  "10110101": {
    "SKillLevelId": 10110101,
    "ActionArray": [
      1011010101,
      1011010102,
      1011010104,
      1011010103
    ],
    "EventArray": [
      1011010101,
      1011010102
    ],
    "EffectArray": [
      1011010101,
      1011010102,
      1011010103,
      1011010104
    ],
    "CameraArray": [],
    "MaterialArray": [],
    "AudioArray": [],
    "BulletArray": [],
    "TimeScaleArray": []
  },
  "10110201": {
    "SKillLevelId": 10110201,
    "ActionArray": [
      1011020101,
      1011020102
    ],
    "EventArray": [
      1011020101
    ],
    "EffectArray": [
      1011020101,
      1011020102
    ],
    "CameraArray": [],
    "MaterialArray": [],
    "AudioArray": [],
    "BulletArray": [],
    "TimeScaleArray": []
  },
  "10120101": {
    "SKillLevelId": 10120101,
    "ActionArray": [
      1012010103,
      1012010104
    ],
    "EventArray": [
      1012010102
    ],
    "EffectArray": [
      1012010102,
      1012010101
    ],
    "CameraArray": [],
    "MaterialArray": [],
    "AudioArray": [
      1012010101
    ],
    "BulletArray": [],
    "TimeScaleArray": []
  },
  "10130101": {
    "SKillLevelId": 10130101,
    "ActionArray": [
      1013010102,
      1013010103,
      1013010104,
      1013010101
    ],
    "EventArray": [
      1013010101,
      1013010102
    ],
    "EffectArray": [
      1013010101,
      1013010102,
      1013010103,
      1013010104
    ],
    "CameraArray": [
      1013010101,
      1013010102,
      1013010103,
      1013010104
    ],
    "MaterialArray": [],
    "AudioArray": [
      1013010101,
      1013010102
    ],
    "BulletArray": [],
    "TimeScaleArray": []
  },
  "10100101": {
    "SKillLevelId": 10100101,
    "ActionArray": [
      1010010101,
      1010010102,
      1010010104
    ],
    "EventArray": [
      1010010101
    ],
    "EffectArray": [
      1010010101,
      1010010103,
      1010010102,
      1010010104
    ],
    "CameraArray": [],
    "MaterialArray": [],
    "AudioArray": [
      1010010101
    ],
    "BulletArray": [],
    "TimeScaleArray": []
  },
  "10130201": {
    "SKillLevelId": 10130201,
    "ActionArray": [
      1013020101,
      1013020102
    ],
    "EventArray": [
      1013020101
    ],
    "EffectArray": [
      1013020101,
      1013020102
    ],
    "CameraArray": [
      1013020101
    ],
    "MaterialArray": [],
    "AudioArray": [
      1013020101
    ],
    "BulletArray": [],
    "TimeScaleArray": []
  },
  "10130301": {
    "SKillLevelId": 10130301,
    "ActionArray": [
      1013030101,
      1013030102
    ],
    "EventArray": [
      1013030102
    ],
    "EffectArray": [
      1013030101,
      1013030102
    ],
    "CameraArray": [
      1013030101,
      1013030102
    ],
    "MaterialArray": [],
    "AudioArray": [
      1013030101
    ],
    "BulletArray": [],
    "TimeScaleArray": []
  },
  "10130401": {
    "SKillLevelId": 10130401,
    "ActionArray": [
      1013040101,
      1013040103
    ],
    "EventArray": [
      1013040102
    ],
    "EffectArray": [
      1013040103,
      1013040104
    ],
    "CameraArray": [
      1013040101,
      1013040102
    ],
    "MaterialArray": [],
    "AudioArray": [
      1013040101
    ],
    "BulletArray": [],
    "TimeScaleArray": []
  },
  "10130501": {
    "SKillLevelId": 10130501,
    "ActionArray": [
      1013050101,
      1013050102,
      1013050103
    ],
    "EventArray": [
      1013050101,
      1013050102
    ],
    "EffectArray": [
      1013050101,
      1013050103,
      1013050102,
      1013050104
    ],
    "CameraArray": [
      1013050101,
      1013050102,
      1013050103,
      1013050104
    ],
    "MaterialArray": [],
    "AudioArray": [
      1013050101
    ],
    "BulletArray": [],
    "TimeScaleArray": []
  },
  "10130601": {
    "SKillLevelId": 10130601,
    "ActionArray": [
      1013060101,
      1013060102
    ],
    "EventArray": [
      1013060101
    ],
    "EffectArray": [
      1013060101,
      1013060102
    ],
    "CameraArray": [
      1013060101,
      1013060102
    ],
    "MaterialArray": [],
    "AudioArray": [
      1013060101
    ],
    "BulletArray": [],
    "TimeScaleArray": []
  },
  "10130701": {
    "SKillLevelId": 10130701,
    "ActionArray": [
      1013070101,
      1013070102,
      1013070103,
      1013070105,
      1013070104
    ],
    "EventArray": [
      1013070101,
      1013070102
    ],
    "EffectArray": [
      1013070101,
      1013070102,
      1013070103
    ],
    "CameraArray": [
      1013070101
    ],
    "MaterialArray": [],
    "AudioArray": [
      1013070101
    ],
    "BulletArray": [],
    "TimeScaleArray": []
  },
  "10120201": {
    "SKillLevelId": 10120201,
    "ActionArray": [
      1012020101,
      1012020102,
      1012020103,
      1012020104,
      1012020105,
      1012020106,
      1012020107
    ],
    "EventArray": [
      1012020102,
      1012020101,
      1012020103,
      1012020104,
      1012020105,
      1012020106
    ],
    "EffectArray": [
      1012020107,
      1012020101,
      1012020103,
      1012020104,
      1012020105,
      1012020106,
      1012020102,
      1012020108,
      1012020109,
      1012020110,
      1012020111,
      1012020112
    ],
    "CameraArray": [],
    "MaterialArray": [],
    "AudioArray": [
      1012020101
    ],
    "BulletArray": [],
    "TimeScaleArray": []
  },
  "10120301": {
    "SKillLevelId": 10120301,
    "ActionArray": [
      1012030103,
      1012030104,
      1012030105,
      1012030106,
      1012030107,
      1012030108,
      1012030109,
      1012030110,
      1012030111,
      1012030112
    ],
    "EventArray": [
      1012030118,
      1012030119,
      1012030120,
      1012030121,
      1012030122,
      1012030123,
      1012030124,
      1012030125,
      1012030126
    ],
    "EffectArray": [
      1012030101,
      1012030104,
      1012030105,
      1012030106,
      1012030107,
      1012030108,
      1012030109,
      1012030110,
      1012030111,
      1012030112
    ],
    "CameraArray": [],
    "MaterialArray": [],
    "AudioArray": [
      1012030102
    ],
    "BulletArray": [],
    "TimeScaleArray": []
  },
  "10120601": {
    "SKillLevelId": 10120601,
    "ActionArray": [
      1012060101,
      1012060102,
      1012060103,
      1012060104,
      1012060105,
      1012060106
    ],
    "EventArray": [
      1012060101,
      1012060102,
      1012060103
    ],
    "EffectArray": [
      1012060101,
      1012060102,
      1012060103,
      1012060104,
      1012060107,
      1012060106
    ],
    "CameraArray": [],
    "MaterialArray": [],
    "AudioArray": [
      1012060101,
      1012060102,
      1012060103
    ],
    "BulletArray": [],
    "TimeScaleArray": []
  },
  "10120501": {
    "SKillLevelId": 10120501,
    "ActionArray": [
      1012050101,
      1012050102
    ],
    "EventArray": [
      1012050101
    ],
    "EffectArray": [
      1012050103,
      1012050102
    ],
    "CameraArray": [],
    "MaterialArray": [],
    "AudioArray": [
      1012050101
    ],
    "BulletArray": [],
    "TimeScaleArray": []
  },
  "10131601": {
    "SKillLevelId": 10131601,
    "ActionArray": [
      1013160101,
      1013160102
    ],
    "EventArray": [
      1013160101
    ],
    "EffectArray": [
      1013160101,
      1013160102
    ],
    "CameraArray": [],
    "MaterialArray": [],
    "AudioArray": [],
    "BulletArray": [],
    "TimeScaleArray": []
  },
  "10131301": {
    "SKillLevelId": 10131301,
    "ActionArray": [
      1013130101,
      1013130104,
      1013130102,
      1013130105,
      1013130106,
      1013130107,
      1013130108,
      1013130109,
      1013130110,
      1013130111,
      1013130112,
      1013130113,
      1013130114,
      1013130103
    ],
    "EventArray": [
      1013130101,
      1013130103,
      1013130102,
      1013130112,
      1013130113,
      1013130114,
      1013130115,
      1013130116,
      1013130117,
      1013130118,
      1013130119,
      1013130120
    ],
    "EffectArray": [
      1013130101,
      1013130103,
      1013130104,
      1013130105,
      1013130106,
      1013130107,
      1013130108,
      1013130109,
      1013130110,
      1013130111,
      1013130112,
      1013130113,
      1013130102
    ],
    "CameraArray": [
      1013130101,
      1013130102,
      1013130103,
      1013130104
    ],
    "MaterialArray": [],
    "AudioArray": [
      1013130101
    ],
    "BulletArray": [],
    "TimeScaleArray": []
  },
  "10131201": {
    "SKillLevelId": 10131201,
    "ActionArray": [
      1013120101
    ],
    "EventArray": [
      1013120101,
      1013120102
    ],
    "EffectArray": [],
    "CameraArray": [
      1013120101
    ],
    "MaterialArray": [],
    "AudioArray": [
      1013120101
    ],
    "BulletArray": [],
    "TimeScaleArray": []
  },
  "10131101": {
    "SKillLevelId": 10131101,
    "ActionArray": [
      1013110107,
      1013110108,
      1013110109,
      1013110111
    ],
    "EventArray": [
      1013110104,
      1013110101,
      1013110102
    ],
    "EffectArray": [
      1013110107,
      1013110108,
      1013110112,
      1013110113,
      1013110114,
      1013110115
    ],
    "CameraArray": [
      1013110102,
      1013110101,
      1013110103,
      1013110104,
      1013110105,
      1013110106
    ],
    "MaterialArray": [],
    "AudioArray": [
      1013110101,
      1013110102,
      1013110103
    ],
    "BulletArray": [
      1013110101,
      1013110102,
      1013110103
    ],
    "TimeScaleArray": []
  },
  "10130901": {
    "SKillLevelId": 10130901,
    "ActionArray": [
      1013090101
    ],
    "EventArray": [
      1013090101
    ],
    "EffectArray": [
      1013090101,
      1013090102
    ],
    "CameraArray": [
      1013090101,
      1013090102
    ],
    "MaterialArray": [],
    "AudioArray": [
      1013090101
    ],
    "BulletArray": [],
    "TimeScaleArray": []
  },
  "10131801": {
    "SKillLevelId": 10131801,
    "ActionArray": [
      1013180102
    ],
    "EventArray": [],
    "EffectArray": [],
    "CameraArray": [],
    "MaterialArray": [],
    "AudioArray": [
      1013180101
    ],
    "BulletArray": [],
    "TimeScaleArray": []
  },
  "10120401": {
    "SKillLevelId": 10120401,
    "ActionArray": [
      1012040101,
      1012040102,
      1012040103,
      1012040104
    ],
    "EventArray": [
      1012040101
    ],
    "EffectArray": [
      1012040103,
      1012040104,
      1012040101,
      1012040102,
      1012040105
    ],
    "CameraArray": [],
    "MaterialArray": [],
    "AudioArray": [
      1012040101,
      1012040102
    ],
    "BulletArray": [],
    "TimeScaleArray": []
  },
  "10131401": {
    "SKillLevelId": 10131401,
    "ActionArray": [
      1013140101,
      1013140102,
      1013140103,
      1013140104
    ],
    "EventArray": [
      1013140101,
      1013140102,
      1013140103
    ],
    "EffectArray": [
      1013140104,
      1013140105,
      1013140106,
      1013140101,
      1013140102,
      1013140103
    ],
    "CameraArray": [],
    "MaterialArray": [],
    "AudioArray": [
      1013140101
    ],
    "BulletArray": [
      1013140101,
      1013140102,
      1013140103
    ],
    "TimeScaleArray": []
  },
  "10130801": {
    "SKillLevelId": 10130801,
    "ActionArray": [
      1013080101,
      1013080102
    ],
    "EventArray": [
      1013080101
    ],
    "EffectArray": [
      1013080102,
      1013080101
    ],
    "CameraArray": [],
    "MaterialArray": [],
    "AudioArray": [
      1013080101
    ],
    "BulletArray": [
      1013080101
    ],
    "TimeScaleArray": []
  },
  "10131001": {
    "SKillLevelId": 10131001,
    "ActionArray": [
      1013100101,
      1013100102,
      1013100103
    ],
    "EventArray": [
      1013100101,
      1013100102
    ],
    "EffectArray": [
      1013100101,
      1013100102,
      1013100103
    ],
    "CameraArray": [],
    "MaterialArray": [],
    "AudioArray": [
      1013100101
    ],
    "BulletArray": [],
    "TimeScaleArray": []
  },
  "10131501": {
    "SKillLevelId": 10131501,
    "ActionArray": [
      1013150101,
      1013150102,
      1013150103,
      1013150105,
      1013150104
    ],
    "EventArray": [
      1013150101,
      1013150102
    ],
    "EffectArray": [
      1013150101
    ],
    "CameraArray": [],
    "MaterialArray": [],
    "AudioArray": [
      1013150101,
      1013150102,
      1013150103
    ],
    "BulletArray": [],
    "TimeScaleArray": []
  },
  "10131701": {
    "SKillLevelId": 10131701,
    "ActionArray": [],
    "EventArray": [],
    "EffectArray": [],
    "CameraArray": [],
    "MaterialArray": [],
    "AudioArray": [],
    "BulletArray": [],
    "TimeScaleArray": []
  },
  "10131901": {
    "SKillLevelId": 10131901,
    "ActionArray": [
      1013190101
    ],
    "EventArray": [],
    "EffectArray": [],
    "CameraArray": [],
    "MaterialArray": [],
    "AudioArray": [
      1013190101
    ],
    "BulletArray": [],
    "TimeScaleArray": []
  },
  "10132001": {
    "SKillLevelId": 10132001,
    "ActionArray": [
      1013200101
    ],
    "EventArray": [],
    "EffectArray": [],
    "CameraArray": [],
    "MaterialArray": [],
    "AudioArray": [
      1013200101
    ],
    "BulletArray": [],
    "TimeScaleArray": []
  },
  "10132101": {
    "SKillLevelId": 10132101,
    "ActionArray": [
      1013210101
    ],
    "EventArray": [],
    "EffectArray": [],
    "CameraArray": [],
    "MaterialArray": [],
    "AudioArray": [
      1013210101
    ],
    "BulletArray": [],
    "TimeScaleArray": []
  },
  "10110301": {
    "SKillLevelId": 10110301,
    "ActionArray": [
      1011030101
    ],
    "EventArray": [],
    "EffectArray": [],
    "CameraArray": [],
    "MaterialArray": [],
    "AudioArray": [],
    "BulletArray": [],
    "TimeScaleArray": []
  },
  "10110401": {
    "SKillLevelId": 10110401,
    "ActionArray": [
      1011040101
    ],
    "EventArray": [],
    "EffectArray": [],
    "CameraArray": [],
    "MaterialArray": [],
    "AudioArray": [],
    "BulletArray": [],
    "TimeScaleArray": []
  },
  "10110501": {
    "SKillLevelId": 10110501,
    "ActionArray": [
      1011050101
    ],
    "EventArray": [],
    "EffectArray": [],
    "CameraArray": [],
    "MaterialArray": [],
    "AudioArray": [],
    "BulletArray": [],
    "TimeScaleArray": []
  },
  "10110601": {
    "SKillLevelId": 10110601,
    "ActionArray": [
      1011060101
    ],
    "EventArray": [],
    "EffectArray": [],
    "CameraArray": [],
    "MaterialArray": [],
    "AudioArray": [],
    "BulletArray": [],
    "TimeScaleArray": []
  },
  "10050301": {
    "SKillLevelId": 10050301,
    "ActionArray": [
      1005030101
    ],
    "EventArray": [
      1005030101
    ],
    "EffectArray": [
      1005030101,
      1005030102,
      1005030104,
      1005030103
    ],
    "CameraArray": [],
    "MaterialArray": [],
    "AudioArray": [
      1005030101
    ],
    "BulletArray": [],
    "TimeScaleArray": []
  },
  "10060401": {
    "SKillLevelId": 10060401,
    "ActionArray": [
      1006040101
    ],
    "EventArray": [
      1006040101
    ],
    "EffectArray": [
      1006040101,
      1006040102,
      1006040104,
      1006040103
    ],
    "CameraArray": [],
    "MaterialArray": [],
    "AudioArray": [
      1006040101
    ],
    "BulletArray": [],
    "TimeScaleArray": []
  },
  "10132201": {
    "SKillLevelId": 10132201,
    "ActionArray": [
      1013220101,
      1013220102,
      1013220103
    ],
    "EventArray": [],
    "EffectArray": [],
    "CameraArray": [],
    "MaterialArray": [],
    "AudioArray": [
      1013220101
    ],
    "BulletArray": [],
    "TimeScaleArray": []
  },
  "10132301": {
    "SKillLevelId": 10132301,
    "ActionArray": [
      1013230101,
      1013230102,
      1013230104,
      1013230103
    ],
    "EventArray": [
      1013230101
    ],
    "EffectArray": [],
    "CameraArray": [
      1013230101
    ],
    "MaterialArray": [],
    "AudioArray": [
      1013230101,
      1013230102
    ],
    "BulletArray": [],
    "TimeScaleArray": []
  },
  "10132401": {
    "SKillLevelId": 10132401,
    "ActionArray": [
      1013240101
    ],
    "EventArray": [
      1013240101,
      1013240102
    ],
    "EffectArray": [
      1013240103,
      1013240101,
      1013240102,
      1013240105
    ],
    "CameraArray": [],
    "MaterialArray": [],
    "AudioArray": [
      1013240101,
      1013240102
    ],
    "BulletArray": [],
    "TimeScaleArray": []
  },
  "10150101": {
    "SKillLevelId": 10150101,
    "ActionArray": [
      1015010101,
      1015010102
    ],
    "EventArray": [
      1015010101
    ],
    "EffectArray": [
      1015010101
    ],
    "CameraArray": [],
    "MaterialArray": [],
    "AudioArray": [
      1015010101
    ],
    "BulletArray": [],
    "TimeScaleArray": []
  },
  "10160101": {
    "SKillLevelId": 10160101,
    "ActionArray": [
      1016010101
    ],
    "EventArray": [],
    "EffectArray": [
      1016010101
    ],
    "CameraArray": [],
    "MaterialArray": [],
    "AudioArray": [
      1016010101
    ],
    "BulletArray": [],
    "TimeScaleArray": []
  },
  "10160301": {
    "SKillLevelId": 10160301,
    "ActionArray": [
      1016030101,
      1016030102
    ],
    "EventArray": [
      1016030101
    ],
    "EffectArray": [
      1016030101
    ],
    "CameraArray": [],
    "MaterialArray": [],
    "AudioArray": [
      1016030101
    ],
    "BulletArray": [],
    "TimeScaleArray": []
  },
  "10160201": {
    "SKillLevelId": 10160201,
    "ActionArray": [
      1016020101
    ],
    "EventArray": [
      1016020101
    ],
    "EffectArray": [
      1016020101
    ],
    "CameraArray": [],
    "MaterialArray": [],
    "AudioArray": [
      1016020101
    ],
    "BulletArray": [],
    "TimeScaleArray": []
  },
  "10132501": {
    "SKillLevelId": 10132501,
    "ActionArray": [
      1013250101,
      1013250102,
      1013250103,
      1013250104,
      1013250105,
      1013250106,
      1013250107,
      1013250108,
      1013250109,
      1013250110,
      1013250111,
      1013250112,
      1013250113
    ],
    "EventArray": [
      1013250101,
      1013250102,
      1013250103,
      1013250104,
      1013250105,
      1013250106,
      1013250107,
      1013250108,
      1013250109,
      1013250110,
      1013250111,
      1013250112,
      1013250113
    ],
    "EffectArray": [
      1013250104,
      1013250105,
      1013250106,
      1013250107,
      1013250102,
      1013250101,
      1013250103,
      1013250108,
      1013250109,
      1013250110,
      1013250111,
      1013250112,
      1013250113,
      1013250114,
      1013250115,
      1013250116,
      1013250117,
      1013250118
    ],
    "CameraArray": [],
    "MaterialArray": [],
    "AudioArray": [
      1013250102,
      1013250101
    ],
    "BulletArray": [],
    "TimeScaleArray": []
  },
  "10180101": {
    "SKillLevelId": 10180101,
    "ActionArray": [
      1018010101,
      1018010102,
      1018010103
    ],
    "EventArray": [
      1018010101
    ],
    "EffectArray": [
      1018010101
    ],
    "CameraArray": [],
    "MaterialArray": [],
    "AudioArray": [
      1018010101,
      1018010102,
      1018010103
    ],
    "BulletArray": [],
    "TimeScaleArray": []
  },
  "10132601": {
    "SKillLevelId": 10132601,
    "ActionArray": [
      1013260101
    ],
    "EventArray": [],
    "EffectArray": [],
    "CameraArray": [],
    "MaterialArray": [],
    "AudioArray": [
      1013260101
    ],
    "BulletArray": [],
    "TimeScaleArray": []
  },
  "10132701": {
    "SKillLevelId": 10132701,
    "ActionArray": [
      1013270101,
      1013270102
    ],
    "EventArray": [
      1013270101,
      1013270102
    ],
    "EffectArray": [
      1013270102,
      1013270103,
      1013270101
    ],
    "CameraArray": [
      1013270101,
      1013270102
    ],
    "MaterialArray": [],
    "AudioArray": [
      1013270101
    ],
    "BulletArray": [],
    "TimeScaleArray": []
  },
  "10050401": {
    "SKillLevelId": 10050401,
    "ActionArray": [
      1005040101,
      1005040102,
      1005040103,
      1005040104,
      1005040105
    ],
    "EventArray": [
      1005040102,
      1005040101
    ],
    "EffectArray": [
      1005040101
    ],
    "CameraArray": [],
    "MaterialArray": [],
    "AudioArray": [
      1005040101
    ],
    "BulletArray": [],
    "TimeScaleArray": []
  },
  "10132801": {
    "SKillLevelId": 10132801,
    "ActionArray": [
      1013280119,
      1013280111,
      1013280112,
      1013280113,
      1013280114,
      1013280115,
      1013280116,
      1013280101,
      1013280102,
      1013280103,
      1013280104,
      1013280105,
      1013280106,
      1013280107,
      1013280108,
      1013280109,
      1013280110,
      1013280120,
      1013280121,
      1013280122,
      1013280123,
      1013280124,
      1013280125,
      1013280126,
      1013280127,
      1013280128,
      1013280129,
      1013280130,
      1013280131,
      1013280132,
      1013280133,
      1013280134,
      1013280135,
      1013280136,
      1013280137,
      1013280138,
      1013280139,
      1013280140
    ],
    "EventArray": [
      1013280160,
      1013280111,
      1013280112,
      1013280113,
      1013280114,
      1013280115,
      1013280116,
      1013280101,
      1013280102,
      1013280103,
      1013280104,
      1013280105,
      1013280106,
      1013280107,
      1013280108,
      1013280109,
      1013280110,
      1013280161,
      1013280162,
      1013280163,
      1013280164,
      1013280165,
      1013280166,
      1013280167,
      1013280168,
      1013280169,
      1013280170,
      1013280171,
      1013280172,
      1013280173,
      1013280174,
      1013280175
    ],
    "EffectArray": [
      1013280102,
      1013280121,
      1013280112,
      1013280113,
      1013280114,
      1013280115,
      1013280116,
      1013280117,
      1013280101,
      1013280103,
      1013280104,
      1013280105,
      1013280106,
      1013280107,
      1013280108,
      1013280109,
      1013280110,
      1013280111,
      1013280122,
      1013280123,
      1013280124,
      1013280125,
      1013280126,
      1013280127,
      1013280128,
      1013280129,
      1013280130,
      1013280131,
      1013280132,
      1013280133,
      1013280134,
      1013280135,
      1013280136,
      1013280137,
      1013280138,
      1013280139,
      1013280140,
      1013280141,
      1013280142
    ],
    "CameraArray": [],
    "MaterialArray": [],
    "AudioArray": [],
    "BulletArray": [],
    "TimeScaleArray": []
  }
}