{
  "1201": {
    "SkillBaseId": 1201,
    "UpgradeId": 1001
  },
  "1241": {
    "SkillBaseId": 1241,
    "UpgradeId": 1002
  },
  "1242": {
    "SkillBaseId": 1242,
    "UpgradeId": 1002
  },
  "1248": {
    "SkillBaseId": 1248,
    "UpgradeId": 1003
  },
  "1239": {
    "SkillBaseId": 1239,
    "UpgradeId": 1004
  },
  "1211": {
    "SkillBaseId": 1211,
    "UpgradeId": 1005
  },
  "1244": {
    "SkillBaseId": 1244,
    "UpgradeId": 1006
  },
  "1210": {
    "SkillBaseId": 1210,
    "UpgradeId": 1007
  },
  "1240": {
    "SkillBaseId": 1240,
    "UpgradeId": 1008
  },
  "1243": {
    "SkillBaseId": 1243,
    "UpgradeId": 1009
  },
  "1246": {
    "SkillBaseId": 1246,
    "UpgradeId": 1010
  },
  "1245": {
    "SkillBaseId": 1245,
    "UpgradeId": 1011
  },
  "1401": {
    "SkillBaseId": 1401,
    "UpgradeId": 1001
  },
  "1418": {
    "SkillBaseId": 1418,
    "UpgradeId": 1002
  },
  "1419": {
    "SkillBaseId": 1419,
    "UpgradeId": 1002
  },
  "1410": {
    "SkillBaseId": 1410,
    "UpgradeId": 1003
  },
  "1426": {
    "SkillBaseId": 1426,
    "UpgradeId": 1003
  },
  "1420": {
    "SkillBaseId": 1420,
    "UpgradeId": 1004
  },
  "1421": {
    "SkillBaseId": 1421,
    "UpgradeId": 1005
  },
  "1422": {
    "SkillBaseId": 1422,
    "UpgradeId": 1006
  },
  "1425": {
    "SkillBaseId": 1425,
    "UpgradeId": 1007
  },
  "1424": {
    "SkillBaseId": 1424,
    "UpgradeId": 1008
  },
  "1430": {
    "SkillBaseId": 1430,
    "UpgradeId": 1009
  },
  "1431": {
    "SkillBaseId": 1431,
    "UpgradeId": 1010
  },
  "1423": {
    "SkillBaseId": 1423,
    "UpgradeId": 1011
  },
  "1427": {
    "SkillBaseId": 1427,
    "UpgradeId": 1001
  },
  "1407": {
    "SkillBaseId": 1407,
    "UpgradeId": 1001
  },
  "1501": {
    "SkillBaseId": 1501,
    "UpgradeId": 1001
  },
  "1507": {
    "SkillBaseId": 1507,
    "UpgradeId": 1002
  },
  "1518": {
    "SkillBaseId": 1518,
    "UpgradeId": 1002
  },
  "1530": {
    "SkillBaseId": 1530,
    "UpgradeId": 1002
  },
  "1541": {
    "SkillBaseId": 1541,
    "UpgradeId": 1002
  },
  "1509": {
    "SkillBaseId": 1509,
    "UpgradeId": 1003
  },
  "1527": {
    "SkillBaseId": 1527,
    "UpgradeId": 1003
  },
  "1528": {
    "SkillBaseId": 1528,
    "UpgradeId": 1003
  },
  "1519": {
    "SkillBaseId": 1519,
    "UpgradeId": 1004
  },
  "1520": {
    "SkillBaseId": 1520,
    "UpgradeId": 1005
  },
  "1522": {
    "SkillBaseId": 1522,
    "UpgradeId": 1006
  },
  "1523": {
    "SkillBaseId": 1523,
    "UpgradeId": 1007
  },
  "1521": {
    "SkillBaseId": 1521,
    "UpgradeId": 1008
  },
  "1531": {
    "SkillBaseId": 1531,
    "UpgradeId": 1009
  },
  "1529": {
    "SkillBaseId": 1529,
    "UpgradeId": 1010
  },
  "1524": {
    "SkillBaseId": 1524,
    "UpgradeId": 1011
  },
  "1701": {
    "SkillBaseId": 1701,
    "UpgradeId": 1001
  },
  "1714": {
    "SkillBaseId": 1714,
    "UpgradeId": 1002
  },
  "1715": {
    "SkillBaseId": 1715,
    "UpgradeId": 1002
  },
  "1713": {
    "SkillBaseId": 1713,
    "UpgradeId": 1003
  },
  "1728": {
    "SkillBaseId": 1728,
    "UpgradeId": 1003
  },
  "1705": {
    "SkillBaseId": 1705,
    "UpgradeId": 1004
  },
  "1717": {
    "SkillBaseId": 1717,
    "UpgradeId": 1005
  },
  "1718": {
    "SkillBaseId": 1718,
    "UpgradeId": 1006
  },
  "1719": {
    "SkillBaseId": 1719,
    "UpgradeId": 1007
  },
  "1724": {
    "SkillBaseId": 1724,
    "UpgradeId": 1008
  },
  "1730": {
    "SkillBaseId": 1730,
    "UpgradeId": 1009
  },
  "1731": {
    "SkillBaseId": 1731,
    "UpgradeId": 1010
  },
  "1720": {
    "SkillBaseId": 1720,
    "UpgradeId": 1011
  },
  "1721": {
    "SkillBaseId": 1721,
    "UpgradeId": 1002
  },
  "1729": {
    "SkillBaseId": 1729,
    "UpgradeId": 1001
  },
  "1901": {
    "SkillBaseId": 1901,
    "UpgradeId": 1001
  },
  "1922": {
    "SkillBaseId": 1922,
    "UpgradeId": 1002
  },
  "1930": {
    "SkillBaseId": 1930,
    "UpgradeId": 1002
  },
  "1932": {
    "SkillBaseId": 1932,
    "UpgradeId": 1002
  },
  "1907": {
    "SkillBaseId": 1907,
    "UpgradeId": 1003
  },
  "1924": {
    "SkillBaseId": 1924,
    "UpgradeId": 1004
  },
  "1927": {
    "SkillBaseId": 1927,
    "UpgradeId": 1005
  },
  "1936": {
    "SkillBaseId": 1936,
    "UpgradeId": 1006
  },
  "1926": {
    "SkillBaseId": 1926,
    "UpgradeId": 1007
  },
  "1937": {
    "SkillBaseId": 1937,
    "UpgradeId": 1008
  },
  "1925": {
    "SkillBaseId": 1925,
    "UpgradeId": 1009
  },
  "1938": {
    "SkillBaseId": 1938,
    "UpgradeId": 1010
  },
  "1923": {
    "SkillBaseId": 1923,
    "UpgradeId": 1011
  },
  "1928": {
    "SkillBaseId": 1928,
    "UpgradeId": 1001
  },
  "1933": {
    "SkillBaseId": 1933,
    "UpgradeId": 1001
  },
  "1917": {
    "SkillBaseId": 1917,
    "UpgradeId": 1009
  },
  "2201": {
    "SkillBaseId": 2201,
    "UpgradeId": 1001
  },
  "2207": {
    "SkillBaseId": 2207,
    "UpgradeId": 1002
  },
  "2208": {
    "SkillBaseId": 2208,
    "UpgradeId": 1001
  },
  "2209": {
    "SkillBaseId": 2209,
    "UpgradeId": 1003
  },
  "2220": {
    "SkillBaseId": 2220,
    "UpgradeId": 1002
  },
  "2221": {
    "SkillBaseId": 2221,
    "UpgradeId": 1002
  },
  "2222": {
    "SkillBaseId": 2222,
    "UpgradeId": 1002
  },
  "2223": {
    "SkillBaseId": 2223,
    "UpgradeId": 1001
  },
  "2230": {
    "SkillBaseId": 2230,
    "UpgradeId": 1004
  },
  "2231": {
    "SkillBaseId": 2231,
    "UpgradeId": 1009
  },
  "2232": {
    "SkillBaseId": 2232,
    "UpgradeId": 1005
  },
  "2233": {
    "SkillBaseId": 2233,
    "UpgradeId": 1007
  },
  "2234": {
    "SkillBaseId": 2234,
    "UpgradeId": 1008
  },
  "2235": {
    "SkillBaseId": 2235,
    "UpgradeId": 1011
  },
  "2236": {
    "SkillBaseId": 2236,
    "UpgradeId": 1001
  },
  "2237": {
    "SkillBaseId": 2237,
    "UpgradeId": 1006
  },
  "2238": {
    "SkillBaseId": 2238,
    "UpgradeId": 1010
  },
  "2239": {
    "SkillBaseId": 2239,
    "UpgradeId": 1001
  },
  "2301": {
    "SkillBaseId": 2301,
    "UpgradeId": 1001
  },
  "2321": {
    "SkillBaseId": 2321,
    "UpgradeId": 1001
  },
  "2306": {
    "SkillBaseId": 2306,
    "UpgradeId": 1002
  },
  "2307": {
    "SkillBaseId": 2307,
    "UpgradeId": 1002
  },
  "2314": {
    "SkillBaseId": 2314,
    "UpgradeId": 1003
  },
  "2335": {
    "SkillBaseId": 2335,
    "UpgradeId": 1003
  },
  "2336": {
    "SkillBaseId": 2336,
    "UpgradeId": 1003
  },
  "2308": {
    "SkillBaseId": 2308,
    "UpgradeId": 1004
  },
  "2309": {
    "SkillBaseId": 2309,
    "UpgradeId": 1005
  },
  "2310": {
    "SkillBaseId": 2310,
    "UpgradeId": 1006
  },
  "2311": {
    "SkillBaseId": 2311,
    "UpgradeId": 1007
  },
  "2312": {
    "SkillBaseId": 2312,
    "UpgradeId": 1008
  },
  "2313": {
    "SkillBaseId": 2313,
    "UpgradeId": 1009
  },
  "2315": {
    "SkillBaseId": 2315,
    "UpgradeId": 1010
  },
  "2316": {
    "SkillBaseId": 2316,
    "UpgradeId": 1011
  },
  "2401": {
    "SkillBaseId": 2401,
    "UpgradeId": 1001
  },
  "2405": {
    "SkillBaseId": 2405,
    "UpgradeId": 1002
  },
  "2406": {
    "SkillBaseId": 2406,
    "UpgradeId": 1002
  },
  "2407": {
    "SkillBaseId": 2407,
    "UpgradeId": 1003
  },
  "2410": {
    "SkillBaseId": 2410,
    "UpgradeId": 1004
  },
  "2412": {
    "SkillBaseId": 2412,
    "UpgradeId": 1005
  },
  "2408": {
    "SkillBaseId": 2408,
    "UpgradeId": 1006
  },
  "2421": {
    "SkillBaseId": 2421,
    "UpgradeId": 1007
  },
  "2420": {
    "SkillBaseId": 2420,
    "UpgradeId": 1008
  },
  "2415": {
    "SkillBaseId": 2415,
    "UpgradeId": 1009
  },
  "2419": {
    "SkillBaseId": 2419,
    "UpgradeId": 1010
  },
  "2409": {
    "SkillBaseId": 2409,
    "UpgradeId": 1011
  },
  "1601": {
    "SkillBaseId": 1601,
    "UpgradeId": 1001
  },
  "1609": {
    "SkillBaseId": 1609,
    "UpgradeId": 1002
  },
  "1611": {
    "SkillBaseId": 1611,
    "UpgradeId": 1001
  },
  "1614": {
    "SkillBaseId": 1614,
    "UpgradeId": 1003
  },
  "2101": {
    "SkillBaseId": 2101,
    "UpgradeId": 1001
  },
  "2105": {
    "SkillBaseId": 2105,
    "UpgradeId": 1002
  },
  "2107": {
    "SkillBaseId": 2107,
    "UpgradeId": 1001
  },
  "2108": {
    "SkillBaseId": 2108,
    "UpgradeId": 1003
  }
}