{
  "1": {
    "Id": 1,
    "Type": "任务追踪",
    "Team": 1,
    "SceneTrack": 1,
    "MapTrack": 1,
    "StartDistance": 0,
    "EndDistance": 0,
    "Icon": "",
    "UiShrinkDistance": [],
    "UiMinScale": 90
  },
  "2": {
    "Id": 2,
    "Type": "副本目标追踪",
    "Team": 2,
    "SceneTrack": 1,
    "MapTrack": 0,
    "StartDistance": 0,
    "EndDistance": 0,
    "Icon": "ui/atlas/hud/quest_state/common_img_dot04",
    "UiShrinkDistance": [],
    "UiMinScale": 0
  },
  "3": {
    "Id": 3,
    "Type": "自定义图标追踪",
    "Team": 3,
    "SceneTrack": 0,
    "MapTrack": 1,
    "StartDistance": 0,
    "EndDistance": 5,
    "Icon": "ui/atlas/hud/quest_state/common_img_dot04",
    "UiShrinkDistance": [],
    "UiMinScale": 0
  },
  "4": {
    "Id": 4,
    "Type": "线性本位置追踪",
    "Team": 3,
    "SceneTrack": 1,
    "MapTrack": 1,
    "StartDistance": 0,
    "EndDistance": 5,
    "Icon": "ui/atlas/hud/quest_state/common_img_dot04",
    "UiShrinkDistance": [],
    "UiMinScale": 0
  },
  "5": {
    "Id": 5,
    "Type": "活动框架追踪",
    "Team": 3,
    "SceneTrack": 1,
    "MapTrack": 1,
    "StartDistance": 0,
    "EndDistance": 10,
    "Icon": "ui/atlas/hud/quest_state/common_img_dot04",
    "UiShrinkDistance": [],
    "UiMinScale": 0
  },
  "6": {
    "Id": 6,
    "Type": "地图TAG追踪",
    "Team": 3,
    "SceneTrack": 1,
    "MapTrack": 1,
    "StartDistance": 0,
    "EndDistance": 5,
    "Icon": "ui/atlas/hud/quest_state/common_img_dot04",
    "UiShrinkDistance": [],
    "UiMinScale": 0
  },
  "7": {
    "Id": 7,
    "Type": "怪物探知追踪",
    "Team": 4,
    "SceneTrack": 1,
    "MapTrack": 1,
    "StartDistance": 0,
    "EndDistance": 0,
    "Icon": "ui/atlas/hud/quest_state/common_img_dot04",
    "UiShrinkDistance": [],
    "UiMinScale": 0
  },
  "8": {
    "Id": 8,
    "Type": "道具获取途径追踪",
    "Team": 3,
    "SceneTrack": 0,
    "MapTrack": 1,
    "StartDistance": 0,
    "EndDistance": 0,
    "Icon": "ui/atlas/hud/quest_state/common_img_dot04",
    "UiShrinkDistance": [],
    "UiMinScale": 0
  },
  "9": {
    "Id": 9,
    "Type": "坏境共鸣追踪",
    "Team": 3,
    "SceneTrack": 1,
    "MapTrack": 1,
    "StartDistance": 0,
    "EndDistance": 10,
    "Icon": "ui/atlas/hud/quest_state/common_img_dot04",
    "UiShrinkDistance": [],
    "UiMinScale": 0
  },
  "10": {
    "Id": 10,
    "Type": "后日谈待接取",
    "Team": 3,
    "SceneTrack": 1,
    "MapTrack": 1,
    "StartDistance": 0,
    "EndDistance": 0,
    "Icon": "ui/atlas/hud/quest_state/quest_icon_state_not_4",
    "UiShrinkDistance": [],
    "UiMinScale": 90
  },
  "11": {
    "Id": 11,
    "Type": "地区任务待接取",
    "Team": 3,
    "SceneTrack": 1,
    "MapTrack": 1,
    "StartDistance": 0,
    "EndDistance": 0,
    "Icon": "ui/atlas/hud/quest_state/quest_icon_state_not_1",
    "UiShrinkDistance": [],
    "UiMinScale": 90
  },
  "12": {
    "Id": 12,
    "Type": "引导任务待接取",
    "Team": 3,
    "SceneTrack": 1,
    "MapTrack": 1,
    "StartDistance": 0,
    "EndDistance": 0,
    "Icon": "ui/atlas/hud/quest_state/quest_icon_state_not_3",
    "UiShrinkDistance": [],
    "UiMinScale": 90
  },
  "13": {
    "Id": 13,
    "Type": "活动任务待接取",
    "Team": 3,
    "SceneTrack": 1,
    "MapTrack": 1,
    "StartDistance": 0,
    "EndDistance": 0,
    "Icon": "ui/atlas/hud/quest_state/quest_icon_state_not_2",
    "UiShrinkDistance": [],
    "UiMinScale": 90
  },
  "14": {
    "Id": 14,
    "Type": "坐标链接追踪",
    "Team": 3,
    "SceneTrack": 1,
    "MapTrack": 1,
    "StartDistance": 0,
    "EndDistance": 5,
    "Icon": "ui/atlas/hud/quest_state/common_img_dot04",
    "UiShrinkDistance": [],
    "UiMinScale": 0
  }
}