{
  "1001": {
    "Id": 1001,
    "Text": "Normal Attack",
    "Type": 1,
    "Par": 0,
    "Description": "Various weapon attacks using the attack key",
    "ShowRule": 1
  },
  "1002": {
    "Id": 1002,
    "Text": "Basic Attack",
    "Type": 1,
    "Par": 0,
    "Description": "Basic attack form of the weapon",
    "ShowRule": 1
  },
  "1003": {
    "Id": 1003,
    "Text": "Heavy Attack",
    "Type": 1,
    "Par": 0,
    "Description": "Heavy attack generated by holding the attack key",
    "ShowRule": 1
  },
  "1004": {
    "Id": 1004,
    "Text": "Plunge Attack",
    "Type": 1,
    "Par": 0,
    "Description": "Plunge attack performed by executing a normal attack at a certain height above the ground",
    "ShowRule": 1
  },
  "1005": {
    "Id": 1005,
    "Text": "Core Skills",
    "Type": 1,
    "Par": 0,
    "Description": "The most core and well-known signature skill move of the weapon",
    "ShowRule": 1
  },
  "1006": {
    "Id": 1006,
    "Text": "Basic Skills",
    "Type": 1,
    "Par": 0,
    "Description": "The most commonly used skill moves of the weapon",
    "ShowRule": 1
  },
  "1007": {
    "Id": 1007,
    "Text": "Ultimate",
    "Type": 1,
    "Par": 0,
    "Description": "The most powerful ultimate combat secret of the weapon",
    "ShowRule": 1
  },
  "1008": {
    "Id": 1008,
    "Text": "Talent Skills",
    "Type": 1,
    "Par": 0,
    "Description": "Trait skill learned from talent",
    "ShowRule": 1
  },
  "1009": {
    "Id": 1009,
    "Text": "Recovery skill",
    "Type": 1,
    "Par": 0,
    "Description": "Skill that can be used when being hit and airborne",
    "ShowRule": 1
  },
  "1010": {
    "Id": 1010,
    "Text": "Talent Arcane",
    "Type": 1,
    "Par": 0,
    "Description": "Powerful skill styles learned through talent",
    "ShowRule": 1
  },
  "1011": {
    "Id": 1011,
    "Text": "Damage",
    "Type": 1,
    "Par": 0,
    "Description": "Skill can cause damage",
    "ShowRule": 1
  },
  "1012": {
    "Id": 1012,
    "Text": "Ability Damage",
    "Type": 1,
    "Par": 0,
    "Description": "Damage generated by the skill move itself",
    "ShowRule": 1
  },
  "1013": {
    "Id": 1013,
    "Text": "Trait Damage",
    "Type": 1,
    "Par": 0,
    "Description": "Additional damage caused by skill-triggered elemental traits",
    "ShowRule": 1
  },
  "1014": {
    "Id": 1014,
    "Text": "Healing",
    "Type": 1,
    "Par": 0,
    "Description": "Effects that can restore HP",
    "ShowRule": 1
  },
  "1015": {
    "Id": 1015,
    "Text": "Healing",
    "Type": 1,
    "Par": 0,
    "Description": "Instantly restores a large amount of HP",
    "ShowRule": 1
  },
  "1016": {
    "Id": 1016,
    "Text": "Healing",
    "Type": 1,
    "Par": 0,
    "Description": "Continuously restores HP over a period of time",
    "ShowRule": 1
  },
  "1017": {
    "Id": 1017,
    "Text": "Buff",
    "Type": 1,
    "Par": 0,
    "Description": "An effect that can be beneficial to allies in combat",
    "ShowRule": 1
  },
  "1018": {
    "Id": 1018,
    "Text": "Blessing",
    "Type": 1,
    "Par": 0,
    "Description": "An effect that enhances combat ability, movement ability, or other abilities for a period of time",
    "ShowRule": 1
  },
  "1019": {
    "Id": 1019,
    "Text": "Exaltation",
    "Type": 1,
    "Par": 0,
    "Description": "An effect that significantly boosts combat ability for a short period of time",
    "ShowRule": 1
  },
  "1020": {
    "Id": 1020,
    "Text": "Inspiration",
    "Type": 1,
    "Par": 0,
    "Description": "Combat attributes are greatly enhanced, and if developed under talents, additional effects will be added",
    "ShowRule": 1
  },
  "1021": {
    "Id": 1021,
    "Text": "Debuff",
    "Type": 1,
    "Par": 0,
    "Description": "In various states that are disadvantageous to one's own combat",
    "ShowRule": 1
  },
  "1022": {
    "Id": 1022,
    "Text": "Weakness",
    "Type": 1,
    "Par": 0,
    "Description": "A detrimental effect that reduces combat attributes for a period of time",
    "ShowRule": 1
  },
  "1023": {
    "Id": 1023,
    "Text": "Vulnerability",
    "Type": 1,
    "Par": 0,
    "Description": "A detrimental effect that increases damage taken for a period of time",
    "ShowRule": 1
  },
  "1024": {
    "Id": 1024,
    "Text": "Fracture",
    "Type": 1,
    "Par": 0,
    "Description": "Increases damage taken for a period of time, with additional effects if developed under certain talents",
    "ShowRule": 1
  },
  "1025": {
    "Id": 1025,
    "Text": "Control",
    "Type": 1,
    "Par": 0,
    "Description": "In a state where various actions are restricted",
    "ShowRule": 1
  },
  "1026": {
    "Id": 1026,
    "Text": "Frozen",
    "Type": 1,
    "Par": 0,
    "Description": "In a state where movement and any combat actions are impossible",
    "ShowRule": 1
  },
  "1027": {
    "Id": 1027,
    "Text": "Bind",
    "Type": 1,
    "Par": 0,
    "Description": "In a state where movement is impossible",
    "ShowRule": 1
  },
  "1028": {
    "Id": 1028,
    "Text": "Stun",
    "Type": 1,
    "Par": 0,
    "Description": "The affected entity is placed under a disabling state in which movement, combat actions, and item usage are entirely restricted. Rapidly applying this effect within a short duration will reduce its total duration. Does not affect bosses.",
    "ShowRule": 1
  },
  "1029": {
    "Id": 1029,
    "Text": "Slow",
    "Type": 1,
    "Par": 0,
    "Description": "In a state of reduced Speed",
    "ShowRule": 1
  },
  "1030": {
    "Id": 1030,
    "Text": "Stagger",
    "Type": 1,
    "Par": 0,
    "Description": "Ability to break the <style=\"ItemQuality_5\">Super Armor</style> bar of powerful targets.",
    "ShowRule": 1
  },
  "1031": {
    "Id": 1031,
    "Text": "Displacement",
    "Type": 1,
    "Par": 0,
    "Description": "Skills that help characters move quickly",
    "ShowRule": 1
  },
  "1032": {
    "Id": 1032,
    "Text": "Sprint",
    "Type": 1,
    "Par": 0,
    "Description": "Continuous displacement type skills",
    "ShowRule": 1
  },
  "1033": {
    "Id": 1033,
    "Text": "Blink",
    "Type": 1,
    "Par": 0,
    "Description": "Non-continuous displacement type skills",
    "ShowRule": 1
  },
  "1034": {
    "Id": 1034,
    "Text": "Survival",
    "Type": 1,
    "Par": 0,
    "Description": "Skills that can help the character survive",
    "ShowRule": 1
  },
  "1035": {
    "Id": 1035,
    "Text": "Shield",
    "Type": 1,
    "Par": 0,
    "Description": "Extra HP <style=\"ItemQuality_5\">shield</style>, which can absorb damage before HP.",
    "ShowRule": 1
  },
  "1036": {
    "Id": 1036,
    "Text": "Block",
    "Type": 1,
    "Par": 0,
    "Description": "A special phase of a skill where damage taken is partially mitigated",
    "ShowRule": 1
  },
  "1037": {
    "Id": 1037,
    "Text": "Fire Damage",
    "Type": 1,
    "Par": 0,
    "Description": "Deals Fire damage",
    "ShowRule": 1
  },
  "1038": {
    "Id": 1038,
    "Text": "Fire",
    "Type": 1,
    "Par": 0,
    "Description": "Damage with the power of Fire",
    "ShowRule": 1
  },
  "1039": {
    "Id": 1039,
    "Text": "Ignite",
    "Type": 1,
    "Par": 0,
    "Description": "A debuff state where Fire damage is taken at intervals over a period of time",
    "ShowRule": 1
  },
  "1040": {
    "Id": 1040,
    "Text": "Ice damage",
    "Type": 1,
    "Par": 0,
    "Description": "Deal Ice damage",
    "ShowRule": 1
  },
  "1041": {
    "Id": 1041,
    "Text": "Ice",
    "Type": 1,
    "Par": 0,
    "Description": "Damage with the power of Ice",
    "ShowRule": 1
  },
  "1042": {
    "Id": 1042,
    "Text": "Thunder Element damage",
    "Type": 1,
    "Par": 0,
    "Description": "Deal Thunder Element damage",
    "ShowRule": 1
  },
  "1043": {
    "Id": 1043,
    "Text": "Thunder Element",
    "Type": 1,
    "Par": 0,
    "Description": "Damage with the power of Thunder Element",
    "ShowRule": 1
  },
  "1044": {
    "Id": 1044,
    "Text": "Wind damage",
    "Type": 1,
    "Par": 0,
    "Description": "Deal Wind damage",
    "ShowRule": 1
  },
  "1045": {
    "Id": 1045,
    "Text": "Wind",
    "Type": 1,
    "Par": 0,
    "Description": "Damage with the power of Wind",
    "ShowRule": 1
  },
  "1046": {
    "Id": 1046,
    "Text": "Rock damage",
    "Type": 1,
    "Par": 0,
    "Description": "Deal Rock damage",
    "ShowRule": 1
  },
  "1047": {
    "Id": 1047,
    "Text": "Rock",
    "Type": 1,
    "Par": 0,
    "Description": "Damage with the power of Rock",
    "ShowRule": 1
  },
  "1048": {
    "Id": 1048,
    "Text": "Verdant Damage",
    "Type": 1,
    "Par": 0,
    "Description": "Deal Verdant Damage",
    "ShowRule": 1
  },
  "1049": {
    "Id": 1049,
    "Text": "Forest",
    "Type": 1,
    "Par": 0,
    "Description": "Damage with the power of Forest",
    "ShowRule": 1
  },
  "1050": {
    "Id": 1050,
    "Text": "Light damage",
    "Type": 1,
    "Par": 0,
    "Description": "Deal Light damage",
    "ShowRule": 1
  },
  "1051": {
    "Id": 1051,
    "Text": "Light",
    "Type": 1,
    "Par": 0,
    "Description": "Damage with the power of Light",
    "ShowRule": 1
  },
  "1052": {
    "Id": 1052,
    "Text": "Dark damage",
    "Type": 1,
    "Par": 0,
    "Description": "Deal Dark damage",
    "ShowRule": 1
  },
  "1053": {
    "Id": 1053,
    "Text": "Dark",
    "Type": 1,
    "Par": 0,
    "Description": "Damage with the power of Dark",
    "ShowRule": 1
  },
  "1054": {
    "Id": 1054,
    "Text": "Assist in Battle",
    "Type": 1,
    "Par": 0,
    "Description": "Auxiliary effects that can generate additional attack actions or resist offensive actions",
    "ShowRule": 1
  },
  "1055": {
    "Id": 1055,
    "Text": "Coordination",
    "Type": 1,
    "Par": 0,
    "Description": "Effects that synchronize attack actions with the battle",
    "ShowRule": 1
  },
  "1056": {
    "Id": 1056,
    "Text": "Cooperative Battle",
    "Type": 1,
    "Par": 0,
    "Description": "Effects that independently perform attacks to assist in combat",
    "ShowRule": 1
  },
  "1057": {
    "Id": 1057,
    "Text": "Charging",
    "Type": 1,
    "Par": 0,
    "Description": "A skill release method that requires some time to prepare to achieve stronger power",
    "ShowRule": 1
  },
  "1058": {
    "Id": 1058,
    "Text": "Channelling",
    "Type": 1,
    "Par": 0,
    "Description": "A skill release method that requires maintaining a casting state to continue the effect",
    "ShowRule": 1
  },
  "1059": {
    "Id": 1059,
    "Text": "Enhancement",
    "Type": 1,
    "Par": 0,
    "Description": "Skills in a state of being enhanced or producing changes",
    "ShowRule": 1
  },
  "1060": {
    "Id": 1060,
    "Text": "Charge",
    "Type": 1,
    "Par": 0,
    "Description": "Conditions required to release certain skills, which can be replenished over time or through certain mechanisms",
    "ShowRule": 1
  },
  "1061": {
    "Id": 1061,
    "Text": "Imprint",
    "Type": 1,
    "Par": 0,
    "Description": "A type of effect that can be triggered under specific conditions, with the trigger probability influenced by attributes",
    "ShowRule": 1
  },
  "1062": {
    "Id": 1062,
    "Text": "Suppress",
    "Type": 1,
    "Par": 0,
    "Description": "A state when one's own HP is higher than the target's HP, providing damage and Defense bonuses, with additional effects if developed under certain talents",
    "ShowRule": 1
  },
  "1063": {
    "Id": 1063,
    "Text": "Summon",
    "Type": 1,
    "Par": 0,
    "Description": "A combat unit with a specific summoner, whose state is influenced by the summoner",
    "ShowRule": 1
  },
  "1064": {
    "Id": 1064,
    "Text": "Trap",
    "Type": 1,
    "Par": 0,
    "Description": "A summon that produces effects after certain conditions are triggered",
    "ShowRule": 1
  },
  "1065": {
    "Id": 1065,
    "Text": "Totem",
    "Type": 1,
    "Par": 0,
    "Description": "A summon that remains stationary for a period of time and produces effects around it",
    "ShowRule": 1
  },
  "1066": {
    "Id": 1066,
    "Text": "Attendant",
    "Type": 1,
    "Par": 0,
    "Description": "A summon that can move and follow the summoner to assist in combat",
    "ShowRule": 1
  },
  "1067": {
    "Id": 1067,
    "Text": "Construct",
    "Type": 1,
    "Par": 0,
    "Description": "A summoned creature with autonomous behavior and awareness",
    "ShowRule": 1
  },
  "1068": {
    "Id": 1068,
    "Text": "Projectile",
    "Type": 1,
    "Par": 0,
    "Description": "A skill mechanism that can perform physical motion and produce effects upon hitting",
    "ShowRule": 1
  },
  "1069": {
    "Id": 1069,
    "Text": "Bullet",
    "Type": 1,
    "Par": 0,
    "Description": "A small-sized, fast-moving projectile",
    "ShowRule": 1
  },
  "1070": {
    "Id": 1070,
    "Text": "Missile",
    "Type": 1,
    "Par": 0,
    "Description": "A large-sized, moderately fast-moving projectile",
    "ShowRule": 1
  },
  "1071": {
    "Id": 1071,
    "Text": "Area Effect",
    "Type": 1,
    "Par": 0,
    "Description": "Effective method within a specified range",
    "ShowRule": 1
  },
  "1072": {
    "Id": 1072,
    "Text": "Domain",
    "Type": 1,
    "Par": 0,
    "Description": "Area effect that can continuously provide beneficial status to oneself or allies",
    "ShowRule": 1
  },
  "1073": {
    "Id": 1073,
    "Text": "AoE",
    "Type": 1,
    "Par": 0,
    "Description": "Area effect that can continuously cause damage or adverse status to enemies",
    "ShowRule": 1
  },
  "1074": {
    "Id": 1074,
    "Text": "Aura",
    "Type": 1,
    "Par": 0,
    "Description": "Can continuously provide effects to targets within its own range",
    "ShowRule": 1
  },
  "1075": {
    "Id": 1075,
    "Text": "Powerful target",
    "Type": 1,
    "Par": 0,
    "Description": "Entities far stronger than Monsters",
    "ShowRule": 1
  },
  "1076": {
    "Id": 1076,
    "Text": "Boss",
    "Type": 1,
    "Par": 0,
    "Description": "Boss, Wild Boss, and World Boss",
    "ShowRule": 1
  },
  "1077": {
    "Id": 1077,
    "Text": "Normal monster",
    "Type": 1,
    "Par": 0,
    "Description": "monsters active on the continent, generally with basic combat abilities",
    "ShowRule": 1
  },
  "1078": {
    "Id": 1078,
    "Text": "Elite",
    "Type": 1,
    "Par": 0,
    "Description": "Outstanding warriors among monsters, generally possessing highly threatening Expertise",
    "ShowRule": 1
  },
  "1079": {
    "Id": 1079,
    "Text": "Boss",
    "Type": 1,
    "Par": 0,
    "Description": "The absolute strong in the group, can be called a king without exaggeration",
    "ShowRule": 1
  },
  "1080": {
    "Id": 1080,
    "Text": "Wild Boss",
    "Type": 1,
    "Par": 0,
    "Description": "Powerful monsters found only in special territorial areas on the map",
    "ShowRule": 1
  },
  "1081": {
    "Id": 1081,
    "Text": "World Boss",
    "Type": 1,
    "Par": 0,
    "Description": "The most powerful monster in dungeon maps",
    "ShowRule": 1
  },
  "1082": {
    "Id": 1082,
    "Text": "Healthy",
    "Type": 1,
    "Par": 0,
    "Description": "Status where HP is not less than 50% of the HP cap",
    "ShowRule": 1
  },
  "1083": {
    "Id": 1083,
    "Text": "Injured",
    "Type": 1,
    "Par": 0,
    "Description": "Status where HP is not more than 30% of the HP cap",
    "ShowRule": 1
  },
  "1084": {
    "Id": 1084,
    "Text": "Scenario Skill",
    "Type": 1,
    "Par": 0,
    "Description": "Additional skills obtained through scenarios or level gameplay",
    "ShowRule": 1
  },
  "1085": {
    "Id": 1085,
    "Text": "Radiance",
    "Type": 1,
    "Par": 0,
    "Description": "A continuous status granted by refining the \"Radiance\" series gear",
    "ShowRule": 1
  },
  "1086": {
    "Id": 1086,
    "Text": "Non-elemental damage",
    "Type": 1,
    "Par": 0,
    "Description": "Deal non-elemental damage",
    "ShowRule": 1
  },
  "1087": {
    "Id": 1087,
    "Text": "Non-elemental",
    "Type": 1,
    "Par": 0,
    "Description": "Damage is non-elemental, not carrying elemental power",
    "ShowRule": 1
  },
  "1088": {
    "Id": 1088,
    "Text": "Corrosion",
    "Type": 1,
    "Par": 0,
    "Description": "Affected by an unknown source of contamination, causing various adverse effects",
    "ShowRule": 1
  },
  "1089": {
    "Id": 1089,
    "Text": "Radiance",
    "Type": 1,
    "Par": 0,
    "Description": "A continuous status granted by refining the \"Radiance\" series gear",
    "ShowRule": 1
  },
  "1090": {
    "Id": 1090,
    "Text": "Exaltation",
    "Type": 1,
    "Par": 0,
    "Description": "Has the effect of increasing damage amount",
    "ShowRule": 1
  },
  "1091": {
    "Id": 1091,
    "Text": "Super Armor",
    "Type": 1,
    "Par": 0,
    "Description": "Cannot be knocked back, knocked airborne, or knocked down.",
    "ShowRule": 1
  },
  "1092": {
    "Id": 1092,
    "Text": "Taunt",
    "Type": 1,
    "Par": 0,
    "Description": "Forcing enemy monsters to attack themselves",
    "ShowRule": 1
  },
  "1093": {
    "Id": 1093,
    "Text": "Thorn",
    "Type": 1,
    "Par": 0,
    "Description": "Has the effect of reflecting damage",
    "ShowRule": 1
  },
  "1094": {
    "Id": 1094,
    "Text": "Debuff",
    "Type": 1,
    "Par": 0,
    "Description": "Effects that directly impact a unit's combat ability, such as reduced Speed, lowered attributes, being controlled, etc.",
    "ShowRule": 1
  },
  "1095": {
    "Id": 1095,
    "Text": "Vulnerability",
    "Type": 3,
    "Par": 3401095,
    "Description": "DMG taken <style=\"accent-gn\">+10%</style> for <style=\"accent-gn\">5s</style>.",
    "ShowRule": 1
  },
  "1096": {
    "Id": 1096,
    "Text": "Piercing Slash",
    "Type": 3,
    "Par": 3401096,
    "Description": "Deals <style=\"physical\">Attack Damage</style> equal to <style=\"accent-gn\">100%</style> ATK and allows your next <style=\"accent-gn\">Overdrive</style> to gain <style=\"accent-gn\">2</style> extra <style=\"accent-gn\">Thunder Sigil</style>.",
    "ShowRule": 1
  },
  "1097": {
    "Id": 1097,
    "Text": "Zen Moment",
    "Type": 3,
    "Par": 3401097,
    "Description": "Greatly accelerates the using of <style=\"accent-gn\">Special Attack</style> for <style=\"accent-gn\">10s</style>. Effect ends after you launch a <style=\"accent-gn\">Special Attack</style>.",
    "ShowRule": 1
  },
  "1098": {
    "Id": 1098,
    "Text": "Thundercleave",
    "Type": 3,
    "Par": 3401098,
    "Description": "A hidden technique from <style=\"accent-gn\">Thundercut</style>. Performs a rapid rising slash, dealing <style=\"physical\">Attack Damage</style> equal to <style=\"accent-gn\">300%</style> ATK (which scales with the Level/Tier of <style=\"accent-gn\">Flurry Slash</style>). Once Attack Speed reaches <style=\"accent-gn\">25%</style>|<style=\"accent-gn\">50%</style>|<style=\"accent-gn\">80%</style>, your attack count +<style=\"accent-gn\">1</style>|<style=\"accent-gn\">2</style>|<style=\"accent-gn\">3</style>.",
    "ShowRule": 1
  },
  "1099": {
    "Id": 1099,
    "Text": "Bladewind Domain",
    "Type": 3,
    "Par": 3401099,
    "Description": "Each wave deals <style=\"physical\">Attack Damage</style> equal to <style=\"accent-gn\">100%</style> ATK.<br>Starts with <style=\"accent-gn\">1</style> wave. Gains <style=\"accent-gn\">1</style> extra wave for every <style=\"accent-gn\">10%</style> Mastery, up to <style=\"accent-gn\">4</style> waves.",
    "ShowRule": 1
  },
  "1100": {
    "Id": 1100,
    "Text": "Thunderstrike",
    "Type": 3,
    "Par": 3401100,
    "Description": "Luck Effect: Deals <style=\"physical\">Attack Damage</style> equal to <style=\"accent-gn\">80%</style> ATK to the enemy.",
    "ShowRule": 1
  },
  "1101": {
    "Id": 1101,
    "Text": "Moonstrike",
    "Type": 3,
    "Par": 3401101,
    "Description": "Spins continuously for <style=\"accent-gn\">35s</style>, dealing <style=\"physical\">Attack Damage</style> equal to <style=\"accent-gn\">50%</style> ATK every <style=\"accent-gn\">2s</style> (which scales with the Level/Tier of Scythe Wheel).",
    "ShowRule": 1
  },
  "1102": {
    "Id": 1102,
    "Text": "Super Armor",
    "Type": 3,
    "Par": 3401102,
    "Description": "Cannot be knocked back, knocked airborne, or knocked down.",
    "ShowRule": 1
  },
  "1103": {
    "Id": 1103,
    "Text": "Thunderburst",
    "Type": 3,
    "Par": 3401103,
    "Description": "Deals <style=\"physical\">Attack Damage</style> equal to <style=\"accent-gn\">100%</style> ATK to enemies within <style=\"accent-gn\">3</style> meters.",
    "ShowRule": 1
  },
  "1104": {
    "Id": 1104,
    "Text": "Thunder Sigil",
    "Type": 3,
    "Par": 3401104,
    "Description": "When using a Skill that consumes <style=\"accent-gn\">Thunder Sigils</style>, each additional <style=\"accent-gn\">Thunder Sigil</style> consumed increases the Skill's DMG by <style=\"accent-gn\">25%</style>.",
    "ShowRule": 1
  },
  "1105": {
    "Id": 1105,
    "Text": "Ultimate Slash",
    "Type": 3,
    "Par": 3401105,
    "Description": "Deals massive DMG based on the number of <style=\"accent-gn\">Thunder Sigil</style> consumed over the past <style=\"accent-gn\">10s</style>.<br><style=\"accent-gn\">Each</style> consumed <style=\"accent-gn\">Thunder Sigil</style> deals <style=\"physical\">Attack Damage</style> equal to <style=\"accent-gn\">100%</style> ATK, up to <style=\"accent-gn\">1000%</style>.",
    "ShowRule": 1
  },
  "1106": {
    "Id": 1106,
    "Text": "Charge Seed",
    "Type": 3,
    "Par": 3401106,
    "Description": "Can accumulate up to <style=\"accent-gn\">20</style> <style=\"accent-gn\">Charge Seed</style>s. When casting <style=\"accent-gn\">Thundercut</style>, consumes <style=\"accent-gn\">15</style> <style=\"accent-gn\">Charge Seed</style>s to trigger <style=\"accent-gn\">Storm Scythe</style>, dealing <style=\"physical\">Attack Damage</style> to surrounding targets.",
    "ShowRule": 1
  },
  "1107": {
    "Id": 1107,
    "Text": "Inspiration",
    "Type": 3,
    "Par": 3401107,
    "Description": "Grants the blessed target <style=\"accent-gn\">50</style> bonus <style=\"accent-gn\">Intellect</style>, <style=\"accent-gn\">Strength</style>, <style=\"accent-gn\">Agility</style>, and <style=\"accent-gn\">Endurance</style>.",
    "ShowRule": 1
  },
  "1108": {
    "Id": 1108,
    "Text": "Regen Bud",
    "Type": 3,
    "Par": 3401108,
    "Description": "When a Healing <style=\"accent-gn\">Expertise Skill</style> or <style=\"accent-gn\">Ultimate</style> restores HP, it consumes <style=\"accent-gn\">2</style> <style=\"accent-gn\">Regen Buds</style> and throws a <style=\"accent-gn\">Nourishing Seed</style>, once every <style=\"accent-gn\">1</style> second.<br>When a DMG <style=\"accent-gn\">Expertise Skill</style> or <style=\"accent-gn\">Ultimate</style> deals DMG, it consumes <style=\"accent-gn\">2</style> <style=\"accent-gn\">Regen Buds</style> and fires a <style=\"accent-gn\">Wild Seed</style>, once <style=\"accent-gn\">per</style> second.",
    "ShowRule": 1
  },
  "1109": {
    "Id": 1109,
    "Text": "Healing Chain",
    "Type": 3,
    "Par": 3401109,
    "Description": "The Healing Chain bounces between allies, restoring HP equal to <style=\"accent-gn\">40%</style> ATK per bounce. Starts with <style=\"accent-gn\">2</style> bounces.",
    "ShowRule": 1
  },
  "1110": {
    "Id": 1110,
    "Text": "Healing Pulse",
    "Type": 3,
    "Par": 3401110,
    "Description": "Spreads outward up to <style=\"accent-gn\">20</style> meters, restoring HP equal to <style=\"accent-gn\">150%</style> ATK to all allies hit.",
    "ShowRule": 1
  },
  "1111": {
    "Id": 1111,
    "Text": "Nature Shield",
    "Type": 3,
    "Par": 3401111,
    "Description": "Grants an ally a <style=\"accent-gn\">Shield</style> equal to <style=\"accent-gn\">150%</style> ATK for <style=\"accent-gn\">5s</style>.",
    "ShowRule": 1
  },
  "1112": {
    "Id": 1112,
    "Text": "Stag Charge",
    "Type": 3,
    "Par": 3401112,
    "Description": "",
    "ShowRule": 1
  },
  "1113": {
    "Id": 1113,
    "Text": "Healing Orb",
    "Type": 3,
    "Par": 3401113,
    "Description": "Automatically restores HP equal to <style=\"accent-gn\">60%</style> ATK to allies within <style=\"accent-gn\">3</style> meters.",
    "ShowRule": 1
  },
  "1114": {
    "Id": 1114,
    "Text": "Engram Orb",
    "Type": 3,
    "Par": 3401114,
    "Description": "When within <style=\"accent-gn\">3</style> meters of the <style=\"accent-gn\">Engram Orb</style>, gains <style=\"accent-gn\">1</style> <style=\"accent-gn\">Regen Bud</style>. The <style=\"accent-gn\">Engram Orb</style> lasts up to <style=\"accent-gn\">3s</style>.",
    "ShowRule": 1
  },
  "1115": {
    "Id": 1115,
    "Text": "Nourishing Seed",
    "Type": 3,
    "Par": 3401115,
    "Description": "When it hits the ground, restores HP equal to <style=\"accent-gn\">40%</style> ATK to all allies.",
    "ShowRule": 1
  },
  "1116": {
    "Id": 1116,
    "Text": "Wild Seed",
    "Type": 3,
    "Par": 3401116,
    "Description": "Explodes upon contact with an enemy, dealing <style=\"magic\">Magic Damage</style> equal to <style=\"accent-gn\">100%</style> ATK.",
    "ShowRule": 1
  },
  "1117": {
    "Id": 1117,
    "Text": "Thorn",
    "Type": 3,
    "Par": 3401117,
    "Description": "Deals <style=\"magic\">Magic Damage</style> equal to <style=\"accent-gn\">20%</style> ATK per second to the enemy for <style=\"accent-gn\">10s</style>.",
    "ShowRule": 1
  },
  "1118": {
    "Id": 1118,
    "Text": "Flower Stalk",
    "Type": 3,
    "Par": 3401118,
    "Description": "",
    "ShowRule": 1
  },
  "1119": {
    "Id": 1119,
    "Text": "Crimson Insight",
    "Type": 3,
    "Par": 3401119,
    "Description": "The next <style=\"accent-gn\">Expertise Skill</style> used has its CD -<style=\"accent-gn\">50%</style>.",
    "ShowRule": 1
  },
  "1120": {
    "Id": 1120,
    "Text": "Golden Devotion",
    "Type": 3,
    "Par": 3401120,
    "Description": "After the next cast of a <style=\"accent-gn\">Expertise Skill</style>, increases your Healing by <style=\"accent-gn\">20%</style> for <style=\"accent-gn\">10s</style>.",
    "ShowRule": 1
  },
  "1121": {
    "Id": 1121,
    "Text": "Moonlight Solace",
    "Type": 3,
    "Par": 3401121,
    "Description": "The next <style=\"accent-gn\">Life Bloom</style> grants the target a <style=\"accent-gn\">Shield</style> for <style=\"accent-gn\">8s</style>, absorbing DMG equal to <style=\"accent-gn\">200%</style> ATK. Targets with the <style=\"accent-gn\">Shield</style> take <style=\"accent-gn\">10%</style> less DMG from all sources.",
    "ShowRule": 1
  },
  "1122": {
    "Id": 1122,
    "Text": "Suppress",
    "Type": 3,
    "Par": 3401122,
    "Description": "When taking DMG and your HP percentage is higher than the attacker's, reduces the DMG the attacker deals to you by <style=\"accent-gn\">10%</style>.<br>When dealing DMG and your HP percentage is higher than the target's, increases the DMG you deal to them by <style=\"accent-gn\">10%</style>.",
    "ShowRule": 1
  },
  "1123": {
    "Id": 1123,
    "Text": "Weak Point Strike",
    "Type": 3,
    "Par": 3401123,
    "Description": "Deals <style=\"physical\">Attack Damage</style> equal to <style=\"accent-gn\">50%</style> ATK to an enemy and grants <style=\"accent-gn\">1</style> <style=\"accent-gn\">Sand Crystal</style>.",
    "ShowRule": 1
  },
  "1124": {
    "Id": 1124,
    "Text": "Amplified Earthfort",
    "Type": 3,
    "Par": 3401124,
    "Description": "Enhances Shield effectiveness by <style=\"accent-gn\">15%</style> for <style=\"accent-gn\">10s</style>.",
    "ShowRule": 1
  },
  "1125": {
    "Id": 1125,
    "Text": "Countercrush",
    "Type": 3,
    "Par": 3401125,
    "Description": "Deals <style=\"physical\">Attack Damage</style> equal to <style=\"accent-gn\">100%</style> ATK to enemies within <style=\"accent-gn\">3</style> meters, ignores <style=\"accent-gn\">Block</style>, and generates significant Threat.",
    "ShowRule": 1
  },
  "1126": {
    "Id": 1126,
    "Text": "Lucky Block",
    "Type": 3,
    "Par": 3401126,
    "Description": "When performing a <style=\"accent-gn\">Block</style>, gains a chance to trigger <style=\"accent-gn\">Lucky Block</style> based on Luck percentage.",
    "ShowRule": 1
  },
  "1127": {
    "Id": 1127,
    "Text": "Shield Combo",
    "Type": 3,
    "Par": 3401127,
    "Description": "For the next <style=\"accent-gn\">7s</style>, <style=\"accent-gn\">Shield Bash</style> becomes a two-hit combo and costs no <style=\"accent-gn\">Rage</style> or <style=\"accent-gn\">Sand Crystals</style>, while also granting a <style=\"accent-gn\">Shield</style> to yourself. The effect ends after <style=\"accent-gn\">Shield Bash</style> is used.",
    "ShowRule": 1
  },
  "1128": {
    "Id": 1128,
    "Text": "Shield Echo",
    "Type": 3,
    "Par": 3401128,
    "Description": "Deals <style=\"physical\">Attack Damage</style> equal to <style=\"accent-gn\">300%</style> ATK to enemies within <style=\"accent-gn\">5</style> meters. For the next <style=\"accent-gn\">5s</style>, recover <style=\"accent-gn\">20</style> <style=\"accent-gn\">Rage</style> every <style=\"accent-gn\">1</style> second. This effect cannot stack.",
    "ShowRule": 1
  },
  "1129": {
    "Id": 1129,
    "Text": "Survival Instinct",
    "Type": 3,
    "Par": 3401129,
    "Description": "Reduces DMG taken by <style=\"accent-gn\">50%</style> and increases Healing Received by <style=\"accent-gn\">30%</style> for <style=\"accent-gn\">10s</style>.",
    "ShowRule": 1
  },
  "1130": {
    "Id": 1130,
    "Text": "Law of Energy Surge",
    "Type": 3,
    "Par": 3401130,
    "Description": "Restores <style=\"accent-gn\">5%</style> of your max <style=\"accent-gn\">Ice Energy</style> (scales with Mastery and Haste) every second for <style=\"accent-gn\">5s</style>.",
    "ShowRule": 1
  },
  "1131": {
    "Id": 1131,
    "Text": "Granite",
    "Type": 3,
    "Par": 3401131,
    "Description": "Strikes the nearest <style=\"accent-gn\">1</style> enemy, dealing <style=\"physical\">Attack Damage</style> equal to <style=\"accent-gn\">30%</style> ATK.",
    "ShowRule": 1
  },
  "1132": {
    "Id": 1132,
    "Text": "Dazzle",
    "Type": 3,
    "Par": 3401132,
    "Description": "Moves forcibly into melee range to strike the target.",
    "ShowRule": 1
  },
  "1133": {
    "Id": 1133,
    "Text": "Melody",
    "Type": 3,
    "Par": 3401133,
    "Description": "<style=\"accent-gn\">Heroic Melody</style> or <style=\"accent-gn\">Healing Melody</style>",
    "ShowRule": 1
  },
  "1134": {
    "Id": 1134,
    "Text": "Terra Sunder",
    "Type": 3,
    "Par": 3401134,
    "Description": "An enhanced version of <style=\"accent-gn\">Rageburst</style> that summons giant rocks around you, which then explode to deal <style=\"physical\">Attack Damage</style> equal to <style=\"accent-gn\">750%</style> ATK (which scales with the Level/Tier of <style=\"accent-gn\">Rage Burst</style>. <br>Earthsplitter does not consume <style=\"accent-gn\">Sand Crystals</style>.",
    "ShowRule": 1
  },
  "1135": {
    "Id": 1135,
    "Text": "Enraged",
    "Type": 3,
    "Par": 3401135,
    "Description": "DMG dealt <style=\"accent-gn\">+20%</style>, Move SPD <style=\"accent-gn\">+10%</style>, and gains <style=\"accent-gn\">Super Armor</style>.",
    "ShowRule": 1
  },
  "1136": {
    "Id": 1136,
    "Text": "Sand Crystal Shock",
    "Type": 3,
    "Par": 3401136,
    "Description": "Deals <style=\"physical\">Attack Damage</style> equal to <style=\"accent-gn\">300%</style> ATK to enemies within <style=\"accent-gn\">3</style> meters.",
    "ShowRule": 1
  },
  "1137": {
    "Id": 1137,
    "Text": "Sandfield",
    "Type": 3,
    "Par": 3401137,
    "Description": "Within the zone, reduces your <style=\"magic\">Magic Damage</style> taken by <style=\"accent-gn\">50%</style>, and <style=\"accent-gn\">50%</style> of the DMG taken by Allies (up to <style=\"accent-gn\">10</style>) is redirected to you.",
    "ShowRule": 1
  },
  "1138": {
    "Id": 1138,
    "Text": "Photon Reforge",
    "Type": 3,
    "Par": 3401138,
    "Description": "When <style=\"accent-gn\">Photon Energy</style> is full, using a <style=\"accent-gn\">Special Attack</style> allows you to enter <style=\"accent-gn\">Photon Reforge</style>. In this state, <style=\"accent-gn\">Special Attacks</style> and certain <style=\"accent-gn\">Expertise</style> are enhanced. <style=\"accent-gn\">Photon Reforge</style> gradually depletes, and the state ends when it reaches <style=\"accent-gn\">0</style>.",
    "ShowRule": 1
  },
  "1139": {
    "Id": 1139,
    "Text": "Tail Sweep",
    "Type": 3,
    "Par": 3401139,
    "Description": "Deals <style=\"physical\">Attack Damage</style> equal to <style=\"accent-gn\">80%</style> ATK to enemies within <style=\"accent-gn\">5</style> meters. For each additional enemy hit, increases the DMG dealt by <style=\"accent-gn\">30%</style> (up to +<style=\"accent-gn\">120%</style>, which scales with the Level/Tier of <style=\"accent-gn\">Basic Attack</style>).",
    "ShowRule": 1
  },
  "1140": {
    "Id": 1140,
    "Text": "Pounce and Bite",
    "Type": 3,
    "Par": 3401140,
    "Description": "Deals <style=\"physical\">Attack Damage</style> equal to <style=\"accent-gn\">100%</style> ATK to an enemy and inflicts <style=\"accent-gn\">Bleed</style>.",
    "ShowRule": 1
  },
  "1141": {
    "Id": 1141,
    "Text": "Bleed",
    "Type": 3,
    "Par": 3401141,
    "Description": "The effect lasts <style=\"accent-gn\">5s</style>, dealing <style=\"physical\">Attack Damage</style> equal to <style=\"accent-gn\">10%</style> ATK per second. If applied again from the same source before the previous <style=\"accent-gn\">Bleed</style> ends, it deals all remaining DMG of the previous <style=\"accent-gn\">Bleed</style> immediately.",
    "ShowRule": 1
  },
  "1142": {
    "Id": 1142,
    "Text": "Lightseeker Arrow",
    "Type": 3,
    "Par": 3401142,
    "Description": "Deals <style=\"physical\">Attack Damage</style> equal to <style=\"accent-gn\">50%</style> ATK to the enemy.",
    "ShowRule": 1
  },
  "1143": {
    "Id": 1143,
    "Text": "Lightning Strike",
    "Type": 3,
    "Par": 3401143,
    "Description": "Deals <style=\"physical\">Attack Damage</style> equal to <style=\"accent-gn\">350%</style> ATK to the enemy.",
    "ShowRule": 1
  },
  "1144": {
    "Id": 1144,
    "Text": "Explosive Arrow",
    "Type": 3,
    "Par": 3401144,
    "Description": "Deals <style=\"physical\">Attack Damage</style> equal to <style=\"accent-gn\">100%</style> ATK to enemies within <style=\"accent-gn\">3</style> meters.",
    "ShowRule": 1
  },
  "1145": {
    "Id": 1145,
    "Text": "Stomp",
    "Type": 3,
    "Par": 3401145,
    "Description": "Deals <style=\"physical\">Attack Damage</style> equal to <style=\"accent-gn\">250%</style> ATK to the enemies within range.",
    "ShowRule": 1
  },
  "1146": {
    "Id": 1146,
    "Text": "Legendary Eagle",
    "Type": 3,
    "Par": 3401146,
    "Description": "Flaps its wings on the spot, enhancing the effectiveness of Haste by <style=\"accent-gn\">30%</style> for <style=\"accent-gn\">10s</style>.",
    "ShowRule": 1
  },
  "1147": {
    "Id": 1147,
    "Text": "Legendary Boar",
    "Type": 3,
    "Par": 3401147,
    "Description": "Lets out a fierce howl, increasing Light bonus by <style=\"accent-gn\">50%</style> for <style=\"accent-gn\">10s</style>.",
    "ShowRule": 1
  },
  "1148": {
    "Id": 1148,
    "Text": "Steel Beak",
    "Type": 3,
    "Par": 3401148,
    "Description": "When the stacks of <style=\"accent-gn\">Steel Beak</style> reach <style=\"accent-gn\">5</style> or more, grants a fixed <style=\"accent-gn\">30%</style> chance to trigger an <style=\"accent-gn\">Implosion</style> each time a new stack is gained, dealing <style=\"physical\">Attack Damage</style> equal to <style=\"accent-gn\">60%</style> ATK to the enemies within range. <style=\"accent-gn\">The Steel Beak effect</style> stacks up to <style=\"accent-gn\">20</style> times, and loses <style=\"accent-gn\">1</style> stack <style=\"accent-gn\">per second</style>.",
    "ShowRule": 1
  },
  "1149": {
    "Id": 1149,
    "Text": "Celestial Eagle",
    "Type": 3,
    "Par": 3401149,
    "Description": "Creates a storm with a <style=\"accent-gn\">5</style>-meter radius, dealing <style=\"accent-gn\">80%</style> ATK as <style=\"magic\">Attack Damage</style> ignoring Armor to targets marked with <style=\"accent-gn\">Steel Beak</style> inside the storm every <style=\"accent-gn\">0</style>.<style=\"accent-gn\">5s</style>. After <style=\"accent-gn\">5s</style>, <style=\"accent-gn\">Celestial Eagle</style> dives to the ground, dealing <style=\"accent-gn\">500%</style> ATK as <style=\"magic\">Attack Damage</style> ignoring Armor.",
    "ShowRule": 1
  },
  "1150": {
    "Id": 1150,
    "Text": "Phantom Falcon",
    "Type": 3,
    "Par": 3401150,
    "Description": "Deals <style=\"physical\">Attack Damage</style> equal to <style=\"accent-gn\">400%</style> ATK to the enemy.",
    "ShowRule": 1
  },
  "1151": {
    "Id": 1151,
    "Text": "Split Arrow",
    "Type": 3,
    "Par": 3401151,
    "Description": "Deals <style=\"physical\">Attack Damage</style> equal to <style=\"accent-gn\">35%</style> ATK to the enemy (which scales with the Level/Tier of <style=\"accent-gn\">Basic Attack</style>).",
    "ShowRule": 1
  },
  "1152": {
    "Id": 1152,
    "Text": "Sharp",
    "Type": 3,
    "Par": 3401152,
    "Description": "ATK <style=\"accent-gn\">+5%</style> for <style=\"accent-gn\">10s</style>.",
    "ShowRule": 1
  },
  "1153": {
    "Id": 1153,
    "Text": "Rend",
    "Type": 3,
    "Par": 3401153,
    "Description": "Target loses HP equal to <style=\"accent-gn\">25%</style> ATK per second for <style=\"accent-gn\">8s</style>.",
    "ShowRule": 1
  },
  "1154": {
    "Id": 1154,
    "Text": "Rupture",
    "Type": 3,
    "Par": 3401154,
    "Description": "<style=\"accent-gn\">Rend</style> DMG <style=\"accent-gn\">+100%</style> for <style=\"accent-gn\">5s</style>.",
    "ShowRule": 1
  },
  "1155": {
    "Id": 1155,
    "Text": "Vigor Spike",
    "Type": 3,
    "Par": 3401155,
    "Description": "<style=\"accent-gn\">Strength</style> <style=\"accent-gn\">+30%</style> for <style=\"accent-gn\">12s</style>.",
    "ShowRule": 1
  },
  "1156": {
    "Id": 1156,
    "Text": "Spear Thrust",
    "Type": 3,
    "Par": 3401156,
    "Description": "Luck Effect: Deals <style=\"physical\">Attack Damage</style> equal to <style=\"accent-gn\">150%</style> ATK.",
    "ShowRule": 1
  },
  "1157": {
    "Id": 1157,
    "Text": "Chasing Step",
    "Type": 3,
    "Par": 3401157,
    "Description": "DMG of <style=\"accent-gn\">Instant Edge</style> <style=\"accent-gn\">+30%</style> for <style=\"accent-gn\">10s</style>. It stacks up to <style=\"accent-gn\">2</style> times and 1 stack is consumed after the use of <style=\"accent-gn\">Instant Edge</style>.",
    "ShowRule": 1
  },
  "1158": {
    "Id": 1158,
    "Text": "Tornado",
    "Type": 3,
    "Par": 3401158,
    "Description": "Deals <style=\"physical\">Attack Damage</style> equal to <style=\"accent-gn\">350%</style> ATK to the enemies within range. DMG reduces by <style=\"accent-gn\">20%</style> with each attack, down to 40% of the original Damage. Each Tornado maintains independent.",
    "ShowRule": 1
  },
  "1159": {
    "Id": 1159,
    "Text": "Typhoon: Sharp Impact",
    "Type": 3,
    "Par": 3401159,
    "Description": "An enhanced version of <style=\"accent-gn\">Sharp Impact</style>. Leaps into the air, dealing <style=\"physical\">Attack Damage</style> equal to <style=\"accent-gn\">800%</style> ATK in total to the target and surrounding enemies (which scales with the Level/Tier of <style=\"accent-gn\">Sharp Impact</style>)",
    "ShowRule": 1
  },
  "1160": {
    "Id": 1160,
    "Text": "Talent: Shattering Strike",
    "Type": 3,
    "Par": 3401160,
    "Description": "When Ice Meteor deals DMG, <style=\"accent-gn\">Ice Core</style> fires <style=\"accent-gn\">Ice Arrow</style>, granting 1 <style=\"accent-gn\">Frost Crystal</style>.",
    "ShowRule": 1
  },
  "1161": {
    "Id": 1161,
    "Text": "Frost Crystal",
    "Type": 3,
    "Par": 3401161,
    "Description": "Grants extra effects to certain skills.",
    "ShowRule": 1
  },
  "1162": {
    "Id": 1162,
    "Text": "Icy Bolt",
    "Type": 3,
    "Par": 3401162,
    "Description": "Deals <style=\"magic\">Magic Damage</style> equal to <style=\"accent-gn\">100%</style> ATK to the target.",
    "ShowRule": 1
  },
  "1163": {
    "Id": 1163,
    "Text": "Frost Shock",
    "Type": 3,
    "Par": 3401163,
    "Description": "Deals <style=\"magic\">Magic Damage</style> equal to <style=\"accent-gn\">100%</style> ATK to enemies within <style=\"accent-gn\">3</style> meters.",
    "ShowRule": 1
  },
  "1164": {
    "Id": 1164,
    "Text": "Piercing Ice Spear",
    "Type": 3,
    "Par": 3401164,
    "Description": "Throws a <style=\"accent-gn\">Frost Lance</style> that pierces targets, dealing <style=\"magic\">Magic Damage</style> equal to <style=\"accent-gn\">250%</style> ATK.",
    "ShowRule": 1
  },
  "1165": {
    "Id": 1165,
    "Text": "Frost Comet",
    "Type": 3,
    "Par": 3401165,
    "Description": "Luck Effect: Summon a <style=\"accent-gn\">Frost Comet</style> from the sky, dealing <style=\"magic\">Magic Damage</style> equal to <style=\"accent-gn\">200%</style> ATK to the enemy.",
    "ShowRule": 1
  },
  "1166": {
    "Id": 1166,
    "Text": "Cold Pulse",
    "Type": 3,
    "Par": 3401166,
    "Description": "Unleashes a powerful pulse from the Frost Ray, dealing <style=\"magic\">Magic Damage</style> equal to <style=\"accent-gn\">500%</style> ATK to enemies it hits.",
    "ShowRule": 1
  },
  "1167": {
    "Id": 1167,
    "Text": "Blade Intent",
    "Type": 3,
    "Par": 3401167,
    "Description": "Gains <style=\"accent-gn\">2</style> <style=\"accent-gn\">Blade Intent</style> per second. Starts with a Max of <style=\"accent-gn\">100</style> <style=\"accent-gn\">Blade Intent</style>.<br>When <style=\"accent-gn\">Blade Intent</style> reaches <style=\"accent-gn\">100</style>, greatly accelerates the using of <style=\"accent-gn\">Iaido Slash</style>. Using <style=\"accent-gn\">Iaido Slash</style> consumes <style=\"accent-gn\">100</style> <style=\"accent-gn\">Blade Intent</style>.<br><style=\"accent-gn\">Blade Intent</style> can also be used as a resource for <style=\"accent-gn\">Thundercut</style>.",
    "ShowRule": 1
  },
  "1168": {
    "Id": 1168,
    "Text": "Sandy Shelter",
    "Type": 3,
    "Par": 3401168,
    "Description": "Enhances <style=\"accent-gn\">Shield</style> effectiveness by <style=\"accent-gn\">3%</style>. The effect lasts <style=\"accent-gn\">10s</style> and stacks up to <style=\"accent-gn\">10</style> times.",
    "ShowRule": 1
  },
  "1169": {
    "Id": 1169,
    "Text": "Rageblow",
    "Type": 3,
    "Par": 3401169,
    "Description": "Jumps and deals <style=\"physical\">Attack Damage</style> equal to <style=\"accent-gn\">400%</style> ATK to enemies within range. Always triggers <style=\"accent-gn\">Weakness Strike</style> (which scales with the Level/Tier of <style=\"accent-gn\">Basic Attack</style>).",
    "ShowRule": 1
  },
  "1170": {
    "Id": 1170,
    "Text": "Block",
    "Type": 3,
    "Par": 3401170,
    "Description": "Grants a chance to <style=\"accent-gn\">block</style> <style=\"physical\">Attack Damage</style> and to reduce it by <style=\"accent-gn\">30%</style>.",
    "ShowRule": 1
  },
  "1171": {
    "Id": 1171,
    "Text": "Frozen",
    "Type": 3,
    "Par": 3401171,
    "Description": "Immobilizes the target and increases Ice DMG taken by <style=\"accent-gn\">20%</style> for <style=\"accent-gn\">10s</style>. The effect breaks upon taking DMG. Rapidly applying this effect within a short duration will reduce its total duration. Does not affect bosses.",
    "ShowRule": 1
  },
  "1172": {
    "Id": 1172,
    "Text": "Radiant shield",
    "Type": 3,
    "Par": 3401172,
    "Description": "Infuses the Shield with light, absorbing <style=\"accent-gn\">50%</style> of incoming DMG. The effect can stack absorption and reset duration when the Skill is reused. Max absorption cannot exceed <style=\"accent-gn\">100%</style> of Max HP.",
    "ShowRule": 1
  },
  "1173": {
    "Id": 1173,
    "Text": "Sonic Surge",
    "Type": 3,
    "Par": 3401173,
    "Description": "Restores HP equal to <style=\"accent-gn\">20%</style> ATK for allies every <style=\"accent-gn\">0.5s</style> for <style=\"accent-gn\">5s</style>",
    "ShowRule": 1
  },
  "1174": {
    "Id": 1174,
    "Text": "Radiant Impact",
    "Type": 3,
    "Par": 3401174,
    "Description": "Deals <style=\"physical\">Attack Damage</style> equal to <style=\"accent-gn\">150%</style> ATK to the enemy.",
    "ShowRule": 1
  },
  "1175": {
    "Id": 1175,
    "Text": "Lightforged Barrier",
    "Type": 3,
    "Par": 3401175,
    "Description": "Each stack increases Max HP by <style=\"accent-gn\">2%</style>, and <style=\"accent-gn\">Lightforged Barrier</style> stacks up to <style=\"accent-gn\">10</style> times. Any incoming DMG consumes <style=\"accent-gn\">1</style> stack. The effect lasts <style=\"accent-gn\">25s</style> or until all stacks are consumed. Duration resets each time a new stack is gained.",
    "ShowRule": 1
  },
  "1176": {
    "Id": 1176,
    "Text": "Vanguard Hunt",
    "Type": 3,
    "Par": 3401176,
    "Description": "Deals <style=\"physical\">Attack Damage</style>equal to <style=\"accent-gn\">240%</style> ATK to target, which scales with the Level/Tier of <style=\"accent-gn\">Vanguard Strike</style>. <br>When <style=\"accent-gn\">Vanguard Hunt</style> deals DMG, restores <style=\"accent-gn\">2%</style> of Max HP and grants <style=\"accent-gn\">Indomitable Courage</style>.",
    "ShowRule": 1
  },
  "1177": {
    "Id": 1177,
    "Text": "Divine Strike",
    "Type": 3,
    "Par": 3401177,
    "Description": "Deal <style=\"physical\">Attack Damage</style> equal to <style=\"accent-gn\">50%</style> ATK and reduces the target's movement speed by <style=\"accent-gn\">25%</style>.",
    "ShowRule": 1
  },
  "1178": {
    "Id": 1178,
    "Text": "Melody",
    "Type": 3,
    "Par": 3401178,
    "Description": "<style=\"accent-gn\">Melody</style> (Desc)",
    "ShowRule": 1
  },
  "1179": {
    "Id": 1179,
    "Text": "Tempestrike",
    "Type": 3,
    "Par": 3401179,
    "Description": "<style=\"accent-gn\">Strength</style> <style=\"accent-gn\">+12%</style> for <style=\"accent-gn\">8s</style>.",
    "ShowRule": 1
  },
  "1180": {
    "Id": 1180,
    "Text": "Encore",
    "Type": 3,
    "Par": 3401180,
    "Description": "Fires a string note at a nearby enemy/ally, dealing DMG/healing equal to <style=\"accent-gn\">50%</style> of the Beat Performer's MATK.",
    "ShowRule": 1
  },
  "1181": {
    "Id": 1181,
    "Text": "Fiery Passion",
    "Type": 3,
    "Par": 3401181,
    "Description": "<style=\"accent-gn\">Intellect</style> <style=\"accent-gn\">+5%</style> for <style=\"accent-gn\">6s</style>.",
    "ShowRule": 1
  },
  "1182": {
    "Id": 1182,
    "Text": "Burn",
    "Type": 3,
    "Par": 3401182,
    "Description": "Deals <style=\"physical\">Attack Damage</style> equal to <style=\"accent-gn\">50%</style> *stacks of ATK per second for <style=\"accent-gn\">10s</style>.",
    "ShowRule": 1
  },
  "1183": {
    "Id": 1183,
    "Text": "Note",
    "Type": 3,
    "Par": 3401183,
    "Description": "<style=\"accent-gn\">Note</style> (Desc)",
    "ShowRule": 1
  },
  "1184": {
    "Id": 1184,
    "Text": "Soundwave Surge",
    "Type": 3,
    "Par": 3401184,
    "Description": "<style=\"accent-gn\">Soundwave Surge</style>",
    "ShowRule": 1
  },
  "1185": {
    "Id": 1185,
    "Text": "Healing Wave",
    "Type": 3,
    "Par": 3401185,
    "Description": "Applies healing to nearby friendly targets, equal to <style=\"accent-gn\">10%</style> of the Beat Performer's MATK.",
    "ShowRule": 1
  },
  "1186": {
    "Id": 1186,
    "Text": "Sound Barrier",
    "Type": 3,
    "Par": 3401186,
    "Description": "<style=\"accent-gn\">Sound Barrier</style>",
    "ShowRule": 1
  },
  "1187": {
    "Id": 1187,
    "Text": "Wind Fury",
    "Type": 3,
    "Par": 3401187,
    "Description": "Increases DMG dealt by <style=\"accent-gn\">15%</style> for <style=\"accent-gn\">15s</style>.",
    "ShowRule": 1
  },
  "1188": {
    "Id": 1188,
    "Text": "Photon Arrow",
    "Type": 3,
    "Par": 3401188,
    "Description": "Deals <style=\"accent-gn\">80%</style> ATK <style=\"physical\">Attack Damage</style> to enemy targets.",
    "ShowRule": 1
  },
  "1189": {
    "Id": 1189,
    "Text": "Verdant Impact",
    "Type": 3,
    "Par": 3401189,
    "Description": "Deals <style=\"accent-gn\">300%</style> ATK <style=\"magic\">Magic Damage</style> to enemy targets around self.",
    "ShowRule": 1
  },
  "1190": {
    "Id": 1190,
    "Text": "Flame Pillar Blash",
    "Type": 3,
    "Par": 3401190,
    "Description": "Deals <style=\"magic\">Magic Damage</style> equal to <style=\"accent-gn\">60%</style> ATK to the enemies within range (which scales with the Level/Tier of <style=\"accent-gn\">Basic Attack</style>).",
    "ShowRule": 1
  },
  "1191": {
    "Id": 1191,
    "Text": "Scorching Impact",
    "Type": 3,
    "Par": 3401191,
    "Description": "Unleashes a fiery shockwave in a <style=\"accent-gn\">5</style>-meter radius around yourself, dealing <style=\"magic\">Magic Damage</style> equal to <style=\"accent-gn\">100%</style> ATK to enemies hit.",
    "ShowRule": 1
  },
  "1192": {
    "Id": 1192,
    "Text": "Note",
    "Type": 3,
    "Par": 3401192,
    "Description": "Restores HP equal to <style=\"accent-gn\">35%</style> ATK in total within <style=\"accent-gn\">10s</style>. When a <style=\"accent-gn\">Note</style> is granted again, it immediately triggers the remaining healing of the previous <style=\"accent-gn\">Note</style>.",
    "ShowRule": 1
  },
  "1193": {
    "Id": 1193,
    "Text": "Encore Strings",
    "Type": 3,
    "Par": 3401193,
    "Description": "Each time a damage or healing <style=\"accent-gn\">Expertise Skill</style> is cast, there is a fixed <style=\"accent-gn\">50%</style> chance to trigger <style=\"accent-gn\">Encore Strings</style> once, either dealing DMG to the current target or healing the ally with the lowest HP (Party Members Prioritized).",
    "ShowRule": 1
  },
  "1194": {
    "Id": 1194,
    "Text": "Passion Fury",
    "Type": 3,
    "Par": 3401194,
    "Description": "Moves and channels for 6s, continuously casting Passion Burst forward.",
    "ShowRule": 1
  },
  "1195": {
    "Id": 1195,
    "Text": "Transcendence",
    "Type": 3,
    "Par": 3401195,
    "Description": "Instantly gains <style=\"accent-gn\">100</style> <style=\"accent-gn\">Energy</style> and resets the CD of all healing <style=\"accent-gn\">Expertise</style> immediately. Increases MATK by <style=\"accent-gn\">30%</style> for <style=\"accent-gn\">10s</style>.",
    "ShowRule": 1
  },
  "1196": {
    "Id": 1196,
    "Text": "Shield Impact",
    "Type": 3,
    "Par": 3401196,
    "Description": "Raises the Shield and charges forward, dealing <style=\"physical\">Attack Damage</style> equal to <style=\"accent-gn\">200%</style> ATK to any enemies hit.",
    "ShowRule": 1
  },
  "1197": {
    "Id": 1197,
    "Text": "Flame Shock",
    "Type": 3,
    "Par": 3401197,
    "Description": "Deals <style=\"magic\">Magic Damage</style> equal to <style=\"accent-gn\">100%</style> ATK to the enemies within range.",
    "ShowRule": 1
  },
  "1198": {
    "Id": 1198,
    "Text": "Radiant Core",
    "Type": 3,
    "Par": 3401198,
    "Description": "After <style=\"accent-gn\">10s</style>, unleashes a burst of Holy <style=\"accent-gn\">Energy</style> around, dealing Attack Damage equal to <style=\"accent-gn\">500%</style> of <style=\"physical\">ATK</style> and restoring <style=\"accent-gn\">15%</style> of Max HP.",
    "ShowRule": 1
  },
  "1199": {
    "Id": 1199,
    "Text": "Holy Mark",
    "Type": 3,
    "Par": 3401199,
    "Description": "The target takes DMG equal to <style=\"accent-gn\">20%</style> ATK every second for the next <style=\"accent-gn\">10s</style>. During this time, each time the target deals DMG to you, there is a fixed <style=\"accent-gn\">10%</style> chance to restore HP equal to <style=\"accent-gn\">0.5%</style> of your Max HP.",
    "ShowRule": 1
  },
  "1500": {
    "Id": 1500,
    "Text": "Iaido Slash",
    "Type": 2,
    "Par": 1714,
    "Description": "",
    "ShowRule": 1
  },
  "1501": {
    "Id": 1501,
    "Text": "Flash strike",
    "Type": 2,
    "Par": 1717,
    "Description": "",
    "ShowRule": 1
  },
  "1502": {
    "Id": 1502,
    "Text": "Oblivion Combo",
    "Type": 2,
    "Par": 1713,
    "Description": "",
    "ShowRule": 1
  },
  "1503": {
    "Id": 1503,
    "Text": "Thundercut",
    "Type": 2,
    "Par": 1724,
    "Description": "",
    "ShowRule": 1
  },
  "1504": {
    "Id": 1504,
    "Text": "Volt Surge",
    "Type": 2,
    "Par": 1730,
    "Description": "",
    "ShowRule": 1
  },
  "1505": {
    "Id": 1505,
    "Text": "Stormflash",
    "Type": 2,
    "Par": 1731,
    "Description": "",
    "ShowRule": 1
  },
  "1506": {
    "Id": 1506,
    "Text": "Chaos Breaker",
    "Type": 2,
    "Par": 1738,
    "Description": "",
    "ShowRule": 1
  },
  "1507": {
    "Id": 1507,
    "Text": "Moonstrike",
    "Type": 2,
    "Par": 1715,
    "Description": "",
    "ShowRule": 1
  },
  "1508": {
    "Id": 1508,
    "Text": "Tidepool",
    "Type": 2,
    "Par": 1246,
    "Description": "",
    "ShowRule": 1
  },
  "1509": {
    "Id": 1509,
    "Text": "Frostbeam",
    "Type": 2,
    "Par": 1241,
    "Description": "",
    "ShowRule": 1
  },
  "1510": {
    "Id": 1510,
    "Text": "Crystal Veil",
    "Type": 2,
    "Par": 1211,
    "Description": "",
    "ShowRule": 1
  },
  "1511": {
    "Id": 1511,
    "Text": "Meteor Storm",
    "Type": 2,
    "Par": 1239,
    "Description": "",
    "ShowRule": 1
  },
  "1512": {
    "Id": 1512,
    "Text": "Frost Lance",
    "Type": 2,
    "Par": 1242,
    "Description": "",
    "ShowRule": 1
  },
  "1513": {
    "Id": 1513,
    "Text": "Blizzard",
    "Type": 2,
    "Par": 1244,
    "Description": "",
    "ShowRule": 1
  },
  "1514": {
    "Id": 1514,
    "Text": "Frozen Gale",
    "Type": 2,
    "Par": 1240,
    "Description": "",
    "ShowRule": 1
  },
  "1515": {
    "Id": 1515,
    "Text": "Permafrost",
    "Type": 2,
    "Par": 1243,
    "Description": "",
    "ShowRule": 1
  },
  "1516": {
    "Id": 1516,
    "Text": "Glacier Hymn",
    "Type": 2,
    "Par": 1248,
    "Description": "",
    "ShowRule": 1
  },
  "1517": {
    "Id": 1517,
    "Text": "Gale Thrust",
    "Type": 2,
    "Par": 1418,
    "Description": "",
    "ShowRule": 1
  },
  "1518": {
    "Id": 1518,
    "Text": "Valor Cyclone",
    "Type": 2,
    "Par": 1430,
    "Description": "",
    "ShowRule": 1
  },
  "1519": {
    "Id": 1519,
    "Text": "Instant Edge",
    "Type": 2,
    "Par": 1424,
    "Description": "",
    "ShowRule": 1
  },
  "1520": {
    "Id": 1520,
    "Text": "Skyfall",
    "Type": 2,
    "Par": 1419,
    "Description": "",
    "ShowRule": 1
  },
  "1521": {
    "Id": 1521,
    "Text": "Sharp Impact",
    "Type": 2,
    "Par": 1431,
    "Description": "",
    "ShowRule": 1
  },
  "1522": {
    "Id": 1522,
    "Text": "Breach Pursuit",
    "Type": 2,
    "Par": 1422,
    "Description": "",
    "ShowRule": 1
  },
  "1523": {
    "Id": 1523,
    "Text": "Spiral Thrust",
    "Type": 2,
    "Par": 1421,
    "Description": "",
    "ShowRule": 1
  },
  "1524": {
    "Id": 1524,
    "Text": "Falcon Toss",
    "Type": 2,
    "Par": 1425,
    "Description": "",
    "ShowRule": 1
  },
  "1525": {
    "Id": 1525,
    "Text": "Typhoon Cleave",
    "Type": 2,
    "Par": 1409,
    "Description": "",
    "ShowRule": 1
  },
  "1526": {
    "Id": 1526,
    "Text": "Wild Bloom",
    "Type": 2,
    "Par": 1518,
    "Description": "",
    "ShowRule": 1
  },
  "1527": {
    "Id": 1527,
    "Text": "Life Bloom",
    "Type": 2,
    "Par": 1507,
    "Description": "",
    "ShowRule": 1
  },
  "1528": {
    "Id": 1528,
    "Text": "Nourish",
    "Type": 2,
    "Par": 1522,
    "Description": "",
    "ShowRule": 1
  },
  "1529": {
    "Id": 1529,
    "Text": "Feral Seed",
    "Type": 2,
    "Par": 1519,
    "Description": "",
    "ShowRule": 1
  },
  "1530": {
    "Id": 1530,
    "Text": "Infusion",
    "Type": 2,
    "Par": 1520,
    "Description": "",
    "ShowRule": 1
  },
  "1531": {
    "Id": 1531,
    "Text": "Divine Circle Bloom",
    "Type": 2,
    "Par": 1509,
    "Description": "",
    "ShowRule": 1
  },
  "1532": {
    "Id": 1532,
    "Text": "Regen Pulse",
    "Type": 2,
    "Par": 1523,
    "Description": "",
    "ShowRule": 1
  },
  "1533": {
    "Id": 1533,
    "Text": "Blossom Charge",
    "Type": 2,
    "Par": 1529,
    "Description": "",
    "ShowRule": 1
  },
  "1534": {
    "Id": 1534,
    "Text": "Grove Wish",
    "Type": 2,
    "Par": 1521,
    "Description": "",
    "ShowRule": 1
  },
  "1535": {
    "Id": 1535,
    "Text": "Nature Ward",
    "Type": 2,
    "Par": 1531,
    "Description": "",
    "ShowRule": 1
  },
  "1536": {
    "Id": 1536,
    "Text": "Tectonic Ring",
    "Type": 2,
    "Par": 1907,
    "Description": "",
    "ShowRule": 1
  },
  "1537": {
    "Id": 1537,
    "Text": "Star Shatter",
    "Type": 2,
    "Par": 1924,
    "Description": "",
    "ShowRule": 1
  },
  "1538": {
    "Id": 1538,
    "Text": "Countercrush",
    "Type": 2,
    "Par": 1931,
    "Description": "",
    "ShowRule": 1
  },
  "1539": {
    "Id": 1539,
    "Text": "Granite Fury",
    "Type": 2,
    "Par": 1937,
    "Description": "",
    "ShowRule": 1
  },
  "1540": {
    "Id": 1540,
    "Text": "Shield Bash",
    "Type": 2,
    "Par": 1922,
    "Description": "",
    "ShowRule": 1
  },
  "1541": {
    "Id": 1541,
    "Text": "Sandshroud",
    "Type": 2,
    "Par": 1927,
    "Description": "",
    "ShowRule": 1
  },
  "1542": {
    "Id": 1542,
    "Text": "Stoneform",
    "Type": 2,
    "Par": 1936,
    "Description": "",
    "ShowRule": 1
  },
  "1543": {
    "Id": 1543,
    "Text": "Brave Bastion",
    "Type": 2,
    "Par": 1938,
    "Description": "",
    "ShowRule": 1
  },
  "1544": {
    "Id": 1544,
    "Text": "Rage Burst",
    "Type": 2,
    "Par": 1925,
    "Description": "",
    "ShowRule": 1
  },
  "1545": {
    "Id": 1545,
    "Text": "Surging Shot",
    "Type": 2,
    "Par": 2222,
    "Description": "",
    "ShowRule": 1
  },
  "1546": {
    "Id": 1546,
    "Text": "Luminary Bolt",
    "Type": 2,
    "Par": 2209,
    "Description": "",
    "ShowRule": 1
  },
  "1547": {
    "Id": 1547,
    "Text": "Double Arrow",
    "Type": 2,
    "Par": 2222,
    "Description": "",
    "ShowRule": 1
  },
  "1548": {
    "Id": 1548,
    "Text": "Blast Shot",
    "Type": 2,
    "Par": 2238,
    "Description": "",
    "ShowRule": 1
  },
  "1549": {
    "Id": 1549,
    "Text": "Wildcall",
    "Type": 2,
    "Par": 2237,
    "Description": "",
    "ShowRule": 1
  },
  "1550": {
    "Id": 1550,
    "Text": "Arrow Rain",
    "Type": 2,
    "Par": 2232,
    "Description": "",
    "ShowRule": 1
  },
  "1551": {
    "Id": 1551,
    "Text": "Vital Surge",
    "Type": 2,
    "Par": 1528,
    "Description": "",
    "ShowRule": 1
  },
  "1552": {
    "Id": 1552,
    "Text": "Bloomheal",
    "Type": 2,
    "Par": 1527,
    "Description": "",
    "ShowRule": 1
  },
  "1553": {
    "Id": 1553,
    "Text": "Galeform",
    "Type": 2,
    "Par": 1420,
    "Description": "",
    "ShowRule": 1
  },
  "1554": {
    "Id": 1554,
    "Text": "Raijin Dash",
    "Type": 2,
    "Par": 1718,
    "Description": "",
    "ShowRule": 1
  },
  "1555": {
    "Id": 1555,
    "Text": "Focus",
    "Type": 2,
    "Par": 2231,
    "Description": "",
    "ShowRule": 1
  },
  "1556": {
    "Id": 1556,
    "Text": "Overdrive",
    "Type": 2,
    "Par": 1705,
    "Description": "",
    "ShowRule": 1
  },
  "1557": {
    "Id": 1557,
    "Text": "Quadraflare",
    "Type": 2,
    "Par": 2222,
    "Description": "",
    "ShowRule": 1
  },
  "1558": {
    "Id": 1558,
    "Text": "Maelstrom",
    "Type": 2,
    "Par": 1210,
    "Description": "",
    "ShowRule": 1
  },
  "1559": {
    "Id": 1559,
    "Text": "Sacred Blade",
    "Type": 2,
    "Par": 2421,
    "Description": "",
    "ShowRule": 1
  },
  "1560": {
    "Id": 1560,
    "Text": "Divine Circle",
    "Type": 2,
    "Par": 2409,
    "Description": "",
    "ShowRule": 1
  },
  "1561": {
    "Id": 1561,
    "Text": "Valor Bash",
    "Type": 2,
    "Par": 2405,
    "Description": "",
    "ShowRule": 1
  },
  "1562": {
    "Id": 1562,
    "Text": "Shield Toss",
    "Type": 2,
    "Par": 2408,
    "Description": "",
    "ShowRule": 1
  },
  "1563": {
    "Id": 1563,
    "Text": "Reckoning",
    "Type": 2,
    "Par": 2412,
    "Description": "",
    "ShowRule": 1
  },
  "1564": {
    "Id": 1564,
    "Text": "Judgment",
    "Type": 2,
    "Par": 2410,
    "Description": "",
    "ShowRule": 1
  },
  "1565": {
    "Id": 1565,
    "Text": "Aegis Ward",
    "Type": 2,
    "Par": 2415,
    "Description": "",
    "ShowRule": 1
  },
  "1566": {
    "Id": 1566,
    "Text": "Vanguard Strike",
    "Type": 2,
    "Par": 2406,
    "Description": "",
    "ShowRule": 1
  },
  "1567": {
    "Id": 1567,
    "Text": "Zeal Crusade",
    "Type": 2,
    "Par": 2419,
    "Description": "",
    "ShowRule": 1
  },
  "1568": {
    "Id": 1568,
    "Text": "Radiance",
    "Type": 2,
    "Par": 2420,
    "Description": "",
    "ShowRule": 1
  },
  "1569": {
    "Id": 1569,
    "Text": "Stirring Melody",
    "Type": 2,
    "Par": 2311,
    "Description": "",
    "ShowRule": 1
  },
  "1570": {
    "Id": 1570,
    "Text": "Thermal Surge",
    "Type": 2,
    "Par": 2306,
    "Description": "",
    "ShowRule": 1
  },
  "1571": {
    "Id": 1571,
    "Text": "Rhythm Vortex",
    "Type": 2,
    "Par": 2308,
    "Description": "",
    "ShowRule": 1
  },
  "1572": {
    "Id": 1572,
    "Text": "Passionate Slide",
    "Type": 2,
    "Par": 2316,
    "Description": "",
    "ShowRule": 1
  },
  "1573": {
    "Id": 1573,
    "Text": "Full Firepower",
    "Type": 2,
    "Par": 2310,
    "Description": "",
    "ShowRule": 1
  },
  "1574": {
    "Id": 1574,
    "Text": "Vitality Revival",
    "Type": 2,
    "Par": 2307,
    "Description": "",
    "ShowRule": 1
  },
  "1575": {
    "Id": 1575,
    "Text": "Blooming Melody",
    "Type": 2,
    "Par": 2315,
    "Description": "",
    "ShowRule": 1
  },
  "1576": {
    "Id": 1576,
    "Text": "Passionate Rhapsody",
    "Type": 2,
    "Par": 2312,
    "Description": "",
    "ShowRule": 1
  },
  "1577": {
    "Id": 1577,
    "Text": "Healing Sound Wave",
    "Type": 2,
    "Par": 2309,
    "Description": "",
    "ShowRule": 1
  },
  "1578": {
    "Id": 1578,
    "Text": "Explosive Note",
    "Type": 2,
    "Par": 2313,
    "Description": "",
    "ShowRule": 1
  },
  "1579": {
    "Id": 1579,
    "Text": "Rock the Stage",
    "Type": 2,
    "Par": 2314,
    "Description": "",
    "ShowRule": 1
  },
  "1580": {
    "Id": 1580,
    "Text": "Torrent Volley",
    "Type": 2,
    "Par": 2230,
    "Description": "",
    "ShowRule": 1
  },
  "1581": {
    "Id": 1581,
    "Text": "Radiance Barrage",
    "Type": 2,
    "Par": 2234,
    "Description": "",
    "ShowRule": 1
  },
  "1582": {
    "Id": 1582,
    "Text": "Powerdraw",
    "Type": 2,
    "Par": 2233,
    "Description": "",
    "ShowRule": 1
  },
  "1583": {
    "Id": 1583,
    "Text": "Growth Arcane",
    "Type": 2,
    "Par": 1524,
    "Description": "",
    "ShowRule": 1
  },
  "1584": {
    "Id": 1584,
    "Text": "Dracoflash",
    "Type": 2,
    "Par": 1735,
    "Description": "",
    "ShowRule": 1
  },
  "1585": {
    "Id": 1585,
    "Text": "Phantom Slash",
    "Type": 2,
    "Par": 1736,
    "Description": "",
    "ShowRule": 1
  },
  "1586": {
    "Id": 1586,
    "Text": "Storm Scythe",
    "Type": 2,
    "Par": 1733,
    "Description": "",
    "ShowRule": 1
  },
  "1587": {
    "Id": 1587,
    "Text": "Divine Sickle",
    "Type": 2,
    "Par": 1737,
    "Description": "",
    "ShowRule": 1
  },
  "1588": {
    "Id": 1588,
    "Text": "Thunder Cut",
    "Type": 2,
    "Par": 1734,
    "Description": "",
    "ShowRule": 1
  },
  "1589": {
    "Id": 1589,
    "Text": "Azure Sever",
    "Type": 2,
    "Par": 1433,
    "Description": "",
    "ShowRule": 1
  },
  "1590": {
    "Id": 1590,
    "Text": "Vortex Strike",
    "Type": 2,
    "Par": 1434,
    "Description": "",
    "ShowRule": 1
  },
  "1591": {
    "Id": 1591,
    "Text": "Drake Cannon",
    "Type": 2,
    "Par": 1435,
    "Description": "",
    "ShowRule": 1
  },
  "1592": {
    "Id": 1592,
    "Text": "Swift Blade",
    "Type": 2,
    "Par": 1411,
    "Description": "",
    "ShowRule": 1
  },
  "1593": {
    "Id": 1593,
    "Text": "Stag Charge",
    "Type": 2,
    "Par": 1525,
    "Description": "",
    "ShowRule": 1
  },
  "1594": {
    "Id": 1594,
    "Text": "Starfall",
    "Type": 2,
    "Par": 1941,
    "Description": "",
    "ShowRule": 1
  },
  "1595": {
    "Id": 1595,
    "Text": "Rupture",
    "Type": 2,
    "Par": 1942,
    "Description": "",
    "ShowRule": 1
  },
  "1597": {
    "Id": 1597,
    "Text": "Stone Fist",
    "Type": 2,
    "Par": 1943,
    "Description": "",
    "ShowRule": 1
  },
  "1598": {
    "Id": 1598,
    "Text": "Condemn",
    "Type": 2,
    "Par": 2416,
    "Description": "",
    "ShowRule": 1
  },
  "1599": {
    "Id": 1599,
    "Text": "Enhanced Condemn",
    "Type": 2,
    "Par": 2417,
    "Description": "",
    "ShowRule": 1
  },
  "1600": {
    "Id": 1600,
    "Text": "Inferno Reckon",
    "Type": 2,
    "Par": 2413,
    "Description": "",
    "ShowRule": 1
  },
  "1601": {
    "Id": 1601,
    "Text": "Storm Arrow",
    "Type": 2,
    "Par": 2220,
    "Description": "",
    "ShowRule": 1
  },
  "1602": {
    "Id": 1602,
    "Text": "Lumi Torrent",
    "Type": 2,
    "Par": 2240,
    "Description": "",
    "ShowRule": 1
  },
  "1603": {
    "Id": 1603,
    "Text": "Rhapsody of Flame",
    "Type": 2,
    "Par": 2309,
    "Description": "",
    "ShowRule": 1
  },
  "1604": {
    "Id": 1604,
    "Text": "Amplified Beat",
    "Type": 2,
    "Par": 2306,
    "Description": "",
    "ShowRule": 1
  },
  "1605": {
    "Id": 1605,
    "Text": "Harmonic Anthem",
    "Type": 2,
    "Par": 2308,
    "Description": "",
    "ShowRule": 1
  },
  "1606": {
    "Id": 1606,
    "Text": "Healing Melody",
    "Type": 2,
    "Par": 2311,
    "Description": "",
    "ShowRule": 1
  },
  "1607": {
    "Id": 1607,
    "Text": "Fivefold Crescendo",
    "Type": 2,
    "Par": 2312,
    "Description": "",
    "ShowRule": 1
  },
  "1608": {
    "Id": 1608,
    "Text": "Passion Burst",
    "Type": 2,
    "Par": 2313,
    "Description": "",
    "ShowRule": 1
  },
  "1609": {
    "Id": 1609,
    "Text": "Healing Beat",
    "Type": 2,
    "Par": 2307,
    "Description": "",
    "ShowRule": 1
  },
  "1610": {
    "Id": 1610,
    "Text": "Center Stage",
    "Type": 2,
    "Par": 2316,
    "Description": "",
    "ShowRule": 1
  },
  "1611": {
    "Id": 1611,
    "Text": "Rock the Stage",
    "Type": 2,
    "Par": 2314,
    "Description": "",
    "ShowRule": 1
  },
  "1612": {
    "Id": 1612,
    "Text": "Infinite Rhapsody",
    "Type": 2,
    "Par": 2335,
    "Description": "",
    "ShowRule": 1
  },
  "1613": {
    "Id": 1613,
    "Text": "Concert Circuit",
    "Type": 2,
    "Par": 2336,
    "Description": "",
    "ShowRule": 1
  },
  "1614": {
    "Id": 1614,
    "Text": "Heroic Melody",
    "Type": 2,
    "Par": 2310,
    "Description": "",
    "ShowRule": 1
  },
  "1615": {
    "Id": 1615,
    "Text": "Fierce Strike",
    "Type": 2,
    "Par": 2317,
    "Description": "",
    "ShowRule": 1
  },
  "1616": {
    "Id": 1616,
    "Text": "Encore",
    "Type": 2,
    "Par": 2315,
    "Description": "",
    "ShowRule": 1
  },
  "1617": {
    "Id": 1617,
    "Text": "Passion Fury",
    "Type": 2,
    "Par": 2332,
    "Description": "",
    "ShowRule": 1
  },
  "1618": {
    "Id": 1618,
    "Text": "Resonant Strings",
    "Type": 2,
    "Par": 2301,
    "Description": "",
    "ShowRule": 1
  },
  "3000": {
    "Id": 3000,
    "Text": "Interrupt",
    "Type": 3,
    "Par": 3403000,
    "Description": "Interrupts the target's casting and puts the interrupted skill on CD. Does not affect bosses.",
    "ShowRule": 1
  },
  "3001": {
    "Id": 3001,
    "Text": "Silence",
    "Type": 3,
    "Par": 3403001,
    "Description": "Prevents the enemy from casting spells. Does not affect bosses. This is a debuff.",
    "ShowRule": 1
  },
  "3002": {
    "Id": 3002,
    "Text": "Rooted",
    "Type": 3,
    "Par": 3403002,
    "Description": "Prevents the enemy from moving. Does not affect bosses. This is a debuff.",
    "ShowRule": 1
  },
  "3003": {
    "Id": 3003,
    "Text": "Frost",
    "Type": 3,
    "Par": 3403003,
    "Description": "Reduces the enemy's Move SPD by <style=\"accent-gn\">30%</style>.",
    "ShowRule": 1
  },
  "3004": {
    "Id": 3004,
    "Text": "Wound",
    "Type": 3,
    "Par": 3403004,
    "Description": "Reduces the amount of healing the enemy receives. This is a debuff.",
    "ShowRule": 1
  },
  "3005": {
    "Id": 3005,
    "Text": "Stun",
    "Type": 3,
    "Par": 3403005,
    "Description": "Prevents the enemy from taking any actions. Does not affect bosses. This is a status effect.",
    "ShowRule": 1
  },
  "3006": {
    "Id": 3006,
    "Text": "Frozen",
    "Type": 3,
    "Par": 3403006,
    "Description": "Prevents the enemy from taking any actions. The effect is removed upon receiving DMG. Does not affect bosses. This is a status effect.",
    "ShowRule": 1
  },
  "3007": {
    "Id": 3007,
    "Text": "Petrified",
    "Type": 3,
    "Par": 3403007,
    "Description": "Prevents the enemy from taking any actions. The effect is removed upon receiving DMG. Does not affect bosses. This is a status effect.",
    "ShowRule": 1
  },
  "3008": {
    "Id": 3008,
    "Text": "Paralyzed",
    "Type": 3,
    "Par": 3403008,
    "Description": "Prevents the enemy from taking any actions. The effect is removed upon receiving DMG. Does not affect bosses. This is a status effect.",
    "ShowRule": 1
  },
  "3009": {
    "Id": 3009,
    "Text": "Dazzle",
    "Type": 3,
    "Par": 3403009,
    "Description": "Forces the enemy to move into melee range of their current target to attack. Does not affect bosses. This is a status effect.",
    "ShowRule": 1
  },
  "3010": {
    "Id": 3010,
    "Text": "Afraid",
    "Type": 3,
    "Par": 3403010,
    "Description": "The enemy cowers in place in fear. The effect is removed upon receiving DMG. Does not affect bosses. This is a status effect.",
    "ShowRule": 1
  },
  "3011": {
    "Id": 3011,
    "Text": "Slow",
    "Type": 3,
    "Par": 3403011,
    "Description": "Reduces the enemy's Move SPD. Does not affect bosses. This is a debuff.",
    "ShowRule": 1
  },
  "3012": {
    "Id": 3012,
    "Text": "Poisoned",
    "Type": 3,
    "Par": 3403012,
    "Description": "Causes the enemy to continuously lose HP. This is a debuff.",
    "ShowRule": 1
  },
  "3013": {
    "Id": 3013,
    "Text": "Bleed",
    "Type": 3,
    "Par": 3403013,
    "Description": "Causes the enemy to continuously lose HP. This is a debuff.",
    "ShowRule": 1
  },
  "3014": {
    "Id": 3014,
    "Text": "Burn",
    "Type": 3,
    "Par": 3403014,
    "Description": "Causes the enemy to continuously lose HP. This is a debuff.",
    "ShowRule": 1
  },
  "3020": {
    "Id": 3020,
    "Text": "Status Effects",
    "Type": 3,
    "Par": 3403020,
    "Description": "Includes: <style=\"accent-gn\">Stun</style>, <style=\"accent-gn\">Frozen</style>, <style=\"accent-gn\">Petrified</style>, <style=\"accent-gn\">Paralyzed</style>, <style=\"accent-gn\">Dazzled</style>, <style=\"accent-gn\">Feared</style>, <style=\"accent-gn\">Silenced</style>, <style=\"accent-gn\">Slowed</style>,<style=\"accent-gn\">Rooted</style>, <style=\"accent-gn\">Wounded</style>,<style=\"accent-gn\">Poisoned</style>, <style=\"accent-gn\">Bleeding</style>, <style=\"accent-gn\">Burning</style>.",
    "ShowRule": 1
  },
  "3021": {
    "Id": 3021,
    "Text": "Debuffs",
    "Type": 3,
    "Par": 3403021,
    "Description": "Includes <style=\"accent-gn\">Silenced</style>, <style=\"accent-gn\">Slowed</style>, <style=\"accent-gn\">Rooted</style>, <style=\"accent-gn\">Wounded</style>, <style=\"accent-gn\">Poisoned</style>, <style=\"accent-gn\">Bleeding</style>, <style=\"accent-gn\">Burning</style>.",
    "ShowRule": 1
  }
}