{
  "1073101": {
    "Id": 1073101,
    "ToyType": 0,
    "AlbumPhotoSize": [],
    "AlbumPhotoNum": 0
  },
  "1073102": {
    "Id": 1073102,
    "ToyType": 0,
    "AlbumPhotoSize": [],
    "AlbumPhotoNum": 0
  },
  "1073103": {
    "Id": 1073103,
    "ToyType": 0,
    "AlbumPhotoSize": [],
    "AlbumPhotoNum": 0
  },
  "1073104": {
    "Id": 1073104,
    "ToyType": 0,
    "AlbumPhotoSize": [],
    "AlbumPhotoNum": 0
  },
  "1073105": {
    "Id": 1073105,
    "ToyType": 0,
    "AlbumPhotoSize": [],
    "AlbumPhotoNum": 0
  },
  "1073106": {
    "Id": 1073106,
    "ToyType": 0,
    "AlbumPhotoSize": [],
    "AlbumPhotoNum": 0
  },
  "1073107": {
    "Id": 1073107,
    "ToyType": 0,
    "AlbumPhotoSize": [],
    "AlbumPhotoNum": 0
  },
  "1073108": {
    "Id": 1073108,
    "ToyType": 0,
    "AlbumPhotoSize": [],
    "AlbumPhotoNum": 0
  },
  "1073109": {
    "Id": 1073109,
    "ToyType": 0,
    "AlbumPhotoSize": [],
    "AlbumPhotoNum": 0
  },
  "1073110": {
    "Id": 1073110,
    "ToyType": 0,
    "AlbumPhotoSize": [],
    "AlbumPhotoNum": 0
  },
  "1073111": {
    "Id": 1073111,
    "ToyType": 0,
    "AlbumPhotoSize": [],
    "AlbumPhotoNum": 0
  },
  "1073112": {
    "Id": 1073112,
    "ToyType": 0,
    "AlbumPhotoSize": [],
    "AlbumPhotoNum": 0
  },
  "1073113": {
    "Id": 1073113,
    "ToyType": 0,
    "AlbumPhotoSize": [],
    "AlbumPhotoNum": 0
  },
  "1073114": {
    "Id": 1073114,
    "ToyType": 0,
    "AlbumPhotoSize": [],
    "AlbumPhotoNum": 0
  },
  "1073115": {
    "Id": 1073115,
    "ToyType": 0,
    "AlbumPhotoSize": [],
    "AlbumPhotoNum": 0
  },
  "1073116": {
    "Id": 1073116,
    "ToyType": 0,
    "AlbumPhotoSize": [],
    "AlbumPhotoNum": 0
  },
  "1073117": {
    "Id": 1073117,
    "ToyType": 0,
    "AlbumPhotoSize": [],
    "AlbumPhotoNum": 0
  },
  "1073118": {
    "Id": 1073118,
    "ToyType": 1,
    "AlbumPhotoSize": [
      2,
      3
    ],
    "AlbumPhotoNum": 6
  },
  "1073119": {
    "Id": 1073119,
    "ToyType": 0,
    "AlbumPhotoSize": [],
    "AlbumPhotoNum": 0
  },
  "1073120": {
    "Id": 1073120,
    "ToyType": 0,
    "AlbumPhotoSize": [],
    "AlbumPhotoNum": 0
  },
  "1073121": {
    "Id": 1073121,
    "ToyType": 0,
    "AlbumPhotoSize": [],
    "AlbumPhotoNum": 0
  },
  "1073122": {
    "Id": 1073122,
    "ToyType": 0,
    "AlbumPhotoSize": [],
    "AlbumPhotoNum": 0
  },
  "1073123": {
    "Id": 1073123,
    "ToyType": 0,
    "AlbumPhotoSize": [],
    "AlbumPhotoNum": 0
  },
  "1073124": {
    "Id": 1073124,
    "ToyType": 0,
    "AlbumPhotoSize": [],
    "AlbumPhotoNum": 0
  },
  "1073125": {
    "Id": 1073125,
    "ToyType": 0,
    "AlbumPhotoSize": [],
    "AlbumPhotoNum": 0
  },
  "1073126": {
    "Id": 1073126,
    "ToyType": 0,
    "AlbumPhotoSize": [],
    "AlbumPhotoNum": 0
  },
  "1073127": {
    "Id": 1073127,
    "ToyType": 0,
    "AlbumPhotoSize": [],
    "AlbumPhotoNum": 0
  },
  "1073128": {
    "Id": 1073128,
    "ToyType": 0,
    "AlbumPhotoSize": [],
    "AlbumPhotoNum": 0
  },
  "1073129": {
    "Id": 1073129,
    "ToyType": 2,
    "AlbumPhotoSize": [],
    "AlbumPhotoNum": 0
  },
  "1073130": {
    "Id": 1073130,
    "ToyType": 0,
    "AlbumPhotoSize": [],
    "AlbumPhotoNum": 0
  },
  "1073131": {
    "Id": 1073131,
    "ToyType": 0,
    "AlbumPhotoSize": [],
    "AlbumPhotoNum": 0
  }
}