{
  "50001": {
    "Id": 50001,
    "Name": "Cliff Ruins",
    "TransferType": 2,
    "MapId": 7,
    "PivotId": 0,
    "TransferDec": "In this area where Engram converges, adventurers can resonate with it to perceive the flow of Engram throughout the area, thereby obtaining the map information of the area.<br>Using Engram abilities allows for quick movement among activated Teleportal.",
    "ScenePoint": 32,
    "AwardId": [],
    "IsOn": true,
    "SceneTag": 501
  },
  "50002": {
    "Id": 50002,
    "Name": "Statue of the Hero",
    "TransferType": 2,
    "MapId": 7,
    "PivotId": 0,
    "TransferDec": "In this area where Engram converges, adventurers can resonate with it to perceive the flow of Engram throughout the area, thereby obtaining the map information of the area.<br>Using Engram abilities allows for quick movement among activated Teleportal.",
    "ScenePoint": 34,
    "AwardId": [],
    "IsOn": false,
    "SceneTag": 501
  },
  "50003": {
    "Id": 50003,
    "Name": "Outskirts of Ruins of Andra City",
    "TransferType": 2,
    "MapId": 7,
    "PivotId": 0,
    "TransferDec": "In this area where Engram converges, adventurers can resonate with it to perceive the flow of Engram throughout the area, thereby obtaining the map information of the area.<br>Using Engram abilities allows for quick movement among activated Teleportal.",
    "ScenePoint": 35,
    "AwardId": [],
    "IsOn": false,
    "SceneTag": 501
  },
  "50004": {
    "Id": 50004,
    "Name": "Minsterhorn",
    "TransferType": 2,
    "MapId": 7,
    "PivotId": 0,
    "TransferDec": "In this area where Engram converges, adventurers can resonate with it to perceive the flow of Engram throughout the area, thereby obtaining the map information of the area.<br>Using Engram abilities allows for quick movement among activated Teleportal.",
    "ScenePoint": 36,
    "AwardId": [],
    "IsOn": false,
    "SceneTag": 501
  },
  "50005": {
    "Id": 50005,
    "Name": "Kanamia Tribe",
    "TransferType": 2,
    "MapId": 7,
    "PivotId": 0,
    "TransferDec": "In this area where Engram converges, adventurers can resonate with it to perceive the flow of Engram throughout the area, thereby obtaining the map information of the area.<br>Using Engram abilities allows for quick movement among activated Teleportal.",
    "ScenePoint": 37,
    "AwardId": [],
    "IsOn": false,
    "SceneTag": 501
  },
  "50006": {
    "Id": 50006,
    "Name": "Duskdye Woods",
    "TransferType": 2,
    "MapId": 71,
    "PivotId": 0,
    "TransferDec": "In this area where Engram converges, adventurers can resonate with it to perceive the flow of Engram throughout the area, thereby obtaining the map information of the area.<br>Using Engram abilities allows for quick movement among activated Teleportal.",
    "ScenePoint": 131,
    "AwardId": [],
    "IsOn": false,
    "SceneTag": 501
  },
  "50007": {
    "Id": 50007,
    "Name": "Teleport - Light-Drowned Valley",
    "TransferType": 2,
    "MapId": 72,
    "PivotId": 0,
    "TransferDec": "In this area where Engram converges, adventurers can resonate with it to perceive the flow of Engram throughout the area, thereby obtaining the map information of the area.<br>Using Engram abilities allows for quick movement among activated Teleportal.",
    "ScenePoint": 13,
    "AwardId": [],
    "IsOn": false,
    "SceneTag": 501
  },
  "50008": {
    "Id": 50008,
    "Name": "Windhowl Canyon",
    "TransferType": 2,
    "MapId": 73,
    "PivotId": 0,
    "TransferDec": "In this area where Engram converges, adventurers can resonate with it to perceive the flow of Engram throughout the area, thereby obtaining the map information of the area.<br>Using Engram abilities allows for quick movement among activated Teleportal.",
    "ScenePoint": 143,
    "AwardId": [],
    "IsOn": false,
    "SceneTag": 501
  },
  "50009": {
    "Id": 50009,
    "Name": "Underground District",
    "TransferType": 2,
    "MapId": 74,
    "PivotId": 0,
    "TransferDec": "In this area where Engram converges, adventurers can resonate with it to perceive the flow of Engram throughout the area, thereby obtaining the map information of the area.<br>Using Engram abilities allows for quick movement among activated Teleportal.",
    "ScenePoint": 8,
    "AwardId": [],
    "IsOn": false,
    "SceneTag": 501
  },
  "50010": {
    "Id": 50010,
    "Name": "Dark Blue District",
    "TransferType": 2,
    "MapId": 75,
    "PivotId": 0,
    "TransferDec": "In this area where Engram converges, adventurers can resonate with it to perceive the flow of Engram throughout the area, thereby obtaining the map information of the area.<br>Using Engram abilities allows for quick movement among activated Teleportal.",
    "ScenePoint": 35,
    "AwardId": [],
    "IsOn": false,
    "SceneTag": 501
  },
  "50011": {
    "Id": 50011,
    "Name": "Fallen Valley",
    "TransferType": 2,
    "MapId": 9,
    "PivotId": 0,
    "TransferDec": "In this area where Engram converges, adventurers can resonate with it to perceive the flow of Engram throughout the area, thereby obtaining the map information of the area.<br>Using Engram abilities allows for quick movement among activated Teleportal.",
    "ScenePoint": 639,
    "AwardId": [],
    "IsOn": true,
    "SceneTag": 501
  },
  "50012": {
    "Id": 50012,
    "Name": "Pillar of Divinity",
    "TransferType": 2,
    "MapId": 9,
    "PivotId": 0,
    "TransferDec": "In this area where Engram converges, adventurers can resonate with it to perceive the flow of Engram throughout the area, thereby obtaining the map information of the area.<br>Using Engram abilities allows for quick movement among activated Teleportal.",
    "ScenePoint": 642,
    "AwardId": [],
    "IsOn": true,
    "SceneTag": 501
  },
  "50013": {
    "Id": 50013,
    "Name": "Lallipar",
    "TransferType": 2,
    "MapId": 9,
    "PivotId": 0,
    "TransferDec": "In this area where Engram converges, adventurers can resonate with it to perceive the flow of Engram throughout the area, thereby obtaining the map information of the area.<br>Using Engram abilities allows for quick movement among activated Teleportal.",
    "ScenePoint": 644,
    "AwardId": [],
    "IsOn": true,
    "SceneTag": 501
  },
  "50014": {
    "Id": 50014,
    "Name": "Bekmar Transport Station",
    "TransferType": 2,
    "MapId": 9,
    "PivotId": 0,
    "TransferDec": "In this area where Engram converges, adventurers can resonate with it to perceive the flow of Engram throughout the area, thereby obtaining the map information of the area.<br>Using Engram abilities allows for quick movement among activated Teleportal.",
    "ScenePoint": 646,
    "AwardId": [],
    "IsOn": true,
    "SceneTag": 501
  },
  "50015": {
    "Id": 50015,
    "Name": "Underground Sislesa Mine",
    "TransferType": 2,
    "MapId": 9,
    "PivotId": 0,
    "TransferDec": "In this area where Engram converges, adventurers can resonate with it to perceive the flow of Engram throughout the area, thereby obtaining the map information of the area.<br>Using Engram abilities allows for quick movement among activated Teleportal.",
    "ScenePoint": 648,
    "AwardId": [],
    "IsOn": true,
    "SceneTag": 501
  },
  "50701": {
    "Id": 50701,
    "Name": "Ancient City of Vill",
    "TransferType": 1,
    "MapId": 7,
    "PivotId": 50001,
    "TransferDec": "These are teleportation devices left behind by the Bapharian Divines. Once activated, it allows for long-distance teleportation.",
    "ScenePoint": 38,
    "AwardId": [],
    "IsOn": false,
    "SceneTag": 105
  },
  "50702": {
    "Id": 50702,
    "Name": "Scout Lookout Post",
    "TransferType": 1,
    "MapId": 7,
    "PivotId": 50001,
    "TransferDec": "These are teleportation devices left behind by the Bapharian Divines. Once activated, it allows for long-distance teleportation.",
    "ScenePoint": 41,
    "AwardId": [],
    "IsOn": false,
    "SceneTag": 105
  },
  "50703": {
    "Id": 50703,
    "Name": "Andra Resting Post",
    "TransferType": 1,
    "MapId": 7,
    "PivotId": 50002,
    "TransferDec": "These are teleportation devices left behind by the Bapharian Divines. Once activated, it allows for long-distance teleportation.",
    "ScenePoint": 43,
    "AwardId": [],
    "IsOn": false,
    "SceneTag": 105
  },
  "50704": {
    "Id": 50704,
    "Name": "Pale Azure Lake",
    "TransferType": 1,
    "MapId": 7,
    "PivotId": 50004,
    "TransferDec": "These are teleportation devices left behind by the Bapharian Divines. Once activated, it allows for long-distance teleportation.",
    "ScenePoint": 44,
    "AwardId": [],
    "IsOn": false,
    "SceneTag": 105
  },
  "50705": {
    "Id": 50705,
    "Name": "Outskirts of Kanamia Tribe",
    "TransferType": 1,
    "MapId": 7,
    "PivotId": 50005,
    "TransferDec": "These are teleportation devices left behind by the Bapharian Divines. Once activated, it allows for long-distance teleportation.",
    "ScenePoint": 45,
    "AwardId": [],
    "IsOn": false,
    "SceneTag": 105
  },
  "50706": {
    "Id": 50706,
    "Name": "Ruins of Andra City",
    "TransferType": 1,
    "MapId": 7,
    "PivotId": 50003,
    "TransferDec": "These are teleportation devices left behind by the Bapharian Divines. Once activated, it allows for long-distance teleportation.",
    "ScenePoint": 1824,
    "AwardId": [],
    "IsOn": false,
    "SceneTag": 105
  },
  "50707": {
    "Id": 50707,
    "Name": "Skyquake Fields",
    "TransferType": 1,
    "MapId": 7,
    "PivotId": 50001,
    "TransferDec": "These are teleportation devices left behind by the Bapharian Divines. Once activated, it allows for long-distance teleportation.",
    "ScenePoint": 42,
    "AwardId": [],
    "IsOn": true,
    "SceneTag": 105
  },
  "50708": {
    "Id": 50708,
    "Name": "Forest Glade",
    "TransferType": 1,
    "MapId": 71,
    "PivotId": 50006,
    "TransferDec": "These are teleportation devices left behind by the Bapharian Divines. Once activated, it allows for long-distance teleportation.",
    "ScenePoint": 579,
    "AwardId": [],
    "IsOn": false,
    "SceneTag": 105
  },
  "50709": {
    "Id": 50709,
    "Name": "Rain Weeping Meadow",
    "TransferType": 1,
    "MapId": 72,
    "PivotId": 50007,
    "TransferDec": "These are teleportation devices left behind by the Bapharian Divines. Once activated, it allows for long-distance teleportation.",
    "ScenePoint": 577,
    "AwardId": [],
    "IsOn": false,
    "SceneTag": 105
  },
  "50710": {
    "Id": 50710,
    "Name": "Thunderclap Cliff Path",
    "TransferType": 1,
    "MapId": 72,
    "PivotId": 50007,
    "TransferDec": "These are teleportation devices left behind by the Bapharian Divines. Once activated, it allows for long-distance teleportation.",
    "ScenePoint": 574,
    "AwardId": [],
    "IsOn": true,
    "SceneTag": 105
  },
  "50711": {
    "Id": 50711,
    "Name": "Wind Whisper Dome",
    "TransferType": 1,
    "MapId": 73,
    "PivotId": 50008,
    "TransferDec": "These are teleportation devices left behind by the Bapharian Divines. Once activated, it allows for long-distance teleportation.",
    "ScenePoint": 137,
    "AwardId": [],
    "IsOn": false,
    "SceneTag": 105
  },
  "50712": {
    "Id": 50712,
    "Name": "Sea Roar Cliff Path",
    "TransferType": 1,
    "MapId": 73,
    "PivotId": 50008,
    "TransferDec": "These are teleportation devices left behind by the Bapharian Divines. Once activated, it allows for long-distance teleportation.",
    "ScenePoint": 134,
    "AwardId": [],
    "IsOn": false,
    "SceneTag": 105
  },
  "50713": {
    "Id": 50713,
    "Name": "Canyon Floating Island",
    "TransferType": 1,
    "MapId": 73,
    "PivotId": 50008,
    "TransferDec": "These are teleportation devices left behind by the Bapharian Divines. Once activated, it allows for long-distance teleportation.",
    "ScenePoint": 140,
    "AwardId": [],
    "IsOn": false,
    "SceneTag": 105
  },
  "50714": {
    "Id": 50714,
    "Name": "Inside Ancient City of Vill",
    "TransferType": 1,
    "MapId": 7,
    "PivotId": 50001,
    "TransferDec": "These are teleportation devices left behind by the Bapharian Divines. Once activated, it allows for long-distance teleportation.",
    "ScenePoint": 19348,
    "AwardId": [],
    "IsOn": false,
    "SceneTag": 105
  },
  "50715": {
    "Id": 50715,
    "Name": "Landing Battle Site Beach",
    "TransferType": 1,
    "MapId": 7,
    "PivotId": 50002,
    "TransferDec": "These are teleportation devices left behind by the Bapharian Divines. Once activated, it allows for long-distance teleportation.",
    "ScenePoint": 19349,
    "AwardId": [],
    "IsOn": false,
    "SceneTag": 105
  },
  "50716": {
    "Id": 50716,
    "Name": "Power Module Area",
    "TransferType": 1,
    "MapId": 74,
    "PivotId": 50009,
    "TransferDec": "These are teleportation devices left behind by the Bapharian Divines. Once activated, it allows for long-distance teleportation.",
    "ScenePoint": 87,
    "AwardId": [],
    "IsOn": false,
    "SceneTag": 105
  },
  "50717": {
    "Id": 50717,
    "Name": "Stability Module Area",
    "TransferType": 1,
    "MapId": 74,
    "PivotId": 50009,
    "TransferDec": "These are teleportation devices left behind by the Bapharian Divines. Once activated, it allows for long-distance teleportation.",
    "ScenePoint": 90,
    "AwardId": [],
    "IsOn": false,
    "SceneTag": 105
  },
  "50718": {
    "Id": 50718,
    "Name": "Core Module Area",
    "TransferType": 1,
    "MapId": 74,
    "PivotId": 50009,
    "TransferDec": "These are teleportation devices left behind by the Bapharian Divines. Once activated, it allows for long-distance teleportation.",
    "ScenePoint": 93,
    "AwardId": [],
    "IsOn": false,
    "SceneTag": 105
  },
  "50719": {
    "Id": 50719,
    "Name": "Hydra Reef",
    "TransferType": 1,
    "MapId": 75,
    "PivotId": 50010,
    "TransferDec": "These are teleportation devices left behind by the Bapharian Divines. Once activated, it allows for long-distance teleportation.",
    "ScenePoint": 38,
    "AwardId": [],
    "IsOn": false,
    "SceneTag": 105
  },
  "50720": {
    "Id": 50720,
    "Name": "Shipwreck Rock",
    "TransferType": 1,
    "MapId": 75,
    "PivotId": 50010,
    "TransferDec": "These are teleportation devices left behind by the Bapharian Divines. Once activated, it allows for long-distance teleportation.",
    "ScenePoint": 41,
    "AwardId": [],
    "IsOn": false,
    "SceneTag": 105
  },
  "50721": {
    "Id": 50721,
    "Name": "Ground Entrance/Exit",
    "TransferType": 1,
    "MapId": 74,
    "PivotId": 50009,
    "TransferDec": "These are teleportation devices left behind by the Bapharian Divines. Once activated, it allows for long-distance teleportation.",
    "ScenePoint": 702,
    "AwardId": [],
    "IsOn": true,
    "SceneTag": 105
  },
  "50722": {
    "Id": 50722,
    "Name": "Wind Accumulation Flat",
    "TransferType": 1,
    "MapId": 73,
    "PivotId": 50008,
    "TransferDec": "These are teleportation devices left behind by the Bapharian Divines. Once activated, it allows for long-distance teleportation.",
    "ScenePoint": 987,
    "AwardId": [],
    "IsOn": true,
    "SceneTag": 105
  },
  "50723": {
    "Id": 50723,
    "Name": "Mist Hidden Stone Ravine",
    "TransferType": 1,
    "MapId": 73,
    "PivotId": 50008,
    "TransferDec": "These are teleportation devices left behind by the Bapharian Divines. Once activated, it allows for long-distance teleportation.",
    "ScenePoint": 990,
    "AwardId": [],
    "IsOn": false,
    "SceneTag": 105
  },
  "50724": {
    "Id": 50724,
    "Name": "Tubeworm Surge Tunnel",
    "TransferType": 1,
    "MapId": 75,
    "PivotId": 50010,
    "TransferDec": "These are teleportation devices left behind by the Bapharian Divines. Once activated, it allows for long-distance teleportation.",
    "ScenePoint": 408,
    "AwardId": [],
    "IsOn": true,
    "SceneTag": 105
  },
  "50725": {
    "Id": 50725,
    "Name": "Rock Crystal Slope",
    "TransferType": 1,
    "MapId": 71,
    "PivotId": 50006,
    "TransferDec": "These are teleportation devices left behind by the Bapharian Divines. Once activated, it allows for long-distance teleportation.",
    "ScenePoint": 837,
    "AwardId": [],
    "IsOn": false,
    "SceneTag": 105
  },
  "50726": {
    "Id": 50726,
    "Name": "Pale Purple Shallow Hill",
    "TransferType": 1,
    "MapId": 71,
    "PivotId": 50006,
    "TransferDec": "These are teleportation devices left behind by the Bapharian Divines. Once activated, it allows for long-distance teleportation.",
    "ScenePoint": 834,
    "AwardId": [],
    "IsOn": false,
    "SceneTag": 105
  },
  "50727": {
    "Id": 50727,
    "Name": "Decayed Gate Court",
    "TransferType": 1,
    "MapId": 72,
    "PivotId": 50007,
    "TransferDec": "These are teleportation devices left behind by the Bapharian Divines. Once activated, it allows for long-distance teleportation.",
    "ScenePoint": 809,
    "AwardId": [],
    "IsOn": false,
    "SceneTag": 105
  },
  "50728": {
    "Id": 50728,
    "Name": "Teleport - Blossom Grove Entrance",
    "TransferType": 1,
    "MapId": 71,
    "PivotId": 50006,
    "TransferDec": "These are teleportation devices left behind by the Bapharian Divines. Once activated, it allows for long-distance teleportation.",
    "ScenePoint": 1146,
    "AwardId": [],
    "IsOn": true,
    "SceneTag": 105
  },
  "50729": {
    "Id": 50729,
    "Name": "Floating Island - Dragon Shackles",
    "TransferType": 1,
    "MapId": 7,
    "PivotId": 0,
    "TransferDec": "He crouched down and started digging with his hands. <br>Soon, he unearthed a box with a letter inside.",
    "ScenePoint": 22098,
    "AwardId": [],
    "IsOn": true,
    "SceneTag": 732
  },
  "50801": {
    "Id": 50801,
    "Name": "Town Gate Square",
    "TransferType": 1,
    "MapId": 8,
    "PivotId": 0,
    "TransferDec": "These are teleportation devices left behind by the Bapharian Divines. Once activated, it allows for long-distance teleportation.",
    "ScenePoint": 7,
    "AwardId": [],
    "IsOn": false,
    "SceneTag": 105
  },
  "50802": {
    "Id": 50802,
    "Name": "Celestine Plaza",
    "TransferType": 1,
    "MapId": 8,
    "PivotId": 0,
    "TransferDec": "These are teleportation devices left behind by the Bapharian Divines. Once activated, it allows for long-distance teleportation.",
    "ScenePoint": 8,
    "AwardId": [],
    "IsOn": false,
    "SceneTag": 105
  },
  "50803": {
    "Id": 50803,
    "Name": "Pioneer Bureau",
    "TransferType": 1,
    "MapId": 8,
    "PivotId": 0,
    "TransferDec": "These are teleportation devices left behind by the Bapharian Divines. Once activated, it allows for long-distance teleportation.",
    "ScenePoint": 9,
    "AwardId": [],
    "IsOn": false,
    "SceneTag": 105
  },
  "50804": {
    "Id": 50804,
    "Name": "Teleport-Shrine District",
    "TransferType": 1,
    "MapId": 8,
    "PivotId": 0,
    "TransferDec": "These are teleportation devices left behind by the Bapharian Divines. Once activated, it allows for long-distance teleportation.",
    "ScenePoint": 10,
    "AwardId": [],
    "IsOn": false,
    "SceneTag": 105
  },
  "50805": {
    "Id": 50805,
    "Name": "Entertainment District",
    "TransferType": 1,
    "MapId": 8,
    "PivotId": 0,
    "TransferDec": "These are teleportation devices left behind by the Bapharian Divines. Once activated, it allows for long-distance teleportation.",
    "ScenePoint": 11,
    "AwardId": [],
    "IsOn": false,
    "SceneTag": 105
  },
  "50806": {
    "Id": 50806,
    "Name": "Arena Town",
    "TransferType": 1,
    "MapId": 8,
    "PivotId": 0,
    "TransferDec": "These are teleportation devices left behind by the Bapharian Divines. Once activated, it allows for long-distance teleportation.",
    "ScenePoint": 12,
    "AwardId": [],
    "IsOn": false,
    "SceneTag": 105
  },
  "50807": {
    "Id": 50807,
    "Name": "Asterleeds Beach",
    "TransferType": 1,
    "MapId": 8,
    "PivotId": 0,
    "TransferDec": "These are teleportation devices left behind by the Bapharian Divines. Once activated, it allows for long-distance teleportation.",
    "ScenePoint": 14,
    "AwardId": [],
    "IsOn": false,
    "SceneTag": 105
  },
  "50808": {
    "Id": 50808,
    "Name": "Port Town",
    "TransferType": 1,
    "MapId": 8,
    "PivotId": 0,
    "TransferDec": "These are teleportation devices left behind by the Bapharian Divines. Once activated, it allows for long-distance teleportation.",
    "ScenePoint": 15,
    "AwardId": [],
    "IsOn": false,
    "SceneTag": 105
  },
  "50809": {
    "Id": 50809,
    "Name": "The Spinning Rudder",
    "TransferType": 1,
    "MapId": 8,
    "PivotId": 0,
    "TransferDec": "These are teleportation devices left behind by the Bapharian Divines. Once activated, it allows for long-distance teleportation.",
    "ScenePoint": 16,
    "AwardId": [],
    "IsOn": false,
    "SceneTag": 105
  },
  "50810": {
    "Id": 50810,
    "Name": "Asterleeds Defense Corps Camp",
    "TransferType": 1,
    "MapId": 8,
    "PivotId": 0,
    "TransferDec": "These are teleportation devices left behind by the Bapharian Divines. Once activated, it allows for long-distance teleportation.",
    "ScenePoint": 1711,
    "AwardId": [],
    "IsOn": false,
    "SceneTag": 105
  },
  "50811": {
    "Id": 50811,
    "Name": "Ocean Hill",
    "TransferType": 1,
    "MapId": 8,
    "PivotId": 0,
    "TransferDec": "These are teleportation devices left behind by the Bapharian Divines. Once activated, it allows for long-distance teleportation.",
    "ScenePoint": 503829,
    "AwardId": [],
    "IsOn": false,
    "SceneTag": 105
  },
  "50901": {
    "Id": 50901,
    "Name": "Augurus Ruins",
    "TransferType": 1,
    "MapId": 9,
    "PivotId": 50011,
    "TransferDec": "These are teleportation devices left behind by the Bapharian Divines. Once activated, it allows for long-distance teleportation.",
    "ScenePoint": 650,
    "AwardId": [],
    "IsOn": false,
    "SceneTag": 105
  },
  "50902": {
    "Id": 50902,
    "Name": "Northern Plateau",
    "TransferType": 1,
    "MapId": 9,
    "PivotId": 50012,
    "TransferDec": "These are teleportation devices left behind by the Bapharian Divines. Once activated, it allows for long-distance teleportation.",
    "ScenePoint": 652,
    "AwardId": [],
    "IsOn": false,
    "SceneTag": 105
  },
  "50903": {
    "Id": 50903,
    "Name": "Pilgrim's Haven",
    "TransferType": 1,
    "MapId": 9,
    "PivotId": 50013,
    "TransferDec": "These are teleportation devices left behind by the Bapharian Divines. Once activated, it allows for long-distance teleportation.",
    "ScenePoint": 654,
    "AwardId": [],
    "IsOn": false,
    "SceneTag": 105
  },
  "50904": {
    "Id": 50904,
    "Name": "Southern Fallen River",
    "TransferType": 1,
    "MapId": 9,
    "PivotId": 50013,
    "TransferDec": "These are teleportation devices left behind by the Bapharian Divines. Once activated, it allows for long-distance teleportation.",
    "ScenePoint": 656,
    "AwardId": [],
    "IsOn": false,
    "SceneTag": 105
  },
  "50905": {
    "Id": 50905,
    "Name": "Lower Northern Fallen River",
    "TransferType": 1,
    "MapId": 9,
    "PivotId": 50013,
    "TransferDec": "These are teleportation devices left behind by the Bapharian Divines. Once activated, it allows for long-distance teleportation.",
    "ScenePoint": 658,
    "AwardId": [],
    "IsOn": false,
    "SceneTag": 105
  },
  "50906": {
    "Id": 50906,
    "Name": "Mountain Mustard Tavern",
    "TransferType": 1,
    "MapId": 9,
    "PivotId": 50014,
    "TransferDec": "These are teleportation devices left behind by the Bapharian Divines. Once activated, it allows for long-distance teleportation.",
    "ScenePoint": 660,
    "AwardId": [],
    "IsOn": false,
    "SceneTag": 105
  },
  "50907": {
    "Id": 50907,
    "Name": "Inside Beckmar Transport Station",
    "TransferType": 1,
    "MapId": 9,
    "PivotId": 50014,
    "TransferDec": "These are teleportation devices left behind by the Bapharian Divines. Once activated, it allows for long-distance teleportation.",
    "ScenePoint": 662,
    "AwardId": [],
    "IsOn": false,
    "SceneTag": 105
  },
  "50908": {
    "Id": 50908,
    "Name": "Surface Mine",
    "TransferType": 1,
    "MapId": 9,
    "PivotId": 50015,
    "TransferDec": "These are teleportation devices left behind by the Bapharian Divines. Once activated, it allows for long-distance teleportation.",
    "ScenePoint": 664,
    "AwardId": [],
    "IsOn": false,
    "SceneTag": 105
  },
  "50930": {
    "Id": 50930,
    "Name": "Underground Abandoned Mine Tunnel",
    "TransferType": 1,
    "MapId": 9,
    "PivotId": 50015,
    "TransferDec": "These are teleportation devices left behind by the Bapharian Divines. Once activated, it allows for long-distance teleportation.",
    "ScenePoint": 666,
    "AwardId": [],
    "IsOn": false,
    "SceneTag": 105
  },
  "50931": {
    "Id": 50931,
    "Name": "Underground Mine No. 1",
    "TransferType": 1,
    "MapId": 9,
    "PivotId": 50015,
    "TransferDec": "These are teleportation devices left behind by the Bapharian Divines. Once activated, it allows for long-distance teleportation.",
    "ScenePoint": 668,
    "AwardId": [],
    "IsOn": false,
    "SceneTag": 105
  },
  "50932": {
    "Id": 50932,
    "Name": "Underground Sorting and Transfer Area",
    "TransferType": 1,
    "MapId": 9,
    "PivotId": 50015,
    "TransferDec": "These are teleportation devices left behind by the Bapharian Divines. Once activated, it allows for long-distance teleportation.",
    "ScenePoint": 670,
    "AwardId": [],
    "IsOn": false,
    "SceneTag": 105
  },
  "50933": {
    "Id": 50933,
    "Name": "Underground Transport - Mine Safety Zone",
    "TransferType": 1,
    "MapId": 9,
    "PivotId": 50015,
    "TransferDec": "These are teleportation devices left behind by the Bapharian Divines. Once activated, it allows for long-distance teleportation.",
    "ScenePoint": 672,
    "AwardId": [],
    "IsOn": false,
    "SceneTag": 105
  },
  "50934": {
    "Id": 50934,
    "Name": "Underground Transport - Mining Cave",
    "TransferType": 1,
    "MapId": 9,
    "PivotId": 50015,
    "TransferDec": "These are teleportation devices left behind by the Bapharian Divines. Once activated, it allows for long-distance teleportation.",
    "ScenePoint": 674,
    "AwardId": [],
    "IsOn": false,
    "SceneTag": 105
  },
  "50935": {
    "Id": 50935,
    "Name": "Underground Transport - Undeveloped Mine",
    "TransferType": 1,
    "MapId": 9,
    "PivotId": 50015,
    "TransferDec": "These are teleportation devices left behind by the Bapharian Divines. Once activated, it allows for long-distance teleportation.",
    "ScenePoint": 676,
    "AwardId": [],
    "IsOn": false,
    "SceneTag": 105
  },
  "512001": {
    "Id": 512001,
    "Name": "Guild Teleport",
    "TransferType": 1,
    "MapId": 12000,
    "PivotId": 0,
    "TransferDec": "Guild Hunt Teleportal",
    "ScenePoint": 135,
    "AwardId": [],
    "IsOn": true,
    "SceneTag": 0
  }
}