{
  "100101": {
    "Id": 100101,
    "TargetType": 230,
    "Num": 1,
    "SceneId": 0,
    "Param": [],
    "TargetPos": "",
    "IsTeamShare": true,
    "TargetDes": "Clear any Trial Path to level 1",
    "IsShowProgress": false,
    "SpVariable": [],
    "SpVariableLimit": [],
    "SpVariableName": [],
    "IsShowSpVariableProgress": []
  },
  "100102": {
    "Id": 100102,
    "TargetType": 230,
    "Num": 3,
    "SceneId": 0,
    "Param": [
      3,
      8,
      13
    ],
    "TargetPos": "",
    "IsTeamShare": true,
    "TargetDes": "Clear any Trial Path to level 3",
    "IsShowProgress": false,
    "SpVariable": [],
    "SpVariableLimit": [],
    "SpVariableName": [],
    "IsShowSpVariableProgress": []
  },
  "100103": {
    "Id": 100103,
    "TargetType": 231,
    "Num": 1,
    "SceneId": 0,
    "Param": [],
    "TargetPos": "",
    "IsTeamShare": true,
    "TargetDes": "Clear all Trial Path to level 1",
    "IsShowProgress": false,
    "SpVariable": [],
    "SpVariableLimit": [],
    "SpVariableName": [],
    "IsShowSpVariableProgress": []
  },
  "100104": {
    "Id": 100104,
    "TargetType": 231,
    "Num": 1,
    "SceneId": 0,
    "Param": [
      3,
      8,
      13
    ],
    "TargetPos": "",
    "IsTeamShare": true,
    "TargetDes": "Clear all Trial Path to level 3",
    "IsShowProgress": false,
    "SpVariable": [],
    "SpVariableLimit": [],
    "SpVariableName": [],
    "IsShowSpVariableProgress": []
  },
  "1500101": {
    "Id": 1500101,
    "TargetType": 6,
    "Num": 1,
    "SceneId": 15001,
    "Param": [
      15001,
      300
    ],
    "TargetPos": "",
    "IsTeamShare": true,
    "TargetDes": "Complete the challenge within 300s",
    "IsShowProgress": false,
    "SpVariable": [],
    "SpVariableLimit": [],
    "SpVariableName": [],
    "IsShowSpVariableProgress": []
  },
  "1500102": {
    "Id": 1500102,
    "TargetType": 6,
    "Num": 1,
    "SceneId": 15001,
    "Param": [
      15001,
      180
    ],
    "TargetPos": "",
    "IsTeamShare": true,
    "TargetDes": "Complete the challenge within 180s",
    "IsShowProgress": false,
    "SpVariable": [],
    "SpVariableLimit": [],
    "SpVariableName": [],
    "IsShowSpVariableProgress": []
  },
  "1500103": {
    "Id": 1500103,
    "TargetType": 6,
    "Num": 1,
    "SceneId": 15001,
    "Param": [
      15001,
      60
    ],
    "TargetPos": "",
    "IsTeamShare": true,
    "TargetDes": "Complete the challenge within 60s",
    "IsShowProgress": false,
    "SpVariable": [],
    "SpVariableLimit": [],
    "SpVariableName": [],
    "IsShowSpVariableProgress": []
  }
}