{
  "1": {
    "Id": 1,
    "ItemID": 1092001,
    "ItemName": "甜甜浆果（果lv1）",
    "SingleValue": 80,
    "ConditionLimit": [],
    "RefreshNum": "",
    "UpWeight": 80,
    "KeepWeight": 20,
    "DownWeight": 0
  },
  "2": {
    "Id": 2,
    "ItemID": 1092002,
    "ItemName": "雪花芹（草lv1）",
    "SingleValue": 80,
    "ConditionLimit": [],
    "RefreshNum": "",
    "UpWeight": 80,
    "KeepWeight": 20,
    "DownWeight": 0
  },
  "3": {
    "Id": 3,
    "ItemID": 1092003,
    "ItemName": "粉麝香（草lv2）",
    "SingleValue": 110,
    "ConditionLimit": [
      [
        30,
        1,
        4
      ]
    ],
    "RefreshNum": "",
    "UpWeight": 70,
    "KeepWeight": 20,
    "DownWeight": 0
  },
  "4": {
    "Id": 4,
    "ItemID": 1092004,
    "ItemName": "寄语兰（草lv3）",
    "SingleValue": 150,
    "ConditionLimit": [
      [
        30,
        1,
        7
      ]
    ],
    "RefreshNum": "",
    "UpWeight": 20,
    "KeepWeight": 20,
    "DownWeight": 0
  },
  "5": {
    "Id": 5,
    "ItemID": 1092006,
    "ItemName": "婆婆树松（菇lv3）",
    "SingleValue": 150,
    "ConditionLimit": [
      [
        30,
        1,
        7
      ]
    ],
    "RefreshNum": "",
    "UpWeight": 20,
    "KeepWeight": 20,
    "DownWeight": 0
  },
  "6": {
    "Id": 6,
    "ItemID": 1092007,
    "ItemName": "草地小伞（菇lv1）",
    "SingleValue": 80,
    "ConditionLimit": [],
    "RefreshNum": "",
    "UpWeight": 80,
    "KeepWeight": 20,
    "DownWeight": 0
  },
  "7": {
    "Id": 7,
    "ItemID": 1092022,
    "ItemName": "菇LV2",
    "SingleValue": 110,
    "ConditionLimit": [
      [
        30,
        1,
        4
      ]
    ],
    "RefreshNum": "",
    "UpWeight": 70,
    "KeepWeight": 20,
    "DownWeight": 0
  },
  "8": {
    "Id": 8,
    "ItemID": 1092023,
    "ItemName": "果LV2",
    "SingleValue": 110,
    "ConditionLimit": [
      [
        30,
        1,
        4
      ]
    ],
    "RefreshNum": "",
    "UpWeight": 70,
    "KeepWeight": 20,
    "DownWeight": 0
  },
  "9": {
    "Id": 9,
    "ItemID": 1092024,
    "ItemName": "果LV3",
    "SingleValue": 150,
    "ConditionLimit": [
      [
        30,
        1,
        7
      ]
    ],
    "RefreshNum": "",
    "UpWeight": 20,
    "KeepWeight": 20,
    "DownWeight": 0
  },
  "10": {
    "Id": 10,
    "ItemID": 1080011,
    "ItemName": "生铁矿",
    "SingleValue": 130,
    "ConditionLimit": [],
    "RefreshNum": "",
    "UpWeight": 3,
    "KeepWeight": 3,
    "DownWeight": 30
  },
  "11": {
    "Id": 11,
    "ItemID": 1080012,
    "ItemName": "富生铁矿",
    "SingleValue": 150,
    "ConditionLimit": [
      [
        30,
        1,
        4
      ]
    ],
    "RefreshNum": "",
    "UpWeight": 3,
    "KeepWeight": 3,
    "DownWeight": 30
  },
  "12": {
    "Id": 12,
    "ItemID": 1080013,
    "ItemName": "精铁矿",
    "SingleValue": 180,
    "ConditionLimit": [
      [
        30,
        1,
        7
      ]
    ],
    "RefreshNum": "",
    "UpWeight": 3,
    "KeepWeight": 3,
    "DownWeight": 30
  },
  "13": {
    "Id": 13,
    "ItemID": 1080021,
    "ItemName": "黄铜矿",
    "SingleValue": 130,
    "ConditionLimit": [],
    "RefreshNum": "",
    "UpWeight": 3,
    "KeepWeight": 3,
    "DownWeight": 30
  },
  "14": {
    "Id": 14,
    "ItemID": 1080022,
    "ItemName": "富黄铜矿",
    "SingleValue": 150,
    "ConditionLimit": [
      [
        30,
        1,
        4
      ]
    ],
    "RefreshNum": "",
    "UpWeight": 3,
    "KeepWeight": 3,
    "DownWeight": 30
  },
  "15": {
    "Id": 15,
    "ItemID": 1080023,
    "ItemName": "亮铜矿",
    "SingleValue": 180,
    "ConditionLimit": [
      [
        30,
        1,
        7
      ]
    ],
    "RefreshNum": "",
    "UpWeight": 3,
    "KeepWeight": 3,
    "DownWeight": 30
  },
  "16": {
    "Id": 16,
    "ItemID": 1080031,
    "ItemName": "银矿",
    "SingleValue": 130,
    "ConditionLimit": [],
    "RefreshNum": "",
    "UpWeight": 3,
    "KeepWeight": 3,
    "DownWeight": 30
  },
  "17": {
    "Id": 17,
    "ItemID": 1080032,
    "ItemName": "富银矿",
    "SingleValue": 150,
    "ConditionLimit": [
      [
        30,
        1,
        4
      ]
    ],
    "RefreshNum": "",
    "UpWeight": 3,
    "KeepWeight": 3,
    "DownWeight": 30
  },
  "18": {
    "Id": 18,
    "ItemID": 1080033,
    "ItemName": "秘银矿",
    "SingleValue": 180,
    "ConditionLimit": [
      [
        30,
        1,
        7
      ]
    ],
    "RefreshNum": "",
    "UpWeight": 3,
    "KeepWeight": 3,
    "DownWeight": 30
  },
  "19": {
    "Id": 19,
    "ItemID": 1080042,
    "ItemName": "富金矿",
    "SingleValue": 610,
    "ConditionLimit": [
      [
        30,
        1,
        4
      ]
    ],
    "RefreshNum": "",
    "UpWeight": 3,
    "KeepWeight": 3,
    "DownWeight": 30
  },
  "20": {
    "Id": 20,
    "ItemID": 1080043,
    "ItemName": "闪金矿",
    "SingleValue": 710,
    "ConditionLimit": [
      [
        30,
        1,
        7
      ]
    ],
    "RefreshNum": "",
    "UpWeight": 3,
    "KeepWeight": 3,
    "DownWeight": 30
  },
  "21": {
    "Id": 21,
    "ItemID": 1024001,
    "ItemName": "绯红宝石·等级1",
    "SingleValue": 2500,
    "ConditionLimit": [],
    "RefreshNum": "",
    "UpWeight": 3,
    "KeepWeight": 3,
    "DownWeight": 30
  },
  "22": {
    "Id": 22,
    "ItemID": 1024002,
    "ItemName": "蓝诺宝石·等级1",
    "SingleValue": 2500,
    "ConditionLimit": [],
    "RefreshNum": "",
    "UpWeight": 3,
    "KeepWeight": 3,
    "DownWeight": 30
  },
  "23": {
    "Id": 23,
    "ItemID": 1024003,
    "ItemName": "天青宝石·等级1",
    "SingleValue": 2500,
    "ConditionLimit": [],
    "RefreshNum": "",
    "UpWeight": 3,
    "KeepWeight": 3,
    "DownWeight": 30
  },
  "24": {
    "Id": 24,
    "ItemID": 1024004,
    "ItemName": "晨辉宝石·等级1",
    "SingleValue": 2500,
    "ConditionLimit": [],
    "RefreshNum": "",
    "UpWeight": 3,
    "KeepWeight": 3,
    "DownWeight": 30
  },
  "25": {
    "Id": 25,
    "ItemID": 1024031,
    "ItemName": "绯红宝石·威3",
    "SingleValue": 5000,
    "ConditionLimit": [
      [
        30,
        1,
        4
      ]
    ],
    "RefreshNum": "",
    "UpWeight": 10,
    "KeepWeight": 10,
    "DownWeight": 30
  },
  "26": {
    "Id": 26,
    "ItemID": 1024032,
    "ItemName": "绯红宝石·磐3",
    "SingleValue": 5000,
    "ConditionLimit": [
      [
        30,
        1,
        4
      ]
    ],
    "RefreshNum": "",
    "UpWeight": 10,
    "KeepWeight": 10,
    "DownWeight": 30
  },
  "27": {
    "Id": 27,
    "ItemID": 1024033,
    "ItemName": "绯红宝石·疾3",
    "SingleValue": 5000,
    "ConditionLimit": [
      [
        30,
        1,
        4
      ]
    ],
    "RefreshNum": "",
    "UpWeight": 10,
    "KeepWeight": 10,
    "DownWeight": 30
  },
  "28": {
    "Id": 28,
    "ItemID": 1024034,
    "ItemName": "绯红宝石·渊3",
    "SingleValue": 5000,
    "ConditionLimit": [
      [
        30,
        1,
        4
      ]
    ],
    "RefreshNum": "",
    "UpWeight": 10,
    "KeepWeight": 10,
    "DownWeight": 30
  },
  "29": {
    "Id": 29,
    "ItemID": 1024131,
    "ItemName": "蓝诺宝石·威3",
    "SingleValue": 5000,
    "ConditionLimit": [
      [
        30,
        1,
        4
      ]
    ],
    "RefreshNum": "",
    "UpWeight": 10,
    "KeepWeight": 10,
    "DownWeight": 30
  },
  "30": {
    "Id": 30,
    "ItemID": 1024132,
    "ItemName": "蓝诺宝石·磐3",
    "SingleValue": 5000,
    "ConditionLimit": [
      [
        30,
        1,
        4
      ]
    ],
    "RefreshNum": "",
    "UpWeight": 10,
    "KeepWeight": 10,
    "DownWeight": 30
  },
  "31": {
    "Id": 31,
    "ItemID": 1024133,
    "ItemName": "蓝诺宝石·疾3",
    "SingleValue": 5000,
    "ConditionLimit": [
      [
        30,
        1,
        4
      ]
    ],
    "RefreshNum": "",
    "UpWeight": 10,
    "KeepWeight": 10,
    "DownWeight": 30
  },
  "32": {
    "Id": 32,
    "ItemID": 1024134,
    "ItemName": "蓝诺宝石·渊3",
    "SingleValue": 5000,
    "ConditionLimit": [
      [
        30,
        1,
        4
      ]
    ],
    "RefreshNum": "",
    "UpWeight": 10,
    "KeepWeight": 10,
    "DownWeight": 30
  },
  "33": {
    "Id": 33,
    "ItemID": 1024231,
    "ItemName": "天青宝石·威3",
    "SingleValue": 5000,
    "ConditionLimit": [
      [
        30,
        1,
        4
      ]
    ],
    "RefreshNum": "",
    "UpWeight": 10,
    "KeepWeight": 10,
    "DownWeight": 30
  },
  "34": {
    "Id": 34,
    "ItemID": 1024232,
    "ItemName": "天青宝石·磐3",
    "SingleValue": 5000,
    "ConditionLimit": [
      [
        30,
        1,
        4
      ]
    ],
    "RefreshNum": "",
    "UpWeight": 10,
    "KeepWeight": 10,
    "DownWeight": 30
  },
  "35": {
    "Id": 35,
    "ItemID": 1024233,
    "ItemName": "天青宝石·疾3",
    "SingleValue": 5000,
    "ConditionLimit": [
      [
        30,
        1,
        4
      ]
    ],
    "RefreshNum": "",
    "UpWeight": 10,
    "KeepWeight": 10,
    "DownWeight": 30
  },
  "36": {
    "Id": 36,
    "ItemID": 1024234,
    "ItemName": "天青宝石·渊3",
    "SingleValue": 5000,
    "ConditionLimit": [
      [
        30,
        1,
        4
      ]
    ],
    "RefreshNum": "",
    "UpWeight": 10,
    "KeepWeight": 10,
    "DownWeight": 30
  },
  "37": {
    "Id": 37,
    "ItemID": 1024331,
    "ItemName": "晨辉宝石·威3",
    "SingleValue": 5000,
    "ConditionLimit": [
      [
        30,
        1,
        4
      ]
    ],
    "RefreshNum": "",
    "UpWeight": 10,
    "KeepWeight": 10,
    "DownWeight": 30
  },
  "38": {
    "Id": 38,
    "ItemID": 1024332,
    "ItemName": "晨辉宝石·磐3",
    "SingleValue": 5000,
    "ConditionLimit": [
      [
        30,
        1,
        4
      ]
    ],
    "RefreshNum": "",
    "UpWeight": 10,
    "KeepWeight": 10,
    "DownWeight": 30
  },
  "39": {
    "Id": 39,
    "ItemID": 1024333,
    "ItemName": "晨辉宝石·疾3",
    "SingleValue": 5000,
    "ConditionLimit": [
      [
        30,
        1,
        4
      ]
    ],
    "RefreshNum": "",
    "UpWeight": 10,
    "KeepWeight": 10,
    "DownWeight": 30
  },
  "40": {
    "Id": 40,
    "ItemID": 1024334,
    "ItemName": "晨辉宝石·渊3",
    "SingleValue": 5000,
    "ConditionLimit": [
      [
        30,
        1,
        4
      ]
    ],
    "RefreshNum": "",
    "UpWeight": 10,
    "KeepWeight": 10,
    "DownWeight": 30
  },
  "41": {
    "Id": 41,
    "ItemID": 1081011,
    "ItemName": "红晶原石1级",
    "SingleValue": 160,
    "ConditionLimit": [],
    "RefreshNum": "",
    "UpWeight": 3,
    "KeepWeight": 10,
    "DownWeight": 30
  },
  "42": {
    "Id": 42,
    "ItemID": 1081012,
    "ItemName": "红晶原石2级",
    "SingleValue": 220,
    "ConditionLimit": [
      [
        30,
        1,
        4
      ]
    ],
    "RefreshNum": "",
    "UpWeight": 60,
    "KeepWeight": 5,
    "DownWeight": 35
  },
  "43": {
    "Id": 43,
    "ItemID": 1081013,
    "ItemName": "红晶原石3级",
    "SingleValue": 340,
    "ConditionLimit": [
      [
        30,
        1,
        7
      ]
    ],
    "RefreshNum": "",
    "UpWeight": 1,
    "KeepWeight": 1,
    "DownWeight": 39
  },
  "44": {
    "Id": 44,
    "ItemID": 1081021,
    "ItemName": "蓝晶原石1级",
    "SingleValue": 160,
    "ConditionLimit": [],
    "RefreshNum": "",
    "UpWeight": 3,
    "KeepWeight": 10,
    "DownWeight": 30
  },
  "45": {
    "Id": 45,
    "ItemID": 1081022,
    "ItemName": "蓝晶原石2级",
    "SingleValue": 220,
    "ConditionLimit": [
      [
        30,
        1,
        4
      ]
    ],
    "RefreshNum": "",
    "UpWeight": 60,
    "KeepWeight": 5,
    "DownWeight": 35
  },
  "46": {
    "Id": 46,
    "ItemID": 1081023,
    "ItemName": "蓝晶原石3级",
    "SingleValue": 340,
    "ConditionLimit": [
      [
        30,
        1,
        7
      ]
    ],
    "RefreshNum": "",
    "UpWeight": 1,
    "KeepWeight": 1,
    "DownWeight": 39
  },
  "47": {
    "Id": 47,
    "ItemID": 1081031,
    "ItemName": "绿晶原石1级",
    "SingleValue": 160,
    "ConditionLimit": [],
    "RefreshNum": "",
    "UpWeight": 3,
    "KeepWeight": 10,
    "DownWeight": 30
  },
  "48": {
    "Id": 48,
    "ItemID": 1081032,
    "ItemName": "绿晶原石2级",
    "SingleValue": 220,
    "ConditionLimit": [
      [
        30,
        1,
        4
      ]
    ],
    "RefreshNum": "",
    "UpWeight": 60,
    "KeepWeight": 5,
    "DownWeight": 35
  },
  "49": {
    "Id": 49,
    "ItemID": 1081033,
    "ItemName": "绿晶原石3级",
    "SingleValue": 340,
    "ConditionLimit": [
      [
        30,
        1,
        7
      ]
    ],
    "RefreshNum": "",
    "UpWeight": 1,
    "KeepWeight": 1,
    "DownWeight": 39
  },
  "50": {
    "Id": 50,
    "ItemID": 1081041,
    "ItemName": "黄晶原石1级",
    "SingleValue": 160,
    "ConditionLimit": [],
    "RefreshNum": "",
    "UpWeight": 3,
    "KeepWeight": 10,
    "DownWeight": 30
  },
  "51": {
    "Id": 51,
    "ItemID": 1081042,
    "ItemName": "黄晶原石2级",
    "SingleValue": 220,
    "ConditionLimit": [
      [
        30,
        1,
        4
      ]
    ],
    "RefreshNum": "",
    "UpWeight": 60,
    "KeepWeight": 5,
    "DownWeight": 35
  },
  "52": {
    "Id": 52,
    "ItemID": 1081043,
    "ItemName": "黄晶原石3级",
    "SingleValue": 340,
    "ConditionLimit": [
      [
        30,
        1,
        7
      ]
    ],
    "RefreshNum": "",
    "UpWeight": 1,
    "KeepWeight": 1,
    "DownWeight": 39
  },
  "53": {
    "Id": 53,
    "ItemID": 1082101,
    "ItemName": "鲜肉",
    "SingleValue": 80,
    "ConditionLimit": [],
    "RefreshNum": "",
    "UpWeight": 10,
    "KeepWeight": 20,
    "DownWeight": 20
  },
  "54": {
    "Id": 54,
    "ItemID": 1082102,
    "ItemName": "精制鲜肉",
    "SingleValue": 110,
    "ConditionLimit": [
      [
        30,
        1,
        4
      ]
    ],
    "RefreshNum": "",
    "UpWeight": 5,
    "KeepWeight": 10,
    "DownWeight": 30
  },
  "55": {
    "Id": 55,
    "ItemID": 1082103,
    "ItemName": "顶级鲜肉",
    "SingleValue": 150,
    "ConditionLimit": [
      [
        30,
        1,
        7
      ]
    ],
    "RefreshNum": "",
    "UpWeight": 1,
    "KeepWeight": 5,
    "DownWeight": 35
  },
  "56": {
    "Id": 56,
    "ItemID": 1082111,
    "ItemName": "鱼肉",
    "SingleValue": 80,
    "ConditionLimit": [],
    "RefreshNum": "",
    "UpWeight": 10,
    "KeepWeight": 20,
    "DownWeight": 20
  },
  "57": {
    "Id": 57,
    "ItemID": 1082112,
    "ItemName": "精制鱼肉",
    "SingleValue": 110,
    "ConditionLimit": [
      [
        30,
        1,
        4
      ]
    ],
    "RefreshNum": "",
    "UpWeight": 5,
    "KeepWeight": 10,
    "DownWeight": 30
  },
  "58": {
    "Id": 58,
    "ItemID": 1082113,
    "ItemName": "顶级鱼肉",
    "SingleValue": 150,
    "ConditionLimit": [
      [
        30,
        1,
        7
      ]
    ],
    "RefreshNum": "",
    "UpWeight": 1,
    "KeepWeight": 5,
    "DownWeight": 35
  },
  "59": {
    "Id": 59,
    "ItemID": 1082011,
    "ItemName": "冰元素微晶·等级1",
    "SingleValue": 580,
    "ConditionLimit": [],
    "RefreshNum": "",
    "UpWeight": 10,
    "KeepWeight": 3,
    "DownWeight": 37
  },
  "60": {
    "Id": 60,
    "ItemID": 1082012,
    "ItemName": "冰元素微晶·等级2",
    "SingleValue": 650,
    "ConditionLimit": [
      [
        30,
        1,
        4
      ]
    ],
    "RefreshNum": "",
    "UpWeight": 5,
    "KeepWeight": 3,
    "DownWeight": 37
  },
  "61": {
    "Id": 61,
    "ItemID": 1082013,
    "ItemName": "冰元素微晶·等级3",
    "SingleValue": 770,
    "ConditionLimit": [
      [
        30,
        1,
        7
      ]
    ],
    "RefreshNum": "",
    "UpWeight": 1,
    "KeepWeight": 3,
    "DownWeight": 37
  },
  "62": {
    "Id": 62,
    "ItemID": 1082021,
    "ItemName": "火元素微晶·等级1",
    "SingleValue": 580,
    "ConditionLimit": [],
    "RefreshNum": "",
    "UpWeight": 10,
    "KeepWeight": 3,
    "DownWeight": 37
  },
  "63": {
    "Id": 63,
    "ItemID": 1082022,
    "ItemName": "火元素微晶·等级2",
    "SingleValue": 650,
    "ConditionLimit": [
      [
        30,
        1,
        4
      ]
    ],
    "RefreshNum": "",
    "UpWeight": 5,
    "KeepWeight": 3,
    "DownWeight": 37
  },
  "64": {
    "Id": 64,
    "ItemID": 1082023,
    "ItemName": "火元素微晶·等级3",
    "SingleValue": 770,
    "ConditionLimit": [
      [
        30,
        1,
        7
      ]
    ],
    "RefreshNum": "",
    "UpWeight": 1,
    "KeepWeight": 3,
    "DownWeight": 37
  },
  "65": {
    "Id": 65,
    "ItemID": 1082031,
    "ItemName": "森元素微晶·等级1",
    "SingleValue": 580,
    "ConditionLimit": [],
    "RefreshNum": "",
    "UpWeight": 10,
    "KeepWeight": 3,
    "DownWeight": 37
  },
  "66": {
    "Id": 66,
    "ItemID": 1082032,
    "ItemName": "森元素微晶·等级2",
    "SingleValue": 650,
    "ConditionLimit": [
      [
        30,
        1,
        4
      ]
    ],
    "RefreshNum": "",
    "UpWeight": 5,
    "KeepWeight": 3,
    "DownWeight": 37
  },
  "67": {
    "Id": 67,
    "ItemID": 1082033,
    "ItemName": "森元素微晶·等级3",
    "SingleValue": 770,
    "ConditionLimit": [
      [
        30,
        1,
        7
      ]
    ],
    "RefreshNum": "",
    "UpWeight": 1,
    "KeepWeight": 3,
    "DownWeight": 37
  },
  "68": {
    "Id": 68,
    "ItemID": 1082041,
    "ItemName": "岩元素微晶·等级1",
    "SingleValue": 580,
    "ConditionLimit": [],
    "RefreshNum": "",
    "UpWeight": 10,
    "KeepWeight": 3,
    "DownWeight": 37
  },
  "69": {
    "Id": 69,
    "ItemID": 1082042,
    "ItemName": "岩元素微晶·等级2",
    "SingleValue": 650,
    "ConditionLimit": [
      [
        30,
        1,
        4
      ]
    ],
    "RefreshNum": "",
    "UpWeight": 5,
    "KeepWeight": 3,
    "DownWeight": 37
  },
  "70": {
    "Id": 70,
    "ItemID": 1082043,
    "ItemName": "岩元素微晶·等级3",
    "SingleValue": 770,
    "ConditionLimit": [
      [
        30,
        1,
        7
      ]
    ],
    "RefreshNum": "",
    "UpWeight": 1,
    "KeepWeight": 3,
    "DownWeight": 37
  },
  "71": {
    "Id": 71,
    "ItemID": 1082051,
    "ItemName": "风元素微晶·等级1",
    "SingleValue": 580,
    "ConditionLimit": [],
    "RefreshNum": "",
    "UpWeight": 10,
    "KeepWeight": 3,
    "DownWeight": 37
  },
  "72": {
    "Id": 72,
    "ItemID": 1082052,
    "ItemName": "风元素微晶·等级2",
    "SingleValue": 650,
    "ConditionLimit": [
      [
        30,
        1,
        4
      ]
    ],
    "RefreshNum": "",
    "UpWeight": 5,
    "KeepWeight": 3,
    "DownWeight": 37
  },
  "73": {
    "Id": 73,
    "ItemID": 1082053,
    "ItemName": "风元素微晶·等级3",
    "SingleValue": 770,
    "ConditionLimit": [
      [
        30,
        1,
        7
      ]
    ],
    "RefreshNum": "",
    "UpWeight": 1,
    "KeepWeight": 3,
    "DownWeight": 37
  },
  "74": {
    "Id": 74,
    "ItemID": 1082061,
    "ItemName": "雷元素微晶·等级1",
    "SingleValue": 580,
    "ConditionLimit": [],
    "RefreshNum": "",
    "UpWeight": 10,
    "KeepWeight": 3,
    "DownWeight": 37
  },
  "75": {
    "Id": 75,
    "ItemID": 1082062,
    "ItemName": "雷元素微晶·等级2",
    "SingleValue": 650,
    "ConditionLimit": [
      [
        30,
        1,
        4
      ]
    ],
    "RefreshNum": "",
    "UpWeight": 5,
    "KeepWeight": 3,
    "DownWeight": 37
  },
  "76": {
    "Id": 76,
    "ItemID": 1082063,
    "ItemName": "雷元素微晶·等级3",
    "SingleValue": 770,
    "ConditionLimit": [
      [
        30,
        1,
        7
      ]
    ],
    "RefreshNum": "",
    "UpWeight": 1,
    "KeepWeight": 3,
    "DownWeight": 37
  },
  "77": {
    "Id": 77,
    "ItemID": 1082071,
    "ItemName": "光元素微晶·等级1",
    "SingleValue": 580,
    "ConditionLimit": [],
    "RefreshNum": "",
    "UpWeight": 10,
    "KeepWeight": 3,
    "DownWeight": 37
  },
  "78": {
    "Id": 78,
    "ItemID": 1082072,
    "ItemName": "光元素微晶·等级2",
    "SingleValue": 650,
    "ConditionLimit": [
      [
        30,
        1,
        4
      ]
    ],
    "RefreshNum": "",
    "UpWeight": 5,
    "KeepWeight": 3,
    "DownWeight": 37
  },
  "79": {
    "Id": 79,
    "ItemID": 1082073,
    "ItemName": "光元素微晶·等级3",
    "SingleValue": 770,
    "ConditionLimit": [
      [
        30,
        1,
        7
      ]
    ],
    "RefreshNum": "",
    "UpWeight": 1,
    "KeepWeight": 3,
    "DownWeight": 37
  },
  "80": {
    "Id": 80,
    "ItemID": 1082081,
    "ItemName": "暗元素微晶·等级1",
    "SingleValue": 580,
    "ConditionLimit": [],
    "RefreshNum": "",
    "UpWeight": 10,
    "KeepWeight": 3,
    "DownWeight": 37
  },
  "81": {
    "Id": 81,
    "ItemID": 1082082,
    "ItemName": "暗元素微晶·等级2",
    "SingleValue": 650,
    "ConditionLimit": [
      [
        30,
        1,
        4
      ]
    ],
    "RefreshNum": "",
    "UpWeight": 5,
    "KeepWeight": 3,
    "DownWeight": 37
  },
  "82": {
    "Id": 82,
    "ItemID": 1082083,
    "ItemName": "暗元素微晶·等级3",
    "SingleValue": 770,
    "ConditionLimit": [
      [
        30,
        1,
        7
      ]
    ],
    "RefreshNum": "",
    "UpWeight": 1,
    "KeepWeight": 3,
    "DownWeight": 37
  },
  "83": {
    "Id": 83,
    "ItemID": 1010011,
    "ItemName": "罐罐鱼·1",
    "SingleValue": 1200,
    "ConditionLimit": [],
    "RefreshNum": "",
    "UpWeight": 8,
    "KeepWeight": 3,
    "DownWeight": 39
  },
  "84": {
    "Id": 84,
    "ItemID": 1010012,
    "ItemName": "罐罐鱼·2",
    "SingleValue": 2200,
    "ConditionLimit": [],
    "RefreshNum": "",
    "UpWeight": 3,
    "KeepWeight": 3,
    "DownWeight": 39
  },
  "85": {
    "Id": 85,
    "ItemID": 1010021,
    "ItemName": "炭火鱼排·1",
    "SingleValue": 1200,
    "ConditionLimit": [],
    "RefreshNum": "",
    "UpWeight": 8,
    "KeepWeight": 3,
    "DownWeight": 39
  },
  "86": {
    "Id": 86,
    "ItemID": 1010022,
    "ItemName": "炭火鱼排·2",
    "SingleValue": 2200,
    "ConditionLimit": [],
    "RefreshNum": "",
    "UpWeight": 3,
    "KeepWeight": 3,
    "DownWeight": 39
  },
  "87": {
    "Id": 87,
    "ItemID": 1010031,
    "ItemName": "坛坛肉·1",
    "SingleValue": 1200,
    "ConditionLimit": [],
    "RefreshNum": "",
    "UpWeight": 8,
    "KeepWeight": 3,
    "DownWeight": 39
  },
  "88": {
    "Id": 88,
    "ItemID": 1010032,
    "ItemName": "坛坛肉·2",
    "SingleValue": 2200,
    "ConditionLimit": [],
    "RefreshNum": "",
    "UpWeight": 3,
    "KeepWeight": 3,
    "DownWeight": 39
  },
  "89": {
    "Id": 89,
    "ItemID": 1010041,
    "ItemName": "裹花蒸丸子·等级1",
    "SingleValue": 1200,
    "ConditionLimit": [],
    "RefreshNum": "",
    "UpWeight": 8,
    "KeepWeight": 3,
    "DownWeight": 39
  },
  "90": {
    "Id": 90,
    "ItemID": 1010042,
    "ItemName": "裹花蒸丸子·等级2",
    "SingleValue": 2200,
    "ConditionLimit": [],
    "RefreshNum": "",
    "UpWeight": 3,
    "KeepWeight": 3,
    "DownWeight": 39
  },
  "91": {
    "Id": 91,
    "ItemID": 1010051,
    "ItemName": "蜜菇汤·等级1",
    "SingleValue": 1200,
    "ConditionLimit": [],
    "RefreshNum": "",
    "UpWeight": 8,
    "KeepWeight": 3,
    "DownWeight": 39
  },
  "92": {
    "Id": 92,
    "ItemID": 1010052,
    "ItemName": "蜜菇汤·等级2",
    "SingleValue": 2200,
    "ConditionLimit": [],
    "RefreshNum": "",
    "UpWeight": 3,
    "KeepWeight": 3,
    "DownWeight": 39
  },
  "93": {
    "Id": 93,
    "ItemID": 1010061,
    "ItemName": "香蕈乳冻·等级1",
    "SingleValue": 1200,
    "ConditionLimit": [],
    "RefreshNum": "",
    "UpWeight": 8,
    "KeepWeight": 3,
    "DownWeight": 39
  },
  "94": {
    "Id": 94,
    "ItemID": 1010062,
    "ItemName": "香蕈乳冻·等级2",
    "SingleValue": 2200,
    "ConditionLimit": [],
    "RefreshNum": "",
    "UpWeight": 3,
    "KeepWeight": 3,
    "DownWeight": 39
  },
  "95": {
    "Id": 95,
    "ItemID": 1010071,
    "ItemName": "郁郁花香清茶·等级1",
    "SingleValue": 1200,
    "ConditionLimit": [],
    "RefreshNum": "",
    "UpWeight": 8,
    "KeepWeight": 3,
    "DownWeight": 39
  },
  "96": {
    "Id": 96,
    "ItemID": 1010072,
    "ItemName": "郁郁花香清茶·等级2",
    "SingleValue": 2200,
    "ConditionLimit": [],
    "RefreshNum": "",
    "UpWeight": 3,
    "KeepWeight": 3,
    "DownWeight": 39
  },
  "97": {
    "Id": 97,
    "ItemID": 1010081,
    "ItemName": "月亮果·等级1",
    "SingleValue": 1200,
    "ConditionLimit": [],
    "RefreshNum": "",
    "UpWeight": 8,
    "KeepWeight": 3,
    "DownWeight": 39
  },
  "98": {
    "Id": 98,
    "ItemID": 1010082,
    "ItemName": "月亮果·等级2",
    "SingleValue": 2200,
    "ConditionLimit": [],
    "RefreshNum": "",
    "UpWeight": 3,
    "KeepWeight": 3,
    "DownWeight": 39
  },
  "99": {
    "Id": 99,
    "ItemID": 1011012,
    "ItemName": "九味鲜肉羹·等级1",
    "SingleValue": 2200,
    "ConditionLimit": [
      [
        30,
        1,
        4
      ]
    ],
    "RefreshNum": "",
    "UpWeight": 8,
    "KeepWeight": 3,
    "DownWeight": 39
  },
  "100": {
    "Id": 100,
    "ItemID": 1011013,
    "ItemName": "九味鲜肉羹·等级2",
    "SingleValue": 3300,
    "ConditionLimit": [
      [
        30,
        1,
        4
      ]
    ],
    "RefreshNum": "",
    "UpWeight": 3,
    "KeepWeight": 3,
    "DownWeight": 39
  },
  "101": {
    "Id": 101,
    "ItemID": 1011022,
    "ItemName": "奶香蜜汁肉排·等级1",
    "SingleValue": 2200,
    "ConditionLimit": [
      [
        30,
        1,
        4
      ]
    ],
    "RefreshNum": "",
    "UpWeight": 8,
    "KeepWeight": 3,
    "DownWeight": 39
  },
  "102": {
    "Id": 102,
    "ItemID": 1011023,
    "ItemName": "奶香蜜汁肉排·等级2",
    "SingleValue": 3300,
    "ConditionLimit": [
      [
        30,
        1,
        4
      ]
    ],
    "RefreshNum": "",
    "UpWeight": 3,
    "KeepWeight": 3,
    "DownWeight": 39
  },
  "103": {
    "Id": 103,
    "ItemID": 1011032,
    "ItemName": "鱼菇双鲜锅·等级1",
    "SingleValue": 2200,
    "ConditionLimit": [
      [
        30,
        1,
        4
      ]
    ],
    "RefreshNum": "",
    "UpWeight": 8,
    "KeepWeight": 3,
    "DownWeight": 39
  },
  "104": {
    "Id": 104,
    "ItemID": 1011033,
    "ItemName": "鱼菇双鲜锅·等级2",
    "SingleValue": 3300,
    "ConditionLimit": [
      [
        30,
        1,
        4
      ]
    ],
    "RefreshNum": "",
    "UpWeight": 3,
    "KeepWeight": 3,
    "DownWeight": 39
  },
  "105": {
    "Id": 105,
    "ItemID": 1011042,
    "ItemName": "朴素阿斯特锅·等级1",
    "SingleValue": 2200,
    "ConditionLimit": [
      [
        30,
        1,
        4
      ]
    ],
    "RefreshNum": "",
    "UpWeight": 8,
    "KeepWeight": 3,
    "DownWeight": 39
  },
  "106": {
    "Id": 106,
    "ItemID": 1011043,
    "ItemName": "朴素阿斯特锅·等级2",
    "SingleValue": 3300,
    "ConditionLimit": [
      [
        30,
        1,
        4
      ]
    ],
    "RefreshNum": "",
    "UpWeight": 3,
    "KeepWeight": 3,
    "DownWeight": 39
  },
  "107": {
    "Id": 107,
    "ItemID": 1011052,
    "ItemName": "绉纱果肉鲜滚羮·等级1",
    "SingleValue": 2200,
    "ConditionLimit": [
      [
        30,
        1,
        4
      ]
    ],
    "RefreshNum": "",
    "UpWeight": 8,
    "KeepWeight": 3,
    "DownWeight": 39
  },
  "108": {
    "Id": 108,
    "ItemID": 1011053,
    "ItemName": "绉纱果肉鲜滚羮·等级2",
    "SingleValue": 3300,
    "ConditionLimit": [
      [
        30,
        1,
        4
      ]
    ],
    "RefreshNum": "",
    "UpWeight": 3,
    "KeepWeight": 3,
    "DownWeight": 39
  },
  "109": {
    "Id": 109,
    "ItemID": 1011062,
    "ItemName": "香薰鱼·等级1",
    "SingleValue": 2200,
    "ConditionLimit": [
      [
        30,
        1,
        4
      ]
    ],
    "RefreshNum": "",
    "UpWeight": 8,
    "KeepWeight": 3,
    "DownWeight": 39
  },
  "110": {
    "Id": 110,
    "ItemID": 1011063,
    "ItemName": "香薰鱼·等级2",
    "SingleValue": 3300,
    "ConditionLimit": [
      [
        30,
        1,
        4
      ]
    ],
    "RefreshNum": "",
    "UpWeight": 3,
    "KeepWeight": 3,
    "DownWeight": 39
  },
  "111": {
    "Id": 111,
    "ItemID": 1011072,
    "ItemName": "肉馅蒸胖菇菇·等级1",
    "SingleValue": 2200,
    "ConditionLimit": [
      [
        30,
        1,
        4
      ]
    ],
    "RefreshNum": "",
    "UpWeight": 8,
    "KeepWeight": 3,
    "DownWeight": 39
  },
  "112": {
    "Id": 112,
    "ItemID": 1011073,
    "ItemName": "肉馅蒸胖菇菇·等级2",
    "SingleValue": 3300,
    "ConditionLimit": [
      [
        30,
        1,
        4
      ]
    ],
    "RefreshNum": "",
    "UpWeight": 3,
    "KeepWeight": 3,
    "DownWeight": 39
  },
  "113": {
    "Id": 113,
    "ItemID": 1011082,
    "ItemName": "黄油肉块·等级1",
    "SingleValue": 2200,
    "ConditionLimit": [
      [
        30,
        1,
        4
      ]
    ],
    "RefreshNum": "",
    "UpWeight": 8,
    "KeepWeight": 3,
    "DownWeight": 39
  },
  "114": {
    "Id": 114,
    "ItemID": 1011083,
    "ItemName": "黄油肉块·等级2",
    "SingleValue": 3300,
    "ConditionLimit": [
      [
        30,
        1,
        4
      ]
    ],
    "RefreshNum": "",
    "UpWeight": 3,
    "KeepWeight": 3,
    "DownWeight": 39
  },
  "115": {
    "Id": 115,
    "ItemID": 1011092,
    "ItemName": "炭火香果烤肉·等级1",
    "SingleValue": 2200,
    "ConditionLimit": [
      [
        30,
        1,
        4
      ]
    ],
    "RefreshNum": "",
    "UpWeight": 8,
    "KeepWeight": 3,
    "DownWeight": 39
  },
  "116": {
    "Id": 116,
    "ItemID": 1011093,
    "ItemName": "炭火香果烤肉·等级2",
    "SingleValue": 3300,
    "ConditionLimit": [
      [
        30,
        1,
        4
      ]
    ],
    "RefreshNum": "",
    "UpWeight": 3,
    "KeepWeight": 3,
    "DownWeight": 39
  },
  "117": {
    "Id": 117,
    "ItemID": 1011102,
    "ItemName": "清炖肉汤·等级1",
    "SingleValue": 2200,
    "ConditionLimit": [
      [
        30,
        1,
        4
      ]
    ],
    "RefreshNum": "",
    "UpWeight": 8,
    "KeepWeight": 3,
    "DownWeight": 39
  },
  "118": {
    "Id": 118,
    "ItemID": 1011103,
    "ItemName": "清炖肉汤·等级2",
    "SingleValue": 3300,
    "ConditionLimit": [
      [
        30,
        1,
        4
      ]
    ],
    "RefreshNum": "",
    "UpWeight": 3,
    "KeepWeight": 3,
    "DownWeight": 39
  },
  "119": {
    "Id": 119,
    "ItemID": 1011112,
    "ItemName": "九味阿斯特锅·等级1",
    "SingleValue": 2200,
    "ConditionLimit": [
      [
        30,
        1,
        4
      ]
    ],
    "RefreshNum": "",
    "UpWeight": 8,
    "KeepWeight": 3,
    "DownWeight": 39
  },
  "120": {
    "Id": 120,
    "ItemID": 1011113,
    "ItemName": "九味阿斯特锅·等级2",
    "SingleValue": 3300,
    "ConditionLimit": [
      [
        30,
        1,
        4
      ]
    ],
    "RefreshNum": "",
    "UpWeight": 3,
    "KeepWeight": 3,
    "DownWeight": 39
  },
  "121": {
    "Id": 121,
    "ItemID": 1011122,
    "ItemName": "九味腌肉·等级1",
    "SingleValue": 2200,
    "ConditionLimit": [
      [
        30,
        1,
        4
      ]
    ],
    "RefreshNum": "",
    "UpWeight": 8,
    "KeepWeight": 3,
    "DownWeight": 39
  },
  "122": {
    "Id": 122,
    "ItemID": 1011123,
    "ItemName": "九味腌肉·等级2",
    "SingleValue": 3300,
    "ConditionLimit": [
      [
        30,
        1,
        4
      ]
    ],
    "RefreshNum": "",
    "UpWeight": 3,
    "KeepWeight": 3,
    "DownWeight": 39
  },
  "123": {
    "Id": 123,
    "ItemID": 1011132,
    "ItemName": "菇噜果酱·等级1",
    "SingleValue": 2200,
    "ConditionLimit": [
      [
        30,
        1,
        4
      ]
    ],
    "RefreshNum": "",
    "UpWeight": 8,
    "KeepWeight": 3,
    "DownWeight": 39
  },
  "124": {
    "Id": 124,
    "ItemID": 1011133,
    "ItemName": "菇噜果酱·等级2",
    "SingleValue": 3300,
    "ConditionLimit": [
      [
        30,
        1,
        4
      ]
    ],
    "RefreshNum": "",
    "UpWeight": 3,
    "KeepWeight": 3,
    "DownWeight": 39
  },
  "125": {
    "Id": 125,
    "ItemID": 1011142,
    "ItemName": "花蜜月亮果·等级1",
    "SingleValue": 2200,
    "ConditionLimit": [
      [
        30,
        1,
        4
      ]
    ],
    "RefreshNum": "",
    "UpWeight": 8,
    "KeepWeight": 3,
    "DownWeight": 39
  },
  "126": {
    "Id": 126,
    "ItemID": 1011143,
    "ItemName": "花蜜月亮果·等级2",
    "SingleValue": 3300,
    "ConditionLimit": [
      [
        30,
        1,
        4
      ]
    ],
    "RefreshNum": "",
    "UpWeight": 3,
    "KeepWeight": 3,
    "DownWeight": 39
  },
  "127": {
    "Id": 127,
    "ItemID": 1012012,
    "ItemName": "满足双响串·等级1",
    "SingleValue": 2200,
    "ConditionLimit": [
      [
        30,
        1,
        7
      ]
    ],
    "RefreshNum": "",
    "UpWeight": 10,
    "KeepWeight": 3,
    "DownWeight": 39
  },
  "128": {
    "Id": 128,
    "ItemID": 1012013,
    "ItemName": "满足双响串·等级2",
    "SingleValue": 3300,
    "ConditionLimit": [
      [
        30,
        1,
        7
      ]
    ],
    "RefreshNum": "",
    "UpWeight": 3,
    "KeepWeight": 3,
    "DownWeight": 39
  },
  "129": {
    "Id": 129,
    "ItemID": 1012014,
    "ItemName": "满足双响串·等级3",
    "SingleValue": 5800,
    "ConditionLimit": [
      [
        30,
        1,
        7
      ]
    ],
    "RefreshNum": "",
    "UpWeight": 1,
    "KeepWeight": 3,
    "DownWeight": 39
  },
  "130": {
    "Id": 130,
    "ItemID": 1012022,
    "ItemName": "真味双宝炖·等级1",
    "SingleValue": 2200,
    "ConditionLimit": [
      [
        30,
        1,
        7
      ]
    ],
    "RefreshNum": "",
    "UpWeight": 10,
    "KeepWeight": 3,
    "DownWeight": 39
  },
  "131": {
    "Id": 131,
    "ItemID": 1012023,
    "ItemName": "真味双宝炖·等级2",
    "SingleValue": 3300,
    "ConditionLimit": [
      [
        30,
        1,
        7
      ]
    ],
    "RefreshNum": "",
    "UpWeight": 3,
    "KeepWeight": 3,
    "DownWeight": 39
  },
  "132": {
    "Id": 132,
    "ItemID": 1012024,
    "ItemName": "真味双宝炖·等级3",
    "SingleValue": 5800,
    "ConditionLimit": [
      [
        30,
        1,
        7
      ]
    ],
    "RefreshNum": "",
    "UpWeight": 1,
    "KeepWeight": 3,
    "DownWeight": 39
  },
  "133": {
    "Id": 133,
    "ItemID": 1012032,
    "ItemName": "痛痛飞·等级1",
    "SingleValue": 2200,
    "ConditionLimit": [
      [
        30,
        1,
        7
      ]
    ],
    "RefreshNum": "",
    "UpWeight": 10,
    "KeepWeight": 3,
    "DownWeight": 39
  },
  "134": {
    "Id": 134,
    "ItemID": 1012033,
    "ItemName": "痛痛飞·等级2",
    "SingleValue": 3300,
    "ConditionLimit": [
      [
        30,
        1,
        7
      ]
    ],
    "RefreshNum": "",
    "UpWeight": 3,
    "KeepWeight": 3,
    "DownWeight": 39
  },
  "135": {
    "Id": 135,
    "ItemID": 1012034,
    "ItemName": "痛痛飞·等级3",
    "SingleValue": 5800,
    "ConditionLimit": [
      [
        30,
        1,
        7
      ]
    ],
    "RefreshNum": "",
    "UpWeight": 1,
    "KeepWeight": 3,
    "DownWeight": 39
  },
  "136": {
    "Id": 136,
    "ItemID": 1012042,
    "ItemName": "山菌高汤海鲜烩·等级1",
    "SingleValue": 2200,
    "ConditionLimit": [
      [
        30,
        1,
        7
      ]
    ],
    "RefreshNum": "",
    "UpWeight": 10,
    "KeepWeight": 3,
    "DownWeight": 39
  },
  "137": {
    "Id": 137,
    "ItemID": 1012043,
    "ItemName": "山菌高汤海鲜烩·等级2",
    "SingleValue": 3300,
    "ConditionLimit": [
      [
        30,
        1,
        7
      ]
    ],
    "RefreshNum": "",
    "UpWeight": 3,
    "KeepWeight": 3,
    "DownWeight": 39
  },
  "138": {
    "Id": 138,
    "ItemID": 1012044,
    "ItemName": "山菌高汤海鲜烩·等级3",
    "SingleValue": 5800,
    "ConditionLimit": [
      [
        30,
        1,
        7
      ]
    ],
    "RefreshNum": "",
    "UpWeight": 1,
    "KeepWeight": 3,
    "DownWeight": 39
  },
  "139": {
    "Id": 139,
    "ItemID": 1012052,
    "ItemName": "海风节阿斯特锅·等级1",
    "SingleValue": 2200,
    "ConditionLimit": [
      [
        30,
        1,
        7
      ]
    ],
    "RefreshNum": "",
    "UpWeight": 10,
    "KeepWeight": 3,
    "DownWeight": 39
  },
  "140": {
    "Id": 140,
    "ItemID": 1012053,
    "ItemName": "海风节阿斯特锅·等级2",
    "SingleValue": 3300,
    "ConditionLimit": [
      [
        30,
        1,
        7
      ]
    ],
    "RefreshNum": "",
    "UpWeight": 3,
    "KeepWeight": 3,
    "DownWeight": 39
  },
  "141": {
    "Id": 141,
    "ItemID": 1012054,
    "ItemName": "海风节阿斯特锅·等级3",
    "SingleValue": 5800,
    "ConditionLimit": [
      [
        30,
        1,
        7
      ]
    ],
    "RefreshNum": "",
    "UpWeight": 1,
    "KeepWeight": 3,
    "DownWeight": 39
  },
  "142": {
    "Id": 142,
    "ItemID": 1012062,
    "ItemName": "果味海鲜冰激凌·等级1",
    "SingleValue": 2200,
    "ConditionLimit": [
      [
        30,
        1,
        7
      ]
    ],
    "RefreshNum": "",
    "UpWeight": 10,
    "KeepWeight": 3,
    "DownWeight": 39
  },
  "143": {
    "Id": 143,
    "ItemID": 1012063,
    "ItemName": "果味海鲜冰激凌·等级2",
    "SingleValue": 3300,
    "ConditionLimit": [
      [
        30,
        1,
        7
      ]
    ],
    "RefreshNum": "",
    "UpWeight": 3,
    "KeepWeight": 3,
    "DownWeight": 39
  },
  "144": {
    "Id": 144,
    "ItemID": 1012064,
    "ItemName": "果味海鲜冰激凌·等级3",
    "SingleValue": 5800,
    "ConditionLimit": [
      [
        30,
        1,
        7
      ]
    ],
    "RefreshNum": "",
    "UpWeight": 1,
    "KeepWeight": 3,
    "DownWeight": 39
  },
  "145": {
    "Id": 145,
    "ItemID": 1012072,
    "ItemName": "海风节精选·等级1",
    "SingleValue": 2200,
    "ConditionLimit": [
      [
        30,
        1,
        7
      ]
    ],
    "RefreshNum": "",
    "UpWeight": 10,
    "KeepWeight": 3,
    "DownWeight": 39
  },
  "146": {
    "Id": 146,
    "ItemID": 1012073,
    "ItemName": "海风节精选·等级2",
    "SingleValue": 3300,
    "ConditionLimit": [
      [
        30,
        1,
        7
      ]
    ],
    "RefreshNum": "",
    "UpWeight": 3,
    "KeepWeight": 3,
    "DownWeight": 39
  },
  "147": {
    "Id": 147,
    "ItemID": 1012074,
    "ItemName": "海风节精选·等级3",
    "SingleValue": 5800,
    "ConditionLimit": [
      [
        30,
        1,
        7
      ]
    ],
    "RefreshNum": "",
    "UpWeight": 1,
    "KeepWeight": 3,
    "DownWeight": 39
  },
  "148": {
    "Id": 148,
    "ItemID": 1012082,
    "ItemName": "妙香绵绵烧肉·等级1",
    "SingleValue": 2200,
    "ConditionLimit": [
      [
        30,
        1,
        7
      ]
    ],
    "RefreshNum": "",
    "UpWeight": 10,
    "KeepWeight": 3,
    "DownWeight": 39
  },
  "149": {
    "Id": 149,
    "ItemID": 1012083,
    "ItemName": "妙香绵绵烧肉·等级2",
    "SingleValue": 3300,
    "ConditionLimit": [
      [
        30,
        1,
        7
      ]
    ],
    "RefreshNum": "",
    "UpWeight": 3,
    "KeepWeight": 3,
    "DownWeight": 39
  },
  "150": {
    "Id": 150,
    "ItemID": 1012084,
    "ItemName": "妙香绵绵烧肉·等级3",
    "SingleValue": 5800,
    "ConditionLimit": [
      [
        30,
        1,
        7
      ]
    ],
    "RefreshNum": "",
    "UpWeight": 1,
    "KeepWeight": 3,
    "DownWeight": 39
  },
  "151": {
    "Id": 151,
    "ItemID": 1012092,
    "ItemName": "透花琉璃蜜肉酱·等级1",
    "SingleValue": 2200,
    "ConditionLimit": [
      [
        30,
        1,
        7
      ]
    ],
    "RefreshNum": "",
    "UpWeight": 10,
    "KeepWeight": 3,
    "DownWeight": 39
  },
  "152": {
    "Id": 152,
    "ItemID": 1012093,
    "ItemName": "透花琉璃蜜肉酱·等级2",
    "SingleValue": 3300,
    "ConditionLimit": [
      [
        30,
        1,
        7
      ]
    ],
    "RefreshNum": "",
    "UpWeight": 3,
    "KeepWeight": 3,
    "DownWeight": 39
  },
  "153": {
    "Id": 153,
    "ItemID": 1012094,
    "ItemName": "透花琉璃蜜肉酱·等级3",
    "SingleValue": 5800,
    "ConditionLimit": [
      [
        30,
        1,
        7
      ]
    ],
    "RefreshNum": "",
    "UpWeight": 1,
    "KeepWeight": 3,
    "DownWeight": 39
  },
  "154": {
    "Id": 154,
    "ItemID": 1012102,
    "ItemName": "卡尼曼坚果杯·等级1",
    "SingleValue": 2200,
    "ConditionLimit": [
      [
        30,
        1,
        7
      ]
    ],
    "RefreshNum": "",
    "UpWeight": 10,
    "KeepWeight": 3,
    "DownWeight": 39
  },
  "155": {
    "Id": 155,
    "ItemID": 1012103,
    "ItemName": "卡尼曼坚果杯·等级2",
    "SingleValue": 3300,
    "ConditionLimit": [
      [
        30,
        1,
        7
      ]
    ],
    "RefreshNum": "",
    "UpWeight": 3,
    "KeepWeight": 3,
    "DownWeight": 39
  },
  "156": {
    "Id": 156,
    "ItemID": 1012104,
    "ItemName": "卡尼曼坚果杯·等级3",
    "SingleValue": 5800,
    "ConditionLimit": [
      [
        30,
        1,
        7
      ]
    ],
    "RefreshNum": "",
    "UpWeight": 1,
    "KeepWeight": 3,
    "DownWeight": 39
  },
  "157": {
    "Id": 157,
    "ItemID": 1012112,
    "ItemName": "黄油飞鱼·等级1",
    "SingleValue": 2200,
    "ConditionLimit": [
      [
        30,
        1,
        7
      ]
    ],
    "RefreshNum": "",
    "UpWeight": 10,
    "KeepWeight": 3,
    "DownWeight": 39
  },
  "158": {
    "Id": 158,
    "ItemID": 1012113,
    "ItemName": "黄油飞鱼·等级2",
    "SingleValue": 3300,
    "ConditionLimit": [
      [
        30,
        1,
        7
      ]
    ],
    "RefreshNum": "",
    "UpWeight": 3,
    "KeepWeight": 3,
    "DownWeight": 39
  },
  "159": {
    "Id": 159,
    "ItemID": 1012114,
    "ItemName": "黄油飞鱼·等级3",
    "SingleValue": 5800,
    "ConditionLimit": [
      [
        30,
        1,
        7
      ]
    ],
    "RefreshNum": "",
    "UpWeight": 1,
    "KeepWeight": 3,
    "DownWeight": 39
  },
  "160": {
    "Id": 160,
    "ItemID": 1012122,
    "ItemName": "小熊蜂蜜肉排·等级1",
    "SingleValue": 2200,
    "ConditionLimit": [
      [
        30,
        1,
        7
      ]
    ],
    "RefreshNum": "",
    "UpWeight": 10,
    "KeepWeight": 3,
    "DownWeight": 39
  },
  "161": {
    "Id": 161,
    "ItemID": 1012123,
    "ItemName": "小熊蜂蜜肉排·等级2",
    "SingleValue": 3300,
    "ConditionLimit": [
      [
        30,
        1,
        7
      ]
    ],
    "RefreshNum": "",
    "UpWeight": 3,
    "KeepWeight": 3,
    "DownWeight": 39
  },
  "162": {
    "Id": 162,
    "ItemID": 1012124,
    "ItemName": "小熊蜂蜜肉排·等级3",
    "SingleValue": 5800,
    "ConditionLimit": [
      [
        30,
        1,
        7
      ]
    ],
    "RefreshNum": "",
    "UpWeight": 1,
    "KeepWeight": 3,
    "DownWeight": 39
  },
  "163": {
    "Id": 163,
    "ItemID": 1012132,
    "ItemName": "花浓藏香蜜菇汤·等级1",
    "SingleValue": 2200,
    "ConditionLimit": [
      [
        30,
        1,
        7
      ]
    ],
    "RefreshNum": "",
    "UpWeight": 10,
    "KeepWeight": 3,
    "DownWeight": 39
  },
  "164": {
    "Id": 164,
    "ItemID": 1012133,
    "ItemName": "花浓藏香蜜菇汤·等级2",
    "SingleValue": 3300,
    "ConditionLimit": [
      [
        30,
        1,
        7
      ]
    ],
    "RefreshNum": "",
    "UpWeight": 3,
    "KeepWeight": 3,
    "DownWeight": 39
  },
  "165": {
    "Id": 165,
    "ItemID": 1012134,
    "ItemName": "花浓藏香蜜菇汤·等级3",
    "SingleValue": 5800,
    "ConditionLimit": [
      [
        30,
        1,
        7
      ]
    ],
    "RefreshNum": "",
    "UpWeight": 1,
    "KeepWeight": 3,
    "DownWeight": 39
  },
  "166": {
    "Id": 166,
    "ItemID": 1012142,
    "ItemName": "寻觅鲜果汁·等级1",
    "SingleValue": 2200,
    "ConditionLimit": [
      [
        30,
        1,
        7
      ]
    ],
    "RefreshNum": "",
    "UpWeight": 10,
    "KeepWeight": 3,
    "DownWeight": 39
  },
  "167": {
    "Id": 167,
    "ItemID": 1012143,
    "ItemName": "寻觅鲜果汁·等级2",
    "SingleValue": 3300,
    "ConditionLimit": [
      [
        30,
        1,
        7
      ]
    ],
    "RefreshNum": "",
    "UpWeight": 3,
    "KeepWeight": 3,
    "DownWeight": 39
  },
  "168": {
    "Id": 168,
    "ItemID": 1012144,
    "ItemName": "寻觅鲜果汁·等级3",
    "SingleValue": 5800,
    "ConditionLimit": [
      [
        30,
        1,
        7
      ]
    ],
    "RefreshNum": "",
    "UpWeight": 1,
    "KeepWeight": 3,
    "DownWeight": 39
  },
  "169": {
    "Id": 169,
    "ItemID": 1015011,
    "ItemName": "烈火糖浆·等级1",
    "SingleValue": 1600,
    "ConditionLimit": [],
    "RefreshNum": "",
    "UpWeight": 8,
    "KeepWeight": 3,
    "DownWeight": 39
  },
  "170": {
    "Id": 170,
    "ItemID": 1015012,
    "ItemName": "烈火糖浆·等级2",
    "SingleValue": 2700,
    "ConditionLimit": [],
    "RefreshNum": "",
    "UpWeight": 3,
    "KeepWeight": 3,
    "DownWeight": 39
  },
  "171": {
    "Id": 171,
    "ItemID": 1015013,
    "ItemName": "烈火糖浆·等级3",
    "SingleValue": 4300,
    "ConditionLimit": [
      [
        30,
        1,
        7
      ]
    ],
    "RefreshNum": "",
    "UpWeight": 1,
    "KeepWeight": 3,
    "DownWeight": 39
  },
  "172": {
    "Id": 172,
    "ItemID": 1015021,
    "ItemName": "抗火含片·等级1",
    "SingleValue": 1600,
    "ConditionLimit": [],
    "RefreshNum": "",
    "UpWeight": 8,
    "KeepWeight": 3,
    "DownWeight": 39
  },
  "173": {
    "Id": 173,
    "ItemID": 1015022,
    "ItemName": "抗火含片·等级2",
    "SingleValue": 2700,
    "ConditionLimit": [],
    "RefreshNum": "",
    "UpWeight": 3,
    "KeepWeight": 3,
    "DownWeight": 39
  },
  "174": {
    "Id": 174,
    "ItemID": 1015023,
    "ItemName": "抗火含片·等级3",
    "SingleValue": 4300,
    "ConditionLimit": [
      [
        30,
        1,
        7
      ]
    ],
    "RefreshNum": "",
    "UpWeight": 1,
    "KeepWeight": 3,
    "DownWeight": 39
  },
  "175": {
    "Id": 175,
    "ItemID": 1015031,
    "ItemName": "冰冻糖浆·等级1",
    "SingleValue": 1600,
    "ConditionLimit": [],
    "RefreshNum": "",
    "UpWeight": 8,
    "KeepWeight": 3,
    "DownWeight": 39
  },
  "176": {
    "Id": 176,
    "ItemID": 1015032,
    "ItemName": "冰冻糖浆·等级2",
    "SingleValue": 2700,
    "ConditionLimit": [],
    "RefreshNum": "",
    "UpWeight": 3,
    "KeepWeight": 3,
    "DownWeight": 39
  },
  "177": {
    "Id": 177,
    "ItemID": 1015033,
    "ItemName": "冰冻糖浆·等级3",
    "SingleValue": 4300,
    "ConditionLimit": [
      [
        30,
        1,
        7
      ]
    ],
    "RefreshNum": "",
    "UpWeight": 1,
    "KeepWeight": 3,
    "DownWeight": 39
  },
  "178": {
    "Id": 178,
    "ItemID": 1015041,
    "ItemName": "抗冰含片·等级1",
    "SingleValue": 1600,
    "ConditionLimit": [],
    "RefreshNum": "",
    "UpWeight": 8,
    "KeepWeight": 3,
    "DownWeight": 39
  },
  "179": {
    "Id": 179,
    "ItemID": 1015042,
    "ItemName": "抗冰含片·等级2",
    "SingleValue": 2700,
    "ConditionLimit": [],
    "RefreshNum": "",
    "UpWeight": 3,
    "KeepWeight": 3,
    "DownWeight": 39
  },
  "180": {
    "Id": 180,
    "ItemID": 1015043,
    "ItemName": "抗冰含片·等级3",
    "SingleValue": 4300,
    "ConditionLimit": [
      [
        30,
        1,
        7
      ]
    ],
    "RefreshNum": "",
    "UpWeight": 1,
    "KeepWeight": 3,
    "DownWeight": 39
  },
  "181": {
    "Id": 181,
    "ItemID": 1015051,
    "ItemName": "青蔓糖浆·等级1",
    "SingleValue": 1600,
    "ConditionLimit": [],
    "RefreshNum": "",
    "UpWeight": 8,
    "KeepWeight": 3,
    "DownWeight": 39
  },
  "182": {
    "Id": 182,
    "ItemID": 1015052,
    "ItemName": "青蔓糖浆·等级2",
    "SingleValue": 2700,
    "ConditionLimit": [],
    "RefreshNum": "",
    "UpWeight": 3,
    "KeepWeight": 3,
    "DownWeight": 39
  },
  "183": {
    "Id": 183,
    "ItemID": 1015053,
    "ItemName": "青蔓糖浆·等级3",
    "SingleValue": 4300,
    "ConditionLimit": [
      [
        30,
        1,
        7
      ]
    ],
    "RefreshNum": "",
    "UpWeight": 1,
    "KeepWeight": 3,
    "DownWeight": 39
  },
  "184": {
    "Id": 184,
    "ItemID": 1015061,
    "ItemName": "抗森含片·等级1",
    "SingleValue": 1600,
    "ConditionLimit": [],
    "RefreshNum": "",
    "UpWeight": 8,
    "KeepWeight": 3,
    "DownWeight": 39
  },
  "185": {
    "Id": 185,
    "ItemID": 1015062,
    "ItemName": "抗森含片·等级2",
    "SingleValue": 2700,
    "ConditionLimit": [],
    "RefreshNum": "",
    "UpWeight": 3,
    "KeepWeight": 3,
    "DownWeight": 39
  },
  "186": {
    "Id": 186,
    "ItemID": 1015063,
    "ItemName": "抗森含片·等级3",
    "SingleValue": 4300,
    "ConditionLimit": [
      [
        30,
        1,
        7
      ]
    ],
    "RefreshNum": "",
    "UpWeight": 1,
    "KeepWeight": 3,
    "DownWeight": 39
  },
  "187": {
    "Id": 187,
    "ItemID": 1015071,
    "ItemName": "震土糖浆·等级1",
    "SingleValue": 1600,
    "ConditionLimit": [],
    "RefreshNum": "",
    "UpWeight": 8,
    "KeepWeight": 3,
    "DownWeight": 39
  },
  "188": {
    "Id": 188,
    "ItemID": 1015072,
    "ItemName": "震土糖浆·等级2",
    "SingleValue": 2700,
    "ConditionLimit": [],
    "RefreshNum": "",
    "UpWeight": 3,
    "KeepWeight": 3,
    "DownWeight": 39
  },
  "189": {
    "Id": 189,
    "ItemID": 1015073,
    "ItemName": "震土糖浆·等级3",
    "SingleValue": 4300,
    "ConditionLimit": [
      [
        30,
        1,
        7
      ]
    ],
    "RefreshNum": "",
    "UpWeight": 1,
    "KeepWeight": 3,
    "DownWeight": 39
  },
  "190": {
    "Id": 190,
    "ItemID": 1015081,
    "ItemName": "抗岩含片·等级1",
    "SingleValue": 1600,
    "ConditionLimit": [],
    "RefreshNum": "",
    "UpWeight": 8,
    "KeepWeight": 3,
    "DownWeight": 39
  },
  "191": {
    "Id": 191,
    "ItemID": 1015082,
    "ItemName": "抗岩含片·等级2",
    "SingleValue": 2700,
    "ConditionLimit": [],
    "RefreshNum": "",
    "UpWeight": 3,
    "KeepWeight": 3,
    "DownWeight": 39
  },
  "192": {
    "Id": 192,
    "ItemID": 1015083,
    "ItemName": "抗岩含片·等级3",
    "SingleValue": 4300,
    "ConditionLimit": [
      [
        30,
        1,
        7
      ]
    ],
    "RefreshNum": "",
    "UpWeight": 1,
    "KeepWeight": 3,
    "DownWeight": 39
  },
  "193": {
    "Id": 193,
    "ItemID": 1015091,
    "ItemName": "旋风糖浆·等级1",
    "SingleValue": 1600,
    "ConditionLimit": [],
    "RefreshNum": "",
    "UpWeight": 8,
    "KeepWeight": 3,
    "DownWeight": 39
  },
  "194": {
    "Id": 194,
    "ItemID": 1015092,
    "ItemName": "旋风糖浆·等级2",
    "SingleValue": 2700,
    "ConditionLimit": [],
    "RefreshNum": "",
    "UpWeight": 3,
    "KeepWeight": 3,
    "DownWeight": 39
  },
  "195": {
    "Id": 195,
    "ItemID": 1015093,
    "ItemName": "旋风糖浆·等级3",
    "SingleValue": 4300,
    "ConditionLimit": [
      [
        30,
        1,
        7
      ]
    ],
    "RefreshNum": "",
    "UpWeight": 1,
    "KeepWeight": 3,
    "DownWeight": 39
  },
  "196": {
    "Id": 196,
    "ItemID": 1015101,
    "ItemName": "抗风含片·等级1",
    "SingleValue": 1600,
    "ConditionLimit": [],
    "RefreshNum": "",
    "UpWeight": 8,
    "KeepWeight": 3,
    "DownWeight": 39
  },
  "197": {
    "Id": 197,
    "ItemID": 1015102,
    "ItemName": "抗风含片·等级2",
    "SingleValue": 2700,
    "ConditionLimit": [],
    "RefreshNum": "",
    "UpWeight": 3,
    "KeepWeight": 3,
    "DownWeight": 39
  },
  "198": {
    "Id": 198,
    "ItemID": 1015103,
    "ItemName": "抗风含片·等级3",
    "SingleValue": 4300,
    "ConditionLimit": [
      [
        30,
        1,
        7
      ]
    ],
    "RefreshNum": "",
    "UpWeight": 1,
    "KeepWeight": 3,
    "DownWeight": 39
  },
  "199": {
    "Id": 199,
    "ItemID": 1015111,
    "ItemName": "雷鸣糖浆·等级1",
    "SingleValue": 1600,
    "ConditionLimit": [],
    "RefreshNum": "",
    "UpWeight": 8,
    "KeepWeight": 3,
    "DownWeight": 39
  },
  "200": {
    "Id": 200,
    "ItemID": 1015112,
    "ItemName": "雷鸣糖浆·等级2",
    "SingleValue": 2700,
    "ConditionLimit": [],
    "RefreshNum": "",
    "UpWeight": 3,
    "KeepWeight": 3,
    "DownWeight": 39
  },
  "201": {
    "Id": 201,
    "ItemID": 1015113,
    "ItemName": "雷鸣糖浆·等级3",
    "SingleValue": 4300,
    "ConditionLimit": [
      [
        30,
        1,
        7
      ]
    ],
    "RefreshNum": "",
    "UpWeight": 1,
    "KeepWeight": 3,
    "DownWeight": 39
  },
  "202": {
    "Id": 202,
    "ItemID": 1015121,
    "ItemName": "抗雷含片·等级1",
    "SingleValue": 1600,
    "ConditionLimit": [],
    "RefreshNum": "",
    "UpWeight": 8,
    "KeepWeight": 3,
    "DownWeight": 39
  },
  "203": {
    "Id": 203,
    "ItemID": 1015122,
    "ItemName": "抗雷含片·等级2",
    "SingleValue": 2700,
    "ConditionLimit": [],
    "RefreshNum": "",
    "UpWeight": 3,
    "KeepWeight": 3,
    "DownWeight": 39
  },
  "204": {
    "Id": 204,
    "ItemID": 1015123,
    "ItemName": "抗雷含片·等级3",
    "SingleValue": 4300,
    "ConditionLimit": [
      [
        30,
        1,
        7
      ]
    ],
    "RefreshNum": "",
    "UpWeight": 1,
    "KeepWeight": 3,
    "DownWeight": 39
  },
  "205": {
    "Id": 205,
    "ItemID": 1015131,
    "ItemName": "光彩糖浆·等级1",
    "SingleValue": 1600,
    "ConditionLimit": [],
    "RefreshNum": "",
    "UpWeight": 8,
    "KeepWeight": 3,
    "DownWeight": 39
  },
  "206": {
    "Id": 206,
    "ItemID": 1015132,
    "ItemName": "光彩糖浆·等级2",
    "SingleValue": 2700,
    "ConditionLimit": [],
    "RefreshNum": "",
    "UpWeight": 3,
    "KeepWeight": 3,
    "DownWeight": 39
  },
  "207": {
    "Id": 207,
    "ItemID": 1015133,
    "ItemName": "光彩糖浆·等级3",
    "SingleValue": 4300,
    "ConditionLimit": [
      [
        30,
        1,
        7
      ]
    ],
    "RefreshNum": "",
    "UpWeight": 1,
    "KeepWeight": 3,
    "DownWeight": 39
  },
  "208": {
    "Id": 208,
    "ItemID": 1015141,
    "ItemName": "抗光含片·等级1",
    "SingleValue": 1600,
    "ConditionLimit": [],
    "RefreshNum": "",
    "UpWeight": 8,
    "KeepWeight": 3,
    "DownWeight": 39
  },
  "209": {
    "Id": 209,
    "ItemID": 1015142,
    "ItemName": "抗光含片·等级2",
    "SingleValue": 2700,
    "ConditionLimit": [],
    "RefreshNum": "",
    "UpWeight": 3,
    "KeepWeight": 3,
    "DownWeight": 39
  },
  "210": {
    "Id": 210,
    "ItemID": 1015143,
    "ItemName": "抗光含片·等级3",
    "SingleValue": 4300,
    "ConditionLimit": [
      [
        30,
        1,
        7
      ]
    ],
    "RefreshNum": "",
    "UpWeight": 1,
    "KeepWeight": 3,
    "DownWeight": 39
  },
  "211": {
    "Id": 211,
    "ItemID": 1015151,
    "ItemName": "暗夜糖浆·等级1",
    "SingleValue": 1600,
    "ConditionLimit": [],
    "RefreshNum": "",
    "UpWeight": 8,
    "KeepWeight": 3,
    "DownWeight": 39
  },
  "212": {
    "Id": 212,
    "ItemID": 1015152,
    "ItemName": "暗夜糖浆·等级2",
    "SingleValue": 2700,
    "ConditionLimit": [],
    "RefreshNum": "",
    "UpWeight": 3,
    "KeepWeight": 3,
    "DownWeight": 39
  },
  "213": {
    "Id": 213,
    "ItemID": 1015153,
    "ItemName": "暗夜糖浆·等级3",
    "SingleValue": 4300,
    "ConditionLimit": [
      [
        30,
        1,
        7
      ]
    ],
    "RefreshNum": "",
    "UpWeight": 1,
    "KeepWeight": 3,
    "DownWeight": 39
  },
  "214": {
    "Id": 214,
    "ItemID": 1015161,
    "ItemName": "抗暗含片·等级1",
    "SingleValue": 1600,
    "ConditionLimit": [],
    "RefreshNum": "",
    "UpWeight": 8,
    "KeepWeight": 3,
    "DownWeight": 39
  },
  "215": {
    "Id": 215,
    "ItemID": 1015162,
    "ItemName": "抗暗含片·等级2",
    "SingleValue": 2700,
    "ConditionLimit": [],
    "RefreshNum": "",
    "UpWeight": 3,
    "KeepWeight": 3,
    "DownWeight": 39
  },
  "216": {
    "Id": 216,
    "ItemID": 1015163,
    "ItemName": "抗暗含片·等级3",
    "SingleValue": 4300,
    "ConditionLimit": [
      [
        30,
        1,
        7
      ]
    ],
    "RefreshNum": "",
    "UpWeight": 1,
    "KeepWeight": 3,
    "DownWeight": 39
  },
  "217": {
    "Id": 217,
    "ItemID": 1094002,
    "ItemName": "大陆东方鲀",
    "SingleValue": 350,
    "ConditionLimit": [],
    "RefreshNum": "",
    "UpWeight": 0,
    "KeepWeight": 20,
    "DownWeight": 30
  },
  "218": {
    "Id": 218,
    "ItemID": 1094003,
    "ItemName": "孔雀褐菖鲉",
    "SingleValue": 500,
    "ConditionLimit": [
      [
        30,
        1,
        4
      ]
    ],
    "RefreshNum": "",
    "UpWeight": 0,
    "KeepWeight": 20,
    "DownWeight": 30
  },
  "219": {
    "Id": 219,
    "ItemID": 1094004,
    "ItemName": "蓝天雀鲷",
    "SingleValue": 650,
    "ConditionLimit": [
      [
        30,
        1,
        7
      ]
    ],
    "RefreshNum": "",
    "UpWeight": 0,
    "KeepWeight": 10,
    "DownWeight": 35
  },
  "220": {
    "Id": 220,
    "ItemID": 1094005,
    "ItemName": "阿斯特池鱼",
    "SingleValue": 80,
    "ConditionLimit": [],
    "RefreshNum": "",
    "UpWeight": 0,
    "KeepWeight": 40,
    "DownWeight": 20
  },
  "221": {
    "Id": 221,
    "ItemID": 1094006,
    "ItemName": "雷格那斯铵鳙鱼",
    "SingleValue": 350,
    "ConditionLimit": [],
    "RefreshNum": "",
    "UpWeight": 0,
    "KeepWeight": 20,
    "DownWeight": 30
  },
  "222": {
    "Id": 222,
    "ItemID": 1094007,
    "ItemName": "星辰紫鳞鱼",
    "SingleValue": 500,
    "ConditionLimit": [
      [
        30,
        1,
        4
      ]
    ],
    "RefreshNum": "",
    "UpWeight": 0,
    "KeepWeight": 20,
    "DownWeight": 30
  },
  "223": {
    "Id": 223,
    "ItemID": 1094008,
    "ItemName": "灯笼鲀",
    "SingleValue": 650,
    "ConditionLimit": [
      [
        30,
        1,
        7
      ]
    ],
    "RefreshNum": "",
    "UpWeight": 0,
    "KeepWeight": 10,
    "DownWeight": 35
  },
  "224": {
    "Id": 224,
    "ItemID": 1094009,
    "ItemName": "火焰斑鱼",
    "SingleValue": 80,
    "ConditionLimit": [],
    "RefreshNum": "",
    "UpWeight": 0,
    "KeepWeight": 40,
    "DownWeight": 20
  },
  "225": {
    "Id": 225,
    "ItemID": 1094010,
    "ItemName": "斯诺雪鳙鱼",
    "SingleValue": 500,
    "ConditionLimit": [],
    "RefreshNum": "",
    "UpWeight": 0,
    "KeepWeight": 20,
    "DownWeight": 30
  },
  "226": {
    "Id": 226,
    "ItemID": 1094011,
    "ItemName": "哈尼康鳙鱼",
    "SingleValue": 650,
    "ConditionLimit": [
      [
        30,
        1,
        4
      ]
    ],
    "RefreshNum": "",
    "UpWeight": 0,
    "KeepWeight": 20,
    "DownWeight": 30
  }
}