{
  "1": {
    "Id": 1,
    "FunctionId": 500151,
    "SeasonId": 1,
    "Type": 1,
    "Sort": 1,
    "Name": "Guild Hunt",
    "LabelPic": "ui/atlas/union_activelist/union_activelist_img_bg_08",
    "BackGroundPic": "ui/background/seasonact/activity_unionhunt",
    "Label": 2,
    "Condition": [
      [
        30,
        1,
        1
      ],
      [
        36,
        100
      ]
    ],
    "OpenCost": [],
    "TimerId": 251,
    "ActDes": "Team up with comrades from the Guild to go to the hunting grounds, complete common goals, and earn challenge rewards!",
    "RecommendNum": "Recommend: Team Challenge",
    "Time": "Fri. Sat. Sun. 14:00-04:00(UTC-2)",
    "PreviewAward": 20500300,
    "OpenSoonTimerId": 253,
    "HelpId": 30060,
    "TreasureChest": [
      [
        40,
        20500600
      ],
      [
        70,
        20500610
      ],
      [
        100,
        20500620
      ]
    ],
    "CounterId": 4,
    "QuickJumpType": 6,
    "QuickJumpParam": [
      2
    ]
  },
  "2": {
    "Id": 2,
    "FunctionId": 900200,
    "SeasonId": 1,
    "Type": 2,
    "Sort": 2,
    "Name": "Guild Dance",
    "LabelPic": "ui/atlas/union_activelist/union_activelist_img_bg_09",
    "BackGroundPic": "ui/background/seasonact/activity_zhanwu",
    "Label": 2,
    "Condition": [
      [
        30,
        1,
        1
      ],
      [
        36,
        100
      ]
    ],
    "OpenCost": [],
    "TimerId": 500,
    "ActDes": "Show off your excellent dance moves on the stage of the Guild Center! Earn rewards while providing buffs to your fellow hunters!",
    "RecommendNum": "Recommend: Solo/Team Challenge",
    "Time": "Fri. 15:30-03:30(UTC-2)",
    "PreviewAward": 20500700,
    "OpenSoonTimerId": 501,
    "HelpId": 500200,
    "TreasureChest": [],
    "CounterId": 24,
    "QuickJumpType": 6,
    "QuickJumpParam": [
      1
    ]
  }
}