{
  "101": {
    "Id": 101,
    "BuildingId": 1,
    "Level": 1,
    "Comment": "Guild Center Lv.1",
    "MaxLevel": 0,
    "UnionExp": [],
    "UnionBankroll": [],
    "UpgradingLimits": [],
    "Purview": [
      [
        9,
        1
      ]
    ],
    "UpgradingTime": 0,
    "UpgradingAccelerateItem": [],
    "UpgradingAccelerateTime": 0,
    "UpgradingAccelerateAwardId": 0
  },
  "102": {
    "Id": 102,
    "BuildingId": 1,
    "Level": 2,
    "Comment": "Guild Center Lv.2",
    "MaxLevel": 0,
    "UnionExp": [
      10010001,
      1100
    ],
    "UnionBankroll": [
      10010002,
      2400
    ],
    "UpgradingLimits": [
      [
        1,
        1
      ]
    ],
    "Purview": [
      [
        12
      ]
    ],
    "UpgradingTime": 3600,
    "UpgradingAccelerateItem": [
      [
        10005,
        50
      ]
    ],
    "UpgradingAccelerateTime": 600,
    "UpgradingAccelerateAwardId": 20500410
  },
  "103": {
    "Id": 103,
    "BuildingId": 1,
    "Level": 3,
    "Comment": "Guild Center Lv.3",
    "MaxLevel": 0,
    "UnionExp": [
      10010001,
      3700
    ],
    "UnionBankroll": [
      10010002,
      5300
    ],
    "UpgradingLimits": [
      [
        1,
        2
      ]
    ],
    "Purview": [
      [
        12
      ]
    ],
    "UpgradingTime": 21600,
    "UpgradingAccelerateItem": [
      [
        10005,
        50
      ]
    ],
    "UpgradingAccelerateTime": 600,
    "UpgradingAccelerateAwardId": 20500410
  },
  "104": {
    "Id": 104,
    "BuildingId": 1,
    "Level": 4,
    "Comment": "Guild Center Lv.4",
    "MaxLevel": 0,
    "UnionExp": [
      10010001,
      12800
    ],
    "UnionBankroll": [
      10010002,
      8000
    ],
    "UpgradingLimits": [
      [
        1,
        3
      ]
    ],
    "Purview": [
      [
        12
      ]
    ],
    "UpgradingTime": 43200,
    "UpgradingAccelerateItem": [
      [
        10005,
        50
      ]
    ],
    "UpgradingAccelerateTime": 600,
    "UpgradingAccelerateAwardId": 20500410
  },
  "105": {
    "Id": 105,
    "BuildingId": 1,
    "Level": 5,
    "Comment": "Guild Center Lv.5",
    "MaxLevel": 0,
    "UnionExp": [
      10010001,
      39400
    ],
    "UnionBankroll": [
      10010002,
      10400
    ],
    "UpgradingLimits": [
      [
        1,
        4
      ]
    ],
    "Purview": [
      [
        12
      ]
    ],
    "UpgradingTime": 43200,
    "UpgradingAccelerateItem": [
      [
        10005,
        50
      ]
    ],
    "UpgradingAccelerateTime": 600,
    "UpgradingAccelerateAwardId": 20500410
  },
  "106": {
    "Id": 106,
    "BuildingId": 1,
    "Level": 6,
    "Comment": "Guild Center Lv.6",
    "MaxLevel": 0,
    "UnionExp": [
      10010001,
      102900
    ],
    "UnionBankroll": [
      10010002,
      12700
    ],
    "UpgradingLimits": [
      [
        1,
        5
      ]
    ],
    "Purview": [
      [
        12
      ]
    ],
    "UpgradingTime": 43200,
    "UpgradingAccelerateItem": [
      [
        10005,
        50
      ]
    ],
    "UpgradingAccelerateTime": 600,
    "UpgradingAccelerateAwardId": 20500410
  },
  "107": {
    "Id": 107,
    "BuildingId": 1,
    "Level": 7,
    "Comment": "Guild Center Lv.7",
    "MaxLevel": 0,
    "UnionExp": [
      10010001,
      233500
    ],
    "UnionBankroll": [
      10010002,
      15000
    ],
    "UpgradingLimits": [
      [
        1,
        6
      ]
    ],
    "Purview": [
      [
        12
      ]
    ],
    "UpgradingTime": 86400,
    "UpgradingAccelerateItem": [
      [
        10005,
        50
      ]
    ],
    "UpgradingAccelerateTime": 600,
    "UpgradingAccelerateAwardId": 20500410
  },
  "108": {
    "Id": 108,
    "BuildingId": 1,
    "Level": 8,
    "Comment": "Guild Center Lv.8",
    "MaxLevel": 1,
    "UnionExp": [
      10010001,
      474600
    ],
    "UnionBankroll": [
      10010002,
      17400
    ],
    "UpgradingLimits": [
      [
        1,
        7
      ]
    ],
    "Purview": [
      [
        12
      ]
    ],
    "UpgradingTime": 86400,
    "UpgradingAccelerateItem": [
      [
        10005,
        50
      ]
    ],
    "UpgradingAccelerateTime": 600,
    "UpgradingAccelerateAwardId": 20500410
  },
  "200": {
    "Id": 200,
    "BuildingId": 2,
    "Level": 1,
    "Comment": "Fountain of Blessing Lv.1",
    "MaxLevel": 0,
    "UnionExp": [],
    "UnionBankroll": [],
    "UpgradingLimits": [],
    "Purview": [],
    "UpgradingTime": 0,
    "UpgradingAccelerateItem": [],
    "UpgradingAccelerateTime": 0,
    "UpgradingAccelerateAwardId": 0
  },
  "201": {
    "Id": 201,
    "BuildingId": 2,
    "Level": 2,
    "Comment": "Fountain of Blessing Lv.2",
    "MaxLevel": 0,
    "UnionExp": [],
    "UnionBankroll": [
      10010002,
      100
    ],
    "UpgradingLimits": [
      [
        1,
        2
      ]
    ],
    "Purview": [
      [
        3,
        102
      ],
      [
        2,
        1
      ]
    ],
    "UpgradingTime": 3600,
    "UpgradingAccelerateItem": [
      [
        10005,
        50
      ]
    ],
    "UpgradingAccelerateTime": 600,
    "UpgradingAccelerateAwardId": 20500410
  },
  "202": {
    "Id": 202,
    "BuildingId": 2,
    "Level": 3,
    "Comment": "Fountain of Blessing Lv.3",
    "MaxLevel": 0,
    "UnionExp": [],
    "UnionBankroll": [
      10010002,
      2000
    ],
    "UpgradingLimits": [
      [
        1,
        4
      ]
    ],
    "Purview": [],
    "UpgradingTime": 3600,
    "UpgradingAccelerateItem": [
      [
        10005,
        50
      ]
    ],
    "UpgradingAccelerateTime": 600,
    "UpgradingAccelerateAwardId": 20500410
  },
  "203": {
    "Id": 203,
    "BuildingId": 2,
    "Level": 4,
    "Comment": "Fountain of Blessing Lv.4",
    "MaxLevel": 1,
    "UnionExp": [],
    "UnionBankroll": [
      10010002,
      6500
    ],
    "UpgradingLimits": [
      [
        1,
        8
      ]
    ],
    "Purview": [
      [
        2,
        2
      ],
      [
        2,
        3
      ]
    ],
    "UpgradingTime": 21600,
    "UpgradingAccelerateItem": [
      [
        10005,
        50
      ]
    ],
    "UpgradingAccelerateTime": 600,
    "UpgradingAccelerateAwardId": 20500410
  },
  "301": {
    "Id": 301,
    "BuildingId": 3,
    "Level": 1,
    "Comment": "Practice Room Lv.1",
    "MaxLevel": 1,
    "UnionExp": [],
    "UnionBankroll": [],
    "UpgradingLimits": [],
    "Purview": [],
    "UpgradingTime": 0,
    "UpgradingAccelerateItem": [],
    "UpgradingAccelerateTime": 0,
    "UpgradingAccelerateAwardId": 0
  },
  "401": {
    "Id": 401,
    "BuildingId": 4,
    "Level": 1,
    "Comment": "Leisure Area Lv.1",
    "MaxLevel": 0,
    "UnionExp": [],
    "UnionBankroll": [],
    "UpgradingLimits": [],
    "Purview": [],
    "UpgradingTime": 0,
    "UpgradingAccelerateItem": [],
    "UpgradingAccelerateTime": 0,
    "UpgradingAccelerateAwardId": 0
  },
  "402": {
    "Id": 402,
    "BuildingId": 4,
    "Level": 2,
    "Comment": "Leisure Area Lv.2",
    "MaxLevel": 0,
    "UnionExp": [],
    "UnionBankroll": [
      10010002,
      2500
    ],
    "UpgradingLimits": [
      [
        1,
        4
      ]
    ],
    "Purview": [
      [
        1,
        8
      ]
    ],
    "UpgradingTime": 3600,
    "UpgradingAccelerateItem": [
      [
        10005,
        50
      ]
    ],
    "UpgradingAccelerateTime": 600,
    "UpgradingAccelerateAwardId": 20500410
  },
  "403": {
    "Id": 403,
    "BuildingId": 4,
    "Level": 3,
    "Comment": "Leisure Area Lv.3",
    "MaxLevel": 0,
    "UnionExp": [],
    "UnionBankroll": [
      10010002,
      8100
    ],
    "UpgradingLimits": [
      [
        1,
        5
      ]
    ],
    "Purview": [
      [
        1,
        16
      ]
    ],
    "UpgradingTime": 21600,
    "UpgradingAccelerateItem": [
      [
        10005,
        50
      ]
    ],
    "UpgradingAccelerateTime": 600,
    "UpgradingAccelerateAwardId": 20500410
  },
  "404": {
    "Id": 404,
    "BuildingId": 4,
    "Level": 4,
    "Comment": "Leisure Area Lv.4",
    "MaxLevel": 0,
    "UnionExp": [],
    "UnionBankroll": [
      10010002,
      16500
    ],
    "UpgradingLimits": [
      [
        1,
        6
      ]
    ],
    "Purview": [
      [
        1,
        24
      ]
    ],
    "UpgradingTime": 43200,
    "UpgradingAccelerateItem": [
      [
        10005,
        50
      ]
    ],
    "UpgradingAccelerateTime": 600,
    "UpgradingAccelerateAwardId": 20500410
  },
  "405": {
    "Id": 405,
    "BuildingId": 4,
    "Level": 5,
    "Comment": "Leisure Area Lv.5",
    "MaxLevel": 0,
    "UnionExp": [],
    "UnionBankroll": [
      10010002,
      27400
    ],
    "UpgradingLimits": [
      [
        1,
        7
      ]
    ],
    "Purview": [
      [
        1,
        32
      ]
    ],
    "UpgradingTime": 43200,
    "UpgradingAccelerateItem": [
      [
        10005,
        50
      ]
    ],
    "UpgradingAccelerateTime": 600,
    "UpgradingAccelerateAwardId": 20500410
  },
  "406": {
    "Id": 406,
    "BuildingId": 4,
    "Level": 6,
    "Comment": "Leisure Area Lv.6",
    "MaxLevel": 1,
    "UnionExp": [],
    "UnionBankroll": [
      10010002,
      40700
    ],
    "UpgradingLimits": [
      [
        1,
        8
      ]
    ],
    "Purview": [
      [
        1,
        40
      ]
    ],
    "UpgradingTime": 43200,
    "UpgradingAccelerateItem": [
      [
        10005,
        50
      ]
    ],
    "UpgradingAccelerateTime": 600,
    "UpgradingAccelerateAwardId": 20500410
  },
  "501": {
    "Id": 501,
    "BuildingId": 5,
    "Level": 1,
    "Comment": "Grocery Store Lv.1",
    "MaxLevel": 0,
    "UnionExp": [],
    "UnionBankroll": [],
    "UpgradingLimits": [],
    "Purview": [],
    "UpgradingTime": 0,
    "UpgradingAccelerateItem": [],
    "UpgradingAccelerateTime": 0,
    "UpgradingAccelerateAwardId": 0
  },
  "502": {
    "Id": 502,
    "BuildingId": 5,
    "Level": 2,
    "Comment": "Grocery Store Lv.2",
    "MaxLevel": 0,
    "UnionExp": [],
    "UnionBankroll": [
      10010002,
      1500
    ],
    "UpgradingLimits": [
      [
        1,
        3
      ]
    ],
    "Purview": [
      [
        7
      ]
    ],
    "UpgradingTime": 3600,
    "UpgradingAccelerateItem": [
      [
        10005,
        50
      ]
    ],
    "UpgradingAccelerateTime": 600,
    "UpgradingAccelerateAwardId": 20500410
  },
  "503": {
    "Id": 503,
    "BuildingId": 5,
    "Level": 3,
    "Comment": "Grocery Store Lv.3",
    "MaxLevel": 1,
    "UnionExp": [],
    "UnionBankroll": [
      10010002,
      4800
    ],
    "UpgradingLimits": [
      [
        1,
        5
      ]
    ],
    "Purview": [
      [
        7
      ]
    ],
    "UpgradingTime": 21600,
    "UpgradingAccelerateItem": [
      [
        10005,
        50
      ]
    ],
    "UpgradingAccelerateTime": 600,
    "UpgradingAccelerateAwardId": 20500410
  },
  "601": {
    "Id": 601,
    "BuildingId": 6,
    "Level": 1,
    "Comment": "Photo Panel Lv.1",
    "MaxLevel": 0,
    "UnionExp": [],
    "UnionBankroll": [],
    "UpgradingLimits": [],
    "Purview": [],
    "UpgradingTime": 0,
    "UpgradingAccelerateItem": [],
    "UpgradingAccelerateTime": 0,
    "UpgradingAccelerateAwardId": 0
  },
  "602": {
    "Id": 602,
    "BuildingId": 6,
    "Level": 2,
    "Comment": "Photo Panel Lv.2",
    "MaxLevel": 0,
    "UnionExp": [],
    "UnionBankroll": [
      10010002,
      100
    ],
    "UpgradingLimits": [
      [
        1,
        2
      ]
    ],
    "Purview": [
      [
        10,
        1,
        1
      ]
    ],
    "UpgradingTime": 3600,
    "UpgradingAccelerateItem": [
      [
        10005,
        50
      ]
    ],
    "UpgradingAccelerateTime": 600,
    "UpgradingAccelerateAwardId": 20500410
  },
  "603": {
    "Id": 603,
    "BuildingId": 6,
    "Level": 3,
    "Comment": "Photo Panel Lv.3",
    "MaxLevel": 0,
    "UnionExp": [],
    "UnionBankroll": [
      10010002,
      2000
    ],
    "UpgradingLimits": [
      [
        1,
        3
      ]
    ],
    "Purview": [
      [
        10,
        1,
        2
      ]
    ],
    "UpgradingTime": 3600,
    "UpgradingAccelerateItem": [
      [
        10005,
        50
      ]
    ],
    "UpgradingAccelerateTime": 600,
    "UpgradingAccelerateAwardId": 20500410
  },
  "604": {
    "Id": 604,
    "BuildingId": 6,
    "Level": 4,
    "Comment": "Photo Panel Lv.4",
    "MaxLevel": 0,
    "UnionExp": [],
    "UnionBankroll": [
      10010002,
      6500
    ],
    "UpgradingLimits": [
      [
        1,
        5
      ]
    ],
    "Purview": [
      [
        10,
        2,
        1
      ]
    ],
    "UpgradingTime": 21600,
    "UpgradingAccelerateItem": [
      [
        10005,
        50
      ]
    ],
    "UpgradingAccelerateTime": 600,
    "UpgradingAccelerateAwardId": 20500410
  },
  "605": {
    "Id": 605,
    "BuildingId": 6,
    "Level": 5,
    "Comment": "Photo Panel Lv.5",
    "MaxLevel": 0,
    "UnionExp": [],
    "UnionBankroll": [
      10010002,
      13200
    ],
    "UpgradingLimits": [
      [
        1,
        6
      ]
    ],
    "Purview": [
      [
        10,
        2,
        2
      ]
    ],
    "UpgradingTime": 43200,
    "UpgradingAccelerateItem": [
      [
        10005,
        50
      ]
    ],
    "UpgradingAccelerateTime": 600,
    "UpgradingAccelerateAwardId": 20500410
  },
  "606": {
    "Id": 606,
    "BuildingId": 6,
    "Level": 6,
    "Comment": "Photo Panel Lv.6",
    "MaxLevel": 0,
    "UnionExp": [],
    "UnionBankroll": [
      10010002,
      21900
    ],
    "UpgradingLimits": [
      [
        1,
        7
      ]
    ],
    "Purview": [
      [
        11,
        2
      ]
    ],
    "UpgradingTime": 43200,
    "UpgradingAccelerateItem": [
      [
        10005,
        50
      ]
    ],
    "UpgradingAccelerateTime": 600,
    "UpgradingAccelerateAwardId": 20500410
  },
  "607": {
    "Id": 607,
    "BuildingId": 6,
    "Level": 7,
    "Comment": "Photo Panel Lv.7",
    "MaxLevel": 1,
    "UnionExp": [],
    "UnionBankroll": [
      10010002,
      32600
    ],
    "UpgradingLimits": [
      [
        1,
        8
      ]
    ],
    "Purview": [
      [
        11,
        5
      ]
    ],
    "UpgradingTime": 86400,
    "UpgradingAccelerateItem": [
      [
        10005,
        50
      ]
    ],
    "UpgradingAccelerateTime": 600,
    "UpgradingAccelerateAwardId": 20500410
  },
  "701": {
    "Id": 701,
    "BuildingId": 7,
    "Level": 1,
    "Comment": "Certificate Machine Lv.1",
    "MaxLevel": 1,
    "UnionExp": [],
    "UnionBankroll": [],
    "UpgradingLimits": [],
    "Purview": [],
    "UpgradingTime": 0,
    "UpgradingAccelerateItem": [],
    "UpgradingAccelerateTime": 0,
    "UpgradingAccelerateAwardId": 0
  }
}