{
  "101": {
    "Id": 101,
    "Name": "Common Items",
    "DepositCount": 13,
    "TakeCount": 14,
    "HomeDepositCount": 41,
    "HomeTakeCount": 42,
    "IsShow": true,
    "Icon": "ui/atlas/bag/secondclass/bag_icon_other_materials"
  },
  "201": {
    "Id": 201,
    "Name": "Precious Items",
    "DepositCount": 15,
    "TakeCount": 16,
    "HomeDepositCount": 43,
    "HomeTakeCount": 44,
    "IsShow": true,
    "Icon": "ui/atlas/bag/secondclass/bag_icon_noble_articles"
  },
  "301": {
    "Id": 301,
    "Name": "Seeds and Pollen",
    "DepositCount": 0,
    "TakeCount": 0,
    "HomeDepositCount": 31,
    "HomeTakeCount": 32,
    "IsShow": false,
    "Icon": "ui/atlas/item/c_tab_icon/com_icon_tab_297"
  },
  "401": {
    "Id": 401,
    "Name": "Flowers",
    "DepositCount": 0,
    "TakeCount": 0,
    "HomeDepositCount": 33,
    "HomeTakeCount": 34,
    "IsShow": false,
    "Icon": "ui/atlas/item/c_tab_icon/com_icon_tab_296"
  }
}