{
  "1": {
    "Id": 1,
    "Name": "（临时）奥尔维拉",
    "ConsumableId": [
      [
        1020001,
        10
      ]
    ],
    "ConsumableGold": [
      10001,
      20000
    ],
    "Sort": 1
  },
  "2": {
    "Id": 2,
    "Name": "（临时）博伊斯",
    "ConsumableId": [
      [
        1020001,
        10
      ]
    ],
    "ConsumableGold": [
      10001,
      20000
    ],
    "Sort": 2
  },
  "3": {
    "Id": 3,
    "Name": "（临时）塔塔",
    "ConsumableId": [
      [
        1020001,
        10
      ]
    ],
    "ConsumableGold": [
      10001,
      20000
    ],
    "Sort": 3
  },
  "4": {
    "Id": 4,
    "Name": "（临时）蒂娜",
    "ConsumableId": [
      [
        1020001,
        10
      ]
    ],
    "ConsumableGold": [
      10001,
      20000
    ],
    "Sort": 4
  },
  "5": {
    "Id": 5,
    "Name": "（临时）艾露娜",
    "ConsumableId": [
      [
        1020001,
        10
      ]
    ],
    "ConsumableGold": [
      10001,
      20000
    ],
    "Sort": 5
  },
  "8": {
    "Id": 8,
    "Name": "（临时）陶洛斯",
    "ConsumableId": [
      [
        1020001,
        10
      ]
    ],
    "ConsumableGold": [
      10001,
      20000
    ],
    "Sort": 6
  },
  "9": {
    "Id": 9,
    "Name": "（临时）杰拉德",
    "ConsumableId": [
      [
        1020001,
        10
      ]
    ],
    "ConsumableGold": [
      10001,
      20000
    ],
    "Sort": 7
  },
  "10": {
    "Id": 10,
    "Name": "（临时）罗罗拉",
    "ConsumableId": [
      [
        1020001,
        10
      ]
    ],
    "ConsumableGold": [
      10001,
      100000
    ],
    "Sort": 8
  },
  "11": {
    "Id": 11,
    "Name": "（临时）科莫",
    "ConsumableId": [
      [
        1020001,
        10
      ]
    ],
    "ConsumableGold": [
      10001,
      20000
    ],
    "Sort": 11
  }
}