{
  "1": {
    "Id": 1,
    "Exp": 300,
    "Broke": false,
    "ItemPrice": [],
    "ExtrCost": [],
    "Conditions": []
  },
  "2": {
    "Id": 2,
    "Exp": 400,
    "Broke": false,
    "ItemPrice": [],
    "ExtrCost": [],
    "Conditions": []
  },
  "3": {
    "Id": 3,
    "Exp": 500,
    "Broke": false,
    "ItemPrice": [],
    "ExtrCost": [],
    "Conditions": []
  },
  "4": {
    "Id": 4,
    "Exp": 600,
    "Broke": false,
    "ItemPrice": [],
    "ExtrCost": [],
    "Conditions": []
  },
  "5": {
    "Id": 5,
    "Exp": 700,
    "Broke": false,
    "ItemPrice": [],
    "ExtrCost": [],
    "Conditions": [
      [
        1,
        5
      ]
    ]
  },
  "6": {
    "Id": 6,
    "Exp": 800,
    "Broke": false,
    "ItemPrice": [],
    "ExtrCost": [],
    "Conditions": []
  },
  "7": {
    "Id": 7,
    "Exp": 900,
    "Broke": false,
    "ItemPrice": [],
    "ExtrCost": [],
    "Conditions": []
  },
  "8": {
    "Id": 8,
    "Exp": 1000,
    "Broke": false,
    "ItemPrice": [],
    "ExtrCost": [],
    "Conditions": []
  },
  "9": {
    "Id": 9,
    "Exp": 1050,
    "Broke": true,
    "ItemPrice": [],
    "ExtrCost": [
      [
        1,
        10
      ],
      [
        4,
        20
      ]
    ],
    "Conditions": [
      [
        1,
        10
      ]
    ]
  },
  "10": {
    "Id": 10,
    "Exp": 1100,
    "Broke": false,
    "ItemPrice": [],
    "ExtrCost": [],
    "Conditions": []
  },
  "11": {
    "Id": 11,
    "Exp": 1155,
    "Broke": false,
    "ItemPrice": [],
    "ExtrCost": [],
    "Conditions": []
  },
  "12": {
    "Id": 12,
    "Exp": 1215,
    "Broke": false,
    "ItemPrice": [],
    "ExtrCost": [],
    "Conditions": []
  },
  "13": {
    "Id": 13,
    "Exp": 1280,
    "Broke": false,
    "ItemPrice": [],
    "ExtrCost": [],
    "Conditions": []
  },
  "14": {
    "Id": 14,
    "Exp": 1350,
    "Broke": false,
    "ItemPrice": [],
    "ExtrCost": [],
    "Conditions": []
  },
  "15": {
    "Id": 15,
    "Exp": 1425,
    "Broke": false,
    "ItemPrice": [],
    "ExtrCost": [],
    "Conditions": []
  },
  "16": {
    "Id": 16,
    "Exp": 1505,
    "Broke": false,
    "ItemPrice": [],
    "ExtrCost": [],
    "Conditions": []
  },
  "17": {
    "Id": 17,
    "Exp": 1590,
    "Broke": false,
    "ItemPrice": [],
    "ExtrCost": [],
    "Conditions": []
  },
  "18": {
    "Id": 18,
    "Exp": 1680,
    "Broke": false,
    "ItemPrice": [],
    "ExtrCost": [],
    "Conditions": []
  },
  "19": {
    "Id": 19,
    "Exp": 1775,
    "Broke": true,
    "ItemPrice": [],
    "ExtrCost": [
      [
        1,
        30
      ],
      [
        4,
        50
      ]
    ],
    "Conditions": [
      [
        1,
        20
      ]
    ]
  },
  "20": {
    "Id": 20,
    "Exp": 1875,
    "Broke": false,
    "ItemPrice": [],
    "ExtrCost": [],
    "Conditions": []
  },
  "21": {
    "Id": 21,
    "Exp": 1980,
    "Broke": false,
    "ItemPrice": [],
    "ExtrCost": [],
    "Conditions": []
  },
  "22": {
    "Id": 22,
    "Exp": 2090,
    "Broke": false,
    "ItemPrice": [],
    "ExtrCost": [],
    "Conditions": []
  },
  "23": {
    "Id": 23,
    "Exp": 2205,
    "Broke": false,
    "ItemPrice": [],
    "ExtrCost": [],
    "Conditions": []
  },
  "24": {
    "Id": 24,
    "Exp": 2325,
    "Broke": false,
    "ItemPrice": [],
    "ExtrCost": [],
    "Conditions": []
  },
  "25": {
    "Id": 25,
    "Exp": 2450,
    "Broke": false,
    "ItemPrice": [],
    "ExtrCost": [],
    "Conditions": []
  },
  "26": {
    "Id": 26,
    "Exp": 2580,
    "Broke": false,
    "ItemPrice": [],
    "ExtrCost": [],
    "Conditions": []
  },
  "27": {
    "Id": 27,
    "Exp": 2715,
    "Broke": false,
    "ItemPrice": [],
    "ExtrCost": [],
    "Conditions": []
  },
  "28": {
    "Id": 28,
    "Exp": 2855,
    "Broke": false,
    "ItemPrice": [],
    "ExtrCost": [],
    "Conditions": []
  },
  "29": {
    "Id": 29,
    "Exp": 3000,
    "Broke": true,
    "ItemPrice": [],
    "ExtrCost": [
      [
        2,
        20
      ],
      [
        5,
        30
      ]
    ],
    "Conditions": [
      [
        45,
        2
      ],
      [
        1,
        30
      ]
    ]
  },
  "30": {
    "Id": 30,
    "Exp": 3240,
    "Broke": false,
    "ItemPrice": [],
    "ExtrCost": [],
    "Conditions": []
  },
  "31": {
    "Id": 31,
    "Exp": 3488,
    "Broke": false,
    "ItemPrice": [],
    "ExtrCost": [],
    "Conditions": []
  },
  "32": {
    "Id": 32,
    "Exp": 3744,
    "Broke": false,
    "ItemPrice": [],
    "ExtrCost": [],
    "Conditions": []
  },
  "33": {
    "Id": 33,
    "Exp": 4008,
    "Broke": false,
    "ItemPrice": [],
    "ExtrCost": [],
    "Conditions": []
  },
  "34": {
    "Id": 34,
    "Exp": 4280,
    "Broke": false,
    "ItemPrice": [],
    "ExtrCost": [],
    "Conditions": []
  },
  "35": {
    "Id": 35,
    "Exp": 4560,
    "Broke": false,
    "ItemPrice": [],
    "ExtrCost": [],
    "Conditions": []
  },
  "36": {
    "Id": 36,
    "Exp": 4848,
    "Broke": false,
    "ItemPrice": [],
    "ExtrCost": [],
    "Conditions": []
  },
  "37": {
    "Id": 37,
    "Exp": 5144,
    "Broke": false,
    "ItemPrice": [],
    "ExtrCost": [],
    "Conditions": []
  },
  "38": {
    "Id": 38,
    "Exp": 5448,
    "Broke": false,
    "ItemPrice": [],
    "ExtrCost": [],
    "Conditions": []
  },
  "39": {
    "Id": 39,
    "Exp": 5760,
    "Broke": true,
    "ItemPrice": [],
    "ExtrCost": [
      [
        2,
        40
      ],
      [
        5,
        80
      ]
    ],
    "Conditions": [
      [
        1,
        40
      ]
    ]
  },
  "40": {
    "Id": 40,
    "Exp": 6080,
    "Broke": false,
    "ItemPrice": [],
    "ExtrCost": [],
    "Conditions": []
  },
  "41": {
    "Id": 41,
    "Exp": 6408,
    "Broke": false,
    "ItemPrice": [],
    "ExtrCost": [],
    "Conditions": []
  },
  "42": {
    "Id": 42,
    "Exp": 6744,
    "Broke": false,
    "ItemPrice": [],
    "ExtrCost": [],
    "Conditions": []
  },
  "43": {
    "Id": 43,
    "Exp": 7088,
    "Broke": false,
    "ItemPrice": [],
    "ExtrCost": [],
    "Conditions": []
  },
  "44": {
    "Id": 44,
    "Exp": 7440,
    "Broke": false,
    "ItemPrice": [],
    "ExtrCost": [],
    "Conditions": []
  },
  "45": {
    "Id": 45,
    "Exp": 7800,
    "Broke": false,
    "ItemPrice": [],
    "ExtrCost": [],
    "Conditions": []
  },
  "46": {
    "Id": 46,
    "Exp": 8168,
    "Broke": false,
    "ItemPrice": [],
    "ExtrCost": [],
    "Conditions": []
  },
  "47": {
    "Id": 47,
    "Exp": 8544,
    "Broke": false,
    "ItemPrice": [],
    "ExtrCost": [],
    "Conditions": []
  },
  "48": {
    "Id": 48,
    "Exp": 8928,
    "Broke": false,
    "ItemPrice": [],
    "ExtrCost": [],
    "Conditions": []
  },
  "49": {
    "Id": 49,
    "Exp": 9320,
    "Broke": true,
    "ItemPrice": [],
    "ExtrCost": [
      [
        3,
        30
      ],
      [
        6,
        50
      ]
    ],
    "Conditions": [
      [
        1,
        50
      ]
    ]
  },
  "50": {
    "Id": 50,
    "Exp": 9720,
    "Broke": false,
    "ItemPrice": [],
    "ExtrCost": [],
    "Conditions": []
  },
  "51": {
    "Id": 51,
    "Exp": 10128,
    "Broke": false,
    "ItemPrice": [],
    "ExtrCost": [],
    "Conditions": []
  },
  "52": {
    "Id": 52,
    "Exp": 10544,
    "Broke": false,
    "ItemPrice": [],
    "ExtrCost": [],
    "Conditions": []
  },
  "53": {
    "Id": 53,
    "Exp": 10968,
    "Broke": false,
    "ItemPrice": [],
    "ExtrCost": [],
    "Conditions": []
  },
  "54": {
    "Id": 54,
    "Exp": 11400,
    "Broke": false,
    "ItemPrice": [],
    "ExtrCost": [],
    "Conditions": []
  },
  "55": {
    "Id": 55,
    "Exp": 11840,
    "Broke": false,
    "ItemPrice": [],
    "ExtrCost": [],
    "Conditions": []
  },
  "56": {
    "Id": 56,
    "Exp": 12288,
    "Broke": false,
    "ItemPrice": [],
    "ExtrCost": [],
    "Conditions": []
  },
  "57": {
    "Id": 57,
    "Exp": 12744,
    "Broke": false,
    "ItemPrice": [],
    "ExtrCost": [],
    "Conditions": []
  },
  "58": {
    "Id": 58,
    "Exp": 13208,
    "Broke": false,
    "ItemPrice": [],
    "ExtrCost": [],
    "Conditions": []
  },
  "59": {
    "Id": 59,
    "Exp": 13680,
    "Broke": true,
    "ItemPrice": [],
    "ExtrCost": [
      [
        3,
        50
      ],
      [
        6,
        100
      ]
    ],
    "Conditions": [
      [
        1,
        60
      ]
    ]
  },
  "60": {
    "Id": 60,
    "Exp": 14160,
    "Broke": false,
    "ItemPrice": [],
    "ExtrCost": [],
    "Conditions": []
  }
}