{
  "101": {
    "Id": 101,
    "Week": [],
    "Type": 1,
    "Name": "Chaotic Realm",
    "Target": [
      110001,
      110002,
      110003
    ],
    "BaseAward": 101,
    "UpTargetAward": [
      [
        210001,
        102
      ]
    ],
    "HelpId": 2501,
    "Picture": "ui/textures/treasure/treasure_01"
  },
  "102": {
    "Id": 102,
    "Week": [
      2
    ],
    "Type": 1,
    "Name": "Chaotic Realm",
    "Target": [
      110001,
      110002,
      110003
    ],
    "BaseAward": 103,
    "UpTargetAward": [
      [
        210001,
        104
      ]
    ],
    "HelpId": 2501,
    "Picture": "ui/textures/treasure/treasure_01"
  },
  "103": {
    "Id": 103,
    "Week": [
      3
    ],
    "Type": 1,
    "Name": "Chaotic Realm",
    "Target": [
      110001,
      110002,
      110004
    ],
    "BaseAward": 105,
    "UpTargetAward": [
      [
        210001,
        106
      ],
      [
        210002,
        107
      ]
    ],
    "HelpId": 2501,
    "Picture": "ui/textures/treasure/treasure_01"
  },
  "104": {
    "Id": 104,
    "Week": [
      4,
      6
    ],
    "Type": 1,
    "Name": "Chaotic Realm",
    "Target": [
      110001,
      110002,
      110004
    ],
    "BaseAward": 108,
    "UpTargetAward": [
      [
        210001,
        109
      ],
      [
        210002,
        110
      ]
    ],
    "HelpId": 2501,
    "Picture": "ui/textures/treasure/treasure_01"
  },
  "105": {
    "Id": 105,
    "Week": [
      7
    ],
    "Type": 1,
    "Name": "Chaotic Realm",
    "Target": [
      110001,
      110002,
      110004
    ],
    "BaseAward": 111,
    "UpTargetAward": [
      [
        210001,
        112
      ],
      [
        210002,
        113
      ]
    ],
    "HelpId": 2501,
    "Picture": "ui/textures/treasure/treasure_01"
  },
  "106": {
    "Id": 106,
    "Week": [
      8,
      14
    ],
    "Type": 1,
    "Name": "Chaotic Realm",
    "Target": [
      110001,
      110002,
      110004
    ],
    "BaseAward": 114,
    "UpTargetAward": [
      [
        210001,
        115
      ],
      [
        210002,
        116
      ],
      [
        210003,
        117
      ]
    ],
    "HelpId": 2501,
    "Picture": "ui/textures/treasure/treasure_01"
  },
  "201": {
    "Id": 201,
    "Week": [],
    "Type": 2,
    "Name": "World Wilderness",
    "Target": [
      120001,
      120002,
      120003
    ],
    "BaseAward": 201,
    "UpTargetAward": [
      [
        220001,
        202
      ]
    ],
    "HelpId": 2502,
    "Picture": "ui/textures/treasure/treasure_02"
  },
  "202": {
    "Id": 202,
    "Week": [
      2
    ],
    "Type": 2,
    "Name": "World Wilderness",
    "Target": [
      120001,
      120002,
      120003
    ],
    "BaseAward": 203,
    "UpTargetAward": [
      [
        220001,
        204
      ]
    ],
    "HelpId": 2502,
    "Picture": "ui/textures/treasure/treasure_02"
  },
  "203": {
    "Id": 203,
    "Week": [
      3
    ],
    "Type": 2,
    "Name": "World Wilderness",
    "Target": [
      120001,
      120002,
      120003
    ],
    "BaseAward": 205,
    "UpTargetAward": [
      [
        220001,
        206
      ]
    ],
    "HelpId": 2502,
    "Picture": "ui/textures/treasure/treasure_02"
  },
  "204": {
    "Id": 204,
    "Week": [
      4,
      6
    ],
    "Type": 2,
    "Name": "World Wilderness",
    "Target": [
      120001,
      120002,
      120003
    ],
    "BaseAward": 207,
    "UpTargetAward": [
      [
        220001,
        208
      ]
    ],
    "HelpId": 2502,
    "Picture": "ui/textures/treasure/treasure_02"
  },
  "205": {
    "Id": 205,
    "Week": [
      7
    ],
    "Type": 2,
    "Name": "World Wilderness",
    "Target": [
      120001,
      120002,
      120003
    ],
    "BaseAward": 209,
    "UpTargetAward": [
      [
        220001,
        210
      ]
    ],
    "HelpId": 2502,
    "Picture": "ui/textures/treasure/treasure_02"
  },
  "206": {
    "Id": 206,
    "Week": [
      8,
      14
    ],
    "Type": 2,
    "Name": "World Wilderness",
    "Target": [
      120001,
      120002,
      120003
    ],
    "BaseAward": 211,
    "UpTargetAward": [
      [
        220001,
        212
      ]
    ],
    "HelpId": 2502,
    "Picture": "ui/textures/treasure/treasure_02"
  },
  "301": {
    "Id": 301,
    "Week": [],
    "Type": 3,
    "Name": "Life Skill",
    "Target": [
      130001,
      130002,
      130003
    ],
    "BaseAward": 301,
    "UpTargetAward": [],
    "HelpId": 2503,
    "Picture": "ui/textures/treasure/treasure_03"
  },
  "302": {
    "Id": 302,
    "Week": [
      2
    ],
    "Type": 3,
    "Name": "Life Skill",
    "Target": [
      130001,
      130002,
      130003
    ],
    "BaseAward": 302,
    "UpTargetAward": [],
    "HelpId": 2503,
    "Picture": "ui/textures/treasure/treasure_03"
  },
  "303": {
    "Id": 303,
    "Week": [
      3
    ],
    "Type": 3,
    "Name": "Life Skill",
    "Target": [
      130001,
      130002,
      130003
    ],
    "BaseAward": 303,
    "UpTargetAward": [],
    "HelpId": 2503,
    "Picture": "ui/textures/treasure/treasure_03"
  },
  "304": {
    "Id": 304,
    "Week": [
      4,
      6
    ],
    "Type": 3,
    "Name": "Life Skill",
    "Target": [
      130001,
      130002,
      130003
    ],
    "BaseAward": 304,
    "UpTargetAward": [],
    "HelpId": 2503,
    "Picture": "ui/textures/treasure/treasure_03"
  },
  "305": {
    "Id": 305,
    "Week": [
      7
    ],
    "Type": 3,
    "Name": "Life Skill",
    "Target": [
      130001,
      130002,
      130003
    ],
    "BaseAward": 305,
    "UpTargetAward": [],
    "HelpId": 2503,
    "Picture": "ui/textures/treasure/treasure_03"
  },
  "306": {
    "Id": 306,
    "Week": [
      8,
      14
    ],
    "Type": 3,
    "Name": "Life Skill",
    "Target": [
      130001,
      130002,
      130003
    ],
    "BaseAward": 306,
    "UpTargetAward": [],
    "HelpId": 2503,
    "Picture": "ui/textures/treasure/treasure_03"
  }
}