{
  "1": {
    "Id": 1,
    "SeasonId": 1,
    "ArrayDay": 0,
    "DungeonsId": 7150,
    "MatchId": 1,
    "RecommendMainPic": "ui/background/seasonact/activity_worldboss",
    "MainPic": "ui/textures/worldboss/worldboss_bg",
    "MatchPic": "ui/uieffect/textures/ui_t_wordlboss_background_001",
    "MatchBossEffect": "ui/uieffect/prefab/ui_sfx_world_boss_001",
    "MatchBossText": "ui/textures/worldboss/worldboss_title",
    "MatchBossTextEffect": "ui/uieffect/prefab/ui_sfx_world_boss_wenzi_002"
  },
  "2": {
    "Id": 2,
    "SeasonId": 1,
    "ArrayDay": 2,
    "DungeonsId": 12050,
    "MatchId": 1,
    "RecommendMainPic": "ui/background/seasonact/activity_worldboss_machine",
    "MainPic": "ui/textures/worldboss/worldboss_machine_bg",
    "MatchPic": "ui/uieffect/textures/ui_t_wordlboss_background_002",
    "MatchBossEffect": "ui/uieffect/prefab/ui_sfx_world_boss_001/ui_sfx_group_world_boss_fenwei_003",
    "MatchBossText": "ui/textures/worldboss/worldboss_title",
    "MatchBossTextEffect": "ui/uieffect/prefab/ui_sfx_world_boss_001/ui_sfx_group_world_boss_title_003"
  },
  "3": {
    "Id": 3,
    "SeasonId": 1,
    "ArrayDay": 9,
    "DungeonsId": 7150,
    "MatchId": 1,
    "RecommendMainPic": "ui/background/seasonact/activity_worldboss",
    "MainPic": "ui/textures/worldboss/worldboss_bg",
    "MatchPic": "ui/uieffect/textures/ui_t_wordlboss_background_001",
    "MatchBossEffect": "ui/uieffect/prefab/ui_sfx_world_boss_001",
    "MatchBossText": "ui/textures/worldboss/worldboss_title",
    "MatchBossTextEffect": "ui/uieffect/prefab/ui_sfx_world_boss_wenzi_002"
  },
  "4": {
    "Id": 4,
    "SeasonId": 1,
    "ArrayDay": 16,
    "DungeonsId": 12050,
    "MatchId": 1,
    "RecommendMainPic": "ui/background/seasonact/activity_worldboss_machine",
    "MainPic": "ui/textures/worldboss/worldboss_machine_bg",
    "MatchPic": "ui/uieffect/textures/ui_t_wordlboss_background_002",
    "MatchBossEffect": "ui/uieffect/prefab/ui_sfx_world_boss_001/ui_sfx_group_world_boss_fenwei_003",
    "MatchBossText": "ui/textures/worldboss/worldboss_title",
    "MatchBossTextEffect": "ui/uieffect/prefab/ui_sfx_world_boss_001/ui_sfx_group_world_boss_title_003"
  },
  "5": {
    "Id": 5,
    "SeasonId": 1,
    "ArrayDay": 23,
    "DungeonsId": 7150,
    "MatchId": 1,
    "RecommendMainPic": "ui/background/seasonact/activity_worldboss",
    "MainPic": "ui/textures/worldboss/worldboss_bg",
    "MatchPic": "ui/uieffect/textures/ui_t_wordlboss_background_001",
    "MatchBossEffect": "ui/uieffect/prefab/ui_sfx_world_boss_001",
    "MatchBossText": "ui/textures/worldboss/worldboss_title",
    "MatchBossTextEffect": "ui/uieffect/prefab/ui_sfx_world_boss_wenzi_002"
  },
  "6": {
    "Id": 6,
    "SeasonId": 1,
    "ArrayDay": 30,
    "DungeonsId": 12050,
    "MatchId": 1,
    "RecommendMainPic": "ui/background/seasonact/activity_worldboss_machine",
    "MainPic": "ui/textures/worldboss/worldboss_machine_bg",
    "MatchPic": "ui/uieffect/textures/ui_t_wordlboss_background_002",
    "MatchBossEffect": "ui/uieffect/prefab/ui_sfx_world_boss_001/ui_sfx_group_world_boss_fenwei_003",
    "MatchBossText": "ui/textures/worldboss/worldboss_title",
    "MatchBossTextEffect": "ui/uieffect/prefab/ui_sfx_world_boss_001/ui_sfx_group_world_boss_title_003"
  },
  "7": {
    "Id": 7,
    "SeasonId": 1,
    "ArrayDay": 37,
    "DungeonsId": 7150,
    "MatchId": 1,
    "RecommendMainPic": "ui/background/seasonact/activity_worldboss",
    "MainPic": "ui/textures/worldboss/worldboss_bg",
    "MatchPic": "ui/uieffect/textures/ui_t_wordlboss_background_001",
    "MatchBossEffect": "ui/uieffect/prefab/ui_sfx_world_boss_001",
    "MatchBossText": "ui/textures/worldboss/worldboss_title",
    "MatchBossTextEffect": "ui/uieffect/prefab/ui_sfx_world_boss_wenzi_002"
  },
  "8": {
    "Id": 8,
    "SeasonId": 1,
    "ArrayDay": 44,
    "DungeonsId": 12050,
    "MatchId": 1,
    "RecommendMainPic": "ui/background/seasonact/activity_worldboss_machine",
    "MainPic": "ui/textures/worldboss/worldboss_machine_bg",
    "MatchPic": "ui/uieffect/textures/ui_t_wordlboss_background_002",
    "MatchBossEffect": "ui/uieffect/prefab/ui_sfx_world_boss_001/ui_sfx_group_world_boss_fenwei_003",
    "MatchBossText": "ui/textures/worldboss/worldboss_title",
    "MatchBossTextEffect": "ui/uieffect/prefab/ui_sfx_world_boss_001/ui_sfx_group_world_boss_title_003"
  },
  "9": {
    "Id": 9,
    "SeasonId": 1,
    "ArrayDay": 51,
    "DungeonsId": 7150,
    "MatchId": 1,
    "RecommendMainPic": "ui/background/seasonact/activity_worldboss",
    "MainPic": "ui/textures/worldboss/worldboss_bg",
    "MatchPic": "ui/uieffect/textures/ui_t_wordlboss_background_001",
    "MatchBossEffect": "ui/uieffect/prefab/ui_sfx_world_boss_001",
    "MatchBossText": "ui/textures/worldboss/worldboss_title",
    "MatchBossTextEffect": "ui/uieffect/prefab/ui_sfx_world_boss_wenzi_002"
  },
  "10": {
    "Id": 10,
    "SeasonId": 1,
    "ArrayDay": 58,
    "DungeonsId": 12050,
    "MatchId": 1,
    "RecommendMainPic": "ui/background/seasonact/activity_worldboss_machine",
    "MainPic": "ui/textures/worldboss/worldboss_machine_bg",
    "MatchPic": "ui/uieffect/textures/ui_t_wordlboss_background_002",
    "MatchBossEffect": "ui/uieffect/prefab/ui_sfx_world_boss_001/ui_sfx_group_world_boss_fenwei_003",
    "MatchBossText": "ui/textures/worldboss/worldboss_title",
    "MatchBossTextEffect": "ui/uieffect/prefab/ui_sfx_world_boss_001/ui_sfx_group_world_boss_title_003"
  },
  "11": {
    "Id": 11,
    "SeasonId": 1,
    "ArrayDay": 65,
    "DungeonsId": 7150,
    "MatchId": 1,
    "RecommendMainPic": "ui/background/seasonact/activity_worldboss",
    "MainPic": "ui/textures/worldboss/worldboss_bg",
    "MatchPic": "ui/uieffect/textures/ui_t_wordlboss_background_001",
    "MatchBossEffect": "ui/uieffect/prefab/ui_sfx_world_boss_001",
    "MatchBossText": "ui/textures/worldboss/worldboss_title",
    "MatchBossTextEffect": "ui/uieffect/prefab/ui_sfx_world_boss_wenzi_002"
  },
  "12": {
    "Id": 12,
    "SeasonId": 1,
    "ArrayDay": 72,
    "DungeonsId": 12050,
    "MatchId": 1,
    "RecommendMainPic": "ui/background/seasonact/activity_worldboss_machine",
    "MainPic": "ui/textures/worldboss/worldboss_machine_bg",
    "MatchPic": "ui/uieffect/textures/ui_t_wordlboss_background_002",
    "MatchBossEffect": "ui/uieffect/prefab/ui_sfx_world_boss_001/ui_sfx_group_world_boss_fenwei_003",
    "MatchBossText": "ui/textures/worldboss/worldboss_title",
    "MatchBossTextEffect": "ui/uieffect/prefab/ui_sfx_world_boss_001/ui_sfx_group_world_boss_title_003"
  },
  "13": {
    "Id": 13,
    "SeasonId": 1,
    "ArrayDay": 79,
    "DungeonsId": 7150,
    "MatchId": 1,
    "RecommendMainPic": "ui/background/seasonact/activity_worldboss",
    "MainPic": "ui/textures/worldboss/worldboss_bg",
    "MatchPic": "ui/uieffect/textures/ui_t_wordlboss_background_001",
    "MatchBossEffect": "ui/uieffect/prefab/ui_sfx_world_boss_001",
    "MatchBossText": "ui/textures/worldboss/worldboss_title",
    "MatchBossTextEffect": "ui/uieffect/prefab/ui_sfx_world_boss_wenzi_002"
  },
  "14": {
    "Id": 14,
    "SeasonId": 1,
    "ArrayDay": 86,
    "DungeonsId": 12050,
    "MatchId": 1,
    "RecommendMainPic": "ui/background/seasonact/activity_worldboss_machine",
    "MainPic": "ui/textures/worldboss/worldboss_machine_bg",
    "MatchPic": "ui/uieffect/textures/ui_t_wordlboss_background_002",
    "MatchBossEffect": "ui/uieffect/prefab/ui_sfx_world_boss_001/ui_sfx_group_world_boss_fenwei_003",
    "MatchBossText": "ui/textures/worldboss/worldboss_title",
    "MatchBossTextEffect": "ui/uieffect/prefab/ui_sfx_world_boss_001/ui_sfx_group_world_boss_title_003"
  },
  "15": {
    "Id": 15,
    "SeasonId": 1,
    "ArrayDay": 93,
    "DungeonsId": 7150,
    "MatchId": 1,
    "RecommendMainPic": "ui/background/seasonact/activity_worldboss",
    "MainPic": "ui/textures/worldboss/worldboss_bg",
    "MatchPic": "ui/uieffect/textures/ui_t_wordlboss_background_001",
    "MatchBossEffect": "ui/uieffect/prefab/ui_sfx_world_boss_001",
    "MatchBossText": "ui/textures/worldboss/worldboss_title",
    "MatchBossTextEffect": "ui/uieffect/prefab/ui_sfx_world_boss_wenzi_002"
  }
}